{"action": [0.699999988079071, 0.004499793518334627], "reward": 0.6799082757707301}