{"action": [-1.0, -0.00012715083721559495], "reward": -1.8988937806625818e-05}