{"action": [-1.0, -0.00012715083721559495], "reward": -1.880907280184882e-05}