{"action": [-1.0, -0.0001260778371943161], "reward": -1.8788273037445606e-05}