{"action": [0.11693955957889557, -0.0024334315676242113], "reward": 0.4995490965921292}