{"action": [0.24512973427772522, 0.007211855612695217], "reward": 0.4655819602290751}