{"action": [0.4352251887321472, 0.004226868972182274], "reward": 0.4445270955848944}