{"action": [-1.0, -0.00035623693838715553], "reward": -5.3183788444345676e-05}