{"action": [0.21492813527584076, 0.003072311170399189], "reward": 0.4936276705379517}