{"action": [-0.07365171611309052, -0.009413622319698334], "reward": 0.5653559054792363}