{"action": [0.699999988079071, 0.0024939170107245445], "reward": 0.4684927106869302}