{"action": [0.699999988079071, -0.00012290672748349607], "reward": 0.5441721370651774}