{"action": [0.5112115740776062, -0.17038391530513763], "reward": 0.8033215798469915}