{"action": [0.5454365611076355, -0.36997318267822266], "reward": 0.44393360556347283}