{"action": [0.699999988079071, 0.0010460803750902414], "reward": 0.5931902543859415}