{"action": [0.3755394220352173, -0.2087036520242691], "reward": 0.7225880739022348}