{"action": [-1.0, 0.0024544938933104277], "reward": -0.0003627532793629637}