{"action": [0.699999988079071, -0.05454816669225693], "reward": 0.7731271584664242}