{"action": [0.699999988079071, 0.0029919298831373453], "reward": 0.15715561759830063}