{"action": [0.4138655960559845, -0.2864399552345276], "reward": 0.6348525535491103}