{"action": [-1.0, -0.0024158658925443888], "reward": -0.00035818691261216366}