{"action": [-1.0, -0.002413719892501831], "reward": -0.00036180491005776175}