{"action": [0.699999988079071, -0.0014314755098894238], "reward": 0.631117787503983}