{"action": [-1.0, -0.0024142563343048096], "reward": -0.00032941915124322477}