{"action": [-1.0, -0.0024153294507414103], "reward": -0.00036215657725473455}