{"action": [-1.0, -0.0024282054509967566], "reward": -0.00036394890585640123}