{"action": [-1.0, -0.0024282054509967566], "reward": -0.0003640056618434807}