{"action": [0.36693984270095825, 0.0007208539755083621], "reward": 0.4521931649007246}