{"action": [-1.0, -0.0024212307762354612], "reward": -0.0003629693045786936}