{"action": [0.699999988079071, 0.002506454475224018], "reward": 0.5265657365511169}