{"action": [0.699999988079071, -0.0016055818414315581], "reward": 0.20974507481206384}