{"action": [0.699999988079071, 0.003450617892667651], "reward": 0.5822673197430026}