{"action": [0.4027630686759949, 0.009995066560804844], "reward": 0.8826877381711828}