{"action": [-1.0, -0.002433570334687829], "reward": -0.0003649447492579381}