{"action": [0.4099463224411011, 0.010434430092573166], "reward": 0.8754535160510379}