{"action": [0.699999988079071, 0.005975014064460993], "reward": 0.6733922323817191}