{"action": [0.49055108428001404, 0.013636192306876183], "reward": 0.8311781005065663}