{"action": [0.2489711493253708, 0.002675962634384632], "reward": 0.45228249346455235}