{"action": [0.2801706790924072, 0.006542303133755922], "reward": 0.4376360305576461}