{"action": [0.5637372136116028, -0.3535611927509308], "reward": 0.6005707128364131}