{"action": [0.699999988079071, -0.243267223238945], "reward": 0.4895913038501743}