{"action": [0.6675451993942261, -0.14151452481746674], "reward": 0.6211017490978632}