{"action": [0.6039847135543823, 0.003367247525602579], "reward": 0.7444238805461821}