{"action": [0.24987225234508514, -0.009632754139602184], "reward": 0.474412875679678}