{"action": [0.43241244554519653, -0.4860769808292389], "reward": 0.4717504559372032}