{"action": [0.2495291531085968, -0.00019029516261070967], "reward": 0.47119281834397997}