{"action": [0.699999988079071, -5.7058034144574776e-05], "reward": 0.6824681869438972}