{"action": [0.699999988079071, -0.3774856626987457], "reward": 0.5461978007639591}