{"action": [0.699999988079071, -3.477033715171274e-06], "reward": 0.7071215562680988}