{"action": [0.699999988079071, 0.003516378113999963], "reward": 0.9021821404695654}