{"action": [0.699999988079071, 0.0006082394393160939], "reward": 0.9069852909431744}