{"action": [0.699999988079071, 0.007027285173535347], "reward": 0.9302411277301063}