{"action": [0.699999988079071, 0.0027456311509013176], "reward": -0.06567442208925627}