{"action": [0.699999988079071, 0.010144980624318123], "reward": -0.5506446808732604}