{"action": [0.699999988079071, -0.0005970210768282413], "reward": -0.4152347151942444}