{"action": [0.699999988079071, 1.6139745184773346e-06], "reward": 0.8188157609096001}