{"action": [0.699999988079071, 0.0014027258148416877], "reward": 0.9194936382233145}