{"action": [0.6256980299949646, 0.004060988314449787], "reward": 0.8059019182223439}