{"action": [0.699999988079071, 0.01335360947996378], "reward": 0.5310979296021667}