{"action": [0.699999988079071, 0.005806008353829384], "reward": 0.7159834177496318}