{"action": [0.699999988079071, 0.015037009492516518], "reward": -0.0021076342355570554}