{"action": [0.32859864830970764, 0.0015688241692259908], "reward": 0.4433015395679851}