{"action": [-1.0, 0.00424671545624733], "reward": 0.8316244413536037}