{"action": [0.5304043889045715, -0.25903770327568054], "reward": 0.5974160057031074}