{"action": [0.699999988079071, 0.009363075718283653], "reward": 0.6509378474559611}