{"action": [0.5855607986450195, -7.434200961142778e-05], "reward": 0.7904792162914434}