{"action": [0.5224777460098267, -0.0005485498113557696], "reward": 0.8519627338264854}