{"action": [0.4592231214046478, -0.1937893182039261], "reward": 0.5874292748904737}