{"action": [0.5556223392486572, -0.31502556800842285], "reward": 0.5186075285190545}