{"action": [0.49955829977989197, -0.2481115609407425], "reward": 0.6154802719599903}