{"action": [0.4708930253982544, -0.0011150232749059796], "reward": 0.8817263362961635}