{"action": [0.4897992014884949, 0.0017441313248127699], "reward": 0.8676784105433416}