{"action": [0.4569031894207001, -0.0017370026325806975], "reward": 0.8901599717081786}