{"action": [0.699999988079071, 0.007624815683811903], "reward": 0.6570532724365997}