{"action": [0.568507969379425, -2.797245906549506e-05], "reward": 0.7867987391499873}