{"action": [0.45149683952331543, -0.004992772359400988], "reward": 0.8908220104881645}