{"action": [0.6505565047264099, 0.0023484500125050545], "reward": 0.8231484479164217}