{"action": [0.699999988079071, 0.0073759243823587894], "reward": 0.6431549110461703}