{"action": [0.4525519609451294, -0.0032014031894505024], "reward": 0.8529856077370951}