{"action": [0.45158034563064575, -0.08192725479602814], "reward": 0.7010947516238694}