{"action": [0.699999988079071, -0.0035931472666561604], "reward": 0.8576742124546226}