{"action": [0.699999988079071, -0.004509871359914541], "reward": 0.7141686028870367}