{"action": [0.6393024921417236, -0.15126977860927582], "reward": 0.5139344165838007}