{"action": [0.6589164733886719, -0.3886391222476959], "reward": -0.05829586833715439}