{"action": [0.699999988079071, 0.0025569188874214888], "reward": 0.9493814662828373}