{"action": [0.699999988079071, 0.0043903496116399765], "reward": 0.9408141700408944}