{"action": [-0.47367164492607117, 0.0026247052010148764], "reward": 0.87679438457478}