{"action": [0.699999988079071, 0.006753277964890003], "reward": 0.6060858314007788}