{"action": [0.699999988079071, 0.001732217613607645], "reward": -0.14017423633561552}