{"action": [0.699999988079071, 0.010415659286081791], "reward": 0.653810151606372}