{"action": [0.6091803312301636, -0.00582182826474309], "reward": 0.34613414698652223}