{"action": [0.699999988079071, 0.005242963321506977], "reward": 0.38089703444752304}