{"action": [0.699999988079071, -0.00809541903436184], "reward": 0.622785855136637}