{"action": [0.699999988079071, -0.01184022519737482], "reward": 0.6708833764462482}