{"action": [0.699999988079071, -0.013171246275305748], "reward": 0.04501335529183795}