{"action": [-1.0, -0.012926464900374413], "reward": -0.001845817526406227}