{"action": [0.6845360398292542, -0.0063513340428471565], "reward": 0.7133814506993877}