{"action": [0.699999988079071, 0.002512811217457056], "reward": 0.4708020339509814}