{"action": [0.5457730293273926, -0.0034871469251811504], "reward": 0.7858873911947061}