{"action": [0.4357956647872925, 0.0012362446868792176], "reward": 0.8987376258227504}