{"action": [0.699999988079071, -0.00018890481442213058], "reward": 0.6571405392835412}