{"action": [0.6193716526031494, 0.010968424379825592], "reward": 0.7601030318153997}