{"action": [0.5007216930389404, -0.016070885583758354], "reward": 0.8193217968786981}