{"action": [0.43585091829299927, 0.0011106854071840644], "reward": 0.8980102256539475}