{"action": [0.699999988079071, 0.004807590506970882], "reward": 0.724951818462178}