{"action": [0.5593048930168152, 0.008445316925644875], "reward": 0.8195732829481006}