{"action": [0.6065961122512817, 0.001301514683291316], "reward": 0.7011367875097408}