{"action": [0.699999988079071, -0.020516686141490936], "reward": 0.7535178304970508}