{"action": [-0.39982330799102783, 0.003341559786349535], "reward": 0.6654615316094654}