{"action": [0.38668808341026306, 0.030573446303606033], "reward": 0.40102688957150984}