{"action": [0.4174458980560303, 0.35759973526000977], "reward": 0.455193317951544}