{"action": [0.699999988079071, 0.021553780883550644], "reward": 0.31334236077547234}