{"action": [0.699999988079071, -0.005224329885095358], "reward": 0.7079389575539432}