{"action": [-1.0, 0.03287734091281891], "reward": 0.33103849323584333}