{"action": [0.699999988079071, 0.036976154893636703], "reward": 0.08678515121240109}