{"action": [0.699999988079071, 0.00034849761868827045], "reward": 0.6187884666797595}