{"action": [0.699999988079071, -0.007012964226305485], "reward": 0.34687330009318484}