{"action": [0.699999988079071, 0.012284436263144016], "reward": 0.3832236140853979}