{"action": [0.5530559420585632, 0.003925129305571318], "reward": 0.794037715131894}