{"action": [0.699999988079071, -0.0021862329449504614], "reward": 0.7051846932849902}