{"action": [0.4514147937297821, 0.593170166015625], "reward": 0.24472572259190917}