{"action": [0.42520490288734436, -0.0032525707501918077], "reward": 0.8591504650656857}