{"action": [0.590156614780426, 0.0022895843721926212], "reward": 0.8046122245963873}