{"action": [0.5347924828529358, -0.026227638125419617], "reward": 0.7858521716020714}