{"action": [0.626133382320404, 4.672896830015816e-05], "reward": 0.7740901511911867}