{"action": [0.5429783463478088, -0.2292793244123459], "reward": 0.7093588152830048}