{"action": [0.4640735983848572, 0.006872960831969976], "reward": 0.8596917463525408}