{"action": [0.6614152789115906, -0.04652519151568413], "reward": 0.6917760450845309}