{"action": [0.699999988079071, 0.34233471751213074], "reward": 0.4533665088567227}