{"action": [0.6481451988220215, -0.0010371569078415632], "reward": 0.770671993155807}