{"action": [0.699999988079071, 0.003919554408639669], "reward": 0.0015472805171563115}