{"action": [0.5497309565544128, -0.002677359851077199], "reward": 0.8561298170046248}