{"action": [0.6544979810714722, -0.1953807771205902], "reward": 0.6177201145496902}