{"action": [0.699999988079071, -0.0048960130661726], "reward": 0.7133245524801819}