{"action": [0.699999988079071, -0.0023433417081832886], "reward": 0.4591290195607455}