{"action": [0.699999988079071, -0.006281750742346048], "reward": -0.87769031600866}