{"action": [0.699999988079071, -0.0013212718768045306], "reward": -0.1814559984151876}