{"action": [0.699999988079071, -0.01296379417181015], "reward": 0.5624927702326521}