{"action": [0.699999988079071, -0.020560480654239655], "reward": 0.7071325709871462}