{"action": [0.699999988079071, -0.0005638921284116805], "reward": 0.4958735050087503}