{"action": [0.699999988079071, -0.0005876042996533215], "reward": 0.3882519505135784}