{"action": [0.46117597818374634, 0.001086070784367621], "reward": 0.6144369394445841}