{"action": [0.699999988079071, 0.004978478886187077], "reward": -2.6991616867391723}