{"action": [-0.11657484620809555, 0.025990908965468407], "reward": -0.8136907106228021}