{"action": [0.699999988079071, -0.007996388711035252], "reward": -2.069557101482127}