{"action": [0.6900234818458557, 0.0014406726695597172], "reward": -4.094143602383895}