{"action": [0.699999988079071, 0.004439933691173792], "reward": 0.8363782858415088}