{"action": [0.699999988079071, 0.0008891302277334034], "reward": -3.8776312432699855}