{"action": [0.4843578338623047, -0.006195439491420984], "reward": 0.14204609695634468}