{"action": [0.16644665598869324, -0.0070883906446397305], "reward": 0.022445973088520386}