{"action": [0.699999988079071, 0.019896147772669792], "reward": -0.7291752292880073}