{"action": [0.699999988079071, 0.0007193765486590564], "reward": 0.4102398620343536}