{"action": [0.699999988079071, 0.004202368203550577], "reward": 0.3638405197328663}