{"action": [0.6542825102806091, -0.02123052254319191], "reward": 0.7712298958426897}