{"action": [0.699999988079071, -3.989803735748865e-05], "reward": 0.3726218620299847}