{"action": [0.699999988079071, -0.0012082402827218175], "reward": 0.6411856410866643}