{"action": [0.699999988079071, 7.660526171093807e-05], "reward": 0.5383204449929245}