{"action": [0.699999988079071, 0.0004948304849676788], "reward": 0.28643245999793304}