{"action": [0.699999988079071, -0.0008874416234903038], "reward": 0.6937338457533363}