{"action": [0.699999988079071, 0.0038856968749314547], "reward": 0.36290773391118475}