{"action": [-0.015491269528865814, 0.0006146632949821651], "reward": 0.5237258979639741}