{"action": [0.699999988079071, 9.590041736373678e-05], "reward": 0.010263505182935628}