{"action": [-1.0, 0.00011105579324066639], "reward": 5.4339034309880094e-05}