{"action": [0.5387582778930664, 5.3607087465934455e-05], "reward": 0.6318804277849395}