{"action": [-0.13059821724891663, 5.2848878112854436e-05], "reward": 0.5069338836690969}