{"action": [0.6877936124801636, 6.503902841359377e-05], "reward": 0.5812725628400758}