{"action": [0.16945484280586243, 6.80729208397679e-05], "reward": 0.5120875516755832}