{"action": [0.699999988079071, 0.0009715178748592734], "reward": 0.2869009145063953}