{"action": [0.699999988079071, -0.0008320113411173224], "reward": 0.005188591113818985}