{"action": [-1.0, -0.0007307149353437126], "reward": 0.24672129143047586}