{"action": [0.38951361179351807, -0.0011218907311558723], "reward": 0.8943118794548914}