{"action": [0.699999988079071, 7.675894266867545e-07], "reward": 0.5262647947626754}