{"action": [0.699999988079071, 0.006375517230480909], "reward": 0.9241997361877955}