{"action": [0.699999988079071, 5.623102424578974e-06], "reward": 0.6058114403167889}