{"action": [0.699999988079071, -1.2559830793179572e-05], "reward": 0.43159919731318036}