{"action": [0.699999988079071, 2.3706375941401348e-05], "reward": 0.46284263185278235}