{"action": [0.699999988079071, 0.011861725710332394], "reward": 0.9126309838507226}