{"action": [-1.0, -0.0008101171115413308], "reward": -2.706817249849889e-05}