{"action": [0.699999988079071, -1.4102578461461235e-05], "reward": 0.3725277485307325}