{"action": [0.39658141136169434, -0.0019469772232696414], "reward": 0.8744775470704101}