{"action": [0.699999988079071, -8.86219731910387e-06], "reward": 0.49524781156361053}