{"action": [-0.20521336793899536, -0.010000587441027164], "reward": 0.9056226697013123}