{"action": [0.699999988079071, 0.0013173115439713001], "reward": 0.7919293514173085}