{"action": [0.37100252509117126, -0.009803869761526585], "reward": 0.8738401588599403}