{"action": [0.699999988079071, -0.031958505511283875], "reward": 0.44338826401467096}