{"action": [0.09570605307817459, -0.0032776258885860443], "reward": 0.4453479238788477}