{"action": [0.699999988079071, -0.036718446761369705], "reward": 0.30194016706680227}