{"action": [0.03578437492251396, -0.004802782088518143], "reward": 0.5075739246975229}