{"action": [0.699999988079071, -0.0271315835416317], "reward": 0.5232490768967262}