{"action": [0.699999988079071, -0.00026065975544042885], "reward": 0.8039303075828486}