{"action": [0.18235670030117035, 0.0016780532896518707], "reward": 0.6265311533668625}