{"action": [0.326068252325058, -0.0003645722463261336], "reward": 0.3992843729979048}