{"action": [0.6868239045143127, 0.001302574761211872], "reward": 0.42071268653276406}