{"action": [0.09172971546649933, 0.002853130456060171], "reward": 0.5834094696245349}