{"action": [0.2737593948841095, -0.0006744968122802675], "reward": 0.4309125861226341}