{"action": [0.3770892322063446, -0.010006681084632874], "reward": 0.8064175487434566}