{"action": [0.699999988079071, 0.0015086299972608685], "reward": 0.7636309924512606}