{"action": [0.699999988079071, 0.007457918021827936], "reward": 0.5487153273258003}