{"action": [0.699999988079071, 0.009868448600172997], "reward": 0.44411346816061065}