{"action": [0.699999988079071, 0.003905093763023615], "reward": 0.7370654117423796}