{"action": [0.699999988079071, 0.03899659961462021], "reward": 0.6573812536315291}