{"action": [0.699999988079071, 0.005428126081824303], "reward": 0.49879267730435434}