{"action": [0.699999988079071, 0.004772522021085024], "reward": 0.5624938550861915}