{"action": [0.699999988079071, 0.002211896004155278], "reward": 0.19565481479093616}