{"action": [0.5124759078025818, -0.009879169054329395], "reward": 0.8503731673708552}