{"action": [0.699999988079071, 0.0011021585669368505], "reward": 0.9338687842290421}