{"action": [0.699999988079071, 0.0014325857628136873], "reward": 0.7361679922361644}