{"action": [0.699999988079071, 0.0013735716929659247], "reward": 0.8166088673327118}