{"action": [0.699999988079071, 0.004333537071943283], "reward": 0.54453660505724}