{"action": [0.699999988079071, -0.33925604820251465], "reward": 0.3548100672783029}