{"action": [0.699999988079071, 0.001495850970968604], "reward": 0.31160361580860185}