{"action": [0.699999988079071, -0.4434564411640167], "reward": 0.3047919872747315}