{"action": [0.699999988079071, 0.0074460916221141815], "reward": 0.41785987877666436}