{"action": [-0.5396402478218079, -0.0002749309642240405], "reward": 0.5267248252012505}