{"action": [0.46769338846206665, -0.017260096967220306], "reward": 0.8140218201997005}