{"action": [0.699999988079071, -0.009061680175364017], "reward": 0.668371452675459}