{"action": [0.699999988079071, -0.0008883285336196423], "reward": 0.8475765492410294}