{"action": [0.49257105588912964, -0.05671423301100731], "reward": 0.7281864595253491}