{"action": [0.5985814929008484, -0.09483236819505692], "reward": 0.5665743729727377}