{"action": [0.5075312852859497, -0.0024058856070041656], "reward": 0.7751276050784504}