{"action": [0.3559715151786804, -0.0036216462031006813], "reward": 0.8107640364083581}