{"action": [0.699999988079071, -0.0012910503428429365], "reward": 0.9514655189508171}