{"action": [0.5930196642875671, -0.09420131146907806], "reward": 0.6328790903581644}