{"action": [0.699999988079071, -0.004169602878391743], "reward": 0.8896893819997547}