{"action": [-1.0, 0.0020016867201775312], "reward": -0.000300003302620647}