{"action": [-1.0, 0.0017935242503881454], "reward": -0.0002533705840815434}