{"action": [-1.0, 0.0018986784853041172], "reward": -0.00028452954341957556}