{"action": [-1.0, 0.0019882742781192064], "reward": -0.000290557414600776}