{"action": [0.06095109507441521, 0.0032476780470460653], "reward": 0.48775037487436207}