{"action": [-1.0, 0.0019920298364013433], "reward": -0.0002953984637519109}