{"action": [0.345897912979126, 0.001516535528935492], "reward": 0.4264321238328128}