{"action": [0.3528437316417694, 0.0029493302572518587], "reward": 0.4456159054016439}