{"action": [0.699999988079071, 0.013758906163275242], "reward": 0.6424345950409529}