{"action": [0.699999988079071, 0.029703807085752487], "reward": -0.003516387297535475}