{"action": [0.699999988079071, 0.006393755786120892], "reward": 0.5083653545186623}