{"action": [0.699999988079071, 0.015619739890098572], "reward": 0.5040665806132412}