{"action": [0.3249170482158661, 0.004452780820429325], "reward": 0.44846538110242956}