{"action": [0.699999988079071, -0.4105418920516968], "reward": -0.06158128380775452}