{"action": [0.5141738057136536, 0.00029946083668619394], "reward": 0.8940082697397818}