{"action": [0.0023467466235160828, 0.006026457529515028], "reward": 0.5390175892642897}