{"action": [-0.32370203733444214, -0.11069544404745102], "reward": 0.576964102649383}