{"action": [-0.014872875064611435, 0.005536213982850313], "reward": 0.5403267455312949}