{"action": [0.699999988079071, 0.00734727643430233], "reward": 0.13287021155900855}