{"action": [0.40795624256134033, -0.0799814835190773], "reward": 0.6925512054037166}