{"action": [0.46960434317588806, -0.03590349107980728], "reward": 0.7992127489307034}