{"action": [0.699999988079071, -0.02346075512468815], "reward": 0.35421785773786874}