{"action": [0.699999988079071, 0.00437203561887145], "reward": 0.8320055782439326}