{"action": [0.5065852999687195, -0.1383504569530487], "reward": 0.6294572941604204}