{"action": [0.699999988079071, 0.01980375498533249], "reward": 0.8839892337268959}