{"action": [-1.0, 0.007484731264412403], "reward": 0.08128402454186313}