{"action": [0.699999988079071, 0.0012206597020849586], "reward": -0.27827435153475494}