{"action": [0.49834927916526794, -0.3075164258480072], "reward": 0.5297470999978303}