{"action": [0.5226104259490967, 0.0031384166795760393], "reward": 0.8762700831675745}