{"action": [-0.5655767917633057, -0.0006489977240562439], "reward": 0.8812082745484897}