{"action": [0.38463228940963745, -0.004815137945115566], "reward": 0.4625097742452626}