{"action": [0.699999988079071, -5.971771679469384e-05], "reward": 0.6358449127116831}