{"action": [0.42524662613868713, 0.0021566608920693398], "reward": 0.8970975943894351}