{"action": [-0.1490853875875473, 0.0018971773097291589], "reward": 0.6838120823659393}