{"action": [-0.656095564365387, 0.00135800801217556], "reward": 0.8601264008054578}