{"action": [0.699999988079071, 0.00012580593465827405], "reward": 0.7088171100136115}