{"action": [0.699999988079071, 0.006454982329159975], "reward": -0.0009323928870632951}