{"action": [0.0934956967830658, 0.0023301499895751476], "reward": 0.6435964004110273}