{"action": [0.699999988079071, 1.167746086139232e-05], "reward": 0.87137996944782}