{"action": [0.6782265901565552, -0.0003611478896345943], "reward": 0.9570262999958108}