{"action": [0.699999988079071, 0.00513435248285532], "reward": 0.5691628743779532}