{"action": [0.699999988079071, -7.816161087248474e-05], "reward": 0.4607290363487854}