{"action": [-0.19557882845401764, -0.002987360116094351], "reward": 0.7744879723343263}