{"action": [0.10900713503360748, -0.0020049461163580418], "reward": 0.8839661851844876}