{"action": [0.5104858875274658, 0.009988063015043736], "reward": 0.3474488967878775}