{"action": [0.699999988079071, 0.004468876868486404], "reward": 0.9330908839852476}