{"action": [0.4234559237957001, -0.0003451878437772393], "reward": 0.9650676899241178}