{"action": [0.699999988079071, 0.002571913879364729], "reward": 0.9377725525523565}