{"action": [0.699999988079071, 0.0070541915483772755], "reward": 0.8689410171092408}