{"action": [0.699999988079071, -0.0020190735813230276], "reward": 0.9581350843279824}