{"action": [-0.9277611374855042, 0.0033871608320623636], "reward": 0.8913152158673426}