{"action": [0.4807916581630707, -0.00033589734812267125], "reward": 0.965917064810992}