{"action": [0.6800580620765686, -0.004566818941384554], "reward": 0.9386413607837886}