{"action": [0.699999988079071, -0.0021212303545325994], "reward": 0.9574657490288252}