{"action": [0.699999988079071, 0.006579571403563023], "reward": 0.14831818391790164}