{"action": [0.699999988079071, -0.0020874016918241978], "reward": 0.9572530030719462}