{"action": [0.699999988079071, -0.0006765415892004967], "reward": 0.7828175625943987}