{"action": [0.5023944973945618, 0.005579766351729631], "reward": 0.9364313307481357}