{"action": [0.699999988079071, 0.004892901983112097], "reward": 0.941179570299499}