{"action": [0.5559302568435669, 0.00033899402478709817], "reward": 0.8117550859236877}