{"action": [0.3322523534297943, -0.0040280199609696865], "reward": 0.45013713504876657}