{"action": [0.15094377100467682, 0.001453576609492302], "reward": 0.48405209829617674}