{"action": [0.31936973333358765, -0.00016272300854325294], "reward": 0.445676040906718}