{"action": [0.5824484825134277, -0.01507458183914423], "reward": 0.4889067510816684}