{"action": [0.5536485910415649, -0.0010878199245780706], "reward": 0.3887220564919465}