{"action": [0.699999988079071, -0.013587234541773796], "reward": 0.20087979721319174}