{"action": [0.30804622173309326, -0.021279647946357727], "reward": 0.41060888683792607}