{"action": [0.30841898918151855, -0.0032364861108362675], "reward": 0.44896907520038776}