{"action": [0.2660796344280243, -0.0026651141233742237], "reward": 0.4582080689100843}