{"action": [-1.0, -0.008404294960200787], "reward": -0.0012602808486968508}