{"action": [0.699999988079071, 0.009088100865483284], "reward": 0.3117274592258678}