{"action": [-1.0, -0.008412342518568039], "reward": -0.0012615715719794612}