{"action": [0.699999988079071, 0.0034979060292243958], "reward": 0.5237137614249235}