{"action": [0.699999988079071, 0.002199980430305004], "reward": 0.572563342562447}