{"action": [0.5169197916984558, 0.003937085159122944], "reward": 0.8348329616742491}