{"action": [0.699999988079071, 0.00200695195235312], "reward": 0.5719724014589878}