{"action": [-1.0, -0.008364593610167503], "reward": -0.001254380269239775}