{"action": [0.699999988079071, -0.00863689836114645], "reward": 0.11881235805716173}