{"action": [0.699999988079071, 0.0005572127993218601], "reward": 0.746509228344702}