{"action": [-1.0, -0.008372104726731777], "reward": -0.0012556055000037636}