{"action": [-1.0, -0.008386589586734772], "reward": -0.001257817199938267}