{"action": [-1.0, -0.0032549540046602488], "reward": -0.00048809407684115535}