{"action": [0.5100456476211548, -0.0004047895781695843], "reward": 0.8511894100835679}