{"action": [-1.0, -0.0020435338374227285], "reward": 0.5484961966069957}