{"action": [0.4877122938632965, -0.0006411903887055814], "reward": 0.8780033532951108}