{"action": [0.699999988079071, -0.0034390815999358892], "reward": 0.17690802318411536}