{"action": [0.699999988079071, -0.001613244996406138], "reward": 0.6015454922313895}