{"action": [-1.0, -0.0032597824465483427], "reward": -0.0004887092288721373}