{"action": [0.46730974316596985, -0.0007731760269962251], "reward": 0.8905734362375584}