{"action": [-1.0, -0.0032549540046602488], "reward": -0.0004880480024409232}