{"action": [0.4119114875793457, -0.0013177527580410242], "reward": 0.9170010846203763}