{"action": [0.37241923809051514, -0.0010957546764984727], "reward": 0.9342826647818356}