{"action": [0.4789411425590515, 0.006642386317253113], "reward": 0.836045472956226}