{"action": [0.4478910267353058, -0.2549295425415039], "reward": 0.6712842096893972}