{"action": [0.43802833557128906, 0.000911738199647516], "reward": 0.8920110597040103}