{"action": [0.5353579521179199, -0.04297031834721565], "reward": 0.8482305305050516}