{"action": [0.4213438928127289, 0.01722937449812889], "reward": 0.842703323058627}