{"action": [0.5885995030403137, 0.0057123275473713875], "reward": 0.8219079850928137}