{"action": [0.699999988079071, -0.053644757717847824], "reward": -0.008044145568540943}