{"action": [0.699999988079071, -0.20878827571868896], "reward": 0.502342761790249}