{"action": [0.4396939277648926, -0.011393528431653976], "reward": 0.8268830074033577}