{"action": [0.699999988079071, -0.00031079413020052016], "reward": 0.9194329388232364}