{"action": [0.699999988079071, -0.00044040195643901825], "reward": 0.747839490161784}