{"action": [0.699999988079071, -0.0047676158137619495], "reward": 0.13761898282831503}