{"action": [0.6538087129592896, -0.14824992418289185], "reward": 0.5846698608708665}