{"action": [0.699999988079071, -0.0007276969845406711], "reward": 0.6663141929364241}