{"action": [0.699999988079071, -0.34780362248420715], "reward": 0.4705737755760594}