{"action": [0.699999988079071, 0.017800481989979744], "reward": 0.4656662223722691}