{"action": [0.699999988079071, -0.0015259113861247897], "reward": 0.6674133731419655}