{"action": [0.699999988079071, 0.01780133880674839], "reward": 0.5721624833760867}