{"action": [0.4348723292350769, -3.244042454753071e-05], "reward": 0.9104439668186858}