{"action": [0.699999988079071, -0.000670439621899277], "reward": 0.9606833618232535}