{"action": [0.40827348828315735, -1.8700304281082936e-05], "reward": 0.9442066097944279}