{"action": [0.699999988079071, -0.0018635764718055725], "reward": -1.8634605571333152}