{"action": [0.699999988079071, -0.002955417614430189], "reward": -2.7099051639123926}