{"action": [0.699999988079071, -0.0003108142700511962], "reward": -2.200470698994035}