{"action": [0.699999988079071, -0.0009928549407050014], "reward": -2.0378818852313154}