{"action": [0.42952582240104675, 0.0007771146483719349], "reward": 0.8831212561763587}