{"action": [0.4497089087963104, 0.0009252286981791258], "reward": 0.881971376610874}