{"action": [0.699999988079071, -7.748437201371416e-05], "reward": 0.957112079891893}