{"action": [0.699999988079071, -1.8883467419072986e-05], "reward": 0.9652620946859423}