{"action": [0.699999988079071, -0.0017355253221467137], "reward": 0.5988331931173051}