{"action": [0.699999988079071, -0.000899210455827415], "reward": 0.4331896495470983}