{"action": [0.699999988079071, -0.001715538906864822], "reward": 0.8477698162639196}