{"action": [0.699999988079071, 0.000553534715436399], "reward": 0.7580362735377272}