{"action": [0.699999988079071, -0.0002111743960995227], "reward": 0.14663477900433916}