{"action": [0.582288384437561, -0.0002965339517686516], "reward": 0.830532800268408}