{"action": [0.699999988079071, -0.0015632340218871832], "reward": 0.5173606113205055}