{"action": [0.699999988079071, -0.0004068620328325778], "reward": 0.7691822221039575}