{"action": [-1.0, -0.0014863880351185799], "reward": 0.5592797571510382}