{"action": [0.699999988079071, 0.01964307390153408], "reward": 0.7276381895365148}