{"action": [0.699999988079071, 0.005178614053875208], "reward": 0.4840686437570231}