{"action": [0.699999988079071, -0.0014342438662424684], "reward": 0.785053975602842}