{"action": [0.699999988079071, 0.0233661700040102], "reward": 0.37598005380747973}