{"action": [0.699999988079071, 0.005488242954015732], "reward": 0.8743669104866185}