{"action": [0.699999988079071, -0.02923354133963585], "reward": 0.5095471690370844}