{"action": [0.699999988079071, 0.002552230842411518], "reward": 0.8444946295101635}