{"action": [0.699999988079071, -6.67888525640592e-05], "reward": 0.5452117198374379}