{"action": [0.415338397026062, -0.0043385643512010574], "reward": 0.9143216075192031}