{"action": [0.699999988079071, -0.007235697004944086], "reward": 0.8947053068536116}