{"action": [0.699999988079071, -0.00036010873736813664], "reward": -0.5331444727580568}