{"action": [0.699999988079071, -0.017472127452492714], "reward": 0.6907067661643883}