{"action": [0.699999988079071, 0.002339959377422929], "reward": 0.9215691051872005}