{"action": [0.3903440237045288, -0.0029580136761069298], "reward": 0.9186103233368583}