{"action": [0.4621139168739319, -0.2779345214366913], "reward": 0.6637082991392617}