{"action": [0.41121798753738403, -0.22416260838508606], "reward": 0.6540591938771027}