{"action": [0.3930290937423706, -0.0024820775724947453], "reward": 0.9166111251298088}