{"action": [0.4701111614704132, -0.00018245172395836562], "reward": 0.8120663762699513}