{"action": [0.4505844712257385, -0.028173603117465973], "reward": 0.829159835016752}