{"action": [0.6123274564743042, 0.006390674505382776], "reward": 0.6513345990224654}