{"action": [0.34150946140289307, -0.006598364096134901], "reward": 0.8501915528176907}