{"action": [0.699999988079071, -0.0036695534363389015], "reward": 0.3963608117291017}