{"action": [0.5085119605064392, -0.01675271987915039], "reward": 0.8182359103362085}