{"action": [0.699999988079071, -0.11438800394535065], "reward": 0.7135714715023783}