{"action": [0.699999988079071, 0.0006177885225042701], "reward": 0.509365626065107}