{"action": [0.699999988079071, -0.0008920696564018726], "reward": 0.7353663445195671}