{"action": [0.699999988079071, -0.007201219443231821], "reward": 0.5851761828683993}