{"action": [0.699999988079071, -0.3212418854236603], "reward": 0.4928605542722632}