{"action": [0.699999988079071, 0.00016555815818719566], "reward": 0.6936506180878255}