{"action": [0.699999988079071, 0.0003534424176905304], "reward": 0.7312894328540658}