{"action": [-1.0, 0.023226218298077583], "reward": -0.003479119755454952}