{"action": [-1.0, 0.022961188107728958], "reward": -0.0034441532292997846}