{"action": [0.699999988079071, -0.004999055061489344], "reward": 0.6594587170527707}