{"action": [-1.0, 0.02308190055191517], "reward": -0.0034596552679005523}