{"action": [-1.0, 0.023172032088041306], "reward": -0.003475672013611163}