{"action": [-1.0, 0.02298962138593197], "reward": -0.0034483023052146694}