{"action": [0.699999988079071, -0.0005833480390720069], "reward": 0.707226306822247}