{"action": [0.699999988079071, -1.9684255676111206e-05], "reward": 0.01590925326535999}