{"action": [-1.0, 0.02298908494412899], "reward": -0.003444293347936822}