{"action": [0.29983511567115784, -0.0002670701069291681], "reward": 0.7876517242539515}