{"action": [0.44275161623954773, -0.0002832251775544137], "reward": 0.9159907401290927}