{"action": [0.699999988079071, -0.009927122853696346], "reward": 0.5107954156171938}