{"action": [0.699999988079071, -0.015516516752541065], "reward": 0.6258987439726931}