{"action": [0.5840824842453003, -0.0015551469987258315], "reward": 0.8335002828762128}