{"action": [0.699999988079071, 0.009706160984933376], "reward": 0.6029093009813467}