{"action": [0.6150181293487549, -0.016453169286251068], "reward": 0.8008959976985072}