{"action": [0.5086672902107239, -0.001003031968139112], "reward": 0.8953368044034729}