{"action": [0.699999988079071, 0.009121483191847801], "reward": 0.7098259683977298}