{"action": [0.5243175029754639, -0.014206493273377419], "reward": 0.8503814864164251}