{"action": [0.699999988079071, 0.0221482552587986], "reward": 0.3561830205985481}