{"action": [0.699999988079071, 0.0014852449530735612], "reward": 0.5431037737417863}