{"action": [0.4066343307495117, -0.005660349037498236], "reward": 0.881137807377263}