{"action": [0.699999988079071, -0.01658019982278347], "reward": 0.5838266137505658}