{"action": [0.699999988079071, -0.0012372717028483748], "reward": 0.6377930954529801}