{"action": [0.587184727191925, -0.0009351365151815116], "reward": 0.7977345968324356}