{"action": [0.4148615002632141, 0.0023938650265336037], "reward": 0.8691367288689323}