{"action": [0.44975489377975464, -8.115249511320144e-05], "reward": 0.8909848654177918}