{"action": [-1.0, 0.00010730027861427516], "reward": -7.581151784806975e-06}