{"action": [-1.0, 0.00011212879326194525], "reward": -1.5907336370241897e-05}