{"action": [-1.0, 0.00010998278594342992], "reward": -1.6365628836797765e-05}