{"action": [0.31340718269348145, 6.09832422924228e-05], "reward": 0.5271857472038854}