{"action": [0.5653295516967773, 0.00178435817360878], "reward": 0.8149329278070405}