{"action": [-1.0, 9.871625661617145e-05], "reward": -1.294189441880967e-05}