{"action": [-1.0, 0.00010354477126384154], "reward": -1.5476815963119838e-05}