{"action": [-1.0, 9.978926391340792e-05], "reward": -1.229002858558652e-05}