{"action": [-1.0, 9.871625661617145e-05], "reward": -1.4703279027002768e-05}