{"action": [-1.0, 0.00010569077858235687], "reward": -1.531194762283615e-05}