{"action": [-1.0, 0.00010408127127448097], "reward": -1.5414558365339976e-05}