{"action": [-1.0, 0.00010086226393468678], "reward": -1.4966057487917295e-05}