{"action": [0.4669346213340759, -6.450533874158282e-06], "reward": 0.8340522889544071}