{"action": [-1.0, 9.227824193658307e-05], "reward": -8.936497546421773e-06}