{"action": [-1.0, 0.00010086226393468678], "reward": -1.5066430567351627e-05}