{"action": [0.699999988079071, -0.0033831170294433832], "reward": 0.25919623683118825}