{"action": [0.5236685276031494, -0.005806885659694672], "reward": 0.41176849701185353}