{"action": [-1.0, -0.005222841165959835], "reward": -0.0007393034032581144}