{"action": [0.699999988079071, 0.00010361844033468515], "reward": 0.3037531529669759}