{"action": [0.4862465560436249, -0.0002464345598127693], "reward": 0.8925870512237669}