{"action": [-1.0, -0.0035913405008614063], "reward": -0.0005373042938123355}