{"action": [-1.0, -0.0035511027090251446], "reward": -0.0001779463877987805}