{"action": [0.4415335953235626, -0.0010592384496703744], "reward": 0.8853885257498476}