{"action": [-1.0, -0.003622457617893815], "reward": -0.000543318183624873}