{"action": [-1.0, -0.005290440283715725], "reward": -0.0007929427338112591}