{"action": [-1.0, -0.0052802469581365585], "reward": -0.0007912276673190719}