{"action": [-1.0, -0.003596705384552479], "reward": -0.0005389672876432425}