{"action": [-1.0, -0.0036267496179789305], "reward": -0.0005431711827259006}