{"action": [-1.0, -0.003628895618021488], "reward": -0.0005423623085826848}