{"action": [-1.0, -0.0036428445018827915], "reward": -0.000546373550247105}