{"action": [0.5985113978385925, -0.0018044877797365189], "reward": 0.8144755175492474}