{"action": [0.699999988079071, -8.63265995576512e-06], "reward": 0.11393007314641641}