{"action": [0.05730287358164787, -0.00020573944493662566], "reward": 0.5021673995712286}