{"action": [0.46410083770751953, 4.100441856280668e-06], "reward": 0.8951504012697995}