{"action": [0.5020675659179688, -3.418564801904722e-06], "reward": 0.8674347904111378}