{"action": [0.699999988079071, -0.0037500085309147835], "reward": 0.1172863035317598}