{"action": [0.5190266966819763, 0.0001727216294966638], "reward": 0.879968936071651}