{"action": [0.699999988079071, -0.0006234333850443363], "reward": 0.015744399667398292}