{"action": [0.699999988079071, -0.0006823887815698981], "reward": 0.4652336761939726}