{"action": [0.45846104621887207, 0.0010413212003186345], "reward": 0.9169776500078552}