{"action": [0.2865830361843109, -0.00044297619024291635], "reward": 0.5112555682707938}