{"action": [0.4448644816875458, 0.0007007622043602169], "reward": 0.8961319221589126}