{"action": [0.5195007920265198, 2.7243481781624723e-06], "reward": 0.8842336531054389}