{"action": [-1.0, -0.6263772249221802], "reward": 0.07272772069021446}