{"action": [0.410437673330307, 0.0009698033099994063], "reward": 0.8828926242830282}