{"action": [0.5599841475486755, -0.3812717795372009], "reward": 0.5552287910248171}