{"action": [-1.0, -0.29317066073417664], "reward": -0.04397298263808475}