{"action": [0.5264149308204651, 0.0015678569907322526], "reward": 0.8810358025014382}