{"action": [0.699999988079071, -0.30907192826271057], "reward": 0.04432551110393163}