{"action": [0.699999988079071, -0.054524216800928116], "reward": 0.3487544791933189}