{"action": [0.699999988079071, -0.1484985202550888], "reward": 0.5148234813294104}