{"action": [0.699999988079071, -0.3028702735900879], "reward": 0.20547288657935825}