{"action": [-0.22352023422718048, -0.060033638030290604], "reward": 0.4602103403663051}