{"action": [0.6830008625984192, -0.4590257406234741], "reward": 0.3520213676539495}