{"action": [0.5188435912132263, 0.004130996763706207], "reward": 0.8643326137449875}