{"action": [0.5242362022399902, 0.0008393015596084297], "reward": 0.8192461695540798}