{"action": [0.609015703201294, 0.004547221586108208], "reward": 0.7309802830980444}