{"action": [0.578578770160675, 0.01840122602880001], "reward": 0.7823681656170381}