{"action": [0.47824063897132874, 0.027641238644719124], "reward": 0.775896076819096}