{"action": [0.444417804479599, 0.003144918940961361], "reward": 0.8903471277687616}