{"action": [0.46256667375564575, 0.014777143485844135], "reward": 0.774362551003139}