{"action": [0.4853947162628174, 0.025790413841605186], "reward": 0.7890758549616084}