{"action": [0.6080304384231567, -0.018069006502628326], "reward": 0.7437031867265612}