{"action": [0.6288725137710571, -0.0054856762290000916], "reward": 0.8145631507900845}