{"action": [0.699999988079071, -0.33220374584198], "reward": 0.4607675990348207}