{"action": [0.699999988079071, 0.001705150119960308], "reward": 0.7293989678033121}