{"action": [0.699999988079071, 0.10778920352458954], "reward": -0.015475609119790219}