{"action": [0.699999988079071, 0.09120813012123108], "reward": 0.2682865637790003}