{"action": [0.699999988079071, 0.00025452891713939607], "reward": 0.15122621708181513}