{"action": [0.699999988079071, 0.0277267973870039], "reward": 0.21756416417897187}