{"action": [0.699999988079071, 0.11076816916465759], "reward": -0.016561733615960843}