{"action": [0.699999988079071, 0.11309408396482468], "reward": -0.016962613572644735}