{"action": [0.5813201069831848, 0.800000011920929], "reward": 0.4169982820429288}