{"action": [0.6571201086044312, 0.800000011920929], "reward": 0.11768407612686062}