{"action": [0.699999988079071, -0.0014615150867030025], "reward": 0.09012025834919471}