{"action": [0.699999988079071, -0.032770536839962006], "reward": 0.10349119083916485}