{"action": [0.699999988079071, -0.00436160434037447], "reward": 0.1296324575905549}