{"action": [0.699999988079071, -0.0019192291656509042], "reward": 0.09974118844261191}