{"action": [0.699999988079071, -0.022874580696225166], "reward": 0.1274891105615951}