{"action": [0.39491087198257446, -0.0003795070806518197], "reward": 0.9114978805661956}