{"action": [0.699999988079071, -0.02362828515470028], "reward": 0.10039930718177542}