{"action": [0.699999988079071, -0.01270760502666235], "reward": 0.1177548764002463}