{"action": [0.699999988079071, -0.011513208039104939], "reward": 0.11633278269663624}