{"action": [-0.011275454424321651, 0.01731749437749386], "reward": 0.07787285169322368}