{"action": [0.699999988079071, -0.009335934184491634], "reward": 0.06519787539180802}