{"action": [0.3967857360839844, -0.0015986188082024455], "reward": 0.915398031908595}