{"action": [0.699999988079071, -0.009515181183815002], "reward": 0.20863028191818356}