{"action": [0.699999988079071, -0.013424796983599663], "reward": 0.09664456953939002}