{"action": [0.699999988079071, 3.8102032704045996e-05], "reward": 0.22648277922137805}