{"action": [0.699999988079071, -6.553292223543394e-06], "reward": 0.1741506354459273}