{"action": [0.699999988079071, -0.013977526687085629], "reward": 0.038345637052430076}