{"action": [0.699999988079071, -0.0010183894773945212], "reward": 0.15574644828637474}