{"action": [0.699999988079071, -0.012430732138454914], "reward": 0.11878198532835493}