{"action": [0.699999988079071, 0.007685083895921707], "reward": 0.11353939635891662}