{"action": [0.699999988079071, 0.003394267987459898], "reward": 0.22285040687739477}