{"action": [0.699999988079071, 0.007554515264928341], "reward": 0.1688828631340975}