{"action": [0.699999988079071, 0.0077585321851074696], "reward": 0.08406574413274406}