{"action": [0.699999988079071, 0.004797997418791056], "reward": 0.3608174394489026}