{"action": [0.699999988079071, 0.007230973336845636], "reward": 0.20966541582477752}