{"action": [0.699999988079071, -0.005090679973363876], "reward": 0.32526958677824686}