{"action": [0.699999988079071, 0.007469483185559511], "reward": 0.10111745819377314}