{"action": [0.699999988079071, 0.0044956449419260025], "reward": 0.3723463634157593}