{"action": [0.699999988079071, 0.007801613304764032], "reward": 0.09898385972772468}