{"action": [0.699999988079071, 0.006418640725314617], "reward": 0.2752930957725718}