{"action": [0.699999988079071, -0.0038293334655463696], "reward": 0.28219465254561094}