{"action": [0.699999988079071, -0.007726526819169521], "reward": 0.28471320982215464}