{"action": [0.699999988079071, -0.0077141993679106236], "reward": 0.22089200434377376}