{"action": [0.699999988079071, -0.009359702467918396], "reward": 0.10354361254828515}