{"action": [0.699999988079071, -0.003988760057836771], "reward": 0.04955985390448152}