{"action": [0.699999988079071, -0.010245878249406815], "reward": 0.19161185263258057}