{"action": [0.699999988079071, -0.0043250564485788345], "reward": 0.3296705193868555}