{"action": [0.699999988079071, -0.010419939644634724], "reward": 0.25587400156992335}