{"action": [0.699999988079071, -0.005859101191163063], "reward": 0.28284606492440084}