{"action": [0.699999988079071, 0.003079216694459319], "reward": 0.3810095517343854}