{"action": [0.699999988079071, 0.005052951164543629], "reward": 0.3060435489734054}