{"action": [0.699999988079071, -0.0006552732083946466], "reward": 0.42852304215798853}