{"action": [0.699999988079071, 0.0017138562398031354], "reward": 0.2785651419466949}