{"action": [0.699999988079071, -0.005375660955905914], "reward": 0.34207279743248703}