{"action": [0.5300065279006958, 0.0008632494718767703], "reward": 0.892313982055635}