{"action": [0.699999988079071, 0.0066966707818210125], "reward": 0.2700606785978893}