{"action": [0.699999988079071, -0.004816795699298382], "reward": 0.35313000818390683}