{"action": [0.699999988079071, -0.001219318131916225], "reward": 0.2252602870528153}