{"action": [0.699999988079071, -0.000836435123346746], "reward": 0.3140144553666998}