{"action": [0.699999988079071, -0.0033854010980576277], "reward": 0.2763679735755206}