{"action": [0.699999988079071, -0.00036881357664242387], "reward": 0.2216266205602414}