{"action": [0.699999988079071, -0.0025305836461484432], "reward": 0.3537068242059124}