{"action": [0.699999988079071, 0.009201130829751492], "reward": 0.09169354035670992}