{"action": [0.699999988079071, -0.00023259925364982337], "reward": 0.33331221443560627}