{"action": [0.699999988079071, -0.00016897868772502989], "reward": 0.28017579432977485}