{"action": [0.699999988079071, 0.005941955838352442], "reward": 0.15552625793174682}