{"action": [0.500796914100647, 0.6235343217849731], "reward": 0.5398267593298152}