{"action": [0.699999988079071, -0.003737557679414749], "reward": 0.24356672948572797}