{"action": [0.699999988079071, 0.00885987002402544], "reward": 0.11336932280526414}