{"action": [0.699999988079071, 0.006055784411728382], "reward": 0.17804461715048311}