{"action": [0.699999988079071, 0.004911139607429504], "reward": 0.25840781458054685}