{"action": [0.699999988079071, 0.0066420165821909904], "reward": 0.09488541702696204}