{"action": [0.5488529205322266, 0.412509948015213], "reward": 0.5760523032840842}