{"action": [0.699999988079071, -0.002463024342432618], "reward": 0.2059389356088477}