{"action": [0.699999988079071, 0.00014324796211440116], "reward": 0.1659438717458223}