{"action": [0.699999988079071, 0.0006138482713140547], "reward": 0.26587384902345956}