{"action": [0.699999988079071, -0.001321246731095016], "reward": 0.3414922959498852}