{"action": [0.699999988079071, 0.0019070238340646029], "reward": 0.10784041422778487}