{"action": [0.699999988079071, 0.0027710965368896723], "reward": 0.10844735285439028}