{"action": [0.699999988079071, 0.0018910369835793972], "reward": 0.1102438556197848}