{"action": [0.699999988079071, 0.0010528748389333487], "reward": 0.14483747635965263}