{"action": [0.699999988079071, -0.0012010409263893962], "reward": 0.07519728275750294}