{"action": [0.699999988079071, 0.00046550389379262924], "reward": 0.20270652569598016}