{"action": [0.699999988079071, 4.854142844123999e-06], "reward": 0.08941591687417542}