{"action": [0.699999988079071, -0.0010521668009459972], "reward": 0.18521239051747224}