{"action": [0.699999988079071, 0.0018845973536372185], "reward": 0.1536475517675865}