{"action": [0.699999988079071, 0.006175141781568527], "reward": 0.16484003259626634}