{"action": [0.699999988079071, 0.00024168974778149277], "reward": 0.23413445181309853}