{"action": [0.699999988079071, 0.0027060427237302065], "reward": 0.15025562314488417}