{"action": [0.699999988079071, 0.006083906162530184], "reward": 0.2920129185390422}