{"action": [0.699999988079071, 0.0052720713429152966], "reward": 0.32898073969957564}