{"action": [0.699999988079071, 0.0020967477466911077], "reward": 0.1828651739618643}