{"action": [0.699999988079071, 0.0030395444482564926], "reward": 0.20099389579400864}