{"action": [0.699999988079071, 0.006147289182990789], "reward": 0.2793510045747136}