{"action": [0.6442493796348572, 0.0003575971641112119], "reward": 0.7352757720629395}