{"action": [0.4418935477733612, -0.0012032580561935902], "reward": 0.8391229115699246}