{"action": [0.699999988079071, -0.013401422649621964], "reward": 0.5502935204290544}