{"action": [0.699999988079071, 0.057190656661987305], "reward": -0.0063174624653414176}