{"action": [0.699999988079071, 0.003552139038220048], "reward": 0.28255828317142484}