{"action": [0.699999988079071, 0.05489765480160713], "reward": 0.040818560842191945}