{"action": [0.699999988079071, -0.0013749405043199658], "reward": 0.21272064492806345}