{"action": [0.699999988079071, 0.052092842757701874], "reward": -0.00772573051841863}