{"action": [0.699999988079071, 0.05533742904663086], "reward": 0.019947427682004068}