{"action": [0.699999988079071, 0.0036950756330043077], "reward": 0.30686639135512905}