{"action": [0.699999988079071, 2.1601736079901457e-05], "reward": 0.2767253134197059}