{"action": [0.6342092752456665, 0.006896619684994221], "reward": 0.7251498878939984}