{"action": [0.5195608735084534, -0.008984016254544258], "reward": 0.8003187428060119}