{"action": [0.6444931626319885, -0.010347709991037846], "reward": 0.7551103324025629}