{"action": [0.4296979308128357, -0.015289556235074997], "reward": 0.8631096552736531}