{"action": [0.4504474103450775, -0.007436249405145645], "reward": 0.8586050442230992}