{"action": [0.4742432236671448, -0.014516125433146954], "reward": 0.8226289782313783}