{"action": [0.5375047326087952, -0.007478735875338316], "reward": 0.8397067520478284}