{"action": [0.5804831385612488, -0.008761273697018623], "reward": 0.8125857971332238}