{"action": [0.4959057867527008, -0.006876298226416111], "reward": 0.8625258121714694}