{"action": [0.699999988079071, 0.0004277406551409513], "reward": 0.27486169646700803}