{"action": [0.699999988079071, 0.01841973513364792], "reward": 0.6150300276326651}