{"action": [0.699999988079071, 0.0005040041287429631], "reward": 0.21181785253955795}