{"action": [-1.0, 0.0008680592873133719], "reward": 0.0001594111684444953}