{"action": [0.6322658061981201, 0.006892465520650148], "reward": 0.763593731185733}