{"action": [0.699999988079071, 0.0008714341674931347], "reward": -0.00010995564414976978}