{"action": [-1.0, 0.0010547618148848414], "reward": 0.23086197537868589}