{"action": [0.699999988079071, 0.03438657149672508], "reward": 0.5040425535813082}