{"action": [0.699999988079071, -0.0014643368776887655], "reward": 0.777048651918608}