{"action": [0.4835863709449768, 7.469856791431084e-05], "reward": 0.8291717804303266}