{"action": [0.699999988079071, -0.004679566249251366], "reward": 0.5508172400904316}