{"action": [0.6536374092102051, 0.00039429229218512774], "reward": 0.7939701190844313}