{"action": [0.699999988079071, -0.006508957128971815], "reward": 0.22633682745879238}