{"action": [0.6015666127204895, -0.001083442009985447], "reward": 0.860276892507945}