{"action": [0.2810559868812561, -0.0026547459419816732], "reward": 0.4430244038133131}