{"action": [0.5578998923301697, 0.0040971627458930016], "reward": 0.7550933245606395}