{"action": [0.3955323100090027, 0.0016829569358378649], "reward": 0.5994434560804724}