{"action": [0.13278299570083618, 0.0001930699363583699], "reward": 0.47341324093109577}