{"action": [0.381494402885437, 0.0016866638325154781], "reward": 0.6007577981243174}