{"action": [0.5589719414710999, 0.0029907007701694965], "reward": 0.40100018318095476}