{"action": [0.41292229294776917, 0.00016523695376235992], "reward": 0.42386448580229863}