{"action": [0.4907134473323822, 0.024916263297200203], "reward": 0.7935195885625735}