{"action": [0.6078791618347168, 0.006896747276186943], "reward": 0.7707141987889964}