{"action": [0.699999988079071, 0.013473277911543846], "reward": 0.4730509492056369}