{"action": [0.5152866244316101, -0.01721557043492794], "reward": 0.7794228605292105}