{"action": [0.699999988079071, 0.0073992786929011345], "reward": 0.525082854248036}