{"action": [0.5167179107666016, 0.009945400059223175], "reward": 0.7891167223304336}