{"action": [0.3692960739135742, 9.44463608902879e-05], "reward": 0.8829914919833889}