{"action": [0.417856365442276, -0.015261471271514893], "reward": 0.8155840808402999}