{"action": [0.5893052220344543, 0.0008539812988601625], "reward": 0.8092185470433433}