{"action": [0.6541149020195007, -0.000418793031712994], "reward": 0.7603147566479478}