{"action": [0.699999988079071, 0.015349077992141247], "reward": 0.5869790575386998}