{"action": [0.44902467727661133, 0.017019769176840782], "reward": 0.8484869361163102}