{"action": [0.5875488519668579, -0.004501548130065203], "reward": 0.8000356576072302}