{"action": [0.46017298102378845, -4.9327194574289024e-05], "reward": 0.8455205951812031}