{"action": [0.4973771274089813, 0.0030523682944476604], "reward": 0.7911646119329175}