{"action": [0.44412684440612793, 0.3930262327194214], "reward": 0.5102818051774054}