{"action": [0.4238271713256836, -0.00959909986704588], "reward": 0.8740499771490545}