{"action": [0.5950798392295837, 0.28619641065597534], "reward": 0.42139976854575417}