{"action": [0.44331616163253784, -0.0012001119321212173], "reward": 0.8406946585073208}