{"action": [0.6553084850311279, -0.001766031258739531], "reward": 0.7834649726125231}