{"action": [0.40127837657928467, 0.0036522462032735348], "reward": 0.6793301831067254}