{"action": [0.40399888157844543, 0.0033439372200518847], "reward": 0.9114870455449486}