{"action": [0.43006521463394165, 0.0007718338165432215], "reward": 0.8470751761039117}