{"action": [0.4646114110946655, 0.006056824699044228], "reward": 0.8567749222008602}