{"action": [0.4069814085960388, 0.00016072361904662102], "reward": 0.9217381438408611}