{"action": [0.4943549633026123, 7.119047040760051e-07], "reward": 0.8261593588030219}