{"action": [0.5482821464538574, 0.005809950176626444], "reward": 0.7972455615777678}