{"action": [0.5021092295646667, 0.004030900541692972], "reward": 0.811633879686161}