{"action": [0.5079922080039978, -0.0008943696739152074], "reward": 0.8450232383769729}