{"action": [0.47907131910324097, 0.00032637768890708685], "reward": 0.9101849687321696}