{"action": [0.47344261407852173, 0.003305601654574275], "reward": 0.8655269771718184}