{"action": [0.48534804582595825, 0.0002752735745161772], "reward": 0.8676741762330621}