{"action": [0.3969423174858093, 3.2964697311399505e-05], "reward": 0.9359193585076855}