{"action": [0.433279424905777, 0.0024407550226897], "reward": 0.8787942247904769}