{"action": [0.5304170250892639, 0.01691960170865059], "reward": 0.8133499669054723}