{"action": [0.6781491637229919, -0.0069014220498502254], "reward": 0.7024952221327666}