{"action": [0.699999988079071, 0.025035183876752853], "reward": 0.39354688929244946}