{"action": [0.5737243294715881, -0.00071970175486058], "reward": 0.7674553462249476}