{"action": [0.699999988079071, 0.0004017036990262568], "reward": 0.6976971373136356}