{"action": [0.39184218645095825, -0.004609851632267237], "reward": 0.9095415504729085}