{"action": [0.699999988079071, 0.0028265879955142736], "reward": 0.5267016897175905}