{"action": [0.47630685567855835, 0.007481922395527363], "reward": 0.8450786178212452}