{"action": [0.41586434841156006, -0.0038414583541452885], "reward": 0.9004789160904918}