{"action": [0.41958022117614746, -0.0030277674086391926], "reward": 0.8715815604486234}