{"action": [0.699999988079071, 0.0185381006449461], "reward": -0.0027780231197909425}