{"action": [0.5300152897834778, -0.027923468500375748], "reward": 0.7584655088785577}