{"action": [0.699999988079071, 0.02017231285572052], "reward": 0.0030267014425518}