{"action": [0.5020020008087158, -0.019423583522439003], "reward": 0.7989495079841354}