{"action": [0.5415195822715759, 0.006111680995672941], "reward": 0.8279302751442865}