{"action": [0.699999988079071, 0.01999657414853573], "reward": 0.025131293616629344}