{"action": [0.44579026103019714, -0.008471743203699589], "reward": 0.8563899423459349}