{"action": [0.699999988079071, -0.020287085324525833], "reward": 0.7525674448175438}