{"action": [-0.029209336265921593, -0.025108622387051582], "reward": 0.4788307475319359}