{"action": [-0.0031936769373714924, -0.022482922300696373], "reward": 0.46229575510749166}