{"action": [0.699999988079071, 0.020402593538165092], "reward": -0.0025536277412229174}