{"action": [0.699999988079071, 0.19719438254833221], "reward": 0.17900067078993276}