{"action": [0.41962388157844543, -0.009600915014743805], "reward": 0.8748991550310049}