{"action": [0.699999988079071, 0.005990882404148579], "reward": 0.6948153372456516}