{"action": [0.5141778588294983, 0.0006852548103779554], "reward": 0.8314466542897186}