{"action": [0.6127921938896179, -0.00595851382240653], "reward": 0.7383438624827184}