{"action": [0.6549615263938904, -0.02897091768682003], "reward": 0.6956137565907402}