{"action": [0.5143604874610901, -0.0001386194198857993], "reward": 0.7739810062239932}