{"action": [0.5596922636032104, 0.003095046617090702], "reward": 0.7729295360866177}