{"action": [0.6065616607666016, 0.013665547594428062], "reward": 0.7322625779533143}