{"action": [0.58226478099823, 0.002495474647730589], "reward": 0.7977298596747612}