{"action": [0.5149701237678528, 0.0012003099545836449], "reward": 0.8770590776239787}