{"action": [0.4086771011352539, 0.0007253818330354989], "reward": 0.9324923573557744}