{"action": [0.46654263138771057, 0.0033230429980903864], "reward": 0.8748778975802515}