{"action": [0.5542094111442566, 0.009441598318517208], "reward": 0.77119814924746}