{"action": [0.5137190818786621, 0.06104270741343498], "reward": 0.8229562502219131}