{"action": [0.45522943139076233, 0.11083465069532394], "reward": 0.7856345058366411}