{"action": [0.45990997552871704, 0.26153212785720825], "reward": 0.7265425676352315}