{"action": [0.5241352915763855, 0.7088286280632019], "reward": 0.2811422245548114}