{"action": [0.3411775827407837, 0.006512114778161049], "reward": 0.8168264919062138}