{"action": [0.699999988079071, -0.0723208487033844], "reward": -0.003792674261010232}