{"action": [0.699999988079071, -0.0726516917347908], "reward": -0.005862427440220093}