{"action": [0.699999988079071, -0.07590502500534058], "reward": -0.011298951720334686}