{"action": [0.44547417759895325, 0.011593240313231945], "reward": 0.8474914617976785}