{"action": [0.5259769558906555, 0.028553055599331856], "reward": 0.7495811320558347}