{"action": [0.4739491045475006, 0.0052042147144675255], "reward": 0.8150493549718071}