{"action": [0.699999988079071, 0.004984249360859394], "reward": 0.5725633894815862}