{"action": [0.699999988079071, 0.003560744458809495], "reward": 0.6607911230569181}