{"action": [0.4362186789512634, 0.0026223701424896717], "reward": 0.8762249691480088}