{"action": [0.699999988079071, -0.00948643870651722], "reward": 0.5636650577101657}