{"action": [0.699999988079071, -0.004527756944298744], "reward": 0.5647520226901636}