{"action": [0.699999988079071, -0.0015199939953163266], "reward": 0.6995107227220768}