{"action": [0.699999988079071, 0.0002515462110750377], "reward": 0.7345465743133444}