{"action": [0.699999988079071, -0.0007608465966768563], "reward": 0.49702106263098395}