{"action": [0.44337403774261475, 0.008246239274740219], "reward": 0.8561718228012343}