{"action": [0.5347504019737244, -0.014531156979501247], "reward": 0.7709869152610466}