{"action": [-1.0, -0.0038365216460078955], "reward": -0.00023048807770208348}