{"action": [-1.0, -0.00395455164834857], "reward": -0.0005804906529241236}