{"action": [-1.0, -0.003955624997615814], "reward": -0.0005663493562468847}