{"action": [0.699999988079071, -0.003981172107160091], "reward": 0.005616537029510924}