{"action": [0.12822267413139343, -0.0003203968517482281], "reward": 0.48543891693113445}