{"action": [0.3380436897277832, -0.0004970094887539744], "reward": 0.4923233119922138}