{"action": [0.41516152024269104, 0.002401551930233836], "reward": 0.5743052398338473}