{"action": [0.36401602625846863, 0.0034924836363643408], "reward": 0.5789759443655939}