{"action": [0.699999988079071, 0.002073673065751791], "reward": 0.665143014564818}