{"action": [0.699999988079071, 0.0016770405927672982], "reward": 0.45571441707211185}