{"action": [0.699999988079071, -0.0014573936350643635], "reward": 0.37401262300974575}