{"action": [0.699999988079071, -0.00020850122382398695], "reward": 0.32912239148380823}