{"action": [0.699999988079071, -1.7776430468074977e-05], "reward": 0.43084895264529954}