{"action": [0.699999988079071, -0.00012662619701586664], "reward": 0.36979795149888495}