{"action": [0.4905746579170227, -0.004802951589226723], "reward": 0.8570776965713514}