{"action": [0.42465391755104065, -0.004953591153025627], "reward": 0.8901919598726976}