{"action": [0.44121041893959045, -0.006231640465557575], "reward": 0.5828950222531531}