{"action": [0.5437287092208862, -0.002124584512785077], "reward": 0.8055540332638744}