{"action": [-1.0, 0.0010234281653538346], "reward": 0.8411625897751167}