{"action": [0.02364756353199482, 1.1371612345101312e-05], "reward": 0.49161061801406297}