{"action": [-1.0, -0.00011856680794153363], "reward": -1.72564686173604e-05}