{"action": [0.6579628586769104, 0.00013904040679335594], "reward": 0.6756358592722326}