{"action": [-1.0, -0.00011534780060173944], "reward": -1.449329830609393e-05}