{"action": [-1.0, -0.00011534780060173944], "reward": -1.7067416377472426e-05}