{"action": [-1.0, -0.00011481130059110001], "reward": -1.6964638836231923e-05}