{"action": [-1.0, -0.00011695730790961534], "reward": -1.7263510358792388e-05}