{"action": [-1.0, -0.00011695730790961534], "reward": -1.7340244080564286e-05}