{"action": [-1.0, -0.00011588430061237887], "reward": -1.5975849139972267e-05}