{"action": [-1.0, -0.00011588430061237887], "reward": -1.7134182813628675e-05}