{"action": [-1.0, -0.00011642080789897591], "reward": -1.7241413831569103e-05}