{"action": [-1.0, -0.00011534780060173944], "reward": -1.70948967196112e-05}