{"action": [-1.0, -0.00011534780060173944], "reward": -1.7073303535243443e-05}