{"action": [-1.0, -0.00011534780060173944], "reward": -1.7023103127546338e-05}