{"action": [-1.0, -0.00011642080789897591], "reward": -1.7274784329645544e-05}