{"action": [-1.0, -0.00011266529327258468], "reward": -1.6537980260951876e-05}