{"action": [-1.0, -0.00011266529327258468], "reward": -1.66097303445032e-05}