{"action": [-1.0, -0.00011266529327258468], "reward": -1.6653847036962744e-05}