{"action": [0.6169322729110718, -0.0013124069664627314], "reward": 0.51079182418704}