{"action": [0.699999988079071, -0.00011648934741970152], "reward": 0.022820471820509298}