{"action": [0.699999988079071, -0.00011273288691882044], "reward": 0.03964580682797747}