{"action": [0.699999988079071, -0.00022630412422586232], "reward": 0.18615337534636509}