{"action": [0.4190986156463623, -0.004957531578838825], "reward": 0.9097017933893128}