{"action": [0.4919341802597046, -0.005345512647181749], "reward": 0.8808291336127145}