{"action": [0.36593198776245117, -0.0034848458599299192], "reward": 0.8877248056650616}