{"action": [0.5503948926925659, -0.3185423016548157], "reward": 0.6202088511584655}