{"action": [0.47988617420196533, -0.25619325041770935], "reward": 0.7393737581543453}