{"action": [0.6810678839683533, -0.800000011920929], "reward": 0.2108516386588934}