{"action": [0.598156750202179, -0.13096344470977783], "reward": 0.7923995050544451}