{"action": [0.3446838855743408, -0.05666552111506462], "reward": 0.8581443769328139}