{"action": [0.5179518461227417, -0.1043698787689209], "reward": 0.8081512036157739}