{"action": [0.699999988079071, 0.012641670182347298], "reward": 0.721301810469644}