{"action": [0.50577312707901, 0.00664674723520875], "reward": 0.8373916191795456}