{"action": [0.6036476492881775, 0.00314852106384933], "reward": 0.7704423374150944}