{"action": [0.45094236731529236, 0.004867172800004482], "reward": 0.8775203708485011}