{"action": [0.4078100621700287, 0.0037376773543655872], "reward": 0.8615371991389377}