{"action": [0.4534001350402832, 0.0003521829203236848], "reward": 0.8544055686191592}