{"action": [0.699999988079071, -0.08110152184963226], "reward": 0.035778561774323606}