{"action": [0.699999988079071, -0.07298930734395981], "reward": -0.010795852651085526}