{"action": [-0.8160409331321716, -0.0012346855364739895], "reward": 0.6676123595747641}