{"action": [0.699999988079071, -0.040914371609687805], "reward": 0.47644772630598803}