{"action": [0.699999988079071, -0.0023632498923689127], "reward": 0.5584659104731772}