{"action": [0.699999988079071, -0.013231615535914898], "reward": 0.513318649145956}