{"action": [0.6998792290687561, 8.590007200837135e-05], "reward": 0.7060564211947734}