{"action": [0.4191516637802124, 0.005270736292004585], "reward": 0.8613443625564441}