{"action": [0.3962639570236206, -0.0001540060038678348], "reward": 0.8982584735370328}