{"action": [0.43188029527664185, -0.000414965208619833], "reward": 0.8555336039781254}