{"action": [0.3884623646736145, -0.0009926126804202795], "reward": 0.8906133820174126}