{"action": [0.45441582798957825, -0.00027869027690030634], "reward": 0.8591018300635702}