{"action": [0.3893689811229706, -0.0012214705348014832], "reward": 0.884418296864912}