{"action": [0.699999988079071, -0.01198438461869955], "reward": 0.3294989363355375}