{"action": [0.4229307770729065, -0.0014816161710768938], "reward": 0.9082131829596658}