{"action": [0.44133082032203674, -0.0012179854093119502], "reward": 0.9041258305288746}