{"action": [0.3513314127922058, -0.0017654509283602238], "reward": 0.9614833790697802}