{"action": [0.32954299449920654, -0.0018290753941982985], "reward": 0.9657842432985252}