{"action": [0.4391824007034302, -0.0017021583626046777], "reward": 0.9032512289370681}