{"action": [0.5632432699203491, -0.021754097193479538], "reward": 0.7456525650855974}