{"action": [0.47392719984054565, -0.005754352081567049], "reward": 0.848169799685434}