{"action": [0.699999988079071, -0.0023684240877628326], "reward": 0.40566376100550733}