{"action": [0.699999988079071, -0.005638867150992155], "reward": 0.38725589231719165}