{"action": [0.699999988079071, -0.0031789476051926613], "reward": 0.364204888218925}