{"action": [0.699999988079071, -0.0013117778580635786], "reward": 0.7137081670099603}