{"action": [0.699999988079071, 0.001206230721436441], "reward": 0.6475031659828066}