{"action": [0.6906571388244629, -0.0017236029962077737], "reward": 0.7527361077346755}