{"action": [0.48587584495544434, -0.017083831131458282], "reward": 0.8139613512755534}