{"action": [0.45510926842689514, -0.013916537165641785], "reward": 0.8443718327395627}