{"action": [0.4719337522983551, -0.016015229746699333], "reward": 0.829258729340214}