{"action": [0.5393761396408081, -0.0013748101191595197], "reward": 0.8023948846526711}