{"action": [0.699999988079071, 0.00032351131085306406], "reward": 0.41629133284586756}