{"action": [0.43816840648651123, 0.00017733685672283173], "reward": 0.8983680498339153}