{"action": [0.3349354565143585, 0.0025793220847845078], "reward": 0.9423763254000719}