{"action": [-1.0, 0.0044442652724683285], "reward": 0.664143082483061}