{"action": [0.0952124297618866, 0.0038466190453618765], "reward": 0.49583636481057347}