{"action": [-0.4225912392139435, 0.0028676767833530903], "reward": 0.6169515855888904}