{"action": [0.699999988079071, 0.0051722098141908646], "reward": 0.37388354476081004}