{"action": [0.699999988079071, 0.0008254166459664702], "reward": 0.5635522394124649}