{"action": [-1.0, 0.00474642775952816], "reward": -0.0003500094750073893}