{"action": [0.699999988079071, 3.9932489016791806e-05], "reward": 0.5878988848840259}