{"action": [-1.0, 0.0047437455505132675], "reward": -0.0007065079747518997}