{"action": [0.699999988079071, 0.0038591227494180202], "reward": 0.6323508441911894}