{"action": [0.699999988079071, 0.18223869800567627], "reward": -0.02639433757766032}