{"action": [0.6599803566932678, 0.005242371931672096], "reward": 0.7607864066260049}