{"action": [-0.8578123450279236, 0.005621259566396475], "reward": 0.6492429782462544}