{"action": [0.699999988079071, 0.0011871954193338752], "reward": 0.6780247233921284}