{"action": [-0.8074918985366821, 0.01331434678286314], "reward": 0.6431481778812111}