{"action": [0.699999988079071, 0.006677823606878519], "reward": 0.5730404647308907}