{"action": [0.699999988079071, -0.010180067270994186], "reward": 0.7016947476823865}