{"action": [-0.14110465347766876, 0.15881216526031494], "reward": 0.4045214297821426}