{"action": [0.699999988079071, 0.3440363109111786], "reward": 0.30769299460348076}