{"action": [-0.2558760344982147, 0.19021019339561462], "reward": 0.35569408995506957}