{"action": [0.4052470326423645, 0.054633427411317825], "reward": 0.36687237135714373}