{"action": [0.5474095344543457, 0.0862111747264862], "reward": 0.32749262148942454}