{"action": [-1.0, 0.039509035646915436], "reward": -0.0059010612704268805}