{"action": [-1.0, 0.039509572088718414], "reward": -0.005914689122946732}