{"action": [0.699999988079071, 0.03986700624227524], "reward": 0.013049221606456416}