{"action": [-1.0, 0.03951010853052139], "reward": -0.005922196118398903}