{"action": [0.5905847549438477, 0.028513995930552483], "reward": 0.44303201529872444}