{"action": [0.699999988079071, -0.0002273379359394312], "reward": 0.7212478368255454}