{"action": [-0.025583142414689064, -0.0024847148451954126], "reward": 0.5388391110646673}