{"action": [0.4072498679161072, -0.001958447741344571], "reward": 0.3892885445554338}