{"action": [0.3692467212677002, -0.0005850442685186863], "reward": 0.4638658622376431}