{"action": [-1.0, 1.0730028634498012e-06], "reward": 2.910958959899356e-05}