{"action": [0.699999988079071, 0.00726834312081337], "reward": 0.6967958396100403}