{"action": [0.699999988079071, 0.007720645051449537], "reward": 0.6837094003018058}