{"action": [0.42122703790664673, 0.07751236855983734], "reward": 0.7196630196382674}