{"action": [0.5844951272010803, 0.800000011920929], "reward": -0.06361212925668916}