{"action": [0.5249668955802917, 0.04452373459935188], "reward": 0.7384771981922975}