{"action": [0.699999988079071, 0.004236096050590277], "reward": 0.6166671628583913}