{"action": [0.46698737144470215, 0.0294661708176136], "reward": 0.8014145172989194}