{"action": [0.699999988079071, 0.003068277845159173], "reward": 0.7256788243054337}