{"action": [-0.3312980830669403, 0.007037725765258074], "reward": 0.5572917433635685}