{"action": [0.699999988079071, 0.0076349093578755856], "reward": 0.408147681355316}