{"action": [0.298167884349823, -0.0025581398513168097], "reward": 0.46630573037478135}