{"action": [0.3339691758155823, -0.002528606913983822], "reward": 0.46839366113002295}