{"action": [0.5877912044525146, -0.0019528338452801108], "reward": 0.41190554831765414}