{"action": [0.699999988079071, -0.002579073654487729], "reward": 0.3043205941563194}