{"action": [0.699999988079071, -0.0006514409324154258], "reward": 0.4216170910881595}