{"action": [0.699999988079071, 0.006334227975457907], "reward": 0.5741038944889212}