{"action": [-0.41391947865486145, 0.031703609973192215], "reward": 0.5021546841999782}