{"action": [0.699999988079071, 0.013582034036517143], "reward": 0.3060163872539577}