{"action": [0.699999988079071, 0.0034527985844761133], "reward": 0.4945891823216146}