{"action": [0.699999988079071, 0.005952281411737204], "reward": 0.4350055942262112}