{"action": [0.699999988079071, 0.0012238017516210675], "reward": 0.6491406810963838}