{"action": [0.3859143853187561, 0.0001972524478333071], "reward": 0.9074568750727849}