{"action": [0.3931121230125427, 0.00019494992739055306], "reward": 0.9338138345437258}