{"action": [0.699999988079071, 0.041434381157159805], "reward": -0.005251627123937494}