{"action": [0.3034849166870117, 0.004488729871809483], "reward": 0.7259856532310799}