{"action": [-0.899470329284668, -0.0017149386694654822], "reward": 0.579158809382428}