{"action": [0.4234122037887573, -0.00046777320676483214], "reward": 0.4333504529414717}