{"action": [0.330914169549942, -0.0018813686911016703], "reward": 0.43386786834015734}