{"action": [0.46494704484939575, -0.0005210834788158536], "reward": 0.4768257520851202}