{"action": [0.5087723731994629, 0.012284668162465096], "reward": 0.40246973215637044}