{"action": [0.699999988079071, 0.01100027747452259], "reward": -0.0016339221368356597}