{"action": [0.699999988079071, 0.012690480798482895], "reward": 0.3025944929713305}