{"action": [0.699999988079071, 0.01569831371307373], "reward": 0.4441466079564783}