{"action": [0.699999988079071, -0.2441359907388687], "reward": 0.5133154874165353}