{"action": [0.699999988079071, -0.24657389521598816], "reward": 0.5747402994886901}