{"action": [0.37203311920166016, -0.28143706917762756], "reward": 0.7531754450118013}