{"action": [0.5535277724266052, -0.800000011920929], "reward": -0.07308528820005368}