{"action": [0.699999988079071, 0.0037588453851640224], "reward": 0.30640363639272716}