{"action": [0.699999988079071, 0.0015929400688037276], "reward": 0.6881157484958752}