{"action": [-1.0, 0.0018444918096065521], "reward": -0.0002550041135590137}