{"action": [0.5114845037460327, -0.03857109695672989], "reward": 0.756818218388927}