{"action": [0.4926412105560303, -0.012324267067015171], "reward": 0.8027220356223259}