{"action": [0.44429314136505127, 0.00016361623420380056], "reward": 0.8416257123550738}