{"action": [0.699999988079071, 0.03902705758810043], "reward": 0.6875627330940033}