{"action": [0.4305383861064911, 0.008764314465224743], "reward": 0.8544183517360571}