{"action": [0.4585915207862854, 0.004132313188165426], "reward": 0.8551198976427268}