{"action": [0.3972109854221344, -0.0003940494789276272], "reward": 0.8943860048789268}