{"action": [0.12103675305843353, -0.0005527202156372368], "reward": 0.964081639960213}