{"action": [0.6218803524971008, -0.008369294926524162], "reward": 0.33946260279793794}