{"action": [-1.0, -0.014040778391063213], "reward": -0.00209191245773022}