{"action": [-1.0, -0.014051508158445358], "reward": -0.002107478376972004}