{"action": [-1.0, -0.014051508158445358], "reward": -0.0021069194586561886}