{"action": [0.699999988079071, -0.01413152739405632], "reward": 0.0029817749259028227}