{"action": [-1.0, -0.012359919026494026], "reward": -0.0015868117477383543}