{"action": [0.699999988079071, -0.012587927281856537], "reward": 0.06837543501605814}