{"action": [0.3143850862979889, -0.009304243139922619], "reward": 0.45188084104361204}