{"action": [-1.0, 0.0018428823677822948], "reward": -0.00027613990343605953}