{"action": [0.6446492671966553, -0.0008805396500974894], "reward": 0.3752180898346295}