{"action": [0.699999988079071, -0.0004518269270192832], "reward": 0.4280598096983687}