{"action": [0.699999988079071, -0.002339292084798217], "reward": 0.39547339095109485}