{"action": [0.46749281883239746, -0.0021410512272268534], "reward": 0.4496372858108354}