{"action": [0.699999988079071, -0.03419974446296692], "reward": 0.6098851285965241}