{"action": [0.699999988079071, -0.000742686097510159], "reward": 0.6092624035680397}