{"action": [0.6133366823196411, -0.6870973110198975], "reward": 0.40791097375886576}