{"action": [0.6331338882446289, -0.7998707890510559], "reward": 0.4080017058960602}