{"action": [0.6152547001838684, -0.1511223018169403], "reward": 0.5970808198658991}