{"action": [0.3404251039028168, -0.01647414080798626], "reward": 0.8810670555665381}