{"action": [0.38703620433807373, -0.004940930288285017], "reward": 0.8538094162788884}