{"action": [0.3498639464378357, -0.0011470302706584334], "reward": 0.9003442579456132}