{"action": [0.32220903038978577, -0.0014166743494570255], "reward": 0.9125876897383739}