{"action": [0.33688661456108093, -0.000866734771989286], "reward": 0.865747791583724}