{"action": [0.699999988079071, -0.05902861803770065], "reward": 0.6686576599126665}