{"action": [0.4972454011440277, -0.10485843569040298], "reward": 0.6748629142346683}