{"action": [0.5545957684516907, -0.012129162438213825], "reward": 0.7724764218745542}