{"action": [0.382878839969635, -0.0017610443755984306], "reward": 0.902649474328964}