{"action": [0.4586065709590912, -0.0006538066081702709], "reward": 0.8995374932988335}