{"action": [0.5168687105178833, -0.001026449608616531], "reward": 0.8590637189146967}