{"action": [0.44410645961761475, -0.0005282037309370935], "reward": 0.896864567642661}