{"action": [0.338310569524765, -0.0001333740510744974], "reward": 0.9806876148037873}