{"action": [0.3405533730983734, -0.00014939982793293893], "reward": 0.9781051839806968}