{"action": [0.3550553321838379, -0.00342279183678329], "reward": 0.918211365931807}