{"action": [0.4403443932533264, -0.003943436313420534], "reward": 0.8468436625248936}