{"action": [0.5475108027458191, 0.0006484815385192633], "reward": 0.8618021631586541}