{"action": [0.699999988079071, 0.038427721709012985], "reward": 0.6728198747945703}