{"action": [0.4949171841144562, 0.0031961186323314905], "reward": 0.7936406805606186}