{"action": [0.3706790506839752, -0.0008187437197193503], "reward": 0.873423888297625}