{"action": [0.35026538372039795, -0.0036218040622770786], "reward": 0.9184059350032201}