{"action": [0.35336512327194214, -0.002396761905401945], "reward": 0.9015755985569006}