{"action": [0.3660532534122467, -0.0014888569712638855], "reward": 0.9207415051196238}