{"action": [0.6036982536315918, -0.012651758268475533], "reward": 0.745300250534385}