{"action": [0.48202797770500183, -0.0019249655306339264], "reward": 0.8652565280112523}