{"action": [-0.8997634649276733, -0.011596014723181725], "reward": 0.6514170200499678}