{"action": [-0.3248812258243561, -0.02507958374917507], "reward": 0.5294482882781864}