{"action": [0.32905545830726624, -0.004303387366235256], "reward": 0.44171814104966595}