{"action": [-1.0, -0.005546887870877981], "reward": -0.0008305205682852147}