{"action": [-1.0, -0.00554366922006011], "reward": -0.0008305037150041981}