{"action": [-1.0, 0.001848247367888689], "reward": -0.00027694287176800866}