{"action": [-1.0, -0.005537230987101793], "reward": -0.0008298225131351394}