{"action": [0.699999988079071, -0.005483231972903013], "reward": 0.35679724675246116}