{"action": [0.699999988079071, -0.006131498608738184], "reward": 0.26180754549977686}