{"action": [0.31266143918037415, 0.0010576010681688786], "reward": 0.9680223098049452}