{"action": [0.3132379949092865, 0.0011815122561529279], "reward": 0.9700788042665023}