{"action": [0.699999988079071, -0.2556454539299011], "reward": 0.5665662659295401}