{"action": [0.49961772561073303, -0.16718679666519165], "reward": 0.6848258587444396}