{"action": [0.5005648732185364, -0.12398330122232437], "reward": 0.5846015693560654}