{"action": [0.515535295009613, -0.08483163267374039], "reward": 0.6688154893483804}