{"action": [0.699999988079071, 0.0035103263799101114], "reward": 0.006150570412847965}