{"action": [0.699999988079071, 0.0035285381600260735], "reward": 0.0012287786644184233}