{"action": [-0.06765329092741013, 0.0032812946010380983], "reward": -0.0004013173154276274}