{"action": [0.699999988079071, 0.003230963135138154], "reward": -7.593839669529375e-05}