{"action": [0.699999988079071, 0.0029301713220775127], "reward": 0.2684349344185277}