{"action": [0.699999988079071, 0.008727102540433407], "reward": 0.16940439800451643}