{"action": [0.699999988079071, 0.008034843020141125], "reward": 0.19209869951175654}