{"action": [0.699999988079071, 0.0006357186357490718], "reward": 0.29772609877140327}