{"action": [0.5024700164794922, -0.022146156057715416], "reward": 0.7374370621113674}