{"action": [0.699999988079071, 0.00024132484395522624], "reward": 0.12025994711737842}