{"action": [0.699999988079071, -0.0016827731160447001], "reward": 0.07423488822514528}