{"action": [0.24477997422218323, 7.117359200492501e-05], "reward": 0.4582825771118779}