{"action": [0.699999988079071, -0.008437156677246094], "reward": 0.11139358694639331}