{"action": [0.699999988079071, -0.009459122084081173], "reward": 0.13125213718975887}