{"action": [0.699999988079071, -0.00302461301907897], "reward": 0.14732758453335995}