{"action": [0.699999988079071, -0.00021720041695516557], "reward": 0.36684608233802524}