{"action": [0.699999988079071, -0.0007476199534721673], "reward": 0.27435223945636356}