{"action": [0.699999988079071, -0.0004234777588862926], "reward": 0.33343548261554673}