{"action": [0.29698339104652405, 0.00019748645718209445], "reward": 0.46109842820044133}