{"action": [0.699999988079071, -0.0015654928283765912], "reward": 0.3496448364489281}