{"action": [0.699999988079071, -0.013096612878143787], "reward": 0.03297921360331482}