{"action": [0.699999988079071, -0.013519884087145329], "reward": 0.051241500956988865}