{"action": [0.699999988079071, -0.012788835912942886], "reward": 0.1168513679899474}