{"action": [0.699999988079071, -0.012657503597438335], "reward": 0.1042809381672576}