{"action": [0.699999988079071, -0.00920906662940979], "reward": 0.0961601122739141}