{"action": [0.699999988079071, -0.009427856653928757], "reward": 0.10549884585311478}