{"action": [0.699999988079071, -0.005956943146884441], "reward": 0.12704953421895257}