{"action": [0.699999988079071, -0.0056043281219899654], "reward": 0.15438277869094558}