{"action": [0.699999988079071, -0.004464785568416119], "reward": 0.20920790440753595}