{"action": [0.699999988079071, -0.0018360210815444589], "reward": 0.3484570123383165}