{"action": [0.699999988079071, -0.0010133979376405478], "reward": 0.39077552570806157}