{"action": [0.699999988079071, 0.001285294070839882], "reward": 0.30602465109245386}