{"action": [0.3019540011882782, 0.00043907572398893535], "reward": 0.46811181296697707}