{"action": [0.699999988079071, 7.487815310014412e-05], "reward": 0.1311261592906394}