{"action": [0.699999988079071, -5.026847429689951e-05], "reward": 0.19131262306836427}