{"action": [0.699999988079071, -7.208674651337788e-05], "reward": 0.23422874002635524}