{"action": [0.699999988079071, -0.00018208929395768791], "reward": 0.3101671612928827}