{"action": [0.699999988079071, -0.0068182507529854774], "reward": 0.14107183610714874}