{"action": [0.699999988079071, -0.0064523485489189625], "reward": 0.19806277413054704}