{"action": [0.699999988079071, -0.0051513914950191975], "reward": 0.13967713362429304}