{"action": [0.699999988079071, -0.005131048616021872], "reward": 0.10733214585050678}