{"action": [0.699999988079071, -0.003199889324605465], "reward": 0.16037905618227827}