{"action": [0.699999988079071, -0.0038180160336196423], "reward": 0.05932662470497272}