{"action": [0.699999988079071, -0.0017474850174039602], "reward": 0.02675445640260261}