{"action": [0.2660427391529083, 0.0002188142534578219], "reward": 0.4236984246207874}