{"action": [0.699999988079071, -0.0030257846228778362], "reward": 0.08076288416911334}