{"action": [0.699999988079071, -0.0009116908768191934], "reward": 0.06325248768936328}