{"action": [0.699999988079071, 0.0005987763870507479], "reward": 0.14618463702216614}