{"action": [0.699999988079071, 0.0006245955592021346], "reward": 0.1496281688591212}