{"action": [0.699999988079071, 0.0006537140579894185], "reward": 0.14730561129742142}