{"action": [0.699999988079071, 0.0014192311791703105], "reward": 0.17643762439641916}