{"action": [0.699999988079071, 0.0030977651476860046], "reward": 0.07956847874057175}