{"action": [0.699999988079071, 0.0017297840677201748], "reward": 0.1357995811222591}