{"action": [0.699999988079071, 0.0016651514451950788], "reward": 0.12116864411490481}