{"action": [0.699999988079071, 0.000997799332253635], "reward": 0.1582433357896279}