{"action": [0.699999988079071, 0.001139362226240337], "reward": 0.1671372653916655}