{"action": [0.699999988079071, 0.0011052476475015283], "reward": 0.19013295237617822}