{"action": [0.699999988079071, 0.001078836270608008], "reward": 0.2226130080676676}