{"action": [0.699999988079071, 0.0018156783189624548], "reward": 0.1979436942138458}