{"action": [0.316529780626297, -0.002941665705293417], "reward": 0.45735659857985284}