{"action": [0.699999988079071, 0.0018284880788996816], "reward": 0.2399553474472494}