{"action": [0.699999988079071, 0.0018266126280650496], "reward": 0.2068478926677374}