{"action": [0.699999988079071, 0.0018201441271230578], "reward": 0.22977016127954597}