{"action": [0.699999988079071, 1.6231537074418156e-06], "reward": 0.19227080843706454}