{"action": [0.699999988079071, -0.00010193789057666436], "reward": 0.06739344113070883}