{"action": [0.699999988079071, -0.02245415560901165], "reward": 0.23790114532048134}