{"action": [0.699999988079071, -0.024743711575865746], "reward": 0.24858687708328325}