{"action": [0.699999988079071, 0.028966443613171577], "reward": 0.1403410863001403}