{"action": [0.699999988079071, -0.18274067342281342], "reward": 0.08007450509719892}