{"action": [0.699999988079071, -0.1599528193473816], "reward": 0.10656593953667141}