{"action": [0.699999988079071, -0.11130484938621521], "reward": 0.17655779362684987}