{"action": [0.699999988079071, -0.12832586467266083], "reward": 0.1374576577606751}