{"action": [0.699999988079071, -0.11116509139537811], "reward": -0.016674763709306716}