{"action": [0.699999988079071, -0.10686174035072327], "reward": 0.18067615615652988}