{"action": [0.699999988079071, -0.019380604848265648], "reward": 0.6430136134289575}