{"action": [0.699999988079071, -0.43296197056770325], "reward": -0.03799724810812641}