{"action": [0.699999988079071, -0.40708452463150024], "reward": -0.03457327048239325}