{"action": [0.699999988079071, -0.10898395627737045], "reward": 0.21089621420438998}