{"action": [0.699999988079071, -0.10880794376134872], "reward": 0.1450062690699252}