{"action": [0.147799551486969, -0.0010516871698200703], "reward": 0.4693471875534825}