{"action": [0.699999988079071, -0.030873723328113556], "reward": 0.16683727199386345}