{"action": [0.699999988079071, -0.02158990129828453], "reward": 0.1532319863162038}