{"action": [0.699999988079071, -0.04016426205635071], "reward": 0.49423393617300565}