{"action": [0.699999988079071, -0.00927506759762764], "reward": 0.10698925384498073}