{"action": [0.699999988079071, -0.005722675938159227], "reward": 0.10373131024097015}