{"action": [0.699999988079071, -0.005077453795820475], "reward": 0.15480994399142042}