{"action": [0.699999988079071, -0.0015541946049779654], "reward": 0.20717196308127442}