{"action": [0.699999988079071, 0.0002584863977972418], "reward": 0.10557381804747139}