{"action": [0.699999988079071, 0.31079715490341187], "reward": 0.3504726977727404}