{"action": [0.699999988079071, 0.0036729462444782257], "reward": 0.005354425084075297}