{"action": [0.699999988079071, 0.003757836762815714], "reward": 0.23142415052336043}