{"action": [0.5614716410636902, 5.945086377323605e-05], "reward": 0.8308559756212013}