{"action": [0.5107202529907227, -0.005348998121917248], "reward": 0.8222364490157055}