{"action": [0.6907083988189697, 0.5333650708198547], "reward": 0.6408249340720987}