{"action": [0.609496533870697, 0.5316516757011414], "reward": 0.6737104923141204}