{"action": [0.4316919147968292, -0.014995969831943512], "reward": 0.8478584125550309}