{"action": [0.699999988079071, -0.008737281896173954], "reward": 0.7512621436829534}