{"action": [0.4486103653907776, -0.0025527402758598328], "reward": 0.8592540909386419}