{"action": [0.6803301572799683, -0.0009226914262399077], "reward": 0.7535084347068577}