{"action": [0.3997875452041626, -0.0028956960886716843], "reward": 0.9176703693887408}