{"action": [0.3238198161125183, -0.008388416841626167], "reward": 0.7996238133274826}