{"action": [-0.6954374313354492, -0.0025904427748173475], "reward": 0.7108867564672743}