{"action": [0.699999988079071, 0.0005803101230412722], "reward": 0.46624144893047265}