{"action": [0.699999988079071, 0.006490481551736593], "reward": 0.6572901741027065}