{"action": [0.699999988079071, 0.0067243617959320545], "reward": 0.7031147306207945}