{"action": [0.699999988079071, 0.006948939058929682], "reward": 0.7506257463880218}