{"action": [-0.4689016044139862, 0.009081973694264889], "reward": 0.8225189387675012}