{"action": [0.6125265955924988, 0.001401563175022602], "reward": 0.8084145439685433}