{"action": [0.699999988079071, 0.005073889158666134], "reward": 0.6912834731853126}