{"action": [0.4671259820461273, 0.0005529227782972157], "reward": 0.860071309200281}