{"action": [0.41060689091682434, 0.0005919841350987554], "reward": 0.9202755505589575}