{"action": [0.4268844425678253, 0.0006177615141496062], "reward": 0.9125865709746294}