{"action": [0.3954930305480957, 0.00015327356231864542], "reward": 0.9426454635727728}