{"action": [0.3997981548309326, -0.4659401774406433], "reward": 0.6148891901918087}