{"action": [0.3778518736362457, -0.3904200792312622], "reward": 0.582788833877014}