{"action": [0.4171077609062195, 0.02336534485220909], "reward": 0.8341729388770412}