{"action": [0.403547078371048, 0.01794286072254181], "reward": 0.8387652807899139}