{"action": [0.3953777551651001, 0.004012053366750479], "reward": 0.8142266290333888}