{"action": [0.3963654041290283, -0.004796429071575403], "reward": 0.9032153591552552}