{"action": [0.5100239515304565, -0.23181964457035065], "reward": 0.7693781272264779}