{"action": [0.49822738766670227, -0.049976855516433716], "reward": 0.704438671728952}