{"action": [0.39693889021873474, -0.004252156242728233], "reward": 0.8281316245367832}