{"action": [0.4927692413330078, 0.011608337983489037], "reward": 0.7658188445349138}