{"action": [0.5579388737678528, 0.013106250204145908], "reward": 0.7612858939891716}