{"action": [0.5241222977638245, 0.025193093344569206], "reward": 0.7564697335038622}