{"action": [0.5193253755569458, 0.015334099531173706], "reward": 0.815990681879624}