{"action": [0.699999988079071, 0.04232456162571907], "reward": 0.37337581575985396}