{"action": [0.4606243073940277, 0.015139875002205372], "reward": 0.8334764240125911}