{"action": [0.5213215947151184, 0.023172536864876747], "reward": 0.7915408092780578}