{"action": [0.699999988079071, 0.021927954629063606], "reward": 0.5253543654818699}