{"action": [0.4533369839191437, -0.000161040123202838], "reward": 0.8865458868505562}