{"action": [0.699999988079071, 0.01383792981505394], "reward": 0.5764393522812379}