{"action": [0.45339682698249817, -0.00013630987086798996], "reward": 0.9061740132122508}