{"action": [0.37528008222579956, -5.2860974392388016e-05], "reward": 0.9471645200333558}