{"action": [0.5540100336074829, 0.0039665913209319115], "reward": 0.8295074119691185}