{"action": [0.5391303300857544, 0.00373626290820539], "reward": 0.8503972231149189}