{"action": [0.5372247099876404, 0.0002985878090839833], "reward": 0.8093433506730752}