{"action": [0.2963331639766693, 0.004559479653835297], "reward": 0.3997748853629942}