{"action": [0.699999988079071, 3.284329068264924e-05], "reward": 0.7464231088660105}