{"action": [0.6866669058799744, -0.00044463336234912276], "reward": 0.8298482458810444}