{"action": [0.5420213937759399, -0.005076834000647068], "reward": 0.8621033695919144}