{"action": [0.4313651919364929, -0.00012979550228919834], "reward": 0.9182784796938953}