{"action": [0.5190157890319824, 0.0002732081920839846], "reward": 0.8790004130698281}