{"action": [0.5065080523490906, 0.00017425804981030524], "reward": 0.8522188680054382}