{"action": [0.4633483588695526, 0.0003933795669581741], "reward": 0.9114671295762984}