{"action": [0.4378226399421692, 0.0004546087875496596], "reward": 0.9228931153955203}