{"action": [0.38593560457229614, 0.002804230898618698], "reward": 0.9267700321110801}