{"action": [0.5842565894126892, 2.7319370929035358e-05], "reward": 0.8382408530423494}