{"action": [0.3891723155975342, -0.00015408224135171622], "reward": 0.9466028152293787}