{"action": [0.699999988079071, -0.00016513884474989027], "reward": 0.36326121498539676}