{"action": [0.5185931324958801, -0.0014688607770949602], "reward": 0.36061915876315215}