{"action": [0.5472675561904907, -0.0008418413926847279], "reward": 0.8441316337725104}