{"action": [0.6490485072135925, -0.3670860826969147], "reward": 0.6003894324491514}