{"action": [0.6190080046653748, -0.7588371634483337], "reward": 0.5408102623734248}