{"action": [0.699999988079071, -0.2612796425819397], "reward": 0.46179787412832973}