{"action": [0.699999988079071, -0.3152107298374176], "reward": 0.3968957278086158}