{"action": [0.3189837634563446, -0.008321654982864857], "reward": 0.44398273826289386}