{"action": [0.5664359331130981, -0.011247595772147179], "reward": 0.7068962278731881}