{"action": [0.28601330518722534, -0.029527846723794937], "reward": 0.4268591495784425}