{"action": [0.4208781123161316, -0.0053999354131519794], "reward": 0.41965440188699316}