{"action": [0.6526946425437927, 0.014700060710310936], "reward": 0.7320371402548387}