{"action": [0.6311513781547546, 0.013893970288336277], "reward": 0.7186566302726135}