{"action": [0.3604435324668884, 0.012936091050505638], "reward": 0.702517354454341}