{"action": [0.699999988079071, 0.012746552936732769], "reward": 0.6787942332110695}