{"action": [0.699999988079071, 0.01616518758237362], "reward": 0.6300857172666093}