{"action": [0.4069327116012573, -0.3250228762626648], "reward": 0.6200433502511637}