{"action": [0.44002577662467957, -0.3062721788883209], "reward": 0.4577928830753772}