{"action": [0.699999988079071, -0.09346924722194672], "reward": 0.6762679568278892}