{"action": [0.699999988079071, -0.010710511356592178], "reward": 0.8238068318498953}