{"action": [0.699999988079071, 0.00875072181224823], "reward": 0.8848546169210344}