{"action": [0.699999988079071, 0.0033715316094458103], "reward": 0.5017275968353824}