{"action": [0.6336744427680969, -0.00042116580880247056], "reward": -1.0108518963381572}