{"action": [0.6550928950309753, -0.0013523964444175363], "reward": -0.8164198423862299}