{"action": [-1.0, -0.02226369082927704], "reward": 0.5418392718640497}