{"action": [-1.0, -0.019653037190437317], "reward": -0.647737763567565}