{"action": [0.41553282737731934, -0.040154360234737396], "reward": 0.5114907653976858}