{"action": [0.699999988079071, 0.007250542286783457], "reward": -0.0010875055383312798}