{"action": [0.699999988079071, 0.007116763386875391], "reward": -0.0010656157997738463}