{"action": [0.699999988079071, 0.007443772163242102], "reward": 0.45862518315777406}