{"action": [0.059699878096580505, -9.020888683153316e-05], "reward": 0.9416295891439931}