{"action": [0.15283873677253723, 0.0012186600361019373], "reward": 0.9387510576057441}