{"action": [0.503316342830658, -0.004233312327414751], "reward": 0.9007973176801946}