{"action": [0.6423016786575317, -0.004485392477363348], "reward": 0.8407888078782942}