{"action": [0.44656407833099365, -0.0010654083453118801], "reward": 0.8616892583573645}