{"action": [0.699999988079071, -0.007977460511028767], "reward": 0.6372795703621588}