{"action": [0.5571664571762085, -0.005828300956636667], "reward": 0.7337878575432715}