{"action": [0.699999988079071, -0.004563819617033005], "reward": 0.70129937208945}