{"action": [0.32685643434524536, -0.005036961752921343], "reward": 0.9401644192846559}