{"action": [0.682080090045929, -0.0067765680141747], "reward": 0.7320531581211139}