{"action": [0.699999988079071, 0.010528931394219398], "reward": 0.8798267744478956}