{"action": [0.699999988079071, 0.0014307090314105153], "reward": 0.8765442190818825}