{"action": [0.699999988079071, -0.008980024605989456], "reward": 0.9141979248017253}