{"action": [0.699999988079071, -0.007573546376079321], "reward": 0.2726118244931452}