{"action": [0.699999988079071, 0.0003971926053054631], "reward": 0.5019439581880265}