{"action": [0.699999988079071, -0.0013942160876467824], "reward": 0.8735551404930753}