{"action": [0.6278101205825806, 0.00045026952284388244], "reward": -4.924098386319259}