{"action": [0.699999988079071, 0.005082456860691309], "reward": -2.740895868573275}