{"action": [0.699999988079071, 0.00274243438616395], "reward": -3.9834924181978444}