{"action": [0.5773243308067322, 0.0009863917948678136], "reward": -4.906319427881813}