{"action": [0.5836413502693176, 0.0007252469658851624], "reward": -4.977249023166993}