{"action": [-1.0, -0.0035417447797954082], "reward": -3.2082308521881466}