{"action": [0.699999988079071, -0.01887059211730957], "reward": 0.7105946053644587}