{"action": [0.699999988079071, -0.04853696748614311], "reward": 0.6186559200525629}