{"action": [-1.0, -0.007085573859512806], "reward": -0.0010628029112447887}