{"action": [0.699999988079071, 0.011382533237338066], "reward": 0.2617273942047443}