{"action": [0.6757243275642395, -1.72080999618629e-05], "reward": 0.7496219583845196}