{"action": [0.5489559173583984, -6.106012733653188e-05], "reward": 0.8850953325081431}