{"action": [0.4485289454460144, -0.004998764488846064], "reward": 0.8134879978466966}