{"action": [0.41419315338134766, -0.13732236623764038], "reward": 0.8637443123815883}