{"action": [0.41855522990226746, -0.2514021396636963], "reward": 0.7739209883644759}