{"action": [0.5274268388748169, -0.800000011920929], "reward": -0.12000000178813934}