{"action": [0.47712811827659607, -0.35956674814224243], "reward": -0.05393501222133636}