{"action": [0.6286860108375549, 0.4409966766834259], "reward": 0.04927709247400039}