{"action": [0.5158743858337402, 0.07632023096084595], "reward": 0.7094923326138094}