{"action": [0.4910680055618286, 0.0634017214179039], "reward": 0.7431086574779413}