{"action": [0.5516361594200134, 0.02837955951690674], "reward": 0.6377365468641057}