{"action": [0.47119617462158203, 0.007215727586299181], "reward": 0.7729208905882928}