{"action": [0.699999988079071, -0.00955408439040184], "reward": 0.5532605367551034}