{"action": [0.699999988079071, -0.003803893458098173], "reward": 0.404712272296026}