{"action": [0.699999988079071, -0.004040640778839588], "reward": 0.3947997999276846}