{"action": [0.5010574460029602, -0.0019500069320201874], "reward": 0.9247550664183845}