{"action": [0.6976493000984192, -0.005886907689273357], "reward": 0.7628629460995779}