{"action": [-0.9028677344322205, -0.005384392570704222], "reward": 0.3771492071562448}