{"action": [-0.09819086641073227, -0.007252057082951069], "reward": 0.47250827783675714}