{"action": [0.34394267201423645, -0.005938048008829355], "reward": 0.4402628724958369}