{"action": [0.4254801273345947, -0.00038877176120877266], "reward": 0.4449566474630659}