{"action": [-1.0, -0.00013358885189518332], "reward": -1.9976695533939257e-05}