{"action": [-1.0, -0.00013358885189518332], "reward": -1.9947952059765935e-05}