{"action": [-1.0, -0.00013358885189518332], "reward": -1.997969828779438e-05}