{"action": [-1.0, -0.00013573485193774104], "reward": -2.0310852619495792e-05}