{"action": [0.5827142596244812, -0.0011222052853554487], "reward": 0.4114624569894188}