{"action": [0.1788528561592102, -0.011951125226914883], "reward": 0.48878238666564583}