{"action": [0.699999988079071, -0.0061600166372954845], "reward": 0.3640935901741011}