{"action": [0.2603120505809784, -0.011129004880785942], "reward": 0.44735522798644456}