{"action": [0.18847748637199402, -0.011238736100494862], "reward": 0.46302480089299436}