{"action": [0.14921621978282928, -0.010619843378663063], "reward": 0.4802661344732136}