{"action": [0.10007661581039429, -0.005277965683490038], "reward": 0.4014366085832547}