{"action": [0.3211240768432617, -0.00690569169819355], "reward": 0.5071125961473314}