{"action": [0.34330692887306213, -0.000839821994304657], "reward": 0.418479763500129}