{"action": [0.42807361483573914, -0.00571936322376132], "reward": 0.46034569429359046}