{"action": [-1.0, -0.0004452961729839444], "reward": -6.63499053876996e-05}