{"action": [0.4096165895462036, -0.0026186667382717133], "reward": 0.38646580291311605}