{"action": [-1.0, -0.0004721212317235768], "reward": -7.067717091463299e-05}