{"action": [-1.0, -0.0004721212317235768], "reward": -7.064246499347621e-05}