{"action": [-1.0, -0.00047373073175549507], "reward": -6.852671870245065e-05}