{"action": [-1.0, -0.0004549532022792846], "reward": -6.34528256789321e-05}