{"action": [-1.0, -0.00045763570233248174], "reward": -6.847697351285002e-05}