{"action": [-1.0, -0.00045763570233248174], "reward": -6.853554184895892e-05}