{"action": [-1.0, -0.00045763570233248174], "reward": -6.851543132247335e-05}