{"action": [-1.0, -0.00045817220234312117], "reward": -6.869278961799008e-05}