{"action": [-1.0, -0.00045817220234312117], "reward": -6.869634846553381e-05}