{"action": [0.28192368149757385, -0.007335748989135027], "reward": 0.4310412646909392}