{"action": [-1.0, -0.0004769497609231621], "reward": -7.08011733925437e-05}