{"action": [-1.0, -0.0004624642024282366], "reward": -6.210562332777418e-05}