{"action": [-1.0, -0.0004646102315746248], "reward": -6.957826896345709e-05}