{"action": [-1.0, -0.0004705117316916585], "reward": -7.039729316657184e-05}