{"action": [0.47949889302253723, -0.004336661193519831], "reward": 0.4341366238579827}