{"action": [-1.0, -0.0004753402608912438], "reward": -7.113210793852906e-05}