{"action": [-1.0, -0.0004753402608912438], "reward": -7.122954891062937e-05}