{"action": [-1.0, -0.0004726577317342162], "reward": -7.076058520841795e-05}