{"action": [-1.0, -0.00047158473171293736], "reward": -6.969628859141257e-05}