{"action": [-1.0, -0.0004726577317342162], "reward": -7.08807296873906e-05}