{"action": [0.699999988079071, -0.12768642604351044], "reward": -0.01540078065194363}