{"action": [0.699999988079071, -0.11690111458301544], "reward": -0.017534018330825178}