{"action": [0.699999988079071, -0.1158660352230072], "reward": -0.017379616424752678}