{"action": [0.699999988079071, -0.014136681333184242], "reward": 0.47830777342768066}