{"action": [0.3913341164588928, 0.011473764665424824], "reward": 0.8454293244722583}