{"action": [0.5066238641738892, 0.005302226636558771], "reward": 0.8113114289728949}