{"action": [0.6272911429405212, 0.011655820533633232], "reward": 0.7379445755165617}