{"action": [0.6433810591697693, 0.011725608259439468], "reward": 0.7517746567927343}