{"action": [0.4366263449192047, 0.00044588459422811866], "reward": 0.8732020012307324}