{"action": [0.38906294107437134, -0.0012465562904253602], "reward": 0.9404093721866162}