{"action": [0.4229481518268585, 0.003990386612713337], "reward": 0.8433405362366484}