{"action": [0.5682907104492188, 0.008998796343803406], "reward": 0.8132466899517823}