{"action": [0.699999988079071, -2.1752714474132517e-06], "reward": 0.5999244007104614}