{"action": [0.27227476239204407, 1.8994920537807047e-05], "reward": 0.47163417275295827}