{"action": [-1.0, 6.813567597419024e-05], "reward": 0.438001859213866}