{"action": [-1.0, -0.00012876033724751323], "reward": -1.9025784187494124e-05}