{"action": [0.699999988079071, -0.0007301798323169351], "reward": 0.3641162886029945}