{"action": [-1.0, -0.00012768733722623438], "reward": -1.9007783068859372e-05}