{"action": [0.5559329986572266, 0.06277436763048172], "reward": -5.789745565070722}