{"action": [0.699999988079071, -0.0012593630235642195], "reward": -6.946407433229883}