{"action": [0.5328245759010315, 0.030149657279253006], "reward": -6.266746643356036}