{"action": [0.699999988079071, 0.003264252096414566], "reward": -7.081676912845142}