{"action": [0.6466191411018372, 0.009314598515629768], "reward": -7.159315089800529}