{"action": [0.678949773311615, 0.04018373414874077], "reward": -4.875385091089406}