{"action": [0.6777085661888123, 0.04500669240951538], "reward": -5.221479952027908}