{"action": [0.49776536226272583, -0.0006646605907008052], "reward": -7.466774924353609}