{"action": [0.699999988079071, 0.05971783399581909], "reward": -5.11094100526642}