{"action": [0.5976740717887878, 0.055410340428352356], "reward": -5.729883981948836}