{"action": [0.4991891086101532, 0.0019104047678411007], "reward": -6.798960557120215}