{"action": [0.5559780597686768, 0.05150208622217178], "reward": -5.737239397648169}