{"action": [0.5023569464683533, 0.002297487109899521], "reward": -6.713232998282009}