{"action": [0.6043592691421509, 0.0480051189661026], "reward": -5.902020229285984}