{"action": [0.5275627970695496, 0.03054477833211422], "reward": -6.481915012310401}