{"action": [0.48953336477279663, 0.0005401578964665532], "reward": -7.380339717171637}