{"action": [0.5470349192619324, 0.032904621213674545], "reward": -6.4148135600996055}