{"action": [0.47205406427383423, 0.031494610011577606], "reward": -6.8899126047756045}