{"action": [0.4760527014732361, 0.03194664791226387], "reward": -6.924020545955376}