{"action": [0.5123546719551086, 0.0038065894041210413], "reward": -6.488004328589394}