{"action": [0.6212455034255981, 0.04119374603033066], "reward": -5.737859121556069}