{"action": [0.5733791589736938, 0.03602948412299156], "reward": -6.179872668415797}