{"action": [0.4101089537143707, -0.045633748173713684], "reward": 0.488166658359475}