{"action": [0.699999988079071, -0.02007264457643032], "reward": 0.46364876887073736}