{"action": [0.699999988079071, 0.09362925589084625], "reward": -0.28293608404163567}