{"action": [0.24496756494045258, -0.01594441756606102], "reward": -0.01723931460324899}