{"action": [0.13690896332263947, -0.09344413876533508], "reward": -0.3219600074855555}