{"action": [0.699999988079071, -0.015956267714500427], "reward": -1.284328440968988}