{"action": [0.699999988079071, 0.01438352931290865], "reward": 0.7728016447821034}