{"action": [0.699999988079071, -0.0001620940020075068], "reward": 0.6736873745635971}