{"action": [0.699999988079071, 0.0031268764287233353], "reward": 0.8903309017361901}