{"action": [-1.0, -0.0050425766967237], "reward": -0.0007547757901554769}