{"action": [-0.004686316475272179, 0.009566420689225197], "reward": 0.8330624732642081}