{"action": [0.699999988079071, 0.0006125583313405514], "reward": 0.9033267395338617}