{"action": [0.699999988079071, -3.6165714845992625e-05], "reward": 0.6596576055098476}