{"action": [0.699999988079071, 3.7180543586146086e-05], "reward": 0.9429879690085817}