{"action": [0.699999988079071, -1.1629105756583158e-05], "reward": 0.5376393629106059}