{"action": [0.699999988079071, 0.013674205169081688], "reward": 0.7653827161736371}