{"action": [0.5637081265449524, 0.022359253838658333], "reward": 0.8655550114861457}