{"action": [0.4592238962650299, 0.0731961578130722], "reward": -1.5739516402935574}