{"action": [0.635810911655426, 0.1260601431131363], "reward": -1.2062938484898191}