{"action": [0.699999988079071, -0.01873382367193699], "reward": -0.2906283912105508}