{"action": [0.699999988079071, -0.023427875712513924], "reward": 0.2534442308329732}