{"action": [0.5336228609085083, 0.11000768095254898], "reward": -1.751430815221453}