{"action": [0.699999988079071, 0.009699113667011261], "reward": -3.246850532134028}