{"action": [0.699999988079071, 0.025270584970712662], "reward": -2.1651758235984175}