{"action": [0.699999988079071, 0.0018197523895651102], "reward": -3.701353091763718}