{"action": [0.699999988079071, -0.017684154212474823], "reward": -3.475586665937309}