{"action": [0.699999988079071, 0.0024185439106076956], "reward": -3.547363060418782}