{"action": [0.699999988079071, 0.015622805804014206], "reward": -2.7348510605569105}