{"action": [0.46491461992263794, -0.004908283241093159], "reward": 0.7611931353190438}