{"action": [0.5595934987068176, -0.0017740137409418821], "reward": 0.8433095027458559}