{"action": [0.4296535849571228, -0.005980109795928001], "reward": 0.7379240544169399}