{"action": [0.3632568120956421, -0.005064213648438454], "reward": 0.7753311401550632}