{"action": [0.699999988079071, -6.999254401307553e-05], "reward": 0.1517935189247929}