{"action": [0.699999988079071, 0.004830319434404373], "reward": 0.36596995771887536}