{"action": [0.699999988079071, 2.714991524044308e-06], "reward": 0.000469540109238437}