{"action": [0.699999988079071, 2.7257203782937722e-06], "reward": 0.007515163090193191}