{"action": [0.699999988079071, 0.00020655590924434364], "reward": 0.002349191052091619}