{"action": [0.3904685378074646, -0.005534607917070389], "reward": 0.755312456186431}