{"action": [0.699999988079071, 0.014028726145625114], "reward": 0.3739771032033424}