{"action": [0.699999988079071, 0.0041879694908857346], "reward": 0.2846302206587431}