{"action": [0.699999988079071, 0.016276104375720024], "reward": 0.24804506341276425}