{"action": [0.699999988079071, 0.017736464738845825], "reward": 0.3275580688997321}