{"action": [0.699999988079071, 0.022747039794921875], "reward": 0.4368642923364599}