{"action": [0.699999988079071, 0.003306038910523057], "reward": 0.2501941832796423}