{"action": [0.699999988079071, 0.009511996060609818], "reward": 0.5009964850279427}