{"action": [0.699999988079071, 0.003916338551789522], "reward": 0.38632137818333273}