{"action": [0.699999988079071, 0.0009710899321362376], "reward": 0.32782780866448347}