{"action": [0.699999988079071, 0.0014561337884515524], "reward": 0.3577106579801241}