{"action": [0.699999988079071, 0.013943805359303951], "reward": 0.22771358229852362}