{"action": [0.699999988079071, 0.010260257869958878], "reward": 0.27346071084734186}