{"action": [0.699999988079071, 0.0030723640229552984], "reward": 0.24574201134763396}