{"action": [0.699999988079071, 0.005869751796126366], "reward": 0.3990531552850121}