{"action": [0.699999988079071, 0.011972729116678238], "reward": 0.507114691826247}