{"action": [0.699999988079071, 0.007163311820477247], "reward": 0.08577050261013525}