{"action": [0.699999988079071, 0.01475871168076992], "reward": 0.020994050960882173}