{"action": [0.699999988079071, 0.0028697154484689236], "reward": 0.15237608499147245}