{"action": [0.699999988079071, 0.021030202507972717], "reward": 0.04284408988736571}