{"action": [0.699999988079071, 0.013109401799738407], "reward": 0.0020413786433710625}