{"action": [0.699999988079071, 0.010031184181571007], "reward": 0.030437825183532132}