{"action": [0.699999988079071, 0.01343056745827198], "reward": 0.2606197661713722}