{"action": [0.699999988079071, 0.0017217072891071439], "reward": 0.06462491582174393}