{"action": [0.699999988079071, 0.014886955730617046], "reward": 0.36141629719204527}