{"action": [0.699999988079071, -9.370553016196936e-05], "reward": 0.04956329808759101}