{"action": [0.699999988079071, -0.0011443122057244182], "reward": 0.16154878998920097}