{"action": [0.699999988079071, -0.0005925891455262899], "reward": 0.5017176503570752}