{"action": [0.699999988079071, -0.00684980396181345], "reward": 0.03884595920495287}