{"action": [0.699999988079071, 0.004578149411827326], "reward": 0.36580037455965886}