{"action": [0.699999988079071, -0.007907838560640812], "reward": 0.05580688086081261}