{"action": [0.699999988079071, 0.013965368270874023], "reward": 0.441749750855659}