{"action": [0.699999988079071, -0.001480333274230361], "reward": 0.49458645951071234}