{"action": [0.699999988079071, -0.002408958738669753], "reward": 0.0023546384781528433}