{"action": [0.699999988079071, -0.01413589995354414], "reward": 0.16519268533224218}