{"action": [0.699999988079071, 0.014957315288484097], "reward": 0.3680165170126692}