{"action": [0.699999988079071, 0.02864922396838665], "reward": 0.2851086334267056}