{"action": [0.699999988079071, 0.011745921336114407], "reward": 0.349418527933666}