{"action": [0.699999988079071, 0.016928277909755707], "reward": 0.2516473754562484}