{"action": [0.699999988079071, 0.025286823511123657], "reward": 0.36178369317632625}