{"action": [0.47638577222824097, -0.00043952962732873857], "reward": 0.8891993684978252}