{"action": [0.699999988079071, 0.00809295754879713], "reward": 0.09268680395933658}