{"action": [0.699999988079071, 0.012184783816337585], "reward": 0.35517518127920394}