{"action": [0.699999988079071, 0.013549081981182098], "reward": 0.05576007563103566}