{"action": [0.699999988079071, 0.016813576221466064], "reward": 0.34711563501541787}