{"action": [0.699999988079071, 0.014733119867742062], "reward": 0.36436279938740623}