{"action": [0.699999988079071, 0.0010249193292111158], "reward": 0.34885833487109097}