{"action": [0.699999988079071, 0.009818602353334427], "reward": 0.3005907793546202}