{"action": [0.699999988079071, 0.003616275731474161], "reward": 0.6772480837643146}