{"action": [0.699999988079071, 0.007187147159129381], "reward": 0.37910044950505845}