{"action": [0.699999988079071, 0.003378612920641899], "reward": 0.6631415909537798}