{"action": [0.699999988079071, 0.00910589937120676], "reward": 0.37144470693058507}