{"action": [0.699999988079071, 0.01165449246764183], "reward": 0.29429694810220147}