{"action": [0.699999988079071, 0.03188778832554817], "reward": 0.0573067748701352}