{"action": [0.699999988079071, 0.01606048084795475], "reward": 0.05955978902836135}