{"action": [0.699999988079071, 0.02664755843579769], "reward": 0.3174292557106928}