{"action": [0.699999988079071, 0.021264594048261642], "reward": 0.40745511115706784}