{"action": [0.699999988079071, 0.027933234348893166], "reward": 0.25966170407523775}