{"action": [0.699999988079071, 0.04213840886950493], "reward": 0.0907584769259533}