{"action": [0.699999988079071, 0.03432182967662811], "reward": 0.05432246690898581}