{"action": [0.699999988079071, 0.030370425432920456], "reward": 0.08745955985371621}