{"action": [0.699999988079071, 0.004491280764341354], "reward": 0.21744871739282431}