{"action": [0.699999988079071, 0.0014216386480256915], "reward": 0.26469838266010887}