{"action": [0.699999988079071, 0.005088374949991703], "reward": 0.21049092722716192}