{"action": [0.699999988079071, 0.00575224170461297], "reward": 0.15531535560353044}