{"action": [0.699999988079071, 0.0013150691520422697], "reward": 0.2877225706760382}