{"action": [0.699999988079071, -0.0009098650189116597], "reward": 0.06009101189925776}