{"action": [0.699999988079071, 0.001663370756432414], "reward": 0.3261073833259181}