{"action": [0.699999988079071, -0.00574890710413456], "reward": 0.4192661548521126}