{"action": [0.699999988079071, -0.008988035842776299], "reward": 0.047186510522039544}