{"action": [0.699999988079071, -0.0057773347944021225], "reward": 0.3845055109406292}