{"action": [0.699999988079071, 0.003744744695723057], "reward": 0.09876979910261191}