{"action": [0.699999988079071, -0.006959937512874603], "reward": 0.12374647078282303}