{"action": [0.699999988079071, -0.005261830519884825], "reward": 0.1767729034798286}