{"action": [0.699999988079071, -0.03295883908867836], "reward": 0.4175211073193743}