{"action": [0.699999988079071, -0.007813308387994766], "reward": 0.5207451931630002}