{"action": [0.699999988079071, -0.02394387125968933], "reward": 0.6737092952739285}