{"action": [0.5370591282844543, -0.017776397988200188], "reward": 0.7483734283786737}