{"action": [0.699999988079071, -0.01896272785961628], "reward": 0.6203509568953225}