{"action": [0.5173048377037048, -0.014825636520981789], "reward": 0.8262275200155952}