{"action": [0.699999988079071, 1.0728836707940559e-09], "reward": 0.008808970179052862}