{"action": [0.699999988079071, -0.007972815074026585], "reward": 0.6874137181835603}