{"action": [0.699999988079071, -0.009088807739317417], "reward": 0.6902992060864068}