{"action": [0.699999988079071, -0.00042594337719492614], "reward": 0.785561265903365}