{"action": [0.6146004796028137, -0.013238557614386082], "reward": 0.8059707385957974}