{"action": [0.699999988079071, -0.007746539544314146], "reward": 0.5651192595980489}