{"action": [0.42389869689941406, -0.11432506144046783], "reward": 0.7476880773913039}