{"action": [0.42770445346832275, 0.06327486783266068], "reward": 0.71970276571934}