{"action": [0.49390339851379395, 0.7882888913154602], "reward": 0.4860515079323983}