{"action": [0.699999988079071, -0.0037894495762884617], "reward": 0.5756681483704054}