{"action": [0.699999988079071, 0.004236483946442604], "reward": 0.45431956362860393}