{"action": [0.699999988079071, 0.0005527240573428571], "reward": 0.424514341196243}