{"action": [0.699999988079071, -0.2127366065979004], "reward": 0.5210183041201586}