{"action": [0.4201202392578125, -0.05230830982327461], "reward": 0.8409516799750366}