{"action": [0.6320952773094177, -0.04615588113665581], "reward": 0.7587258413801266}