{"action": [0.47228729724884033, -0.049372412264347076], "reward": 0.8244012382588581}