{"action": [0.699999988079071, 0.006622767075896263], "reward": 0.5961921053060407}