{"action": [0.5147720575332642, -0.0477592870593071], "reward": 0.809077551820844}