{"action": [0.699999988079071, -0.07467958331108093], "reward": 0.4585096494241185}