{"action": [0.699999988079071, -0.030865376815199852], "reward": 0.6097875888986671}