{"action": [0.5584543347358704, -0.09981393069028854], "reward": 0.6075995658517824}