{"action": [0.42868396639823914, -0.06899882107973099], "reward": 0.7981759533340049}