{"action": [0.43246152997016907, -0.07515881210565567], "reward": 0.7917650935258764}