{"action": [0.5538796782493591, -0.08665336668491364], "reward": 0.7460685153184935}