{"action": [0.4239569902420044, -0.06766955554485321], "reward": 0.8099132678236327}