{"action": [0.5448167324066162, -0.09668389707803726], "reward": 0.7130803261887815}