{"action": [0.4292563796043396, 0.011569910682737827], "reward": 0.8537495488880895}