{"action": [0.699999988079071, -0.10623675584793091], "reward": 0.5323196873892349}