{"action": [0.4492458701133728, -0.07693576067686081], "reward": 0.8014420435064168}