{"action": [0.4653463363647461, -0.09434138238430023], "reward": 0.702069850077302}