{"action": [0.4464300274848938, 0.012295370921492577], "reward": 0.845805608694179}