{"action": [0.41698017716407776, -0.19681286811828613], "reward": 0.6158200229863879}