{"action": [0.3993312120437622, -0.00033095054095610976], "reward": 0.8359941265409796}