{"action": [0.5940581560134888, -0.029397930949926376], "reward": 0.6721742251743013}