{"action": [0.490890771150589, -0.09950821846723557], "reward": 0.671250933270522}