{"action": [0.699999988079071, -0.059378594160079956], "reward": 0.6303666958393052}