{"action": [0.5851114988327026, -0.005591570865362883], "reward": 0.7272903429489982}