{"action": [0.5422571301460266, -0.45373961329460144], "reward": 0.5009054576963218}