{"action": [0.44469666481018066, -0.45088663697242737], "reward": 0.4851801690041553}