{"action": [0.6831444501876831, 0.008098163641989231], "reward": 0.7264769531105029}