{"action": [0.699999988079071, 0.0027933414094150066], "reward": 0.6664644948479507}