{"action": [0.699999988079071, 0.003637755988165736], "reward": 0.5578129589094598}