{"action": [0.4514358639717102, 0.005456564482301474], "reward": 0.8715158612423062}