{"action": [0.4134627878665924, 0.0031409962102770805], "reward": 0.9080715398480118}