{"action": [0.4583110213279724, -0.3653497099876404], "reward": 0.7506625357741041}