{"action": [0.48955994844436646, 0.006852046120911837], "reward": 0.8623226660375444}