{"action": [0.5601127743721008, 0.009030962362885475], "reward": 0.8140813677428207}