{"action": [0.699999988079071, 0.004771070089191198], "reward": 0.7084135418950698}