{"action": [0.5015223622322083, 0.014095614664256573], "reward": 0.7963692235657716}