{"action": [0.5190688371658325, 0.012851886451244354], "reward": 0.8012661206544888}