{"action": [0.699999988079071, -0.11330360919237137], "reward": 0.4820992829141391}