{"action": [0.4517894387245178, -0.008055198937654495], "reward": 0.7631939032935896}