{"action": [0.40222299098968506, 0.019613299518823624], "reward": 0.8618972271807551}