{"action": [0.699999988079071, -0.11405139416456223], "reward": 0.5031193586223979}