{"action": [0.4360087811946869, 0.02109573595225811], "reward": 0.8455107816368235}