{"action": [0.46502166986465454, 0.0029278600122779608], "reward": 0.8753216952020398}