{"action": [0.699999988079071, -0.0004084911197423935], "reward": 0.41279636521370827}