{"action": [0.699999988079071, -0.007495017256587744], "reward": 0.6501722206433731}