{"action": [0.699999988079071, 0.006587672978639603], "reward": 0.42636887001798757}