{"action": [-1.0, -0.0009469249635003507], "reward": -0.00013953400935986347}