{"action": [0.699999988079071, 0.006878884509205818], "reward": 0.6835559050565385}