{"action": [0.5029371380805969, 0.537683367729187], "reward": 0.5425792769798289}