{"action": [0.5385041236877441, -0.02646753191947937], "reward": 0.755063156339244}