{"action": [0.699999988079071, 0.005562265403568745], "reward": 0.6451541016224852}