{"action": [0.699999988079071, 0.003325519384816289], "reward": 0.7768151139437556}