{"action": [0.4602251648902893, 0.5458078980445862], "reward": 0.5498412823911338}