{"action": [0.5313399434089661, -0.030037982389330864], "reward": 0.7238587753793303}