{"action": [0.42121362686157227, -0.0029393096920102835], "reward": 0.9088927794447601}