{"action": [0.5217322707176208, -0.02529352717101574], "reward": 0.7863008807562798}