{"action": [0.5105736255645752, 0.02178782969713211], "reward": 0.7096427168550049}