{"action": [0.4346674084663391, 0.3255239427089691], "reward": 0.7757422995292882}