{"action": [0.5214009881019592, 0.009467296302318573], "reward": 0.8230080851438699}