{"action": [0.5676784515380859, -0.024606075137853622], "reward": 0.7419606291482765}