{"action": [0.3965942859649658, 0.0002156341215595603], "reward": 0.8765725799691627}