{"action": [0.3944869041442871, 0.09868279099464417], "reward": 0.77818153022118}