{"action": [0.3928787112236023, 0.1657242625951767], "reward": 0.6859396294391804}