{"action": [0.6601164937019348, -0.02166392095386982], "reward": 0.7043003655886034}