{"action": [0.49825519323349, -0.00846696924418211], "reward": 0.8107243326619514}