{"action": [0.6128017902374268, 0.800000011920929], "reward": 0.44480465339640846}