{"action": [0.5170789957046509, 0.052406489849090576], "reward": 0.7509868895376776}