{"action": [0.5280481576919556, 0.0176086463034153], "reward": 0.7427798050247807}