{"action": [0.5000418424606323, -0.008761964738368988], "reward": 0.7836641736654406}