{"action": [0.4436071217060089, -0.001033548265695572], "reward": 0.8930634593174457}