{"action": [0.6753274202346802, -0.010496078990399837], "reward": 0.7422264532631035}