{"action": [0.5880451202392578, 0.800000011920929], "reward": 0.3885559072609189}