{"action": [0.5624420642852783, -0.0016899250913411379], "reward": 0.7996676890349221}