{"action": [0.45649266242980957, 0.00016008538659662008], "reward": 0.9181479218635742}