{"action": [0.5851902365684509, 0.025779439136385918], "reward": 0.8281056350175068}