{"action": [0.699999988079071, -0.03915093094110489], "reward": 0.758595689999362}