{"action": [0.4976370632648468, 0.007405722048133612], "reward": 0.8543329727480956}