{"action": [0.5675833821296692, 0.020363064482808113], "reward": 0.795910174762877}