{"action": [0.699999988079071, 4.956650809617713e-05], "reward": 0.002017578047839503}