{"action": [0.699999988079071, 5.054807479609735e-05], "reward": -1.062454458376724e-06}