{"action": [0.44876807928085327, 0.009493797086179256], "reward": 0.8672124454882514}