{"action": [0.6450710892677307, 0.021816857159137726], "reward": 0.7395156484417424}