{"action": [0.5009586811065674, 0.011181328445672989], "reward": 0.8394662714992588}