{"action": [0.5074889659881592, 0.009316339157521725], "reward": 0.800355741108664}