{"action": [0.5586966872215271, 0.008399862796068192], "reward": 0.8213796397392148}