{"action": [0.5977010130882263, 0.004234891384840012], "reward": 0.8248680952216011}