{"action": [0.5990237593650818, 0.0077772620134055614], "reward": 0.839165051137678}