{"action": [0.699999988079071, 0.015691660344600677], "reward": 0.5968701668400966}