{"action": [0.5795788168907166, 0.008502163924276829], "reward": 0.8009597556159077}