{"action": [0.4388018846511841, 0.003674169536679983], "reward": 0.8950747842002663}