{"action": [0.4303368926048279, 0.01300908625125885], "reward": 0.8432658488020535}