{"action": [0.699999988079071, 0.01813535764813423], "reward": 0.5154690340294208}