{"action": [0.699999988079071, 0.025473440065979958], "reward": 0.49660088953710196}