{"action": [0.699999988079071, 0.022314703091979027], "reward": 0.5436729105061023}