{"action": [0.699999988079071, 0.036897946149110794], "reward": 0.710400875980866}