{"action": [0.42222511768341064, 0.014372682198882103], "reward": 0.8648530802421112}