{"action": [0.699999988079071, 0.010249920189380646], "reward": 0.6364163853289919}