{"action": [0.4330402612686157, 0.015665169805288315], "reward": 0.8692869817400887}