{"action": [0.699999988079071, 0.025231679901480675], "reward": 0.6993441337770168}