{"action": [0.023074287921190262, -0.06305908411741257], "reward": 0.5949678176641128}