{"action": [0.6845411658287048, 0.01976591907441616], "reward": 0.7561430930509976}