{"action": [0.5078420042991638, 0.0031060788314789534], "reward": 0.7932409044218063}