{"action": [0.45069074630737305, 0.017757048830389977], "reward": 0.8478988848618997}