{"action": [0.55370032787323, 0.014250099658966064], "reward": 0.7780553597952339}