{"action": [0.699999988079071, 0.037305932492017746], "reward": 0.6166591529300272}