{"action": [0.699999988079071, 0.04736971855163574], "reward": 0.4953005934683286}