{"action": [0.699999988079071, 0.03954460471868515], "reward": 0.5947277425080033}