{"action": [0.5945037603378296, 0.008159460499882698], "reward": 0.7651692075350991}