{"action": [0.49415725469589233, 4.1667462937766686e-05], "reward": 0.8522335150230949}