{"action": [0.699999988079071, 0.026209533214569092], "reward": 0.07410431989892154}