{"action": [0.684177041053772, 0.007547877728939056], "reward": 0.7969724782315779}