{"action": [0.699999988079071, 0.015254270285367966], "reward": 0.7470940824922426}