{"action": [0.699999988079071, 0.022559823468327522], "reward": 0.5185325678157615}