{"action": [0.699999988079071, 0.014360180124640465], "reward": 0.5867726688012296}