{"action": [0.44235873222351074, 0.02006760612130165], "reward": 0.8564707935234428}