{"action": [0.699999988079071, 0.020498715341091156], "reward": 0.4783305166059418}