{"action": [0.5793349146842957, 0.012096613645553589], "reward": 0.730143420352009}