{"action": [0.45600056648254395, 0.0128744812682271], "reward": 0.8784927784683328}