{"action": [0.4975495934486389, 0.023220811039209366], "reward": 0.8137261968323221}