{"action": [0.5189882516860962, 0.024987557902932167], "reward": 0.8012368179238841}