{"action": [0.4920785427093506, 0.01676282286643982], "reward": 0.8514421728745845}