{"action": [0.699999988079071, 0.07474096119403839], "reward": 0.7919146390395889}