{"action": [0.45515602827072144, 0.013615400530397892], "reward": 0.8006205452654329}