{"action": [0.6324824690818787, 0.019797539338469505], "reward": 0.7549552367506104}