{"action": [0.6444669961929321, 0.03301769122481346], "reward": 0.6007957623345938}