{"action": [0.47778216004371643, 0.022677399218082428], "reward": 0.8249059482537204}