{"action": [0.699999988079071, 0.033138882368803024], "reward": 0.6027402751112565}