{"action": [0.699999988079071, -0.01094542071223259], "reward": 0.7507377770737572}