{"action": [0.5716255307197571, 0.020885992795228958], "reward": 0.7748442509210837}