{"action": [0.699999988079071, 0.016169777140021324], "reward": 0.7053934586993531}