{"action": [0.699999988079071, 0.02573978714644909], "reward": 0.6902633573583271}