{"action": [0.699999988079071, 0.03305410221219063], "reward": 0.5957187169032866}