{"action": [0.699999988079071, 0.0295723769813776], "reward": 0.6412371894302492}