{"action": [0.45261359214782715, 0.016065707430243492], "reward": 0.8724954186596663}