{"action": [0.4569576680660248, 0.018605491146445274], "reward": 0.8466729374459262}