{"action": [0.6474559903144836, 0.01255082804709673], "reward": 0.8022561423556095}