{"action": [0.5038195252418518, 0.016298923641443253], "reward": 0.7990443694165352}