{"action": [0.6226222515106201, 0.0256631001830101], "reward": 0.7442165358166887}