{"action": [0.5174500346183777, -0.003356620203703642], "reward": 0.7215995879981382}