{"action": [0.699999988079071, 0.030834777280688286], "reward": 0.6912052141391352}