{"action": [0.699999988079071, -0.04239683225750923], "reward": 0.6308292835563946}