{"action": [0.4262557029724121, 0.01948539912700653], "reward": 0.8654430164886172}