{"action": [0.699999988079071, 0.01936003379523754], "reward": 0.6731224694644148}