{"action": [0.699999988079071, 0.05725206062197685], "reward": 0.5079793112904366}