{"action": [0.5752536058425903, 0.024576544761657715], "reward": 0.7526956926272449}