{"action": [0.6724466681480408, -0.08936337381601334], "reward": 0.6829223788346918}