{"action": [0.5783207416534424, -0.06709308922290802], "reward": 0.6612673200244511}