{"action": [0.4475749135017395, -0.051547933369874954], "reward": 0.814937087937349}