{"action": [0.453561395406723, -0.050338827073574066], "reward": 0.8077268439238735}