{"action": [0.4288509488105774, -0.07352322340011597], "reward": 0.7733782616334781}