{"action": [0.65955650806427, -0.06904678791761398], "reward": 0.6885055896855069}