{"action": [0.699999988079071, -0.08272875845432281], "reward": 0.5590236763531099}