{"action": [0.4866026043891907, -0.05118965357542038], "reward": 0.7945312307593988}