{"action": [0.5894721150398254, -0.06501935422420502], "reward": 0.7169906879507973}