{"action": [0.4477854073047638, -0.060839489102363586], "reward": 0.7893894264501189}