{"action": [0.49345070123672485, -0.06848607212305069], "reward": 0.7606558518651518}