{"action": [0.6771602630615234, -0.06350477784872055], "reward": 0.6996334368828158}