{"action": [0.5102218985557556, -0.06997395306825638], "reward": 0.7480319738009588}