{"action": [0.699999988079071, 1.0669334216117932e-07], "reward": 0.026670887313108845}