{"action": [0.5394185781478882, -0.05065455287694931], "reward": 0.7643492549016131}