{"action": [0.48796117305755615, -0.06408366560935974], "reward": 0.7809337527832502}