{"action": [0.699999988079071, -0.06866828352212906], "reward": 0.6687123931370914}