{"action": [0.699999988079071, -0.05822717025876045], "reward": 0.6270652835279438}