{"action": [0.699999988079071, 0.0], "reward": 8.989073567904711e-06}