{"action": [0.6611146926879883, 1.0810017556650564e-05], "reward": 0.7789337814378311}