{"action": [0.699999988079071, -0.1840313971042633], "reward": 0.6748200956576846}