{"action": [0.699999988079071, -0.013114615343511105], "reward": 0.4812847380424796}