{"action": [0.699999988079071, -0.12620104849338531], "reward": -0.016653013170335067}