{"action": [0.4687778651714325, 0.0005119256093166769], "reward": 0.8136055409435765}