{"action": [0.699999988079071, 0.002289116382598877], "reward": 0.6400581273350611}