{"action": [0.699999988079071, 0.0031495324801653624], "reward": 0.673650984108274}