{"action": [0.5690999031066895, 4.191768312011845e-06], "reward": 0.8373730006654065}