{"action": [0.501738429069519, -0.00405630748718977], "reward": 0.8508279933322507}