{"action": [0.699999988079071, 0.003210922237485647], "reward": 0.7234279425842827}