{"action": [0.5078284740447998, 0.007554962299764156], "reward": 0.7965555352496123}