{"action": [0.5733343362808228, 0.003969138953834772], "reward": 0.7824577342902961}