{"action": [0.49066951870918274, -0.012821746990084648], "reward": 0.8329385828685865}