{"action": [0.5072994232177734, -0.013882406055927277], "reward": 0.8015416980835078}