{"action": [0.5126888751983643, 0.009323496371507645], "reward": 0.8282071293251477}