{"action": [0.5505329966545105, 0.0016768677160143852], "reward": 0.8430408564487003}