{"action": [0.5849356651306152, 0.012198924086987972], "reward": 0.7938465678263691}