{"action": [0.6798827648162842, 0.015376385301351547], "reward": 0.7036789123381069}