{"action": [0.5135467052459717, 0.006033262237906456], "reward": 0.8083570560744041}