{"action": [0.27357590198516846, 0.001785318017937243], "reward": 0.4533974008067818}