{"action": [0.5282007455825806, 0.011419477872550488], "reward": 0.79883239002402}