{"action": [0.48418962955474854, 0.0024627118837088346], "reward": 0.8653976859210951}