{"action": [0.699999988079071, 0.00372875458560884], "reward": 0.43057649603510967}