{"action": [0.6752864122390747, 0.800000011920929], "reward": 0.12400569689900527}