{"action": [0.20203858613967896, -1.0535361070651561e-05], "reward": 0.4951405127416223}