{"action": [-1.0, 0.00022962260118220001], "reward": 0.0002620959310310784}