{"action": [-1.0, 0.00023069560120347887], "reward": 0.00014024654419827904}