{"action": [-1.0, 0.00021835607185494155], "reward": 0.001675988316594046}