{"action": [-1.0, 0.0001895689929369837], "reward": 0.0017624279106262732}