{"action": [-1.0, 0.00021781957184430212], "reward": 0.001030101594711122}