{"action": [0.21692094206809998, 1.4220872799342033e-05], "reward": 0.5021094256527265}