{"action": [0.699999988079071, 0.00023498540394939482], "reward": 0.19606212963797132}