{"action": [-1.0, 0.00018301188538316637], "reward": -2.6895552953075136e-05}