{"action": [0.699999988079071, 0.013083258643746376], "reward": 0.7579469821187497}