{"action": [-1.0, 0.0002312321012141183], "reward": -3.2855370517901004e-05}