{"action": [-1.0, 0.00023015910119283944], "reward": -1.0052188877445986e-05}