{"action": [0.699999988079071, 0.00429693516343832], "reward": 0.7325890930281477}