{"action": [0.699999988079071, 0.00036939806886948645], "reward": 0.6932128985551057}