{"action": [0.6524927020072937, 0.001446584239602089], "reward": 0.7532268343962406}