{"action": [0.5410568714141846, 0.005600965116173029], "reward": 0.8557582648270013}