{"action": [0.699999988079071, 0.0009312304318882525], "reward": 0.2532645738801902}