{"action": [-1.0, 0.00022962260118220001], "reward": -3.404222602270789e-05}