{"action": [0.46073466539382935, 0.800000011920929], "reward": 0.1078596579463149}