{"action": [0.699999988079071, 0.0008919787360355258], "reward": 0.5327148965058709}