{"action": [0.5651857852935791, -0.03514193370938301], "reward": 0.7208767133078604}