{"action": [0.699999988079071, -1.0964870398311177e-06], "reward": 0.0001434796162329478}