{"action": [0.699999988079071, 0.013026454485952854], "reward": 0.023614013901262366}