{"action": [-1.0, 0.010358233004808426], "reward": -0.0006680484373080514}