{"action": [0.336289644241333, -0.11811664700508118], "reward": 0.7952053629195767}