{"action": [0.699999988079071, 0.012559466995298862], "reward": 0.011808954495594454}