{"action": [0.699999988079071, 0.012436749413609505], "reward": 0.0016818427571760372}