{"action": [0.699999988079071, 0.012736183591187], "reward": 0.06852461558594644}