{"action": [-1.0, 0.01039042230695486], "reward": -0.0015563609930923966}