{"action": [0.33745235204696655, -0.12120715528726578], "reward": 0.791177761519117}