{"action": [0.699999988079071, 0.013276170939207077], "reward": 0.0028185395586325206}