{"action": [-1.0, 0.01039578765630722], "reward": -0.001557167740131072}