{"action": [-1.0, 0.01039203256368637], "reward": -0.0015577189554802828}