{"action": [0.699999988079071, 0.010002505034208298], "reward": 0.04807899391034883}