{"action": [-1.0, 0.009971952065825462], "reward": -0.0014946710946279322}