{"action": [-1.0, 0.009969268925487995], "reward": -0.00149500945987244}