{"action": [0.3823661804199219, 0.800000011920929], "reward": 0.04914955271440065}