{"action": [-1.0, 0.009969268925487995], "reward": -0.0014943284738121853}