{"action": [0.38423383235931396, 0.800000011920929], "reward": 0.05871663087335284}