{"action": [-1.0, 0.009959075599908829], "reward": -0.001491466196002265}