{"action": [0.6137808561325073, -0.12700048089027405], "reward": 0.6701141342913979}