{"action": [0.699999988079071, 0.014266540296375751], "reward": -0.002074950101324078}