{"action": [0.699999988079071, 0.010244973003864288], "reward": 0.003006401607067002}