{"action": [-1.0, 0.00999072939157486], "reward": -0.001487874348216689}