{"action": [0.6379459500312805, 0.0033238569740206003], "reward": 0.8166651614295957}