{"action": [0.699999988079071, 0.01427438948303461], "reward": -0.002140920874710473}