{"action": [0.699999988079071, 0.0007276184624060988], "reward": 0.7024066237890801}