{"action": [0.6986828446388245, 0.0015625328524038196], "reward": 0.6654729895707162}