{"action": [0.699999988079071, 0.0016202700790017843], "reward": 0.7686781100381952}