{"action": [0.6963985562324524, -0.41851091384887695], "reward": 0.5626992640758237}