{"action": [0.39250123500823975, 0.800000011920929], "reward": -0.12000000178813934}