{"action": [0.699999988079071, 0.03656001761555672], "reward": 0.6085361771438335}