{"action": [0.6026565432548523, -0.008395102806389332], "reward": 0.23163218865607002}