{"action": [0.5880256295204163, 0.00064293626928702], "reward": 0.7755686979386553}