{"action": [0.5370276570320129, 0.14538493752479553], "reward": 0.4345413390464522}