{"action": [0.699999988079071, 0.029188670217990875], "reward": 0.6380732631100491}