{"action": [0.5753361582756042, 0.12111492455005646], "reward": 0.3937856613112058}