{"action": [0.590625524520874, 0.19712379574775696], "reward": 0.5531288338009753}