{"action": [0.5050381422042847, 0.16194379329681396], "reward": 0.4788014686066261}