{"action": [0.699999988079071, -0.20719484984874725], "reward": 0.46133896328889656}