{"action": [0.5318877100944519, -0.057495132088661194], "reward": 0.19682704966627626}