{"action": [0.699999988079071, 0.00959254615008831], "reward": 0.8019756393042367}