{"action": [0.699999988079071, -0.00526050990447402], "reward": 0.6129695787412658}