{"action": [0.5638014078140259, -0.7274497151374817], "reward": 0.29525789005293057}