{"action": [0.5273162126541138, -0.3100154995918274], "reward": 0.4591836875422582}