{"action": [0.4667225480079651, -0.5257121324539185], "reward": 0.6395057763878513}