{"action": [0.699999988079071, -0.16645720601081848], "reward": 0.7327965179955148}