{"action": [0.699999988079071, 0.0044456725008785725], "reward": 0.7995395466925956}