{"action": [0.5195138454437256, -0.38478824496269226], "reward": 0.36073188251741267}