{"action": [0.699999988079071, 0.038762371987104416], "reward": 0.8260589800599857}