{"action": [0.699999988079071, 0.0460372157394886], "reward": 0.8202656570696097}