{"action": [0.699999988079071, 0.007883560843765736], "reward": 0.4933358431561467}