{"action": [0.699999988079071, 0.009362399578094482], "reward": 0.8894036168036673}