{"action": [0.699999988079071, 0.00302417972125113], "reward": 0.8847967367027215}