{"action": [0.699999988079071, 0.008443056605756283], "reward": 0.7416649596021591}