{"action": [0.699999988079071, -0.00979628972709179], "reward": 0.23856542365179803}