{"action": [0.3862096071243286, -0.09857188910245895], "reward": 0.8249651718621881}