{"action": [0.699999988079071, -0.00806388258934021], "reward": 0.8096711855369765}