{"action": [0.699999988079071, -0.0020691361278295517], "reward": -0.37515436500551175}