{"action": [0.699999988079071, -0.009626826271414757], "reward": 0.1554019457854278}