{"action": [0.699999988079071, -0.007605466991662979], "reward": 0.6742749956313728}