{"action": [0.699999988079071, -0.007216114550828934], "reward": -0.3782594967298813}