{"action": [-1.0, 0.010682815685868263], "reward": 0.2971038528169099}