{"action": [-0.7863699197769165, -0.0014479056699201465], "reward": -0.8770599308063035}