{"action": [0.08010011911392212, 0.0002981770085170865], "reward": 0.9377188590938861}