{"action": [-0.5863431096076965, -0.0013807753566652536], "reward": -0.04149193937632874}