{"action": [0.445582777261734, -0.12577363848686218], "reward": 0.7408295004148248}