{"action": [0.5191623568534851, 0.015368775464594364], "reward": 0.6813739711365422}