{"action": [0.5121703743934631, -0.0014219931326806545], "reward": 0.6279820047083865}