{"action": [0.4251077175140381, -0.11391786485910416], "reward": 0.7878392609358124}