{"action": [0.6656992435455322, 0.08828505128622055], "reward": 0.6012219573937181}