{"action": [0.6499462723731995, 0.010420803911983967], "reward": 0.6577088230204295}