{"action": [0.5581719875335693, -0.004041093867272139], "reward": 0.7733018168807188}