{"action": [0.4987005293369293, 0.14176614582538605], "reward": 0.626872863779499}