{"action": [0.699999988079071, -0.03409845381975174], "reward": 0.4466471491756768}