{"action": [0.5247769355773926, -0.004783257842063904], "reward": 0.8189385731659593}