{"action": [0.5750201344490051, -0.0013226693263277411], "reward": 0.7439009259001119}