{"action": [-1.0, -0.02204377017915249], "reward": -0.0033063903177573337}