{"action": [0.5169563293457031, -0.15876193344593048], "reward": 0.683380793876334}