{"action": [-1.0, -0.02206791192293167], "reward": -0.0032888793820957884}