{"action": [-1.0, -0.02204377017915249], "reward": -0.0033062736714809153}