{"action": [-1.0, -0.022128000855445862], "reward": -0.0033186204589046673}