{"action": [-1.0, -0.022041087970137596], "reward": -0.003306067303411128}