{"action": [0.5962503552436829, -0.800000011920929], "reward": 0.37998127881631805}