{"action": [0.699999988079071, -0.003161682514473796], "reward": 0.6871731774644946}