{"action": [0.699999988079071, -0.004759206436574459], "reward": 0.5929902308900609}