{"action": [-1.0, -0.022105466574430466], "reward": -0.003315803866647985}