{"action": [0.36470240354537964, -0.4571564495563507], "reward": 0.7235506941360165}