{"action": [0.6152763366699219, -0.800000011920929], "reward": 0.4740349740059731}