{"action": [0.3568496108055115, -0.46389132738113403], "reward": -0.0695836991071701}