{"action": [0.699999988079071, -0.06417661905288696], "reward": 0.5782978853657978}