{"action": [0.699999988079071, -0.012685642577707767], "reward": -0.0019026347093177968}