{"action": [0.6758263111114502, -0.3300950825214386], "reward": 0.4615177568736837}