{"action": [0.6180810928344727, -0.47624471783638], "reward": 0.35037454725942635}