{"action": [0.699999988079071, -0.000702741090208292], "reward": 0.7573382412206711}