{"action": [0.699999988079071, -0.00702825840562582], "reward": 0.5064397801892803}