{"action": [0.699999988079071, -0.013801457360386848], "reward": -0.0017369339858520627}