{"action": [0.32211968302726746, -0.16761188209056854], "reward": 0.3731816617244947}