{"action": [0.2083333283662796, -0.4165772795677185], "reward": 0.23706599037258314}