{"action": [-0.06669442355632782, -0.4701867997646332], "reward": 0.17599017018988972}