{"action": [0.588286280632019, -0.7369869947433472], "reward": 0.352388494150309}