{"action": [0.699999988079071, -0.46251463890075684], "reward": 0.17892002891270736}