{"action": [0.699999988079071, -0.027323462069034576], "reward": 0.44321560028530854}