{"action": [0.49581989645957947, 0.015281833708286285], "reward": 0.8148785005824151}