{"action": [0.699999988079071, 0.0013677775859832764], "reward": 0.66514583420134}