{"action": [0.699999988079071, -0.009853972122073174], "reward": 0.5061043367254738}