{"action": [0.6839034557342529, 0.02044515684247017], "reward": 0.6668924236230698}