{"action": [0.699999988079071, -0.0042579760774970055], "reward": 0.5816672319444549}