{"action": [0.5988754630088806, -0.002110191620886326], "reward": 0.8284815012062453}