{"action": [0.699999988079071, 0.0008868968579918146], "reward": 0.7438798397829123}