{"action": [0.4479844570159912, -0.00810201559215784], "reward": 0.8701104968509167}