{"action": [0.5504206418991089, 0.0029948458541184664], "reward": 0.7982766207543519}