{"action": [0.699999988079071, 0.00013072419096715748], "reward": 0.5836692130226957}