{"action": [0.4316367506980896, -0.009652035310864449], "reward": 0.8763800654216454}