{"action": [0.5550137162208557, 0.521679162979126], "reward": -0.07825187444686889}