{"action": [0.4366545081138611, 0.003753110533580184], "reward": 0.8721930685598973}