{"action": [0.699999988079071, 0.00017127144383266568], "reward": 0.5827855688726318}