{"action": [0.699999988079071, -1.1180638921359787e-06], "reward": 0.0001832692486038174}