{"action": [0.699999988079071, -0.0003155345330014825], "reward": 0.5660035607475623}