{"action": [0.46365007758140564, 0.0037775635719299316], "reward": 0.8727722234899525}