{"action": [0.699999988079071, -0.0010740798898041248], "reward": 0.5710378217022434}