{"action": [0.699999988079071, -0.0013420393224805593], "reward": 0.5951255632236704}