{"action": [0.699999988079071, -0.0009373161592520773], "reward": 0.6714653014676896}