{"action": [0.699999988079071, -0.13929316401481628], "reward": 0.5649117293939072}