{"action": [0.6433839201927185, -0.7418802976608276], "reward": 0.32494019368634597}