{"action": [0.6562568545341492, -0.800000011920929], "reward": 0.2066099201077175}