{"action": [0.699999988079071, 0.038402024656534195], "reward": 0.7663939786145544}