{"action": [0.699999988079071, 0.03336826339364052], "reward": 0.7645150643398511}