{"action": [0.699999988079071, -0.002085441490635276], "reward": 0.6916833992415256}