{"action": [0.6384227275848389, -0.6829541921615601], "reward": 0.24976460924643606}