{"action": [0.5041067600250244, -0.04346013814210892], "reward": 0.5889895455810199}