{"action": [0.4517735540866852, -0.03238032013177872], "reward": 0.5274094790265555}