{"action": [0.561633825302124, 0.6239780783653259], "reward": 0.05828160157174614}