{"action": [0.699999988079071, -0.007806706242263317], "reward": -0.11280731952925674}