{"action": [0.3149455785751343, -0.7851445078849792], "reward": 0.6344670418277805}