{"action": [0.699999988079071, -0.015222654677927494], "reward": 0.8022474510098119}