{"action": [0.699999988079071, -0.002534514060243964], "reward": 0.8517121001606005}