{"action": [0.699999988079071, -0.00046113168355077505], "reward": 0.7941470723781595}