{"action": [0.699999988079071, -0.003835569601505995], "reward": 0.8222813028430661}