{"action": [0.699999988079071, -0.002144619356840849], "reward": -1.8572119850633557}