{"action": [0.699999988079071, -0.005691261030733585], "reward": -1.477120061073985}