{"action": [0.699999988079071, 0.03294068202376366], "reward": 0.5982694224066578}