{"action": [0.4402596950531006, 0.003043364267796278], "reward": -1.9426510229723917}