{"action": [0.699999988079071, -0.001256410963833332], "reward": -2.5347580493903203}