{"action": [0.699999988079071, -0.001021375646814704], "reward": -2.748531604563003}