{"action": [0.4689024090766907, 0.002302283886820078], "reward": -1.7364637644322587}