{"action": [-1.0, 0.007380439434200525], "reward": 0.42763272163732396}