{"action": [-1.0, 0.015063350088894367], "reward": -0.0022590011098744174}