{"action": [-1.0, 0.015061204321682453], "reward": -0.0022578662602187865}