{"action": [-1.0, 0.015063350088894367], "reward": -0.002258864726969526}