{"action": [0.699999988079071, 0.015580432489514351], "reward": 0.09667696641735062}