{"action": [0.44694989919662476, 0.536161482334137], "reward": 0.29764588907070527}