{"action": [0.5132564306259155, 0.00390183855779469], "reward": 0.22600535027893198}