{"action": [0.699999988079071, 0.01075916737318039], "reward": 0.38733131249595637}