{"action": [0.699999988079071, -0.055421050637960434], "reward": 0.6087619247800988}