{"action": [0.699999988079071, -0.008653765544295311], "reward": 0.6676065613157189}