{"action": [0.6574881076812744, 0.0002704650105442852], "reward": 0.8165700226326094}