{"action": [0.699999988079071, 0.04941927269101143], "reward": 0.3105226733210141}