{"action": [0.699999988079071, -0.0037096214946359396], "reward": 0.7423500026557359}