{"action": [0.699999988079071, -4.904448815068463e-06], "reward": 0.5888786659038665}