{"action": [0.699999988079071, -0.027408072724938393], "reward": 0.6188968730829735}