{"action": [0.5978115797042847, -0.0018651292193681002], "reward": 0.7851527617162131}