{"action": [0.699999988079071, -0.011293427087366581], "reward": 0.6041695988418324}