{"action": [0.5293802618980408, -0.0025055715814232826], "reward": 0.8367554338681203}