{"action": [0.4828934371471405, -0.0028024837374687195], "reward": 0.8783256762988993}