{"action": [0.4749348759651184, -0.0013895328156650066], "reward": 0.8389006673944464}