{"action": [0.5563086271286011, -0.0014739616308361292], "reward": 0.8371257942072431}