{"action": [0.5210736393928528, -0.009663163684308529], "reward": 0.8851016423584572}