{"action": [0.6116566061973572, -0.0011493954807519913], "reward": 0.7566699926291444}