{"action": [0.3558252155780792, 0.08624084293842316], "reward": 0.7768361811269152}