{"action": [0.4528447687625885, -0.026574792340397835], "reward": 0.7965878971849845}