{"action": [0.38652920722961426, 0.4039948880672455], "reward": 0.4554799100428782}