{"action": [0.699999988079071, 0.4057338833808899], "reward": -0.0563070618867628}