{"action": [0.699999988079071, 0.09828481823205948], "reward": 0.5778764521939418}