{"action": [0.5821892023086548, -0.02648058533668518], "reward": 0.7511707395787969}