{"action": [0.4709949791431427, 0.0026638065464794636], "reward": 0.8924825896302486}