{"action": [0.5151082277297974, 2.548116390244104e-05], "reward": 0.8697430509072889}