{"action": [0.540153443813324, 0.06072942540049553], "reward": 0.6976576646390927}