{"action": [0.6233016848564148, -0.01863919198513031], "reward": 0.7305333534227947}