{"action": [0.699999988079071, -0.21207347512245178], "reward": -0.030249735099819368}