{"action": [0.699999988079071, -0.2077866494655609], "reward": -0.031091881446610105}