{"action": [0.699999988079071, 0.07313241064548492], "reward": 0.43908428661749443}