{"action": [0.45607057213783264, 0.800000011920929], "reward": -0.12000000178813934}