{"action": [0.5428135991096497, 0.800000011920929], "reward": 0.40451325056922255}