{"action": [0.4618529677391052, 0.04898533597588539], "reward": 0.8014311401880135}