{"action": [0.5210483074188232, -0.0006785013247281313], "reward": 0.7487307495830602}