{"action": [0.48724186420440674, 0.0108964703977108], "reward": 0.8443886309333284}