{"action": [0.699999988079071, 0.013043290004134178], "reward": 0.6655123036752825}