{"action": [0.4351039528846741, 0.800000011920929], "reward": 0.3124119900353139}