{"action": [0.3817893862724304, 0.33280879259109497], "reward": 0.5275882093918774}