{"action": [0.5717465281486511, 0.013546450063586235], "reward": 0.7633421992527202}