{"action": [0.699999988079071, -0.007503159809857607], "reward": 0.6587062543114672}