{"action": [0.5275086164474487, 0.0011648096842691302], "reward": 0.8426063166113924}