{"action": [0.699999988079071, -0.007521160878241062], "reward": 0.6920915164907551}