{"action": [0.699999988079071, -0.0009285059641115367], "reward": 0.5454572703107644}