{"action": [0.699999988079071, -0.0016444534994661808], "reward": 0.5600077006667668}