{"action": [0.6825240254402161, -0.00020221724116709083], "reward": 0.7283358795015711}