{"action": [0.6526068449020386, 0.0027784283738583326], "reward": 0.8051627789833531}