{"action": [0.699999988079071, 0.044097743928432465], "reward": 0.4973922973734242}