{"action": [0.699999988079071, 0.002061590552330017], "reward": 0.6969561131501609}