{"action": [0.699999988079071, 0.04126127436757088], "reward": 0.5227075496173966}