{"action": [0.699999988079071, 0.040139079093933105], "reward": 0.5422661921113687}