{"action": [0.5297117233276367, 0.800000011920929], "reward": -0.12000000178813934}