{"action": [0.5432824492454529, 0.800000011920929], "reward": -0.12000000178813934}