{"action": [0.699999988079071, 0.015113551169633865], "reward": 0.727759970740272}