{"action": [0.6798077821731567, 0.0174256581813097], "reward": 0.6718003589809235}