{"action": [-1.0, 0.10107847303152084], "reward": -0.015160641027261588}