{"action": [0.29737329483032227, 0.10482244193553925], "reward": 0.30860706367882357}