{"action": [-1.0, 0.1012093797326088], "reward": -0.015180779254364216}