{"action": [-1.0, 0.11269909888505936], "reward": 0.11988984047672002}