{"action": [-1.0, 0.10116270184516907], "reward": -0.015168445573314922}