{"action": [-1.0, 0.10119221359491348], "reward": -0.015176942628421142}