{"action": [-1.0, 0.08047261089086533], "reward": -0.012070614261159308}