{"action": [-1.0, 0.1010672077536583], "reward": -0.015158814866684944}