{"action": [-1.0, 0.10119811445474625], "reward": -0.015179505353293946}