{"action": [-1.0, 0.1010795459151268], "reward": -0.015161805879203898}