{"action": [0.5388611555099487, -0.800000011920929], "reward": -0.12000000178813934}