{"action": [-1.0, 0.10114070773124695], "reward": -0.015167922799127398}