{"action": [0.3776967227458954, 0.17207130789756775], "reward": 0.6097256653263494}