{"action": [0.699999988079071, 0.0968368798494339], "reward": 0.1820731663588942}