{"action": [0.6717221736907959, -0.0088101327419281], "reward": 0.7808787102937195}