{"action": [0.699999988079071, -0.00044081290252506733], "reward": 0.6152706308276955}