{"action": [0.699999988079071, -0.0006758995587006211], "reward": 0.6652854384057999}