{"action": [0.5932400822639465, -0.01772885210812092], "reward": 0.7964207977811546}