{"action": [0.699999988079071, -0.05751897394657135], "reward": 0.6629582041908549}