{"action": [0.699999988079071, -0.0008038331870920956], "reward": 0.6976620391223033}