{"action": [0.699999988079071, 0.01672145165503025], "reward": 0.5726332973872827}