{"action": [0.6274406313896179, -0.0058314199559390545], "reward": 0.7354284825964374}