{"action": [0.6650446057319641, -1.17069475891185e-06], "reward": 0.7036579324312623}