{"action": [0.699999988079071, 0.0005563278100453317], "reward": 0.5534451859028583}