{"action": [0.699999988079071, 0.01237565279006958], "reward": 0.5613270779357472}