{"action": [0.699999988079071, 0.004855085164308548], "reward": 0.568268493711704}