{"action": [0.699999988079071, -0.0023809843696653843], "reward": 0.9543481966752236}