{"action": [0.5209886431694031, 0.03136114031076431], "reward": 0.5597605204836624}