{"action": [0.699999988079071, -0.0017089261673390865], "reward": 0.9606861680000973}