{"action": [0.699999988079071, 0.0015263366512954235], "reward": 0.6919655812744036}