{"action": [0.699999988079071, 0.004438282921910286], "reward": 0.6382344684241996}