{"action": [0.699999988079071, 0.0008488461608067155], "reward": 0.752321949913975}