{"action": [0.4866763651371002, 0.004276549443602562], "reward": 0.46108691109570427}