{"action": [0.699999988079071, 0.10004100948572159], "reward": 0.8277236258317646}