{"action": [0.48768919706344604, 0.001713218749500811], "reward": 0.45369187383302845}