{"action": [0.699999988079071, 0.1591484546661377], "reward": 0.7580837414478868}