{"action": [0.3425147533416748, -0.0661078542470932], "reward": 0.6934451455197699}