{"action": [0.699999988079071, 0.1223692074418068], "reward": 0.7692645869014945}