{"action": [0.699999988079071, 0.17797362804412842], "reward": 0.710881926775957}