{"action": [0.699999988079071, 0.18033310770988464], "reward": 0.6296479091067503}