{"action": [0.34321510791778564, -0.07841110229492188], "reward": 0.7422893511474685}