{"action": [0.699999988079071, 0.0831109881401062], "reward": 0.81189250297674}