{"action": [0.699999988079071, 0.09062151610851288], "reward": 0.7827692018181764}