{"action": [0.699999988079071, 0.08076020330190659], "reward": 0.8051496728711667}