{"action": [0.699999988079071, 0.04533449932932854], "reward": 0.8125252459282366}