{"action": [0.09460130333900452, 0.056326914578676224], "reward": 0.6945344172635648}