{"action": [0.699999988079071, 0.05018078535795212], "reward": 0.7935220227408407}