{"action": [0.699999988079071, 0.027942253276705742], "reward": 0.7061536930192182}