{"action": [0.699999988079071, -1.0832548014150234e-06], "reward": 0.0005124740986643083}