{"action": [0.699999988079071, -0.12220457941293716], "reward": 0.5487872118541302}