{"action": [0.699999988079071, 0.01666351780295372], "reward": 0.7661672207120919}