{"action": [0.699999988079071, -1.0901690075115766e-06], "reward": 6.333958049220282e-08}