{"action": [0.699999988079071, -1.1019707244486199e-06], "reward": 2.6174185418765932e-08}