{"action": [0.5000836849212646, 1.073598809853138e-06], "reward": 0.8475379234635834}