{"action": [0.5278974175453186, 1.1013746643584454e-06], "reward": 0.8368797625924925}