{"action": [0.699999988079071, 0.0012296757195144892], "reward": 0.8417714225530919}