{"action": [0.699999988079071, -0.00584119837731123], "reward": 0.855061552984377}