{"action": [0.699999988079071, 0.008741259574890137], "reward": 0.6133096285078214}