{"action": [0.5686465501785278, 0.0008101887069642544], "reward": 0.8133617408107606}