{"action": [0.5960598587989807, 0.004204603843390942], "reward": 0.8104635133533536}