{"action": [0.6036295890808105, 0.0003047520585823804], "reward": 0.7366708983036155}