{"action": [0.699999988079071, 0.0022432615514844656], "reward": 0.5815418449496311}