{"action": [0.5509359836578369, -0.07174643129110336], "reward": 0.6853313082921296}