{"action": [0.699999988079071, 0.011697033420205116], "reward": 0.48766456447089596}