{"action": [0.3883713483810425, -0.0036484079901129007], "reward": 0.8964008052738562}