{"action": [0.699999988079071, -0.012043116614222527], "reward": 0.8398702962734392}