{"action": [0.6947332620620728, -0.07851320505142212], "reward": 0.6351879630256243}