{"action": [0.5896371006965637, -0.139282688498497], "reward": 0.640530467843202}