{"action": [0.45868980884552, -0.005348146893084049], "reward": 0.8655725229050828}