{"action": [0.699999988079071, -0.002254780847579241], "reward": 0.7669857142300002}