{"action": [0.699999988079071, -0.23440232872962952], "reward": 0.5477771882005068}