{"action": [0.5073057413101196, 0.005202100612223148], "reward": 0.8196520045150236}