{"action": [0.472637414932251, 0.018887722864747047], "reward": 0.41516720622089914}