{"action": [0.6078335046768188, 0.018732694908976555], "reward": 0.3501647948728682}