{"action": [0.699999988079071, -0.0002160304138669744], "reward": 0.4781964997876764}