{"action": [-0.8988444209098816, 0.00565206678584218], "reward": 0.6806013385243654}