{"action": [-1.0, 0.009243919514119625], "reward": -0.00138635287511782}