{"action": [0.699999988079071, 0.001044094329699874], "reward": 0.20429903181567172}