{"action": [0.6976381540298462, -0.0008841680246405303], "reward": 0.47540989646949416}