{"action": [0.699999988079071, -0.09639103710651398], "reward": 0.693083213093202}