{"action": [0.46466660499572754, 3.715778802870773e-05], "reward": 0.4904369989599842}