{"action": [0.699999988079071, 0.006758130621165037], "reward": 0.27906512517640364}