{"action": [0.36927855014801025, 0.00011204040492884815], "reward": 0.4859657112508776}