{"action": [0.699999988079071, -0.0005123858572915196], "reward": 0.4026680903000536}