{"action": [0.699999988079071, -0.49552497267723083], "reward": 0.28446444147184813}