{"action": [0.37354665994644165, 0.00284166750498116], "reward": 0.426105079938912}