{"action": [0.6049771308898926, -0.11039868742227554], "reward": 0.674490405262614}