{"action": [0.699999988079071, 0.07552982121706009], "reward": 0.6401458895254714}