{"action": [0.699999988079071, 0.0009259571670554578], "reward": 0.413242524416915}