{"action": [0.6255406737327576, -0.07253454625606537], "reward": 0.5248440054683771}