{"action": [0.699999988079071, 0.31066304445266724], "reward": 0.304916925675164}