{"action": [0.699999988079071, 0.2893451154232025], "reward": 0.33977468907758096}