{"action": [0.699999988079071, 0.3291293978691101], "reward": 0.22642362391718823}