{"action": [0.699999988079071, 0.005188001319766045], "reward": 0.4628199272457098}