{"action": [0.6269173622131348, -0.01969933696091175], "reward": 0.7108930839867336}