{"action": [0.5582197904586792, -0.0030121051240712404], "reward": 0.7567141003358833}