{"action": [0.6087134480476379, 0.3828751742839813], "reward": 0.4966556866782837}