{"action": [0.45597749948501587, 0.19559907913208008], "reward": 0.7340411988381079}