{"action": [0.6976794004440308, 0.0296887569129467], "reward": 0.622849510748676}