{"action": [0.5366211533546448, -0.1223013624548912], "reward": 0.690922101027904}