{"action": [0.4337120056152344, -0.14404623210430145], "reward": 0.6817129674299393}