{"action": [0.4252867102622986, -0.10549814999103546], "reward": 0.7627996389467211}