{"action": [0.48096731305122375, -0.05878153443336487], "reward": 0.7482573725170378}