{"action": [0.5264133810997009, -0.07513415813446045], "reward": 0.7753077309390856}