{"action": [0.6510215401649475, -0.08377449959516525], "reward": 0.6841999541709525}