{"action": [0.3786708116531372, -0.03494102880358696], "reward": 0.816691734156224}