{"action": [0.4880412220954895, -0.05609335005283356], "reward": 0.7404966819038742}