{"action": [0.4597969949245453, -0.009353864938020706], "reward": 0.8103569376031572}