{"action": [0.4884524345397949, 0.0030455279629677534], "reward": 0.8763421698063104}