{"action": [0.699999988079071, 0.013269931077957153], "reward": 0.5526944676072609}