{"action": [0.6535298824310303, 0.01180607732385397], "reward": 0.7924143442996351}