{"action": [0.47060519456863403, -0.04309549927711487], "reward": 0.8525036652780384}