{"action": [0.38768884539604187, -0.24795642495155334], "reward": 0.7070768165797073}