{"action": [0.699999988079071, -0.5392950773239136], "reward": 0.3368075594390713}