{"action": [0.4032224714756012, -0.5731558799743652], "reward": 0.6610196175625355}