{"action": [0.699999988079071, -0.6583226919174194], "reward": 0.32816811842116256}