{"action": [0.699999988079071, -0.4615720510482788], "reward": 0.3583128901263607}