{"action": [0.699999988079071, -0.3473798930644989], "reward": 0.42935100687667976}