{"action": [0.6092437505722046, 0.002043406944721937], "reward": 0.22363998099981308}