{"action": [0.5427380204200745, 0.014166506938636303], "reward": 0.3291143917372971}