{"action": [0.6640426516532898, 0.0003375099040567875], "reward": 0.23388781661165986}