{"action": [0.34559571743011475, -0.10441302508115768], "reward": 0.6480313113887369}