{"action": [0.699999988079071, -0.03747529536485672], "reward": 0.4214553622374256}