{"action": [-0.4371011555194855, -0.028243519365787506], "reward": 0.45015390598351795}