{"action": [0.699999988079071, -0.03747795894742012], "reward": 0.390497179330383}