{"action": [0.24884535372257233, 0.0001708452618913725], "reward": 0.43285866292413466}