{"action": [-1.0, 0.012500482611358166], "reward": -0.001874774410538555}