{"action": [-1.0, 0.012500482611358166], "reward": -0.001875066487152688}