{"action": [-1.0, 0.012535355053842068], "reward": -0.0018799205479021375}