{"action": [-1.0, 0.012313863262534142], "reward": -0.001846937799096888}