{"action": [-1.0, 0.012526234611868858], "reward": -0.001878723510841884}