{"action": [-1.0, 0.012526234611868858], "reward": -0.0018787832535684579}