{"action": [0.5430413484573364, -1.6987321771466668e-08], "reward": 0.7854235788878386}