{"action": [-1.0, 0.012567008845508099], "reward": -0.0018847764629030584}