{"action": [-1.0, 0.012568081729114056], "reward": -0.0018851753725129465}