{"action": [0.699999988079071, -7.450586814172766e-09], "reward": 6.0811458828194816e-05}