{"action": [0.699999988079071, 7.738411113678012e-06], "reward": 0.16991863888287495}