{"action": [0.699999988079071, 7.034957434370881e-06], "reward": 0.12799221461827312}