{"action": [0.699999988079071, 0.002233736915513873], "reward": 0.22823570847056623}