{"action": [0.699999988079071, 0.0023208665661513805], "reward": 0.24128478416571225}