{"action": [0.699999988079071, 0.0029534015338867903], "reward": 0.32203590890497047}