{"action": [0.699999988079071, -0.0003225693653803319], "reward": 0.10487229525066911}