{"action": [0.699999988079071, -0.0003024394973181188], "reward": 0.08455410352611155}