{"action": [0.699999988079071, -0.00011101824202341959], "reward": 0.1680514931765971}