{"action": [0.699999988079071, -0.0025825754273682833], "reward": 0.26488339267323857}