{"action": [0.699999988079071, -0.0006526074139401317], "reward": 0.2888227185077919}