{"action": [0.699999988079071, -0.0005538659752346575], "reward": 0.2387496400341675}