{"action": [0.699999988079071, -0.0028027365915477276], "reward": 0.3134707592362431}