{"action": [0.699999988079071, -0.002575846388936043], "reward": 0.34887315188087237}