{"action": [0.699999988079071, -0.0020254338160157204], "reward": 0.28242373002541726}