{"action": [0.699999988079071, -0.006200180854648352], "reward": 0.15649048077324304}