{"action": [0.699999988079071, -0.004223729949444532], "reward": 0.30999701767891347}