{"action": [0.699999988079071, -0.0004677720135077834], "reward": 0.18766672798526196}