{"action": [0.699999988079071, -2.7703465093509294e-05], "reward": 0.32639282915491574}