{"action": [0.699999988079071, 0.000573559373151511], "reward": 0.3553277651760542}