{"action": [0.699999988079071, 0.00015041662845760584], "reward": 0.40428880734819367}