{"action": [0.699999988079071, 0.00020095646323170513], "reward": 0.4546692262063383}