{"action": [0.699999988079071, -0.0005347756668925285], "reward": 0.24778355844075456}