{"action": [0.699999988079071, -0.0016184765845537186], "reward": 0.1355909322621589}