{"action": [0.699999988079071, -0.0005595033289864659], "reward": 0.1438261833598973}