{"action": [0.699999988079071, 0.0024898084811866283], "reward": 0.09254890138796894}