{"action": [0.699999988079071, 0.002004169160500169], "reward": 0.15324814466019632}