{"action": [0.699999988079071, 0.0016346179181709886], "reward": 0.12648757630670324}