{"action": [0.699999988079071, 0.005901420954614878], "reward": 0.09243742790653857}