{"action": [0.699999988079071, 0.0004960863734595478], "reward": 0.1290995412919922}