{"action": [0.699999988079071, -0.0026868085842579603], "reward": 0.18370152656972275}