{"action": [0.699999988079071, 0.00029896493651904166], "reward": 0.6915788148008385}