{"action": [0.699999988079071, -0.02222832664847374], "reward": 0.08615052621950912}