{"action": [0.699999988079071, -0.05398629233241081], "reward": 0.24772073173258385}