{"action": [0.699999988079071, -0.08803791552782059], "reward": 0.2655184418649351}