{"action": [0.585968017578125, -0.800000011920929], "reward": -0.12000000178813934}