{"action": [0.699999988079071, -0.09650474786758423], "reward": 0.2218508777481736}