{"action": [0.699999988079071, -0.10975948721170425], "reward": 0.1314911732937924}