{"action": [0.699999988079071, -0.08975129574537277], "reward": 0.1932028872717562}