{"action": [0.699999988079071, -0.08872699737548828], "reward": 0.21593619758241805}