{"action": [0.4643855094909668, -0.253877729177475], "reward": 0.5708555798586709}