{"action": [0.699999988079071, -0.03675133362412453], "reward": 0.028322227161108993}