{"action": [0.699999988079071, -0.023816710337996483], "reward": 0.06862658363253704}