{"action": [0.699999988079071, -0.006095901131629944], "reward": 0.11093963115918759}