{"action": [0.699999988079071, -0.004468461964279413], "reward": 0.1864628712227235}