{"action": [0.699999988079071, -0.004308626521378756], "reward": 0.21588587211875207}