{"action": [0.699999988079071, -7.941472722450271e-05], "reward": 0.1545185286267231}