{"action": [0.699999988079071, -8.93063988769427e-05], "reward": 0.13245179366237142}