{"action": [0.699999988079071, 4.4631360651692376e-05], "reward": 0.23168862834164788}