{"action": [0.699999988079071, 0.011862964369356632], "reward": 0.32533510540972915}