{"action": [0.699999988079071, 0.004226564429700375], "reward": 0.2815289277773267}