{"action": [0.699999988079071, 0.007841100916266441], "reward": 0.2594335183600643}