{"action": [0.699999988079071, 0.004319237545132637], "reward": 0.20581438830687623}