{"action": [0.699999988079071, 0.003933127969503403], "reward": 0.2697356849149813}