{"action": [0.699999988079071, 0.0007389762904495001], "reward": 0.13148898222460145}