{"action": [0.699999988079071, 0.000686764600686729], "reward": 0.1025151965495801}