{"action": [0.699999988079071, 1.0308086530130822e-05], "reward": 0.17357367218786196}