{"action": [0.699999988079071, 0.00044008210534229875], "reward": 0.2226625228296883}