{"action": [0.699999988079071, 0.0005901111871935427], "reward": 0.1727436069057294}