{"action": [0.699999988079071, -7.700378046138212e-05], "reward": 0.17829160679984352}