{"action": [0.699999988079071, -6.38054043520242e-05], "reward": 0.16480953350264538}