{"action": [0.699999988079071, -0.018370263278484344], "reward": 0.5522770450272904}