{"action": [0.699999988079071, -0.006553701125085354], "reward": 0.14808792810580756}