{"action": [0.699999988079071, -0.007621390745043755], "reward": 0.10544439226203398}