{"action": [0.699999988079071, -0.007767004892230034], "reward": 0.11956752851377826}