{"action": [0.699999988079071, -0.0044075543992221355], "reward": 0.11607253888901038}