{"action": [0.699999988079071, -0.004642493091523647], "reward": 0.14279719666400248}