{"action": [0.699999988079071, -0.004921719431877136], "reward": 0.11803958737098842}