{"action": [0.699999988079071, -0.00017524392751511186], "reward": 0.23534548810599526}