{"action": [0.699999988079071, -0.0006652268348261714], "reward": 0.2919251363847658}