{"action": [0.699999988079071, -0.0018287734128534794], "reward": 0.21727650610206314}