{"action": [0.699999988079071, -0.0021978600416332483], "reward": 0.22681689488513881}