{"action": [0.699999988079071, -0.02012472413480282], "reward": 0.17551726785617866}