{"action": [0.699999988079071, -0.026778146624565125], "reward": 0.2088451389025458}