{"action": [0.699999988079071, -0.036891233175992966], "reward": 0.26919339171930334}