{"action": [0.699999988079071, -0.039388466626405716], "reward": 0.23060196843147537}