{"action": [0.699999988079071, -0.04134015366435051], "reward": 0.20442083703001881}