{"action": [0.699999988079071, -0.020059499889612198], "reward": 0.20873647652468827}