{"action": [0.699999988079071, -0.014524920843541622], "reward": 0.22636637668426607}