{"action": [0.699999988079071, 0.0], "reward": 2.9016798483438045e-07}