{"action": [0.4367190897464752, 1.0781884611787973e-06], "reward": 0.871498644644192}