{"action": [0.4856364130973816, 0.0036840359680354595], "reward": 0.8730688531726564}