{"action": [0.33131518959999084, 1.617133648323943e-06], "reward": 0.9564389659846251}