{"action": [0.4995447099208832, 0.0028477192390710115], "reward": 0.8306514272419161}