{"action": [0.45670390129089355, 0.0038488521240651608], "reward": 0.8900966290021476}