{"action": [0.281533420085907, -0.4459063708782196], "reward": 0.6895240596975739}