{"action": [0.699999988079071, -0.09428030997514725], "reward": 0.6317565847696124}