{"action": [0.3508393168449402, -0.000755888584535569], "reward": 0.8314559429732147}