{"action": [0.699999988079071, -0.21532462537288666], "reward": 0.44301475162495335}