{"action": [0.5448850393295288, -0.18475937843322754], "reward": 0.7112052615439166}