{"action": [0.699999988079071, -0.20691123604774475], "reward": 0.4671101752305358}