{"action": [0.699999988079071, -0.1924678385257721], "reward": 0.6202105984434655}