{"action": [0.699999988079071, -0.2742321491241455], "reward": 0.4018492624943989}