{"action": [0.699999988079071, -0.24585725367069244], "reward": 0.4624279150606831}