{"action": [0.699999988079071, -0.256727397441864], "reward": 0.449876896653001}