{"action": [0.4844476878643036, -0.18824562430381775], "reward": 0.6186881630464793}