{"action": [0.5155004858970642, -0.23587960004806519], "reward": 0.619588929542935}