{"action": [0.699999988079071, -0.2170613408088684], "reward": 0.5059299974514333}