{"action": [0.699999988079071, -0.2668420374393463], "reward": 0.5569455138347628}