{"action": [0.5049089193344116, -0.22681963443756104], "reward": 0.6033086507638938}