{"action": [0.3962959051132202, -0.01346386969089508], "reward": 0.7808153622046193}