{"action": [0.41324150562286377, 0.01516176387667656], "reward": 0.6643046597968617}