{"action": [0.4109739661216736, 0.015191222541034222], "reward": 0.8570247758088008}