{"action": [0.4213278889656067, 0.01491515338420868], "reward": 0.8558265378161252}