{"action": [0.4681311845779419, 0.0018940335139632225], "reward": 0.8078397076946588}