{"action": [0.6198009848594666, 0.00010268300684401765], "reward": 0.7402106893746023}