{"action": [0.699999988079071, -0.016056237742304802], "reward": 0.6850401624046588}