{"action": [0.43420568108558655, -0.012098710052669048], "reward": 0.7559336348688411}