{"action": [0.699999988079071, -0.015900293365120888], "reward": 0.7003317446814018}