{"action": [0.5615653395652771, -0.23189671337604523], "reward": 0.6007307928980075}