{"action": [0.43306589126586914, -0.15648217499256134], "reward": 0.7470781697667421}