{"action": [0.699999988079071, 0.05177786573767662], "reward": 0.4693484364162672}