{"action": [0.5659387111663818, -0.11852826923131943], "reward": 0.7340813204910006}