{"action": [0.4175240397453308, 0.018159572035074234], "reward": 0.27060893275146003}