{"action": [0.5126336216926575, -0.305086225271225], "reward": 0.4979280042829557}