{"action": [0.699999988079071, -0.21693198382854462], "reward": 0.5758271688641249}