{"action": [0.4174352288246155, -0.12965118885040283], "reward": 0.7294958856312753}