{"action": [0.5518395304679871, -0.1627027988433838], "reward": 0.6623608194383922}