{"action": [0.699999988079071, -0.03549548238515854], "reward": 0.5315025452977626}