{"action": [0.39300304651260376, 0.1000712588429451], "reward": 0.38196261144328003}