{"action": [0.4565138816833496, -0.08725624531507492], "reward": 0.788839209066517}