{"action": [-1.0, 0.5875398516654968], "reward": -0.08811687355138823}