{"action": [-1.0, 0.5875259041786194], "reward": -0.08811674116129505}