{"action": [0.471377968788147, -0.08565708249807358], "reward": 0.7857931788965878}