{"action": [-1.0, 0.5882673263549805], "reward": -0.08822082690493972}