{"action": [-1.0, 0.5883532166481018], "reward": -0.08823770275261934}