{"action": [0.699999988079071, 0.5915284752845764], "reward": -0.06168560807852792}