{"action": [-1.0, 0.7363905906677246], "reward": 0.0305590064041069}