{"action": [0.699999988079071, 0.6694863438606262], "reward": -0.09492349354199782}