{"action": [0.5431776642799377, -0.09687268733978271], "reward": 0.6230761593092654}