{"action": [0.699999988079071, 0.36727654933929443], "reward": 0.36183879642676603}