{"action": [0.5493584871292114, 0.011227616108953953], "reward": 0.7487060617721613}