{"action": [-1.0, -0.005059392657130957], "reward": 0.6692825016820902}