{"action": [0.3456191122531891, -0.010433975607156754], "reward": 0.43884611815105656}