{"action": [0.699999988079071, -0.09306924790143967], "reward": 0.4627894345327954}