{"action": [0.6052098274230957, -0.0034622023813426495], "reward": 0.7773938848191597}