{"action": [-1.0, 0.6167636513710022], "reward": -0.0920152997868898}