{"action": [0.699999988079071, 0.4008309245109558], "reward": 0.27309100283999255}