{"action": [0.699999988079071, -0.007651538588106632], "reward": -0.0003224951175011644}