{"action": [0.4428616166114807, -0.0014744584914296865], "reward": 0.8467157346665938}