{"action": [0.3594142198562622, -0.0004703342856373638], "reward": 0.9058099250337773}