{"action": [0.448103666305542, -0.08929189294576645], "reward": 0.7875610176268465}