{"action": [0.4969143867492676, -0.16690292954444885], "reward": 0.5753697104826847}