{"action": [0.4508745074272156, -0.06281960755586624], "reward": 0.7027321391237121}