{"action": [-1.0, -0.045345596969127655], "reward": 0.6202166245683614}