{"action": [0.3559536933898926, 0.011259843595325947], "reward": 0.34156849362472463}