{"action": [0.4749394357204437, 0.042008593678474426], "reward": 0.5740842364421634}