{"action": [0.699999988079071, 0.015099283307790756], "reward": 0.556118118118705}