{"action": [0.699999988079071, 0.028976060450077057], "reward": 0.3429722620109719}