{"action": [0.5671868324279785, 0.800000011920929], "reward": 0.19484012148991148}