{"action": [0.699999988079071, -0.23898866772651672], "reward": 0.3449923907347665}