{"action": [0.699999988079071, -0.19516399502754211], "reward": 0.44279761621584046}