{"action": [0.699999988079071, -0.007671683095395565], "reward": 0.006303767148745141}