{"action": [0.699999988079071, -0.0007603270933032036], "reward": 0.625853505926116}