{"action": [0.699999988079071, -0.001343793934211135], "reward": 0.5912714736079812}