{"action": [0.699999988079071, -0.000905774999409914], "reward": 0.6488939299940699}