{"action": [0.4966718554496765, 0.0002517088723834604], "reward": 0.8323947907043381}