{"action": [0.5527090430259705, 0.00011662101314868778], "reward": 0.8076979552846463}