{"action": [0.6731668710708618, 0.00012441074068192393], "reward": 0.7020028710246266}