{"action": [0.522071897983551, -0.39310821890830994], "reward": 0.7325182740969668}