{"action": [0.5353416204452515, -0.800000011920929], "reward": 0.3226965884287306}