{"action": [0.6923004984855652, -0.800000011920929], "reward": -0.12000000178813934}