{"action": [0.44034963846206665, -0.0405176617205143], "reward": 0.6700338125817247}