{"action": [0.4375675320625305, -0.08796004951000214], "reward": 0.6695064225153686}