{"action": [0.4354758858680725, -0.07022644579410553], "reward": 0.665871118597754}