{"action": [0.21355445683002472, 0.15355198085308075], "reward": 0.3593344232535105}