{"action": [-1.0, 0.034531377255916595], "reward": 0.1214293442275712}