{"action": [-1.0, 0.03197226673364639], "reward": -0.002274411108656409}