{"action": [-1.0, 0.029411543160676956], "reward": -0.004410210143576947}