{"action": [-1.0, 0.029393838718533516], "reward": -0.0044086665126192555}