{"action": [-1.0, 0.029390083625912666], "reward": -0.004408199112710882}