{"action": [0.699999988079071, -0.12116815149784088], "reward": 0.5264216162317582}