{"action": [0.699999988079071, 0.03004886582493782], "reward": 0.012637401152285349}