{"action": [0.699999988079071, 0.029694000259041786], "reward": 0.01221395642707162}