{"action": [0.699999988079071, 0.0025075331795960665], "reward": 0.3415170036400781}