{"action": [0.699999988079071, -0.005920686759054661], "reward": 0.6211387452605985}