{"action": [0.5252349972724915, -0.0144527368247509], "reward": 0.7761366713675074}