{"action": [0.08222790062427521, -0.023731844499707222], "reward": 0.5878184079751442}