{"action": [0.699999988079071, -0.008539547212421894], "reward": 0.6787487335760997}