{"action": [0.55144864320755, -0.7464495301246643], "reward": 0.4919112810971644}