{"action": [0.5595396757125854, -0.4478890001773834], "reward": 0.47803274068578533}