{"action": [0.6104791164398193, -0.037072714418172836], "reward": 0.6504343768588354}