{"action": [0.6170101165771484, -0.06131535768508911], "reward": 0.6235911625540421}