{"action": [0.5883708596229553, -0.02971906028687954], "reward": 0.6641497208757099}