{"action": [0.5383419394493103, -0.017758915200829506], "reward": 0.6914089882178788}