{"action": [-1.0, 0.038146860897541046], "reward": -0.0056292641521918}