{"action": [-1.0, 0.03816992789506912], "reward": -0.005720908923667629}