{"action": [-1.0, 0.038132909685373306], "reward": -0.005715723186269094}