{"action": [-1.0, 0.038133446127176285], "reward": -0.005716197730157949}