{"action": [-1.0, 0.038133446127176285], "reward": -0.005713564003998345}