{"action": [-1.0, 0.03816080838441849], "reward": -0.005722596786989986}