{"action": [-1.0, 0.03814578801393509], "reward": -0.005719620121503215}