{"action": [0.699999988079071, 0.03704642504453659], "reward": 0.18215770019637204}