{"action": [0.699999988079071, 0.0115874158218503], "reward": 0.45869618600830914}