{"action": [0.699999988079071, 0.0016053379513323307], "reward": 0.555801799540258}