{"action": [0.699999988079071, -0.0009374380460940301], "reward": 0.581087548498918}