{"action": [0.2810664772987366, -0.48662200570106506], "reward": 0.24370207389387716}