{"action": [0.3569319248199463, -0.5414530038833618], "reward": 0.21431932714257673}