{"action": [-1.0, -0.5253292918205261], "reward": 0.198439830569399}