{"action": [0.4677301049232483, -0.00021734365145675838], "reward": 0.8435140630096237}