{"action": [-1.0, -0.5451873540878296], "reward": -0.08175855022648122}