{"action": [-1.0, -0.5451583862304688], "reward": -0.0817699661706006}