{"action": [-1.0, -0.5450451970100403], "reward": -0.0817557628686366}