{"action": [-1.0, -0.5455741882324219], "reward": -0.08183312245057577}