{"action": [0.5652658343315125, 0.0012943004257977009], "reward": 0.8421770583625989}