{"action": [0.5159939527511597, 0.0016827104846015573], "reward": 0.867534575960339}