{"action": [0.699999988079071, 0.04275095835328102], "reward": 0.5730023940118029}