{"action": [0.5232113599777222, 0.0008313414291478693], "reward": 0.8849477548659616}