{"action": [0.699999988079071, 2.018263330683112e-05], "reward": 0.5649625819327058}