{"action": [0.699999988079071, 0.0034006917849183083], "reward": 0.39275334418962266}