{"action": [0.626192033290863, -0.008040708489716053], "reward": 0.7420714833711881}