{"action": [-0.7630525231361389, -0.020872553810477257], "reward": 0.7037602586806947}