{"action": [0.5663660764694214, -0.02044818177819252], "reward": 0.7191095022434825}