{"action": [0.699999988079071, -0.07855577766895294], "reward": 0.6495703135466545}