{"action": [0.6190025806427002, 3.7629542930517346e-05], "reward": 0.7098516255872772}