{"action": [0.699999988079071, -0.0005617931601591408], "reward": 0.7016439661836488}