{"action": [0.6182355880737305, 5.141496330907103e-07], "reward": 0.6992067069045885}