{"action": [0.5759777426719666, 0.012301272712647915], "reward": 0.7258036308450124}