{"action": [0.5834816694259644, 0.019756589084863663], "reward": 0.725134860108101}