{"action": [0.5624720454216003, 0.021253464743494987], "reward": 0.4882814143934657}