{"action": [0.5893301963806152, 0.018981460481882095], "reward": 0.7142529146082691}