{"action": [0.5687924027442932, 0.01933315023779869], "reward": 0.46933736948757876}