{"action": [0.6923620700836182, 0.02300177328288555], "reward": 0.685193938056028}