{"action": [0.699999988079071, 0.024207495152950287], "reward": 0.6875152905720511}