{"action": [0.6063045263290405, 0.013714858330786228], "reward": 0.7470182727599247}