{"action": [0.5134417414665222, 0.008120465092360973], "reward": 0.7937104114742711}