{"action": [0.6827055215835571, -0.00146964390296489], "reward": 0.7059450687431345}