{"action": [0.5727328658103943, -0.003871595486998558], "reward": 0.771725510427601}