{"action": [-0.9907938838005066, -0.004136022180318832], "reward": 0.7003358860192858}