{"action": [-1.0, -0.008302895352244377], "reward": -0.001221323010024104}