{"action": [0.699999988079071, 0.03907895088195801], "reward": 0.22985641179133254}