{"action": [0.5840935707092285, 0.004189812578260899], "reward": 0.76820525413751}