{"action": [0.699999988079071, 9.523659537080675e-05], "reward": 0.639007769760196}