{"action": [0.4911855161190033, 0.0032168482430279255], "reward": 0.8100858061803643}