{"action": [0.39245322346687317, -7.384860509773716e-05], "reward": 0.7326083130502283}