{"action": [0.4116862416267395, 0.0007641551783308387], "reward": 0.9432357985954273}