{"action": [0.699999988079071, -0.0018857729155570269], "reward": 0.528475790071977}