{"action": [0.699999988079071, -0.0007189917378127575], "reward": 0.6041972383340741}