{"action": [0.699999988079071, 0.043785352259874344], "reward": 0.4790818186373871}