{"action": [0.699999988079071, 0.19613727927207947], "reward": -0.029419631655206464}