{"action": [0.49654486775398254, 0.002504895441234112], "reward": 0.6908982086462053}