{"action": [0.699999988079071, -0.7140063047409058], "reward": 0.29784224690615735}