{"action": [0.5711460113525391, 0.000779715774115175], "reward": 0.6811466406764806}