{"action": [-0.9510189890861511, -0.004417593125253916], "reward": 0.5609023686158683}