{"action": [0.2734741270542145, -0.018024520948529243], "reward": 0.4325945274242507}