{"action": [0.29878848791122437, -0.017452901229262352], "reward": 0.43348252058426084}