{"action": [-1.0, -0.01644698716700077], "reward": -0.0023659106476330237}