{"action": [-1.0, -0.016451815143227577], "reward": -0.0024672133529393984}