{"action": [-1.0, -0.0164512787014246], "reward": -0.002467669626501604}