{"action": [-1.0, -0.01645396091043949], "reward": -0.00246805413429116}