{"action": [-1.0, -0.016480250284075737], "reward": -0.0024719334596449327}