{"action": [-1.0, -0.016488833352923393], "reward": -0.002473009332731384}