{"action": [0.5138593912124634, -0.3357992172241211], "reward": -0.050369882583618165}