{"action": [-1.0, -0.016459863632917404], "reward": -0.0024683173293496147}