{"action": [-1.0, -0.01492171362042427], "reward": -0.0021198324842427348}