{"action": [0.699999988079071, -0.014979970641434193], "reward": -0.001813187486836031}