{"action": [0.699999988079071, -0.017480429261922836], "reward": 0.2993381968303034}