{"action": [0.5944886207580566, -0.005362092517316341], "reward": 0.642654489976227}