{"action": [0.6835026741027832, -0.00649249879643321], "reward": 0.6356743080286014}