{"action": [0.4226110279560089, -0.010776441544294357], "reward": 0.5874887678330095}