{"action": [0.699999988079071, -0.013429435901343822], "reward": 0.47831106531309736}