{"action": [0.4321063458919525, -0.01321909949183464], "reward": 0.5668823551784894}