{"action": [-1.0, -0.0026608784683048725], "reward": 0.7695215264198129}