{"action": [0.35336267948150635, -0.006979269906878471], "reward": 0.4631904787269348}