{"action": [0.699999988079071, -0.7943253517150879], "reward": 0.3682976420245025}