{"action": [0.18417179584503174, 0.800000011920929], "reward": -0.12000000178813934}