{"action": [0.699999988079071, -0.03760349005460739], "reward": -0.00520235154410388}