{"action": [0.699999988079071, -0.03184061497449875], "reward": -0.0047737292512961185}