{"action": [0.699999988079071, -0.032138388603925705], "reward": -0.004820751462856373}