{"action": [0.699999988079071, -0.30098018050193787], "reward": 0.41062455517999435}