{"action": [0.699999988079071, -0.25132107734680176], "reward": 0.4612927140325738}