{"action": [0.699999988079071, -0.0006564425420947373], "reward": 0.1888894612591335}