{"action": [0.699999988079071, -0.1567382514476776], "reward": 0.5848628742847991}