{"action": [0.699999988079071, 0.0064669763669371605], "reward": 0.23468383389952116}