{"action": [0.699999988079071, 0.0070886155590415], "reward": 0.2516067570349868}