{"action": [0.699999988079071, 0.006364890374243259], "reward": 0.18281163747555845}