{"action": [0.699999988079071, 0.006536557804793119], "reward": 0.12667827961824665}