{"action": [0.699999988079071, 0.006205583456903696], "reward": 0.061148365311834665}