{"action": [0.699999988079071, 0.005751022137701511], "reward": 0.06606543519880491}