{"action": [0.699999988079071, 0.005313827656209469], "reward": 0.0891407457319501}