{"action": [0.699999988079071, 0.004832570906728506], "reward": 0.09431042012453446}