{"action": [0.699999988079071, 0.0062768240459263325], "reward": 0.17677294232534485}