{"action": [0.699999988079071, 0.0036105155013501644], "reward": 0.15440649199441148}