{"action": [0.699999988079071, 0.003471583127975464], "reward": 0.1431579724909455}