{"action": [0.699999988079071, 0.0037749120965600014], "reward": 0.09919934766743925}