{"action": [0.699999988079071, 0.003458417020738125], "reward": 0.19667715518244264}