{"action": [0.4441523551940918, -0.00174627429805696], "reward": 0.7939449397388706}