{"action": [0.699999988079071, 0.00337548041716218], "reward": 0.17612280957442478}