{"action": [0.699999988079071, 0.0028922143392264843], "reward": 0.244117610517296}