{"action": [0.699999988079071, 0.003120157867670059], "reward": 0.20664128513806818}