{"action": [0.699999988079071, 0.000266056478722021], "reward": 0.26484581331835805}