{"action": [0.4714839458465576, 0.00033368251752108335], "reward": 0.8108865536140077}