{"action": [0.699999988079071, -6.948602094780654e-05], "reward": 0.1736820895373695}