{"action": [0.699999988079071, 0.0003641475923359394], "reward": 0.07986809752365046}