{"action": [0.699999988079071, 0.0010052700527012348], "reward": 0.1131146115736994}