{"action": [0.699999988079071, 0.041030436754226685], "reward": 0.026208980148980723}