{"action": [0.5566213726997375, 0.0027072730008512735], "reward": 0.7167338309856874}