{"action": [0.699999988079071, 0.2809000015258789], "reward": 0.06912985093615816}