{"action": [0.699999988079071, -5.739718835684471e-05], "reward": 0.15561657758438396}