{"action": [0.685152530670166, 0.0050676860846579075], "reward": 0.7522032657577677}