{"action": [0.699999988079071, 0.4147825241088867], "reward": -0.001900567152397635}