{"action": [0.699999988079071, 0.33421292901039124], "reward": 0.052313074256833236}