{"action": [0.699999988079071, 0.23839807510375977], "reward": 0.15085838732378018}