{"action": [0.699999988079071, 0.2793715298175812], "reward": 0.08702888267143968}