{"action": [0.4421638250350952, 0.009974334388971329], "reward": 0.8632058995881148}