{"action": [0.699999988079071, 0.28517499566078186], "reward": 0.08417743026689362}