{"action": [0.699999988079071, 0.2679678201675415], "reward": 0.09899308035391849}