{"action": [0.4259797930717468, 0.011457792483270168], "reward": 0.8561654411845042}