{"action": [0.699999988079071, 0.22367021441459656], "reward": 0.07946348067565737}