{"action": [0.699999988079071, 0.1280437409877777], "reward": 0.13846621027249983}