{"action": [0.699999988079071, 0.06821101158857346], "reward": 0.12356785846567009}