{"action": [0.699999988079071, 0.03222313150763512], "reward": 0.183144259540716}