{"action": [0.699999988079071, 0.01703396625816822], "reward": 0.1685077473664626}