{"action": [0.699999988079071, 0.025574326515197754], "reward": 0.21540754593824654}