{"action": [0.699999988079071, 0.005441575776785612], "reward": 0.1191470084242785}