{"action": [0.699999988079071, 0.0004918215563520789], "reward": 0.1564208702609183}