{"action": [0.699999988079071, -0.0028954725712537766], "reward": 0.15016576457399594}