{"action": [0.699999988079071, -0.005015165079385042], "reward": 0.14602608170382161}