{"action": [0.699999988079071, -0.0060325199738144875], "reward": 0.20614578306848363}