{"action": [0.699999988079071, -0.014821602031588554], "reward": 0.14356437484322107}