{"action": [0.699999988079071, 0.04810159653425217], "reward": 0.4428674939430395}