{"action": [0.699999988079071, -0.009380425326526165], "reward": 0.06460217185952691}