{"action": [0.699999988079071, -0.006526189856231213], "reward": 0.14185726498688542}