{"action": [0.699999988079071, -0.007205097936093807], "reward": 0.14611808924874065}