{"action": [0.699999988079071, -0.0058486685156822205], "reward": 0.12627809638682774}