{"action": [0.699999988079071, -0.00507932947948575], "reward": 0.16920010178175413}