{"action": [0.699999988079071, -0.005184445530176163], "reward": 0.14789374901800958}