{"action": [0.699999988079071, -0.005211163312196732], "reward": 0.08448174842637068}