{"action": [0.699999988079071, -0.00333391223102808], "reward": 0.05908024485183046}