{"action": [0.699999988079071, -0.0036839484237134457], "reward": 0.003682580698711413}