{"action": [0.699999988079071, -0.004036830738186836], "reward": 0.06566211029243187}