{"action": [0.699999988079071, -0.0036749793216586113], "reward": 0.1140734515012824}