{"action": [0.699999988079071, -0.003782456973567605], "reward": 0.1258437028200159}