{"action": [0.699999988079071, -0.0023844793904572725], "reward": 0.148596658411673}