{"action": [0.699999988079071, -0.002800092101097107], "reward": 0.1479293570457398}