{"action": [0.699999988079071, -0.002903352025896311], "reward": 0.1569159308844911}