{"action": [0.699999988079071, -0.0023831629659980536], "reward": 0.11515664255593802}