{"action": [0.699999988079071, -0.002461755648255348], "reward": 0.12689024641956087}