{"action": [0.699999988079071, -0.005099894013255835], "reward": 0.1268410726031744}