{"action": [0.699999988079071, -0.027815699577331543], "reward": 0.1172765431508987}