{"action": [0.699999988079071, 0.017203746363520622], "reward": 0.1690075569303929}