{"action": [0.699999988079071, 0.01953502744436264], "reward": 0.13695910169410944}