{"action": [0.699999988079071, 0.008146828040480614], "reward": 0.27644838001972744}