{"action": [0.699999988079071, 0.007176094688475132], "reward": 0.2863079499750497}