{"action": [0.699999988079071, 0.007059891242533922], "reward": 0.3120589953209522}