{"action": [0.699999988079071, 0.0014120329869911075], "reward": 0.17408330686524257}