{"action": [0.699999988079071, 0.000305908324662596], "reward": 0.2256018144433363}