{"action": [0.699999988079071, -0.0021780587267130613], "reward": 0.17483013578581458}