{"action": [0.699999988079071, -0.0014229163061827421], "reward": 0.1299214661333754}