{"action": [0.699999988079071, 8.997738041216508e-05], "reward": 0.6937822704315906}