{"action": [0.699999988079071, -0.0016084440285339952], "reward": 0.1341799368441968}