{"action": [0.699999988079071, -0.0007918979972600937], "reward": 0.1859968067782355}