{"action": [0.699999988079071, -0.0016199895180761814], "reward": 0.18530374961581747}