{"action": [0.699999988079071, -0.0012053304817527533], "reward": 0.19198392902359138}