{"action": [0.699999988079071, -0.000739404174964875], "reward": 0.16116064591987542}