{"action": [0.699999988079071, -7.697820365137886e-06], "reward": 0.09544390832944517}