{"action": [0.621717631816864, -0.00011652660759864375], "reward": 0.7836370791699786}