{"action": [0.699999988079071, -4.768371808516747e-10], "reward": 0.10625419170266527}