{"action": [0.699999988079071, 0.0007095561013557017], "reward": 0.17428678029464068}