{"action": [0.699999988079071, 0.0006004678434692323], "reward": 0.15308904838409787}