{"action": [0.699999988079071, 0.0010086243273690343], "reward": 0.21334728282364887}