{"action": [0.699999988079071, 0.00015977137081790715], "reward": 0.2273828468552176}