{"action": [0.699999988079071, 0.0003555741277523339], "reward": 0.18196373409548328}