{"action": [0.699999988079071, 0.0003699017397593707], "reward": 0.258823874199733}