{"action": [0.699999988079071, 0.0003578895120881498], "reward": 0.19232253386657547}