{"action": [0.699999988079071, 1.0831356576090911e-06], "reward": 2.510208576778953e-06}