{"action": [0.699999988079071, 0.00014067048323340714], "reward": 0.39982180524319666}