{"action": [0.3409116864204407, 0.002312479307875037], "reward": 0.9237176385952612}