{"action": [0.4511549472808838, -0.07516928762197495], "reward": 0.8963251867247954}