{"action": [0.425540953874588, 0.005833182483911514], "reward": 0.8678312413596587}