{"action": [0.41576099395751953, 0.005847673397511244], "reward": 0.8689742448882376}