{"action": [0.3816066086292267, 0.006792569067329168], "reward": 0.8882105079476659}