{"action": [0.5497557520866394, -4.721737059298903e-05], "reward": 0.6961800139957461}