{"action": [0.699999988079071, -0.0009794500656425953], "reward": 0.8280274048272377}