{"action": [0.699999988079071, -0.001623969990760088], "reward": -0.9564286872526016}