{"action": [0.5246462821960449, 0.05318773165345192], "reward": -1.6968378141057805}