{"action": [0.5102366209030151, 0.10285311192274094], "reward": -1.4648048485781184}