{"action": [0.699999988079071, 0.0681484267115593], "reward": -0.7507870915512073}