{"action": [-0.7949243783950806, 0.13734473288059235], "reward": -0.1544698598503506}