{"action": [0.47807741165161133, -0.000211091639357619], "reward": 0.8735935734674063}