{"action": [0.699999988079071, 0.09927254170179367], "reward": 0.5767464779803697}