{"action": [0.699999988079071, 0.13635796308517456], "reward": 0.5553677403615997}