{"action": [0.699999988079071, 0.2015255242586136], "reward": 0.5283305090914521}