{"action": [0.699999988079071, -0.7726876735687256], "reward": -0.11590315103530884}