{"action": [0.699999988079071, 0.3311329782009125], "reward": 0.42120049514304087}