{"action": [0.699999988079071, 0.10189159214496613], "reward": 0.45540950955447246}