{"action": [0.3586389422416687, -0.004821294452995062], "reward": 0.8636079281696761}