{"action": [0.699999988079071, -0.6221686601638794], "reward": -0.0933252990245819}