{"action": [0.46895265579223633, -0.020447436720132828], "reward": 0.7619509532861812}