{"action": [0.699999988079071, -0.05273129791021347], "reward": 0.42563778960333026}