{"action": [0.699999988079071, -0.03397054225206375], "reward": 0.5646079301067481}