{"action": [0.4696683883666992, -0.010098373517394066], "reward": 0.8531648592433845}