{"action": [0.3871341645717621, -0.006072662770748138], "reward": 0.8800565043904618}