{"action": [0.699999988079071, 0.008080684579908848], "reward": 0.8667278277812723}