{"action": [0.699999988079071, 0.00215974566526711], "reward": 0.42778471479868396}