{"action": [0.699999988079071, 0.001065429882146418], "reward": -1.948533526018675}