{"action": [0.699999988079071, 0.0020349544938653708], "reward": -1.6558064740766874}