{"action": [0.699999988079071, 0.001624866621568799], "reward": -1.9029184447242966}