{"action": [0.699999988079071, -0.0037232062313705683], "reward": -1.811499393979253}