{"action": [0.47337934374809265, -0.3982616364955902], "reward": 0.6055451890826412}