{"action": [0.699999988079071, -0.009621947072446346], "reward": -1.8675015852763868}