{"action": [0.699999988079071, -0.014301679097115993], "reward": -1.797948771155912}