{"action": [0.699999988079071, -0.014203924685716629], "reward": -1.8542846041029564}