{"action": [0.699999988079071, -0.010732636786997318], "reward": -2.2399526399261163}