{"action": [0.699999988079071, 0.005718201398849487], "reward": -3.3711319359693586}