{"action": [0.699999988079071, 0.01680869422852993], "reward": -3.140377463451409}