{"action": [0.699999988079071, 0.007677957881242037], "reward": -2.567648736965465}