{"action": [0.699999988079071, 0.002012715907767415], "reward": -2.815290710716595}