{"action": [0.699999988079071, -0.012994401156902313], "reward": -2.5072672320566918}