{"action": [0.699999988079071, -0.0005384514224715531], "reward": -2.6894049455372477}