{"action": [0.699999988079071, -0.5893977284431458], "reward": 0.1296202828448083}