{"action": [0.699999988079071, 0.014787468127906322], "reward": -2.506826214678638}