{"action": [0.699999988079071, 0.01577211730182171], "reward": -1.4086095765920752}