{"action": [0.699999988079071, 0.0235569067299366], "reward": -1.4831359199341017}