{"action": [0.699999988079071, -0.0002498718968126923], "reward": -0.876412110531037}