{"action": [0.699999988079071, -0.0018875242676585913], "reward": -0.9327330156528112}