{"action": [0.5347947478294373, -0.004969359841197729], "reward": -1.2734799731198154}