{"action": [0.699999988079071, 0.00693494314327836], "reward": -0.4593626942207075}