{"action": [0.699999988079071, 0.005798595491796732], "reward": -0.6450679756052785}