{"action": [0.503643274307251, 2.0134424630668946e-05], "reward": -1.946592017817495}