{"action": [0.5527595281600952, 0.00023348064860329032], "reward": -1.590312549822853}