{"action": [0.4755714535713196, -0.0001174416538560763], "reward": -2.1304066767820604}