{"action": [0.4741548001766205, -5.098855763208121e-05], "reward": -2.0543606877884617}