{"action": [0.5844249725341797, -0.019921787083148956], "reward": -1.1455342604757737}