{"action": [0.5023558735847473, -0.007689875550568104], "reward": -1.7104910482929183}