{"action": [0.5231603980064392, -0.004281108733266592], "reward": -1.5285193364068967}