{"action": [0.4771207273006439, -0.004479433875530958], "reward": -1.6707542368326036}