{"action": [0.48340287804603577, -0.003260333091020584], "reward": -1.7588587383083547}