{"action": [0.46102961897850037, -0.00012682750821113586], "reward": -2.110155775125277}