{"action": [0.45221060514450073, -3.793134237639606e-05], "reward": -2.1866694251123815}