{"action": [0.5416749715805054, -0.02440599724650383], "reward": 0.723569158627057}