{"action": [0.696488082408905, 0.003794560907408595], "reward": -4.241891291894808}