{"action": [0.2640267312526703, 0.0038058776408433914], "reward": -2.639228438079166}