{"action": [0.31434082984924316, 0.00042733357986435294], "reward": -2.901294957851128}