{"action": [0.4591034948825836, 0.01473207026720047], "reward": -1.688646525942891}