{"action": [0.47995299100875854, 0.0023002391681075096], "reward": -1.801640689431117}