{"action": [0.6394649147987366, 8.144461753545329e-05], "reward": 0.7294406765643648}