{"action": [0.41309964656829834, 0.00033009625622071326], "reward": -1.941952653225031}