{"action": [0.4694746434688568, -0.004509210120886564], "reward": -1.9284226838322682}