{"action": [0.6313968300819397, 0.000910283881239593], "reward": -0.7317057392836317}