{"action": [0.6717451810836792, 0.005145666655153036], "reward": -0.7884268019608723}