{"action": [0.43378692865371704, 0.007527793291956186], "reward": 0.84516981553552}