{"action": [0.44695475697517395, 0.0036314448807388544], "reward": -1.6005570475835371}