{"action": [0.44010287523269653, -0.004681470338255167], "reward": -1.9965217927664896}