{"action": [0.4232625365257263, -0.014012126252055168], "reward": -2.026332686997681}