{"action": [0.699999988079071, 5.449056743600522e-07], "reward": 2.3965421565357855e-06}