{"action": [0.699999988079071, 5.475878879224183e-07], "reward": 6.531686394936241e-06}