{"action": [0.699999988079071, 5.502105295818183e-07], "reward": 4.970937470434089e-06}