{"action": [0.5630329251289368, 0.011129801161587238], "reward": 0.778830934855959}