{"action": [0.3212522268295288, -6.824732281529577e-07], "reward": 0.9899186143640792}