{"action": [0.3338268995285034, -1.445412323164419e-07], "reward": 0.9888426577772401}