{"action": [0.33672094345092773, -1.4638908396591432e-07], "reward": 0.9816620784036947}