{"action": [-1.0, -0.008134433999657631], "reward": 0.3467654277856375}