{"action": [0.3412730395793915, -0.0021517379209399223], "reward": 0.6285231304422927}