{"action": [0.699999988079071, 0.029702123254537582], "reward": 0.6887919586414499}