{"action": [0.3751768469810486, -0.17692038416862488], "reward": 0.5860043733713748}