{"action": [0.5483896732330322, 0.019311239942908287], "reward": 0.7809386734589524}