{"action": [0.3449869453907013, -0.004535527899861336], "reward": 0.8566601376693822}