{"action": [0.4997897744178772, -0.01217305101454258], "reward": 0.7904750041039739}