{"action": [0.5178131461143494, 0.0009315392235293984], "reward": 0.8095212225287499}