{"action": [0.450096070766449, 0.004859393462538719], "reward": 0.8716368575460055}