{"action": [0.4590971767902374, 0.002984739374369383], "reward": 0.8760999306861812}