{"action": [0.5447115898132324, 0.009127727709710598], "reward": 0.7890794171145152}