{"action": [0.699999988079071, 0.003847056068480015], "reward": 0.7624041307457967}