{"action": [0.699999988079071, 0.0023018924985080957], "reward": 0.8231399200769394}