{"action": [0.699999988079071, 0.0026340566109865904], "reward": 0.9278282829991538}