{"action": [0.699999988079071, 0.0017847487470135093], "reward": -3.3635805933037144}