{"action": [0.6987154483795166, 0.06298799812793732], "reward": -3.6444998143485465}