{"action": [0.5108858346939087, 0.0049869101494550705], "reward": 0.7946178141605588}