{"action": [0.6081918478012085, 0.02043655328452587], "reward": -4.408295545932372}