{"action": [0.6130191683769226, 0.018440810963511467], "reward": -4.129406900884107}