{"action": [0.699999988079071, 0.10635003447532654], "reward": -3.9120921813139735}