{"action": [0.5876561403274536, 0.03237074613571167], "reward": -4.61680791361289}