{"action": [0.5502642393112183, 0.004523140378296375], "reward": 0.8168121542317883}