{"action": [0.5755594968795776, 0.03646077215671539], "reward": -4.583320991446792}