{"action": [0.6012706160545349, 0.03847590461373329], "reward": -4.167645919695902}