{"action": [0.5797295570373535, 0.03763808682560921], "reward": -4.166444873765105}