{"action": [0.538301944732666, 0.04772278293967247], "reward": -4.05385473394348}