{"action": [0.5320005416870117, 0.029164107516407967], "reward": -4.841696407468768}