{"action": [0.551224410533905, 0.029612800106406212], "reward": -4.59439413053081}