{"action": [0.5326138138771057, 0.028162555769085884], "reward": -5.288659033117734}