{"action": [0.4939897358417511, 0.03334949538111687], "reward": -5.325690576228525}