{"action": [0.49390411376953125, 0.030635925009846687], "reward": -5.429977738017504}