{"action": [0.4961049258708954, 0.03180959075689316], "reward": -5.359925221472627}