{"action": [0.699999988079071, 0.041966792196035385], "reward": -5.604483686597609}