{"action": [0.699999988079071, 0.01806395687162876], "reward": 0.7263641208265721}