{"action": [0.609217643737793, -0.0017359685152769089], "reward": 0.8073724279872359}