{"action": [0.5355474352836609, 0.01479387003928423], "reward": 0.7418741660433431}