{"action": [0.699999988079071, 0.026864083483815193], "reward": 0.631606836098382}