{"action": [0.525521457195282, 0.006927350535988808], "reward": 0.8295133120594891}