{"action": [0.699999988079071, -1.1852085663122125e-05], "reward": 0.5089259495144026}