{"action": [0.557199239730835, 0.004139033146202564], "reward": 0.7753652028637196}