{"action": [0.5850176215171814, -0.008444318547844887], "reward": 0.7713600359508074}