{"action": [0.6165564060211182, -0.0045544360764324665], "reward": 0.7906289975469557}