{"action": [0.5918118953704834, 0.0038487936835736036], "reward": 0.796698908243243}