{"action": [0.5708462595939636, 0.0037481258623301983], "reward": 0.8060232390097347}