{"action": [0.4956275522708893, 0.006232706364244223], "reward": 0.792633228737035}