{"action": [0.6591878533363342, 0.010137236677110195], "reward": 0.6953299755822011}