{"action": [0.5197361707687378, 0.0028127487748861313], "reward": 0.8545986365854256}