{"action": [0.4829213321208954, 0.005012895911931992], "reward": 0.8723515256720021}