{"action": [0.5960589051246643, 0.006939321756362915], "reward": 0.7967843864103342}