{"action": [0.5967977643013, 0.007062226068228483], "reward": 0.7835442049422922}