{"action": [-1.0, -0.002724890597164631], "reward": -0.00032079522000302103}