{"action": [0.6566131114959717, -8.969444024842232e-05], "reward": 0.8059724838093428}