{"action": [0.5324933528900146, 0.004765355959534645], "reward": -1.8283095794976698}