{"action": [-1.0, -0.0029003266245126724], "reward": 0.23137400903031294}