{"action": [0.3014814853668213, -0.0027422888670116663], "reward": 0.4432519218964771}