{"action": [0.47774532437324524, 0.0014119873521849513], "reward": 0.8056274153429542}