{"action": [0.42119038105010986, -0.00012555527791846544], "reward": -1.7543406443181082}