{"action": [0.5535963773727417, 0.0007381420582532883], "reward": 0.8371399097408198}