{"action": [-1.0, -0.0027222081553190947], "reward": -0.0004083261126129309}