{"action": [0.699999988079071, -0.0034347318578511477], "reward": 0.4591922106306639}