{"action": [0.699999988079071, -0.0062794797122478485], "reward": 0.2782161146418239}