{"action": [-0.058698587119579315, -0.004441453609615564], "reward": 0.5127511870299343}