{"action": [-1.0, -0.0027345477137714624], "reward": -0.0004096566489775125}