{"action": [0.5658307671546936, 0.014627397991716862], "reward": 0.709599409246725}