{"action": [0.18607476353645325, -0.019089456647634506], "reward": 0.8294598453429881}