{"action": [0.44894707202911377, 0.41672295331954956], "reward": 0.6535636175876347}