{"action": [0.6515473127365112, -0.0034692201297730207], "reward": 0.8106066100170717}