{"action": [0.699999988079071, 0.3463204503059387], "reward": 0.2774199890414477}