{"action": [0.5380285382270813, -9.68247841228731e-05], "reward": 0.8674745032783069}