{"action": [-0.08727101981639862, -0.031161515042185783], "reward": 0.6385996758433368}