{"action": [0.699999988079071, -0.0065773348324000835], "reward": 0.46944010273483194}