{"action": [0.699999988079071, -0.0024113778490573168], "reward": 0.694920501892134}