{"action": [0.699999988079071, 0.0008774015004746616], "reward": 0.6165756338236951}