{"action": [0.699999988079071, -0.0014539752155542374], "reward": 0.545591572717763}