{"action": [0.699999988079071, -0.008818671107292175], "reward": 0.5690704841533041}