{"action": [0.699999988079071, 0.006967315450310707], "reward": 0.601774698784342}