{"action": [0.5940752029418945, 0.00508572394028306], "reward": 0.7431099856140411}