{"action": [0.699999988079071, -0.0056498004123568535], "reward": 0.537008659167486}