{"action": [0.547214150428772, -0.0005019623786211014], "reward": 0.8023212190678577}