{"action": [0.699999988079071, -0.007098168600350618], "reward": 0.43206107841716135}