{"action": [0.4938935935497284, -0.010090870782732964], "reward": 0.7726507979641702}