{"action": [0.699999988079071, 0.0870618149638176], "reward": -0.011553077854725854}