{"action": [0.699999988079071, -0.02275370992720127], "reward": 0.6931720903583758}