{"action": [0.4458899199962616, -0.00034021888859570026], "reward": 0.8862542702303349}