{"action": [0.699999988079071, 0.08804403990507126], "reward": -0.013206391583809332}