{"action": [0.39569753408432007, 0.0014495565555989742], "reward": 0.8470488718189694}