{"action": [0.6904663443565369, -0.02287297509610653], "reward": 0.6451422121261018}