{"action": [0.6532645225524902, -0.02323586493730545], "reward": 0.7440762617049781}