{"action": [0.699999988079071, 0.0037550400011241436], "reward": 0.27905794000432904}