{"action": [0.5359739065170288, -0.01751459576189518], "reward": 0.8146477078589699}