{"action": [0.699999988079071, 0.007509010378271341], "reward": 0.6148905829488496}