{"action": [0.5486547946929932, -0.0037270800676196814], "reward": 0.7789729126744824}