{"action": [0.5809652209281921, -0.003366733668372035], "reward": 0.7993267318552019}