{"action": [0.5526361465454102, -0.0028889868408441544], "reward": 0.8212162665964582}