{"action": [0.5944046974182129, -0.020142022520303726], "reward": 0.7818653287153521}