{"action": [0.445345014333725, -0.002848896663635969], "reward": 0.831615217807927}