{"action": [0.5431103110313416, -0.000768589845392853], "reward": 0.7907564277982183}