{"action": [0.699999988079071, -0.001430434174835682], "reward": 0.714333347916232}