{"action": [0.5626030564308167, 0.0017010418232530355], "reward": 0.7887998206918684}