{"action": [0.549415647983551, -0.00032080046366900206], "reward": 0.777776229312329}