{"action": [-1.0, 0.005436368752270937], "reward": 0.0005492082299243939}