{"action": [0.46467944979667664, -0.0005334384040907025], "reward": 0.8117143691567265}