{"action": [0.699999988079071, 0.007074294146150351], "reward": 0.6517264407522021}