{"action": [0.542576014995575, 0.0025844916235655546], "reward": 0.7591389697766843}