{"action": [-1.0, 0.00550021231174469], "reward": -0.0007117099649099158}