{"action": [0.6442660689353943, 0.0031053863931447268], "reward": 0.782428239456242}