{"action": [0.699999988079071, 0.005508871749043465], "reward": 0.029918332522355796}