{"action": [0.6755646467208862, 0.004730934277176857], "reward": 0.6651654070634515}