{"action": [0.699999988079071, -0.007501799147576094], "reward": 0.6968962613075879}