{"action": [0.506801426410675, 0.025724586099386215], "reward": 0.7888394989557209}