{"action": [0.48744499683380127, 0.0051176357083022594], "reward": 0.8452789680383902}