{"action": [0.5937326550483704, -0.0075654564425349236], "reward": 0.8304710791888442}