{"action": [0.547003448009491, 0.014322670176625252], "reward": 0.8063386433212685}