{"action": [0.4777001738548279, -0.008149594068527222], "reward": 0.8434624269624832}