{"action": [0.6596685647964478, -0.0007786651840433478], "reward": 0.7951150011135799}