{"action": [0.699999988079071, -0.014338533394038677], "reward": 0.48525075490332154}