{"action": [0.47476184368133545, 0.0014504004502668977], "reward": 0.9001065378136529}