{"action": [0.5822124481201172, 0.0024652688298374414], "reward": 0.7956015212797608}