{"action": [-0.2363000512123108, -0.0075449105352163315], "reward": 0.8266469644102258}