{"action": [0.699999988079071, 0.005375556647777557], "reward": 0.706132914701058}