{"action": [0.45888930559158325, 0.003044468816369772], "reward": 0.8361111652626825}