{"action": [0.5353870987892151, 0.0008322047651745379], "reward": 0.8778458425056205}