{"action": [0.5851349830627441, 0.000666191743221134], "reward": 0.8193528998585939}