{"action": [0.5081942081451416, -0.0214161965996027], "reward": 0.7376984894764376}