{"action": [0.699999988079071, 0.013543536886572838], "reward": 0.010670619331737997}