{"action": [-0.32467982172966003, 0.0009038745774887502], "reward": 0.6235231253599078}