{"action": [0.5400775671005249, 0.004097431432455778], "reward": 0.8378822893540676}