{"action": [0.3531978130340576, -0.12700830399990082], "reward": 0.3244810812307541}