{"action": [0.6881359815597534, -0.4203663170337677], "reward": 0.5091544896065179}