{"action": [0.30292728543281555, -0.2041170448064804], "reward": 0.3262776997924582}