{"action": [0.279379665851593, -0.1746508628129959], "reward": 0.3226396372326731}