{"action": [0.699999988079071, -0.29071521759033203], "reward": 0.6323107942242381}