{"action": [-0.2824605107307434, -0.18835043907165527], "reward": 0.4483328624166204}