{"action": [-1.0, -0.10430177301168442], "reward": -0.015644946939633596}