{"action": [-1.0, -0.1043945923447609], "reward": -0.01565915817551226}