{"action": [-1.0, -0.1043843999505043], "reward": -0.01565680902523908}