{"action": [-1.0, -0.10430445522069931], "reward": -0.015641566199199798}