{"action": [0.28373879194259644, -0.03056764043867588], "reward": 0.44313800869805786}