{"action": [0.699999988079071, -0.09259229898452759], "reward": 0.28635101564733234}