{"action": [-1.0, 0.010431196540594101], "reward": -0.0015471681478429816}