{"action": [0.28430449962615967, -0.02623181976377964], "reward": 0.4426597225711318}