{"action": [0.699999988079071, -0.10538692027330399], "reward": 0.0370323910111021}