{"action": [0.28606298565864563, -0.022593937814235687], "reward": 0.4417049661773824}