{"action": [0.4192395508289337, 0.002819385612383485], "reward": 0.4662281494356188}