{"action": [-1.0, 0.010412955656647682], "reward": 0.40866275861162715}