{"action": [0.3435494899749756, 0.0014759576879441738], "reward": 0.43234071077348946}