{"action": [0.31157127022743225, 0.010231750085949898], "reward": 0.45009620636896586}