{"action": [0.4038141071796417, 0.0023025742266327143], "reward": 0.45137427520534024}