{"action": [-1.0, 0.010426905006170273], "reward": -0.001558228913691284}