{"action": [0.28751179575920105, -0.004461867269128561], "reward": 0.942393455251399}