{"action": [-1.0, 0.010443536564707756], "reward": -0.0015657156894170732}