{"action": [-1.0, 0.010439244098961353], "reward": -0.001565690220280799}