{"action": [-1.0, 0.010485383681952953], "reward": -0.001572466415992539}