{"action": [-1.0, 0.01048109121620655], "reward": -0.001571628060845593}