{"action": [-1.0, 0.010523474775254726], "reward": -0.001577453280117826}