{"action": [0.699999988079071, 0.053303346037864685], "reward": -0.007993830332729388}