{"action": [0.41031283140182495, -0.0032862878870218992], "reward": 0.8974023162233039}