{"action": [0.4846605062484741, 0.0012523753102868795], "reward": 0.7985903077666473}