{"action": [0.699999988079071, -0.03073997236788273], "reward": 0.6411539107338371}