{"action": [0.699999988079071, -5.766266622231342e-05], "reward": 0.558843409172151}