{"action": [0.3865271508693695, -0.001143850851804018], "reward": 0.6588608587699107}