{"action": [0.699999988079071, -0.008273674175143242], "reward": 0.4909209361160846}