{"action": [0.699999988079071, 0.0002402600075583905], "reward": 0.6569836204317252}