{"action": [0.699999988079071, 0.00017741572810336947], "reward": 0.409942114389135}