{"action": [0.699999988079071, -0.007529372349381447], "reward": 0.5085436398177562}