{"action": [0.699999988079071, 0.003508620895445347], "reward": -0.0005246498070670075}