{"action": [0.699999988079071, 0.0032212138175964355], "reward": 0.4332053391178915}