{"action": [0.6179441213607788, 3.0149161830195226e-05], "reward": 0.7667467867766883}