{"action": [0.6219516396522522, 0.000250860583037138], "reward": 0.7773962381405498}