{"action": [-1.0, 0.0058864932507276535], "reward": -0.0008504941510513702}