{"action": [0.3217744827270508, -0.00031940831104293466], "reward": 0.9117240923293378}