{"action": [-1.0, 0.005907953716814518], "reward": -0.000885515559409191}