{"action": [-1.0, 0.0058843474835157394], "reward": -0.0008815435087723527}