{"action": [-1.0, 0.005909026600420475], "reward": -0.0008577662271400346}