{"action": [0.699999988079071, 0.01274046953767538], "reward": 0.594045695940129}