{"action": [0.699999988079071, -9.345827493234538e-06], "reward": 0.6690279593755226}