{"action": [0.699999988079071, 0.027928076684474945], "reward": 0.45480487792852686}