{"action": [0.699999988079071, 0.005988733842968941], "reward": 0.005580486258713366}