{"action": [0.699999988079071, 0.014633316546678543], "reward": 0.5556061277795973}