{"action": [0.699999988079071, 0.027873016893863678], "reward": 0.4557819696273863}