{"action": [0.699999988079071, -0.27479127049446106], "reward": 0.6368875153558512}