{"action": [0.699999988079071, 0.015026536770164967], "reward": 0.6112542969006469}