{"action": [0.699999988079071, 0.0054602231830358505], "reward": 0.6722484758176286}