{"action": [0.43586045503616333, -0.06623955816030502], "reward": 0.8310724234331337}