{"action": [0.699999988079071, -0.0002942956634797156], "reward": 0.6953755063100222}