{"action": [0.699999988079071, 0.008881615474820137], "reward": 0.6580369759702152}