{"action": [0.699999988079071, -0.00044997353688813746], "reward": 0.6106287877508236}