{"action": [0.699999988079071, 0.006044195033609867], "reward": 0.7833403345136309}