{"action": [0.699999988079071, 0.0050036972388625145], "reward": 0.7171153656837899}