{"action": [0.699999988079071, 0.009951816871762276], "reward": 0.6059972395899771}