{"action": [0.699999988079071, 0.010706603527069092], "reward": 0.6077470653633523}