{"action": [0.608066201210022, 0.01652076281607151], "reward": 0.7691036366857926}