{"action": [0.4762111008167267, 0.012836039066314697], "reward": 0.790416372034913}