{"action": [0.3898769021034241, 3.969216413679533e-05], "reward": 0.8800748521362841}