{"action": [0.46418124437332153, -0.012161706574261189], "reward": 0.7949789725750428}