{"action": [0.5785110592842102, -0.02388347126543522], "reward": 0.7879463136145461}