{"action": [0.5627791285514832, -0.15583771467208862], "reward": 0.7376319743167056}