{"action": [0.6524271965026855, -0.037007469683885574], "reward": 0.7088656650410444}