{"action": [0.5049755573272705, -0.16391870379447937], "reward": 0.6893171354263131}