{"action": [0.47975459694862366, -0.010700571350753307], "reward": 0.7935395517667513}