{"action": [0.699999988079071, 0.0016015453729778528], "reward": 0.6825558930424158}