{"action": [0.699999988079071, 0.021483488380908966], "reward": 0.6767941996070482}