{"action": [0.699999988079071, 0.0010306502226740122], "reward": 0.7435647797261498}