{"action": [0.653278648853302, -0.043753016740083694], "reward": 0.6806416944198059}