{"action": [0.699999988079071, 0.002562384121119976], "reward": 0.5253838716252082}