{"action": [0.5976151823997498, 0.800000011920929], "reward": 0.5206529614756777}