{"action": [0.13749510049819946, 0.008267761208117008], "reward": 0.4647587530300408}