{"action": [0.699999988079071, 9.350531036034226e-05], "reward": 0.8705397394020485}