{"action": [0.699999988079071, 0.014661726541817188], "reward": 0.3171713066881909}