{"action": [0.699999988079071, 0.02194461040198803], "reward": 0.2998295162341778}