{"action": [0.699999988079071, 0.0004339562146924436], "reward": 0.8994609145094813}