{"action": [0.699999988079071, 0.009753517806529999], "reward": 0.5321000513535089}