{"action": [0.699999988079071, 0.020346207544207573], "reward": 0.42370985501980607}