{"action": [0.699999988079071, 0.001612428342923522], "reward": 0.47778135701260777}