{"action": [0.699999988079071, -1.6254186903097434e-06], "reward": 0.9726348865429967}