{"action": [0.42632752656936646, 0.0215494092553854], "reward": 0.3892826709585543}