{"action": [0.699999988079071, -0.02009635977447033], "reward": -1.0244356848281897}