{"action": [0.699999988079071, -0.00017165731696877629], "reward": -2.4236253702246846}