{"action": [0.699999988079071, 0.00031965834205038846], "reward": 0.46741367272115936}