{"action": [0.699999988079071, -0.004012855235487223], "reward": 0.8768463266886375}