{"action": [0.38389331102371216, 0.0003520519530866295], "reward": 0.9485912119992593}