{"action": [0.699999988079071, 0.0016506569227203727], "reward": -2.0205279381840495}