{"action": [0.6217429041862488, 0.023267168551683426], "reward": -4.043859598036211}