{"action": [0.6273297667503357, 0.01988443359732628], "reward": -4.105563530216341}