{"action": [0.5877795815467834, -0.0009477772982791066], "reward": -3.8203269284839334}