{"action": [0.6487274765968323, -0.011142208240926266], "reward": -4.251325608753481}