{"action": [0.686455249786377, 0.0007996360654942691], "reward": -4.806199829438465}