{"action": [0.6458582878112793, 0.021635103970766068], "reward": -3.7396064500933726}