{"action": [0.699999988079071, 0.001083641778677702], "reward": -3.9877605346217835}