{"action": [0.38491979241371155, 0.0048698666505515575], "reward": 0.9062470965195749}