{"action": [0.610344409942627, -0.012902214191854], "reward": 0.7437986954850394}