{"action": [0.6613991260528564, -0.002259562723338604], "reward": -4.422714521563694}