{"action": [0.6481228470802307, -0.0012526606442406774], "reward": 0.7687623354461824}