{"action": [0.6473051905632019, -0.005300435703247786], "reward": 0.7040801931488188}