{"action": [0.699999988079071, 0.003700855653733015], "reward": 0.5067581649051282}