{"action": [0.5235563516616821, -0.0021948260255157948], "reward": 0.7655101138813554}