{"action": [0.509273111820221, -0.06409253180027008], "reward": 0.72483793214725}