{"action": [0.699999988079071, 0.0033303850796073675], "reward": 0.8207637652939987}