{"action": [0.5030949711799622, -0.07157929241657257], "reward": 0.7098941128385468}