{"action": [0.699999988079071, 0.014631649479269981], "reward": 0.6796826840960619}