{"action": [0.6795830726623535, -0.00023307910305447876], "reward": 0.7986855628842181}