{"action": [0.699999988079071, -0.015232442878186703], "reward": 0.42780755694835315}