{"action": [0.699999988079071, 0.01551290787756443], "reward": 0.6287489266296662}