{"action": [0.48469364643096924, -0.01856083609163761], "reward": 0.8141646237372556}