{"action": [0.5250659584999084, 0.044757016003131866], "reward": 0.447511334731646}