{"action": [0.699999988079071, 0.015390433371067047], "reward": 0.6200154837018715}