{"action": [0.5954062938690186, -0.24707718193531036], "reward": 0.7687784293466783}