{"action": [0.42785540223121643, -0.44233962893486023], "reward": 0.5700037091667858}