{"action": [0.699999988079071, -0.005043096840381622], "reward": 0.5327120922690548}