{"action": [0.699999988079071, 0.01891033723950386], "reward": 0.5929886947052639}