{"action": [0.699999988079071, 0.03285814821720123], "reward": 0.6381905642957616}