{"action": [0.6641290187835693, -0.1717076152563095], "reward": 0.7312431360299758}