{"action": [0.699999988079071, -0.2784755229949951], "reward": -0.0414315067898735}