{"action": [0.699999988079071, 0.006600337568670511], "reward": 0.36583662199493366}