{"action": [-1.0, 0.003188427770510316], "reward": -0.0003235524855624803}