{"action": [0.38624054193496704, 3.6623445339500904e-05], "reward": 0.7096471677681655}