{"action": [0.699999988079071, 0.1487368941307068], "reward": 0.5804044080972824}