{"action": [0.699999988079071, 0.02157837525010109], "reward": 0.6276336475646817}