{"action": [0.3808422088623047, -0.41313841938972473], "reward": 0.5556978212287876}