{"action": [0.699999988079071, 0.0031502742785960436], "reward": 0.0343198773013289}