{"action": [0.31693050265312195, 0.0005115231033414602], "reward": 0.46743368507410843}