{"action": [0.2588965892791748, -0.0049986280500888824], "reward": 0.41394711247567617}