{"action": [0.699999988079071, -0.009014329873025417], "reward": 0.7855912186454472}