{"action": [0.699999988079071, -0.0007657886017113924], "reward": 0.5544066628368159}