{"action": [0.699999988079071, -0.007165614981204271], "reward": 0.5256750211239093}