{"action": [0.699999988079071, 1.9371032976778224e-05], "reward": 0.6331084804182733}