{"action": [0.699999988079071, -0.0002680498582776636], "reward": 0.6047741636454013}