{"action": [0.699999988079071, 1.023882668960141e-05], "reward": 0.037720518208041086}