{"action": [0.4512539505958557, 0.003331702435389161], "reward": 0.8842979280923237}