{"action": [0.680635929107666, 0.017450351268053055], "reward": 0.7124681645838047}