{"action": [0.5197879672050476, 0.004229152575135231], "reward": 0.7844437581596653}