{"action": [0.699999988079071, 0.001346115954220295], "reward": 0.5661526083505428}