{"action": [0.41052550077438354, -0.160220667719841], "reward": 0.5482151024945925}