{"action": [0.5994624495506287, 0.004488803446292877], "reward": 0.7636316722942753}