{"action": [0.699999988079071, 5.00589612784097e-06], "reward": 0.5510652273462584}