{"action": [0.3712567687034607, -0.005714748986065388], "reward": 0.8208265301544361}