{"action": [0.699999988079071, 0.0036458726972341537], "reward": 0.5499205724921535}