{"action": [0.699999988079071, 0.001519121928140521], "reward": 0.44424458964084446}