{"action": [0.699999988079071, 0.0007874282309785485], "reward": 0.5757278187269147}