{"action": [0.699999988079071, 0.005083892960101366], "reward": 0.34659172853493253}