{"action": [0.54499751329422, 3.981590270996094e-05], "reward": 0.9054225829680282}