{"action": [0.32460060715675354, -0.05016680434346199], "reward": 0.7912507098947912}