{"action": [0.29433155059814453, -3.713112892000936e-05], "reward": 0.9641313023622791}