{"action": [0.699999988079071, -0.07017053663730621], "reward": 0.4367162838428245}