{"action": [0.6647093296051025, 0.0011417220812290907], "reward": 0.7867057791960824}