{"action": [0.699999988079071, -0.017894821241497993], "reward": 0.6978051638497547}