{"action": [0.620012640953064, 0.0012710358714684844], "reward": 0.8123656149723852}