{"action": [0.678835391998291, 0.0010058976477012038], "reward": 0.7595902981717257}