{"action": [0.5785427689552307, -0.009300650097429752], "reward": 0.7708515679991712}