{"action": [0.48694953322410583, -0.03239451348781586], "reward": 0.7885091943321102}