{"action": [0.5789487361907959, 0.0013857090380042791], "reward": 0.8088123670875572}