{"action": [0.699999988079071, -0.0031149820424616337], "reward": 0.6954825048773382}