{"action": [0.4310115575790405, -0.004353639669716358], "reward": 0.8402740392318455}