{"action": [0.6106729507446289, 0.0018092681420966983], "reward": 0.7982314651173749}