{"action": [0.699999988079071, -0.08410260826349258], "reward": 0.38849580847402754}