{"action": [0.6790350079536438, -0.00038829518598504364], "reward": 0.7391549361202402}