{"action": [0.699999988079071, -0.0010365562047809362], "reward": 0.4961156369709856}