{"action": [0.45420002937316895, 6.988882887526415e-06], "reward": 0.3972056841339982}