{"action": [0.699999988079071, -0.0550270639359951], "reward": 0.4441689615872979}