{"action": [0.4333013594150543, 0.000186564153409563], "reward": 0.4371076116885963}