{"action": [0.4418450593948364, 0.00010238468530587852], "reward": 0.4222321647848637}