{"action": [0.5663411021232605, -0.0031344552990049124], "reward": 0.8315016901362586}