{"action": [0.6784709095954895, 0.017276808619499207], "reward": 0.7151359575251466}