{"action": [0.699999988079071, -0.00245928973890841], "reward": 0.6905030099260042}