{"action": [0.40440070629119873, -4.560768502415158e-05], "reward": 0.7768425443857503}