{"action": [0.5436708331108093, 0.0014316458255052567], "reward": 0.771389411667735}