{"action": [0.4282962381839752, -2.9175578674767166e-05], "reward": 0.9530641318712672}