{"action": [0.5725525617599487, -0.0050705415196716785], "reward": 0.8083001965769153}