{"action": [0.6184554696083069, -0.0003463314787950367], "reward": 0.7810929265933425}