{"action": [0.699999988079071, -0.0028760635759681463], "reward": 0.5917944106318676}