{"action": [0.699999988079071, 0.006997349672019482], "reward": 0.593562455281347}