{"action": [0.5126982927322388, 0.0010127514833584428], "reward": 0.5751839143158438}