{"action": [0.699999988079071, -1.8139719031751156e-05], "reward": 0.45231616115730205}