{"action": [0.699999988079071, 0.00015561270993202925], "reward": 0.6036051627010734}