{"action": [0.36075806617736816, -0.0006452928064391017], "reward": 0.44732601483729795}