{"action": [0.5864216089248657, 0.002274504629895091], "reward": 0.8407302738865176}