{"action": [0.699999988079071, 0.0008708998211659491], "reward": 0.5980090059652381}