{"action": [0.699999988079071, 0.006832285318523645], "reward": 0.48969442831749566}