{"action": [0.03226615861058235, 0.012693660333752632], "reward": 0.47167130122337864}