{"action": [0.699999988079071, -0.0006887376075610518], "reward": 0.5727651782009326}