{"action": [0.699999988079071, -0.00543529586866498], "reward": 0.18734654722238778}