{"action": [0.699999988079071, -0.00316646252758801], "reward": 0.21311771435344132}