{"action": [0.699999988079071, -0.00522218830883503], "reward": 0.48658472208876785}