{"action": [0.5226924419403076, -0.18869413435459137], "reward": 0.6888774581900352}