{"action": [0.699999988079071, -0.0010611232137307525], "reward": 0.5188484337081427}