{"action": [-1.0, -0.0017555354861542583], "reward": 0.9215135353451823}