{"action": [0.699999988079071, -0.005573934875428677], "reward": 0.8468859367410491}