{"action": [0.699999988079071, -0.017066774889826775], "reward": 0.019932232024467752}