{"action": [0.699999988079071, 0.0007668090402148664], "reward": 0.7536609612937883}