{"action": [0.699999988079071, -0.003266586223617196], "reward": 0.9223687639319345}