{"action": [0.699999988079071, -0.005007302388548851], "reward": 0.8053238975916719}