{"action": [0.699999988079071, -0.0023067474830895662], "reward": 0.5005121751231636}