{"action": [0.699999988079071, -0.014855602756142616], "reward": 0.04610553746416093}