{"action": [0.699999988079071, 0.03899171203374863], "reward": 0.009225615790741465}