{"action": [0.699999988079071, 8.728784450795501e-05], "reward": 0.42529987100569777}