{"action": [0.5548818707466125, 0.00010505331010790542], "reward": 0.8417948585788928}