{"action": [0.699999988079071, 0.03924962133169174], "reward": 0.011712356707654244}