{"action": [0.5669986605644226, 0.0003604993689805269], "reward": 0.8295807809365267}