{"action": [0.697319746017456, 8.839559450279921e-05], "reward": 0.7386117405973047}