{"action": [0.699999988079071, 0.03846808522939682], "reward": 0.009600284999850429}