{"action": [0.5305554270744324, -0.00017550004122313112], "reward": 0.8290556531608261}