{"action": [0.5089971423149109, -0.0035164481960237026], "reward": 0.8426176607921804}