{"action": [0.5008051991462708, -0.00353224272839725], "reward": 0.856113113673648}