{"action": [0.5255110263824463, -0.001470150426030159], "reward": 0.8271669836724942}