{"action": [0.5612149238586426, -0.004366239067167044], "reward": 0.791488968459936}