{"action": [0.5790041089057922, -0.002908390248194337], "reward": 0.8322044333404184}