{"action": [0.24964788556098938, -0.0011376385809853673], "reward": 0.4574273367260175}