{"action": [0.4715946614742279, -0.0007508270791731775], "reward": 0.6620892633956561}