{"action": [-1.0, -0.004186901263892651], "reward": 0.8225926353016791}