{"action": [0.5036182403564453, -0.003527444787323475], "reward": 0.8493057024787016}