{"action": [0.3262820243835449, 0.0004109518777113408], "reward": 0.46699330240274506}