{"action": [-0.34929323196411133, 0.007740447763353586], "reward": 0.5952240579318852}