{"action": [0.699999988079071, 0.004516029264777899], "reward": 0.5549003266901893}