{"action": [0.699999988079071, -0.003123046364635229], "reward": 0.4695133287812213}