{"action": [0.3278964161872864, 0.00041393295396119356], "reward": 0.4634324472874353}