{"action": [0.31772541999816895, 0.0003733508347067982], "reward": 0.46994793058818757}