{"action": [0.699999988079071, -0.02197282575070858], "reward": 0.4465214906642369}