{"action": [0.3375369608402252, 0.06127333268523216], "reward": 0.7023671283128662}