{"action": [0.4429062008857727, 0.2852203845977783], "reward": 0.48040641878852974}