{"action": [0.34784451127052307, 0.05477678403258324], "reward": 0.7108512069923034}