{"action": [0.699999988079071, -0.020083777606487274], "reward": 0.4298797931401437}