{"action": [0.699999988079071, -3.2913623726926744e-05], "reward": -0.17515961835478608}