{"action": [0.17459718883037567, -0.005688915960490704], "reward": 0.47443806372441605}