{"action": [0.699999988079071, -0.00018204910156782717], "reward": -0.6549275042308691}