{"action": [0.699999988079071, -0.0064154271967709064], "reward": 0.4716307988747276}