{"action": [0.43169546127319336, 0.19151026010513306], "reward": 0.39759131647377227}