{"action": [0.699999988079071, -0.01417224109172821], "reward": 0.5882982532930805}