{"action": [0.699999988079071, 0.0009416168904863298], "reward": -1.1302756235322664}