{"action": [0.462846577167511, 0.03656107932329178], "reward": 0.38525559374573964}