{"action": [-1.0, 0.010385594330728054], "reward": -0.001530199467656184}