{"action": [0.5074477195739746, 0.01886243373155594], "reward": 0.3552730586776245}