{"action": [-1.0, 0.009172027930617332], "reward": -0.0011845075041897735}