{"action": [0.699999988079071, 0.002452861052006483], "reward": -1.0684245133576427}