{"action": [0.3528047502040863, -0.0008086505113169551], "reward": 0.4602324893722162}