{"action": [-1.0, 0.00039862055564299226], "reward": 0.0012005354387821857}