{"action": [-1.0, 0.00029078376246616244], "reward": 0.22898015494634852}