{"action": [0.04386789724230766, -0.003168121911585331], "reward": 0.5195756874209548}