{"action": [0.43978360295295715, -0.0010495035676285625], "reward": 0.4282577246131398}