{"action": [0.699999988079071, 0.000458987255115062], "reward": -2.1911500018234347}