{"action": [0.699999988079071, 0.0104434909299016], "reward": 0.002459343996068437}