{"action": [0.699999988079071, 0.0004311443190090358], "reward": -2.3536797428942355}