{"action": [0.699999988079071, 0.009805264882743359], "reward": 0.150820718388259}