{"action": [-1.0, 0.00040183955570682883], "reward": 0.0005268978634070318}