{"action": [0.699999988079071, 0.00402307091280818], "reward": 0.36211242921103787}