{"action": [0.699999988079071, -0.00025218105292879045], "reward": 0.6090322799975061}