{"action": [-0.44758445024490356, -0.0013923302758485079], "reward": 0.5997326337115321}