{"action": [0.699999988079071, 0.0029207533225417137], "reward": 0.48076135641033796}