{"action": [0.699999988079071, 0.0005302245845086873], "reward": 0.0017985948072809048}