{"action": [-1.0, 0.0005295269074849784], "reward": 0.0001546500308541519}