{"action": [-1.0, -0.0044721076264977455], "reward": 0.9186237755985618}