{"action": [0.699999988079071, -0.0006916736019775271], "reward": 0.06177120025606173}