{"action": [0.5606638789176941, 0.008275282569229603], "reward": 0.7697104181375402}