{"action": [0.699999988079071, 0.1566792130470276], "reward": 0.4390018372596262}