{"action": [0.699999988079071, 0.2697761356830597], "reward": 0.38603172377772343}