{"action": [0.34349551796913147, -0.0025140028446912766], "reward": 0.44546677250681244}