{"action": [0.699999988079071, -0.0007388435769826174], "reward": 0.49352936752333176}