{"action": [0.699999988079071, 0.0036351478192955256], "reward": 0.6429228523027505}