{"action": [0.6638849973678589, 0.004073382820934057], "reward": 0.7496202315729377}