{"action": [0.699999988079071, 0.004724001046270132], "reward": 0.7087078099144224}