{"action": [0.699999988079071, 0.001208632718771696], "reward": 0.6785256967438786}