{"action": [0.489614337682724, -0.00759229576215148], "reward": 0.37504531797038754}