{"action": [0.5673885941505432, -0.008610936813056469], "reward": 0.7869577367796828}