{"action": [0.5605809688568115, -0.00409978860989213], "reward": 0.8086676972649347}