{"action": [0.5249683856964111, -2.0937382942065597e-05], "reward": 0.871906120751691}