{"action": [0.5223416090011597, -0.0005852972390130162], "reward": 0.8157581504585479}