{"action": [0.5698833465576172, -0.00821223109960556], "reward": 0.7960653016474277}