{"action": [0.522614061832428, -0.0007731934892944992], "reward": 0.8087309352477469}