{"action": [0.5075138807296753, -0.0038884058594703674], "reward": 0.8079862594322011}