{"action": [0.5642825961112976, 0.0003762881096918136], "reward": 0.8353749923236912}