{"action": [0.5524256825447083, -0.004444444552063942], "reward": 0.7917959565755146}