{"action": [0.48525628447532654, 0.0023864787071943283], "reward": 0.8862685914443962}