{"action": [0.699999988079071, 0.025842932984232903], "reward": 0.034009959435044736}