{"action": [-1.0, 0.02557341195642948], "reward": -0.0023159252441571046}