{"action": [0.699999988079071, 0.02529711090028286], "reward": 0.000858296998623794}