{"action": [-1.0, 0.02659491077065468], "reward": -0.0017875500704029614}