{"action": [0.699999988079071, 0.027247730642557144], "reward": 0.06585257883521248}