{"action": [0.699999988079071, 0.025788556784391403], "reward": 0.08949883739178577}