{"action": [0.699999988079071, 7.96031963545829e-05], "reward": 0.9333293447596674}