{"action": [-1.0, 0.012614757753908634], "reward": -0.00168517571103193}