{"action": [0.699999988079071, 0.022045152261853218], "reward": 0.021715522280405526}