{"action": [-1.0, 0.012607783079147339], "reward": -0.0018445116102718425}