{"action": [0.4918179214000702, -0.00022443330090027303], "reward": 0.8668262514898945}