{"action": [0.699999988079071, 0.012848911806941032], "reward": 0.0457233160121011}