{"action": [0.6492986083030701, 0.0005276610609143972], "reward": 0.7968352141767591}