{"action": [0.6557105183601379, -6.289404700510204e-05], "reward": 0.7793692146078086}