{"action": [0.5731828808784485, -6.854868115624413e-05], "reward": 0.8283086523685738}