{"action": [0.699999988079071, 0.008658837527036667], "reward": 0.47720449567836704}