{"action": [0.699999988079071, 0.001216581673361361], "reward": 0.7100031331343024}