{"action": [0.699999988079071, 0.012260809540748596], "reward": 0.27532128571907627}