{"action": [0.5975216031074524, -0.008157270960509777], "reward": 0.76001378683075}