{"action": [0.699999988079071, 0.006755176465958357], "reward": 0.5119859387779045}