{"action": [0.5829250812530518, -0.00015994912246242166], "reward": 0.8160512143143912}