{"action": [0.498221755027771, -0.00024996697902679443], "reward": 0.8745910808309206}