{"action": [0.605231761932373, -2.2466178961622063e-06], "reward": 0.7321664096202041}