{"action": [0.47018712759017944, -0.005533699877560139], "reward": 0.8618738050813344}