{"action": [0.6676565408706665, -0.005207696929574013], "reward": 0.8000739012773405}