{"action": [0.488497257232666, 0.00014180260768625885], "reward": 0.8938031479500599}