{"action": [0.3313661813735962, 0.0006740163662470877], "reward": 0.9305698193553406}