{"action": [0.699999988079071, 0.0002187148347729817], "reward": 0.4728161750277788}