{"action": [0.699999988079071, 0.026071500033140182], "reward": 0.48963614515424336}