{"action": [0.4417071044445038, 0.0013073431327939034], "reward": 0.8047358327119271}