{"action": [0.699999988079071, -0.003961268812417984], "reward": -1.958990273272531}