{"action": [0.43167775869369507, -3.655314912975882e-06], "reward": 0.963542728149078}