{"action": [0.5068957805633545, 1.6194879208342172e-05], "reward": 0.7912639325758616}