{"action": [0.48127835988998413, 0.0034936992451548576], "reward": 0.7778793162897483}