{"action": [0.46794670820236206, -5.575078830588609e-05], "reward": 0.9070593550247292}