{"action": [0.44435638189315796, -7.44903736631386e-05], "reward": 0.9211073964878518}