{"action": [0.5270971059799194, -0.004088251851499081], "reward": 0.8559249274253937}