{"action": [0.3796542286872864, -0.004414748400449753], "reward": 0.9052639919186135}