{"action": [0.18680261075496674, -0.010930221527814865], "reward": 0.3940515020852433}