{"action": [-1.0, -0.0026401234790682793], "reward": -0.00039387658852016867}