{"action": [0.699999988079071, -0.012487472966313362], "reward": 0.078848443105039}