{"action": [0.699999988079071, 0.023963814601302147], "reward": 0.35233766383895}