{"action": [0.38395845890045166, -0.012278322130441666], "reward": 0.4652199260936612}