{"action": [0.5029776096343994, -0.012404616922140121], "reward": 0.43205498390647673}