{"action": [0.699999988079071, -0.012511646375060081], "reward": 0.16021588060453326}