{"action": [0.24056129157543182, 0.003909356892108917], "reward": 0.33462890835453335}