{"action": [0.5683028697967529, -0.012553446926176548], "reward": 0.40004280323327035}