{"action": [-0.10206660628318787, -0.010257535614073277], "reward": 0.3819535887972467}