{"action": [0.6176211833953857, -0.0006492154789157212], "reward": 0.360586440063714}