{"action": [0.4359428286552429, -0.007588985841721296], "reward": 0.5139999291329844}