{"action": [0.44205307960510254, -0.009276187047362328], "reward": 0.4964901025836075}