{"action": [0.37658262252807617, -0.005156814586371183], "reward": 0.4605807821328694}