{"action": [0.453058123588562, -0.005442874971777201], "reward": 0.38775674177632374}