{"action": [0.5348330140113831, 5.270794645184651e-08], "reward": 0.8397459595627847}