{"action": [0.22137343883514404, 1.082923245121492e-05], "reward": 0.8520270058459536}