{"action": [-1.0, -0.0031052702106535435], "reward": -0.0004655843794803775}