{"action": [-1.0, -0.003083273535594344], "reward": -0.00046202709265743413}