{"action": [-1.0, -0.0030650326516479254], "reward": -0.00045970900577380297}