{"action": [-1.0, -0.0031578473281115294], "reward": -0.0004735196830350715}