{"action": [-1.0, -0.0031578473281115294], "reward": -0.00047363680729993344}