{"action": [0.5146127939224243, 0.00020607751503121108], "reward": 0.5473802517330567}