{"action": [-1.0, -0.0031841357704252005], "reward": -0.00047743940304325954}