{"action": [0.699999988079071, 0.008951290510594845], "reward": 0.4820829120028369}