{"action": [0.699999988079071, 0.015103462152183056], "reward": 0.47998465010085806}