{"action": [0.31702008843421936, -0.00012082177272532135], "reward": 0.45828849670994853}