{"action": [0.2665614187717438, 0.008868832141160965], "reward": 0.651555793722424}