{"action": [0.699999988079071, 0.0007166831055656075], "reward": 0.7052857973545139}