{"action": [0.699999988079071, -0.002758824499323964], "reward": 0.28435732079666337}