{"action": [0.699999988079071, -0.0032212643418461084], "reward": 0.05147538436842357}