{"action": [0.699999988079071, -0.003110745456069708], "reward": 0.0009995577331872502}