{"action": [0.699999988079071, -0.0031342715956270695], "reward": 0.3469769338100914}