{"action": [0.699999988079071, 0.002741021104156971], "reward": 0.5273271260825182}