{"action": [0.3472881615161896, -3.855770773952827e-05], "reward": 0.47120891306231166}