{"action": [-1.0, -0.0030762990936636925], "reward": 1.2001179157151824e-05}