{"action": [0.4483942985534668, 9.438955748919398e-05], "reward": 0.9416413077200741}