{"action": [0.03813822567462921, 0.0007198106031864882], "reward": 0.5408484299499421}