{"action": [0.5238398909568787, -0.27840352058410645], "reward": 0.8519529748012984}