{"action": [0.699999988079071, -0.10076030343770981], "reward": 0.5182855444653806}