{"action": [0.32351410388946533, 0.00022478045138996094], "reward": 0.9114619898101654}