{"action": [0.699999988079071, -0.0009904608596116304], "reward": 0.7571870364511015}