{"action": [0.699999988079071, -0.276623010635376], "reward": 0.6310772887909463}