{"action": [0.699999988079071, 0.0009314326453022659], "reward": 0.4882425114331858}