{"action": [0.699999988079071, -0.04742679372429848], "reward": 0.658508319465915}