{"action": [0.699999988079071, -0.25597748160362244], "reward": 0.48308546897556665}