{"action": [0.699999988079071, 0.0008588495547883213], "reward": 0.5391084323160509}