{"action": [0.699999988079071, -0.008698247373104095], "reward": 0.651920660353553}