{"action": [0.6035327911376953, 0.000671404879540205], "reward": 0.9638803936454087}