{"action": [0.5865073800086975, 0.004460356663912535], "reward": 0.720588870539419}