{"action": [0.6509771347045898, 0.00025830959202721715], "reward": 0.8085292413957247}