{"action": [0.699999988079071, 0.0008723793434910476], "reward": 0.7412874780925097}