{"action": [0.699999988079071, -0.013018438592553139], "reward": 0.6250005995244877}