{"action": [0.6298946738243103, 0.0018034969689324498], "reward": 0.7493157323074243}