{"action": [0.699999988079071, 0.0007799888262525201], "reward": 0.834908345378356}