{"action": [0.3186742067337036, -0.007323702331632376], "reward": 0.9250342091829141}