{"action": [0.5114399790763855, -0.005779225844889879], "reward": 0.8455811323784003}