{"action": [0.4956851899623871, -0.01716380938887596], "reward": 0.7382625601719734}