{"action": [0.699999988079071, -0.0006404278101399541], "reward": 0.6776397093087212}