{"action": [0.6322177052497864, 0.0006865289178676903], "reward": 0.9654380562600424}