{"action": [0.5219565629959106, -0.0002446310536470264], "reward": 0.7073147472271796}