{"action": [-0.03454415500164032, 0.0006204708479344845], "reward": 0.8155173695551408}