{"action": [0.436876118183136, -0.004325446672737598], "reward": 0.8803755521509582}