{"action": [0.5109128952026367, 0.00047266107867471874], "reward": 0.8715145731251434}