{"action": [0.699999988079071, -0.0015049248468130827], "reward": 0.6203669153383377}