{"action": [-0.7649227380752563, 3.0468225304502994e-05], "reward": 0.6744080452593358}