{"action": [0.5923311710357666, -0.0006775576039217412], "reward": 0.8452117234610327}