{"action": [-0.46478328108787537, 3.7023306504124776e-05], "reward": 0.5937447929848408}