{"action": [0.5859500765800476, 1.0821819387274445e-06], "reward": 0.7756191372881619}