{"action": [0.699999988079071, -0.0018474628450348973], "reward": 0.0008071438754935776}