{"action": [0.23616917431354523, 0.0006215832545422018], "reward": 0.4998426199933648}