{"action": [0.699999988079071, -0.0018615860026329756], "reward": 0.0002788793211512151}