{"action": [0.699999988079071, -0.0010507656261324883], "reward": 0.7069177664261027}