{"action": [0.699999988079071, -0.0017481178510934114], "reward": 0.3098645558387907}