{"action": [0.4806421399116516, 0.00023119128309190273], "reward": 0.9018279919217747}