{"action": [-1.0, 0.002765128156170249], "reward": -0.0004142483682715865}