{"action": [-1.0, 0.002758690156042576], "reward": -0.00041357023538796}