{"action": [-1.0, 0.0027619092725217342], "reward": -0.00041391387627291774}