{"action": [0.47673845291137695, 0.0008543477160856128], "reward": 0.41748197375816}