{"action": [-1.0, 0.002758690156042576], "reward": -0.0004130951967948576}