{"action": [0.699999988079071, -0.0011368875857442617], "reward": 0.5496827647474718}