{"action": [0.699999988079071, 0.05766313523054123], "reward": -0.00864934850684423}