{"action": [-1.0, 0.002757617272436619], "reward": -0.0004133178827290193}