{"action": [-1.0, 0.0027619092725217342], "reward": -0.00041411607496141573}