{"action": [-1.0, 0.002757617272436619], "reward": -0.0004122081526981085}