{"action": [0.699999988079071, -0.00772849190980196], "reward": 0.6992030151878237}