{"action": [0.699999988079071, -0.00692127738147974], "reward": 0.6295836150483272}