{"action": [-1.0, 0.002760299714282155], "reward": -0.00041380684773702865}