{"action": [0.5296550989151001, -0.006983313709497452], "reward": 0.8156678624720849}