{"action": [0.5518777966499329, -0.010980543680489063], "reward": 0.7754035525365317}