{"action": [0.6668696403503418, -0.002673822222277522], "reward": 0.7458185805537825}