{"action": [0.699999988079071, 0.5516988039016724], "reward": 0.14142638199205257}