{"action": [0.699999988079071, 0.4851548671722412], "reward": 0.36358238531176057}