{"action": [0.600749671459198, -0.013184222392737865], "reward": 0.7506963997305794}