{"action": [0.699999988079071, -0.0034779708366841078], "reward": 0.6257619122453699}