{"action": [0.6293202042579651, 0.800000011920929], "reward": 0.5401841842680042}