{"action": [0.6770100593566895, 0.022686459124088287], "reward": 0.6735291594432372}