{"action": [0.699999988079071, -0.01769939996302128], "reward": 0.6588849386669904}