{"action": [0.6645159125328064, 0.005053228698670864], "reward": 0.7086868774258223}