{"action": [0.699999988079071, -0.0028781837318092585], "reward": 0.7010021053612986}