{"action": [0.699999988079071, -0.0008929699542932212], "reward": 0.7284171968808445}