{"action": [0.3792246878147125, -0.0025908101815730333], "reward": 0.9377044565289346}