{"action": [0.659383237361908, 0.00269993394613266], "reward": 0.733841511206737}