{"action": [0.699999988079071, 0.13115905225276947], "reward": 0.6666793842381429}