{"action": [0.38756152987480164, 0.008182468824088573], "reward": 0.425128716058385}