{"action": [0.5088106393814087, 0.010172657668590546], "reward": 0.7387926999644575}