{"action": [0.6619004011154175, 0.003014148212969303], "reward": 0.7960075764178157}