{"action": [0.5583057999610901, 0.000502601673360914], "reward": 0.4004444096607185}