{"action": [0.39518192410469055, 0.007147366181015968], "reward": 0.42947070709617957}