{"action": [0.49037307500839233, 0.010034751147031784], "reward": 0.7506124285439519}