{"action": [-0.09285666793584824, 0.00680916290730238], "reward": 0.4988374841819541}