{"action": [-1.0, -0.0020950380712747574], "reward": -0.00031359978628973294}