{"action": [-1.0, -0.002099330071359873], "reward": -0.0003146659901747951}