{"action": [-1.0, -0.0020987933967262506], "reward": -0.000314495086839508}