{"action": [-1.0, -0.002095574513077736], "reward": -0.0003140629415036769}