{"action": [0.5217376351356506, -0.004714512266218662], "reward": 0.8271289073468553}