{"action": [0.34908172488212585, -0.008370819501578808], "reward": 0.4621015878528085}