{"action": [0.6382425427436829, -0.013140370137989521], "reward": 0.5203783090729472}