{"action": [0.699999988079071, -0.006207894068211317], "reward": 0.4519208904506952}