{"action": [0.585756242275238, -0.005448644049465656], "reward": 0.7830615055096715}