{"action": [0.4704449772834778, -0.0018724837573245168], "reward": 0.8414914537847511}