{"action": [0.5240601897239685, -0.002822697628289461], "reward": 0.8477510644439173}