{"action": [0.5571777820587158, 0.020079636946320534], "reward": 0.753621137729384}