{"action": [0.6565166711807251, 0.07497989386320114], "reward": 0.6367069363651925}