{"action": [0.6683288216590881, 0.800000011920929], "reward": 0.25467306765297687}