{"action": [0.4676724076271057, 0.16906078159809113], "reward": 0.40549280959906703}