{"action": [0.46629828214645386, 0.13889087736606598], "reward": 0.5168869334855047}