{"action": [0.569804310798645, 0.49070122838020325], "reward": 0.47800848662838796}