{"action": [0.6349152326583862, -0.00035116486833430827], "reward": 0.7801038806428632}