{"action": [0.4561408460140228, 0.25188541412353516], "reward": 0.47029319103460776}