{"action": [0.5803125500679016, 0.008574138395488262], "reward": 0.7154533001740552}