{"action": [0.5733348727226257, 0.05298105254769325], "reward": 0.6729253637198452}