{"action": [0.6985402703285217, -0.00013066851533949375], "reward": 0.710434549756978}