{"action": [0.4487563371658325, 0.3898922801017761], "reward": 0.5418918220053149}