{"action": [0.699999988079071, -0.0016889419639483094], "reward": 0.4553756072335928}