{"action": [0.49194157123565674, -9.50280882534571e-05], "reward": 0.900107014387958}