{"action": [0.6199147701263428, 1.759291194503021e-06], "reward": 0.8587586707092728}