{"action": [0.699999988079071, 2.808273166010622e-06], "reward": 0.7554878252871602}