{"action": [0.4859275221824646, 1.7788419199860073e-06], "reward": 0.9194312866153965}