{"action": [0.699999988079071, -0.03493626043200493], "reward": 0.4186904862213982}