{"action": [0.48658525943756104, -0.0008616872364655137], "reward": 0.8251981122937909}