{"action": [0.4450475573539734, 1.2571822480822448e-06], "reward": 0.9328140078807388}