{"action": [0.613452672958374, -0.010584304109215736], "reward": 0.725819419421247}