{"action": [0.6127898097038269, 0.006458604708313942], "reward": 0.7249182757490934}