{"action": [0.699999988079071, 0.008200759068131447], "reward": 0.011619249680639923}