{"action": [0.699999988079071, 0.008907263167202473], "reward": 0.5479491466583957}