{"action": [-1.0, 0.008035718463361263], "reward": -0.00021913311373071911}