{"action": [-1.0, 0.009896841831505299], "reward": 0.42653865104799454}