{"action": [0.699999988079071, 0.008070583455264568], "reward": -0.00034435665061782956}