{"action": [0.5214014649391174, -0.0008842336246743798], "reward": 0.8881534848953442}