{"action": [0.21795527637004852, -0.0019175090128555894], "reward": 0.958539469211177}