{"action": [0.5059736371040344, 0.00035941367968916893], "reward": 0.8492720619332652}