{"action": [0.699999988079071, 0.10046327859163284], "reward": 0.012480383200926535}