{"action": [0.4725099802017212, -0.0004589737509377301], "reward": 0.8198668662305834}