{"action": [0.5519821047782898, -0.002928268862888217], "reward": 0.8250752556336225}