{"action": [0.699999988079071, 0.0006435168324969709], "reward": 0.7194287302575448}