{"action": [0.5325616598129272, -0.0027105535846203566], "reward": 0.8206408238768592}