{"action": [0.699999988079071, 0.0949307531118393], "reward": -0.01423959357974842}