{"action": [0.6650668382644653, -0.009235325269401073], "reward": 0.326423122031755}