{"action": [0.699999988079071, -1.4454006304731593e-05], "reward": 0.6334907375320633}