{"action": [0.4674162268638611, -0.0017622290179133415], "reward": 0.9052425335693459}