{"action": [-1.0, -0.00928147416561842], "reward": -0.0010117429212189934}