{"action": [0.6240672469139099, 0.0006106087239459157], "reward": 0.820917884855072}