{"action": [0.6810097098350525, 0.000569813943002373], "reward": 0.7817547599508262}