{"action": [0.5277539491653442, 9.710043377708644e-05], "reward": 0.8294886569250058}