{"action": [0.5375400185585022, 0.014935179613530636], "reward": 0.7772701324248688}