{"action": [0.699999988079071, 0.0064788637682795525], "reward": 0.692016061804066}