{"action": [0.4157242774963379, -0.0026517948135733604], "reward": 0.8866120175060755}