{"action": [0.6343181133270264, -0.00040756462840363383], "reward": 0.7359860596468711}