{"action": [0.44759073853492737, -0.002914822893217206], "reward": 0.899933621094027}