{"action": [0.699999988079071, 0.03823823481798172], "reward": 0.5278501700338278}