{"action": [0.699999988079071, 0.2627461850643158], "reward": 0.33007277000120394}