{"action": [0.6559070348739624, 0.008273724466562271], "reward": 0.7524020737544501}