{"action": [0.5556979775428772, -0.0005737061146646738], "reward": 0.8235322457733477}