{"action": [0.42999061942100525, -0.0060835955664515495], "reward": 0.8208628264670133}