{"action": [0.5102707743644714, 0.00018876152171287686], "reward": 0.7760736018568629}