{"action": [0.6630464792251587, -0.0018645451636984944], "reward": 0.6743597603990266}