{"action": [0.5443339943885803, -0.0034642331302165985], "reward": 0.8003201558170879}