{"action": [0.4951246380805969, 0.47817185521125793], "reward": 0.48280003435869556}