{"action": [0.480514794588089, 0.08977960050106049], "reward": 0.6910135727713945}