{"action": [0.4661569893360138, 0.2683437168598175], "reward": 0.17069716524263479}