{"action": [0.4657948911190033, 0.008713279850780964], "reward": 0.8411362105978969}