{"action": [0.24061369895935059, -0.0029982351697981358], "reward": 0.48053160616586577}