{"action": [-1.0, -0.019434763118624687], "reward": -0.002849242963024588}