{"action": [-1.0, -0.00024893664522096515], "reward": 0.18603512522133028}