{"action": [0.1885189414024353, 0.001360268797725439], "reward": 0.3800043526607316}