{"action": [0.4703194499015808, 0.035431601107120514], "reward": 0.7924226541471125}