{"action": [0.4588204026222229, 0.007897165603935719], "reward": 0.842888710976827}