{"action": [0.06751620769500732, 0.04245806112885475], "reward": -0.0035688010378717235}