{"action": [0.699999988079071, 0.005302517209202051], "reward": 0.32404991989543125}