{"action": [-1.0, -0.01675708405673504], "reward": -0.0025109213460592075}