{"action": [0.699999988079071, -0.016792453825473785], "reward": 0.024592123473656004}