{"action": [0.699999988079071, -0.0019420447060838342], "reward": 0.5998339606169207}