{"action": [0.699999988079071, 0.005308458115905523], "reward": 0.14478806224144547}