{"action": [0.615028440952301, 0.0049753752537071705], "reward": 0.5357430642381558}