{"action": [0.699999988079071, 0.00551431393250823], "reward": 0.26754489389099184}