{"action": [0.699999988079071, -3.121948248008266e-05], "reward": 0.6268804393823538}