{"action": [0.5035274028778076, -8.465820428682491e-05], "reward": 0.8376366210686008}