{"action": [0.699999988079071, -1.3638199561682995e-05], "reward": 0.6825415855129353}