{"action": [0.44956323504447937, -0.002172858687117696], "reward": 0.9126912615214285}