{"action": [0.45480382442474365, 0.00019702005374711007], "reward": 0.9060659217878733}