{"action": [0.46482735872268677, -0.00036820978857576847], "reward": 0.8897177789855327}