{"action": [0.47005701065063477, -0.00019544981478247792], "reward": 0.8920707566037821}