{"action": [0.4755134880542755, 0.0002967151813209057], "reward": 0.899329075840279}