{"action": [0.2531232535839081, 0.004614860285073519], "reward": 0.571808581569776}