{"action": [0.5469008684158325, 0.00016843283083289862], "reward": 0.8176537522499042}