{"action": [0.5385671854019165, 9.780287655303255e-06], "reward": 0.8720384071860233}