{"action": [0.4677351713180542, -0.0003295447095297277], "reward": 0.8895518627658766}