{"action": [0.699999988079071, 1.1893570444954094e-05], "reward": 0.7978146719381423}