{"action": [0.6020394563674927, -0.0016677200328558683], "reward": 0.8155291289420149}