{"action": [0.5597990155220032, -0.0013668232131749392], "reward": 0.8415576765742593}