{"action": [0.4345476031303406, 4.929399801767431e-05], "reward": 0.9317299800761208}