{"action": [0.5683397054672241, 0.00102149392478168], "reward": 0.4237940974695356}