{"action": [-1.0, 0.0015547811053693295], "reward": -0.0002324857914066777}