{"action": [-0.865675687789917, 0.012750712223351002], "reward": 0.7116569699903895}