{"action": [0.2505895793437958, 0.0002250520046800375], "reward": 0.48736954964571544}