{"action": [0.699999988079071, 0.0007688612677156925], "reward": 0.34744571697079546}