{"action": [0.3363477885723114, 0.0013742037117481232], "reward": 0.4566697107048266}