{"action": [0.699999988079071, -0.014692811295390129], "reward": 0.4394722251123133}