{"action": [0.699999988079071, -0.009985411539673805], "reward": 0.44469353327187366}