{"action": [0.060710303485393524, -0.011807574890553951], "reward": 0.47418776712177974}