{"action": [0.699999988079071, 0.003897099057212472], "reward": 0.41124333280964165}