{"action": [0.699999988079071, -0.009340204298496246], "reward": 0.46798687050265}