{"action": [0.699999988079071, 0.006237730383872986], "reward": 0.7379193009211789}