{"action": [0.699999988079071, 0.010216576047241688], "reward": 0.5003106990715508}