{"action": [0.699999988079071, 0.0070174760185182095], "reward": 0.6086022411169354}