{"action": [-0.48310548067092896, 0.006279270630329847], "reward": 0.6448998303014307}