{"action": [0.699999988079071, 0.09302451461553574], "reward": -0.0139037329228005}