{"action": [0.699999988079071, 0.016425441950559616], "reward": 0.5473613354246599}