{"action": [0.699999988079071, 0.0005766779650002718], "reward": 0.7391417975859332}