{"action": [0.699999988079071, 0.09214483201503754], "reward": -0.013803065962966406}