{"action": [0.699999988079071, 0.0964505597949028], "reward": -0.014467548797280561}