{"action": [0.699999988079071, -0.0015684575773775578], "reward": 0.9332001399257005}