{"action": [0.699999988079071, 0.09492377936840057], "reward": -0.014236475448638387}