{"action": [0.3948909044265747, -0.001872371882200241], "reward": 0.9492394283320282}