{"action": [0.6110586524009705, -0.004343586973845959], "reward": 0.7369303213702981}