{"action": [0.2951919138431549, -6.323931756924139e-06], "reward": 0.454705380617187}