{"action": [0.699999988079071, -0.008615999482572079], "reward": 0.4214934420971708}