{"action": [0.699999988079071, -0.007997620850801468], "reward": 0.6534254919645197}