{"action": [0.18908058106899261, -0.01756136119365692], "reward": 0.874272952813218}