{"action": [0.6344369053840637, -0.006202946417033672], "reward": 0.7273671454649695}