{"action": [-1.0, 2.2533058654516935e-05], "reward": 0.2864437851221622}