{"action": [-1.0, 8.798622729955241e-05], "reward": 1.1487541733864955e-05}