{"action": [0.6752055883407593, -0.0021008083131164312], "reward": 0.9484651341409087}