{"action": [0.699999988079071, -0.00927292462438345], "reward": 0.3908694948503557}