{"action": [0.6129240989685059, -0.002057925332337618], "reward": 0.9487395351748994}