{"action": [-1.0, 8.959573460742831e-05], "reward": 1.2861794480132703e-05}