{"action": [0.4086359739303589, 0.0017156583489850163], "reward": 0.6580621837524752}