{"action": [0.699999988079071, 0.012112871743738651], "reward": 0.43593748181548}