{"action": [0.699999988079071, 0.006417879369109869], "reward": 0.3438469670585892}