{"action": [0.058135487139225006, 0.010030223987996578], "reward": 0.5402141087847139}