{"action": [0.699999988079071, 0.01093351375311613], "reward": 0.5299366471413949}