{"action": [0.5827056169509888, 0.3117577135562897], "reward": 0.49635874948646586}