{"action": [0.5026556849479675, 1.1146188626298681e-05], "reward": 0.854632631453589}