{"action": [0.699999988079071, 0.011546404100954533], "reward": 0.6295808935504239}