{"action": [0.4243440628051758, -0.0005459632957354188], "reward": 0.9324432086352495}