{"action": [0.699999988079071, -0.0020844275131821632], "reward": 0.3450216009750202}