{"action": [0.6022399663925171, -0.0012417053803801537], "reward": 0.7484990581424155}