{"action": [0.699999988079071, -0.0011546113528311253], "reward": 0.6879325052094192}