{"action": [0.3176841139793396, 0.0001655615633353591], "reward": 0.46629784501959726}