{"action": [0.6233410835266113, -0.00018749854643829167], "reward": 0.8368423292957341}