{"action": [0.5658326745033264, 0.00010847967496374622], "reward": 0.8894392611361304}