{"action": [0.699999988079071, 0.003806177992373705], "reward": 0.5047667194508069}