{"action": [0.5567483305931091, 0.0035843506921082735], "reward": 0.8687256929233395}