{"action": [0.5041635632514954, 0.009512710385024548], "reward": 0.7554157413258917}