{"action": [0.4635855257511139, 0.009289869107306004], "reward": 0.7558287537019615}