{"action": [0.5019199252128601, 0.024571724236011505], "reward": 0.41087766942265636}