{"action": [0.699999988079071, 0.031761474907398224], "reward": 0.3282098064425001}