{"action": [0.4283897280693054, 0.39539721608161926], "reward": 0.6328562633462987}