{"action": [0.44609662890434265, 0.3397250771522522], "reward": 0.37435208949846144}