{"action": [0.699999988079071, 0.014092226512730122], "reward": 0.7340550224528223}