{"action": [0.699999988079071, -4.329717194195837e-05], "reward": 0.6914380028087808}