{"action": [0.40591949224472046, -0.0007084922399371862], "reward": 0.9097413758271438}