{"action": [0.44794437289237976, -0.007770184427499771], "reward": 0.8395624788061316}