{"action": [0.38993075489997864, -0.06051850691437721], "reward": 0.8894706897375979}