{"action": [0.40909966826438904, -0.09714611619710922], "reward": 0.8497132201917073}