{"action": [0.699999988079071, -0.16441665589809418], "reward": 0.5472233598325325}