{"action": [0.48930221796035767, -0.32323378324508667], "reward": 0.705404071435124}