{"action": [0.699999988079071, -0.3323303759098053], "reward": 0.6201427037825329}