{"action": [0.699999988079071, -0.7977203130722046], "reward": 0.31669824242916744}