{"action": [0.699999988079071, -0.46372532844543457], "reward": 0.46678187443306185}