{"action": [0.699999988079071, -0.0020039353985339403], "reward": 0.6615570530591495}