{"action": [0.3520769774913788, -0.00011676835856633261], "reward": 0.4509824410903261}