{"action": [0.699999988079071, -0.00012443482410162687], "reward": 0.7010777863217791}