{"action": [-0.9980387687683105, 0.010461898520588875], "reward": 0.38135115415201276}