{"action": [-0.3648456335067749, 0.005739962216466665], "reward": 0.8937120665197449}