{"action": [-1.0, -0.004287719260901213], "reward": 0.15042610680406393}