{"action": [0.6514809727668762, 0.00513423839583993], "reward": 0.8762640005655793}