{"action": [0.699999988079071, 0.0537966787815094], "reward": 0.0777647004890797}