{"action": [0.6992864012718201, 0.002665155567228794], "reward": 0.7480030869207729}