{"action": [-0.2432367503643036, 0.000561277091037482], "reward": 0.7376875266251418}