{"action": [0.699999988079071, 0.0002514938241802156], "reward": 0.6730149829713977}