{"action": [0.699999988079071, -0.3296838104724884], "reward": 0.42338479184965994}