{"action": [0.699999988079071, -0.3040236532688141], "reward": 0.4058003846425058}