{"action": [0.699999988079071, -0.28355610370635986], "reward": 0.547652032392314}