{"action": [0.6167789101600647, -0.40136098861694336], "reward": 0.5854937226101742}