{"action": [0.6631332635879517, -0.3177928626537323], "reward": 0.5582858722360085}