{"action": [0.699999988079071, -0.3661212623119354], "reward": 0.4616174854283313}