{"action": [0.5337462425231934, -0.027122143656015396], "reward": 0.7853849291791326}