{"action": [0.699999988079071, -0.010786931961774826], "reward": 0.6586811595607782}