{"action": [0.6011016368865967, -0.010248889215290546], "reward": 0.6776484797179264}