{"action": [0.49259722232818604, -0.0022892518900334835], "reward": 0.7675783506752486}