{"action": [0.38076162338256836, -0.0016663119895383716], "reward": 0.9291406322454013}