{"action": [0.28040391206741333, -0.0007219644030556083], "reward": 0.9296800572988716}