{"action": [0.4079992175102234, -0.00020796239550691098], "reward": 0.8930204033536193}