{"action": [0.699999988079071, 0.0027885818853974342], "reward": 0.7051147649044694}