{"action": [0.4331642985343933, 1.4441010307564284e-06], "reward": 0.8734765658171004}