{"action": [0.699999988079071, 0.08996949344873428], "reward": -0.013473213650262134}