{"action": [0.699999988079071, 0.09178796410560608], "reward": -0.013767580948903797}