{"action": [0.699999988079071, 0.015394204296171665], "reward": 0.2818382451756064}