{"action": [0.699999988079071, 0.005986087955534458], "reward": 0.2465523795724803}