{"action": [0.699999988079071, -0.009748807176947594], "reward": 0.20100751539903122}