{"action": [0.699999988079071, -0.009135577827692032], "reward": 0.09314435886969391}