{"action": [0.699999988079071, -0.013374770991504192], "reward": 0.16612682761937103}