{"action": [0.699999988079071, -0.005890007130801678], "reward": 0.14850374910149813}