{"action": [0.699999988079071, -0.00578423123806715], "reward": 0.24341078790948545}