{"action": [0.699999988079071, -0.0016841029282659292], "reward": 0.19636845687428028}