{"action": [0.699999988079071, -4.451930635696044e-06], "reward": 0.2109478434762599}