{"action": [0.699999988079071, -0.0017199101857841015], "reward": 0.1777119041193659}