{"action": [0.699999988079071, -0.0008058759849518538], "reward": 0.1490157139228229}