{"action": [0.699999988079071, -0.000986611470580101], "reward": 0.10481848818849059}