{"action": [0.699999988079071, -0.0006353785865940154], "reward": 0.11957806170320257}