{"action": [0.699999988079071, -0.0009072095854207873], "reward": 0.1810453134816936}