{"action": [0.699999988079071, -0.0009515687706880271], "reward": 0.14039003835980715}