{"action": [0.699999988079071, -0.000462524127215147], "reward": 0.15624423779134633}