{"action": [0.699999988079071, 0.0003889438521582633], "reward": 0.28032420026359356}