{"action": [-1.0, -0.004385898821055889], "reward": -0.0006574010213545917}