{"action": [0.699999988079071, 0.00048477225936949253], "reward": 0.1961013578504958}