{"action": [0.699999988079071, 0.002159182447940111], "reward": 0.14969795276540185}