{"action": [0.699999988079071, 0.0039217546582221985], "reward": 0.1908439518469198}