{"action": [0.699999988079071, 0.003959897439926863], "reward": 0.08153889244870126}