{"action": [0.699999988079071, 0.004071148112416267], "reward": 0.15425029396013207}