{"action": [0.699999988079071, 0.003956398461014032], "reward": 0.14041050930123955}