{"action": [0.699999988079071, 0.0037026708014309406], "reward": 0.09980370042433634}