{"action": [0.699999988079071, 0.005896538496017456], "reward": 0.09312286678227631}