{"action": [0.699999988079071, 0.0036200140602886677], "reward": 0.07811633879442807}