{"action": [0.699999988079071, 0.0034187736455351114], "reward": 0.09193321447516963}