{"action": [0.699999988079071, 0.005341121461242437], "reward": 0.09411283622534868}