{"action": [0.699999988079071, 0.003382630879059434], "reward": 0.18091780304428723}