{"action": [0.699999988079071, 0.0032014071475714445], "reward": 0.17137508193898607}