{"action": [0.699999988079071, 0.002173017943277955], "reward": 0.22623647264983146}