{"action": [0.699999988079071, 0.0021007105242460966], "reward": 0.20119587399238076}