{"action": [0.699999988079071, 0.014086785726249218], "reward": 0.2534733754791382}