{"action": [0.699999988079071, -0.0036074307281523943], "reward": 0.03703709696581517}