{"action": [0.699999988079071, 0.0035237199626863003], "reward": 0.15677721268653996}