{"action": [0.699999988079071, 0.0007563505787402391], "reward": 0.22927979675648213}