{"action": [0.699999988079071, 0.0011993073858320713], "reward": 0.162031691917833}