{"action": [0.699999988079071, 0.000689211068674922], "reward": 0.24220710023041306}