{"action": [0.699999988079071, 0.0010931026190519333], "reward": 0.1758137799590493}