{"action": [0.699999988079071, -0.0035341118928045034], "reward": 0.27897928875382433}