{"action": [0.699999988079071, 0.0008673734264448285], "reward": 0.36402674437881305}