{"action": [0.699999988079071, -0.0032268359791487455], "reward": 0.4735638130152084}