{"action": [0.699999988079071, 0.0019670322071760893], "reward": 0.16506254151174934}