{"action": [0.699999988079071, 0.0021094123367220163], "reward": 0.12369454153961874}