{"action": [0.699999988079071, 0.0014464494306594133], "reward": 0.10927642601778936}