{"action": [0.699999988079071, 0.0013509198324754834], "reward": 0.12328383498285105}