{"action": [0.699999988079071, 0.0013184426352381706], "reward": 0.15216297927191538}