{"action": [0.699999988079071, 0.0013993203174322844], "reward": 0.13765376681842628}