{"action": [0.699999988079071, 0.0014739296166226268], "reward": 0.14292975418968112}