{"action": [0.699999988079071, 0.001178516773506999], "reward": 0.22694285815005175}