{"action": [0.699999988079071, -0.00012087589857401326], "reward": 0.19831712289293676}