{"action": [0.699999988079071, -0.00937079731374979], "reward": 0.3164431382691318}