{"action": [0.699999988079071, -0.009180711582303047], "reward": 0.3282023609467343}