{"action": [0.699999988079071, -0.008093643002212048], "reward": 0.25669514417062067}