{"action": [0.3762262463569641, -0.0005198796279728413], "reward": 0.9624921564777862}