{"action": [0.699999988079071, -4.444181740836939e-06], "reward": 0.20710939419209987}