{"action": [0.40142080187797546, -4.346144123701379e-05], "reward": 0.8269213899519102}