{"action": [0.699999988079071, 0.0006752749904990196], "reward": 0.1947105348724293}