{"action": [0.699999988079071, -0.0012064219918102026], "reward": 0.23622254034960194}