{"action": [0.699999988079071, -0.0011336049064993858], "reward": 0.30369818182873903}