{"action": [0.699999988079071, -0.0038288161158561707], "reward": 0.19201558946977723}