{"action": [0.699999988079071, -0.0037633085157722235], "reward": 0.2190320446951219}