{"action": [0.699999988079071, -0.0007102598901838064], "reward": 0.15216045859531657}