{"action": [0.699999988079071, 0.00028302334249019623], "reward": 0.2547842664833013}