{"action": [0.699999988079071, 0.00038009273703210056], "reward": 0.29613309546533184}