{"action": [0.699999988079071, 0.0009455450926907361], "reward": 0.1576586649369091}