{"action": [0.699999988079071, 0.0008935704245232046], "reward": 0.1473377347855747}