{"action": [0.699999988079071, -6.101089820731431e-05], "reward": 0.19033076467566917}