{"action": [0.699999988079071, -0.0014456744538620114], "reward": 0.2777041177902342}