{"action": [0.699999988079071, -0.008312441408634186], "reward": 0.22396374183280437}