{"action": [0.699999988079071, 0.0004990848246961832], "reward": 0.1903501983486623}