{"action": [0.699999988079071, -0.0033615506254136562], "reward": 0.1621882970225773}