{"action": [0.699999988079071, -0.0017431012820452452], "reward": 0.22058529244628253}