{"action": [0.699999988079071, -0.0023196174297481775], "reward": 0.2154948925581677}