{"action": [0.699999988079071, 0.006313545163720846], "reward": 0.22934246159786992}