{"action": [0.699999988079071, 0.0069002024829387665], "reward": 0.2976686335977594}