{"action": [0.699999988079071, 0.0009489516960456967], "reward": 0.35255810407234717}