{"action": [0.699999988079071, 0.0014951321063563228], "reward": 0.16512417726575976}