{"action": [0.699999988079071, 0.004227290861308575], "reward": 0.30608043921113304}