{"action": [0.699999988079071, 0.007751140743494034], "reward": 0.2269056073569031}