{"action": [-1.0, 0.000628243142273277], "reward": 0.4643294758596615}