{"action": [0.699999988079071, -8.194333349820226e-05], "reward": 0.11421342438896698}