{"action": [0.6040472388267517, -9.079278243007138e-06], "reward": 0.8687910945772338}