{"action": [0.699999988079071, 5.29261160409078e-05], "reward": 0.7324934830411942}