{"action": [0.44549405574798584, 0.07051986455917358], "reward": 0.8779743181908567}