{"action": [0.552213191986084, 0.37004926800727844], "reward": 0.6506648953726213}