{"action": [0.5413818359375, 0.37725695967674255], "reward": 0.5685275868545391}