{"action": [0.6799232363700867, 0.800000011920929], "reward": 0.23129985300626016}