{"action": [0.699999988079071, 0.3581084907054901], "reward": 0.38994266815327766}