{"action": [0.699999988079071, 0.09822137653827667], "reward": 0.573371200496377}