{"action": [0.699999988079071, -0.057581670582294464], "reward": 0.4303826990624339}