{"action": [0.699999988079071, -0.0052141766063869], "reward": 0.6093960085195675}