{"action": [0.699999988079071, -0.0008674057899042964], "reward": 0.697044149041879}