{"action": [0.699999988079071, -3.167339627907495e-06], "reward": 0.8080276677976854}