{"action": [0.699999988079071, 0.0009524450870230794], "reward": 0.0021011069999130427}