{"action": [0.699999988079071, -0.007823489606380463], "reward": 0.8514216738696486}