{"action": [0.699999988079071, -0.024810513481497765], "reward": 0.8261496674960411}