{"action": [0.699999988079071, 0.0012165798107162118], "reward": 0.15189630779737823}