{"action": [0.699999988079071, -0.007073589134961367], "reward": 0.9187584204711728}