{"action": [0.699999988079071, -0.008038454689085484], "reward": 0.6785193795446889}