{"action": [0.699999988079071, -0.008888520300388336], "reward": 0.9152174644260331}