{"action": [0.699999988079071, 0.0005642640171572566], "reward": 0.3772681926695315}