{"action": [0.699999988079071, -3.758946695597842e-05], "reward": 0.17871046161747023}