{"action": [0.699999988079071, 0.0015791562618687749], "reward": 0.9611762595816354}