{"action": [0.699999988079071, 0.014175605028867722], "reward": 0.6189927933239644}