{"action": [0.699999988079071, 0.009320523589849472], "reward": 0.8718449445550271}