{"action": [0.699999988079071, 0.025478659197688103], "reward": 0.6961199999415498}