{"action": [0.699999988079071, 0.011164749972522259], "reward": 0.8431852299785025}