{"action": [0.699999988079071, -0.0012880379799753428], "reward": 0.9142726180506998}