{"action": [0.699999988079071, 0.0012831167550757527], "reward": 0.9118353861372063}