{"action": [0.699999988079071, -0.011364499107003212], "reward": 0.908958105101841}