{"action": [0.699999988079071, -0.006546591874212027], "reward": 0.9174769939829241}