{"action": [0.699999988079071, 0.0003584894584491849], "reward": 0.9639989597846131}