{"action": [0.699999988079071, 0.0056405276991426945], "reward": 0.9303713119709439}