{"action": [0.699999988079071, 0.01218531746417284], "reward": 0.8693749926106297}