{"action": [0.699999988079071, 0.0060617332346737385], "reward": 0.9289318553291914}