{"action": [0.4773707985877991, 0.0023837971966713667], "reward": 0.8467485289682267}