{"action": [0.699999988079071, 0.0028682295233011246], "reward": 0.9323883112686528}