{"action": [0.699999988079071, 0.00043403333984315395], "reward": 0.35263110109097207}