{"action": [0.699999988079071, -0.004437371157109737], "reward": -0.421348529103703}