{"action": [0.699999988079071, 0.008491767570376396], "reward": 0.6196033224602454}