{"action": [0.699999988079071, -0.010134292766451836], "reward": 0.911132958332704}