{"action": [0.699999988079071, -0.024090848863124847], "reward": 0.6061433367100555}