{"action": [0.699999988079071, -0.025481978431344032], "reward": 0.5943053778948987}