{"action": [0.699999988079071, -0.007831376045942307], "reward": 0.7198786911017383}