{"action": [0.699999988079071, 0.005207015201449394], "reward": 0.9319942878029054}