{"action": [0.46421128511428833, 0.004983706399798393], "reward": 0.8335464140094314}