{"action": [0.6804025173187256, 0.00530477799475193], "reward": 0.7124324316388183}