{"action": [0.699999988079071, 0.02078508399426937], "reward": 0.7103347112856633}