{"action": [0.52341228723526, 0.004480578470975161], "reward": 0.7984514551293636}