{"action": [0.6823771595954895, 0.07677397131919861], "reward": 0.7287499525070888}