{"action": [0.5356516242027283, 0.29685652256011963], "reward": 0.7086162363451135}