{"action": [0.47316867113113403, 0.3599759042263031], "reward": 0.5775780933589529}