{"action": [0.2597507834434509, 0.10773841291666031], "reward": 0.38744912172807483}