{"action": [0.27208706736564636, 0.09521259367465973], "reward": 0.39250373601215593}