{"action": [-1.0, 0.07029348611831665], "reward": -0.010537203549562292}