{"action": [0.35924962162971497, 0.0004694793315138668], "reward": 0.9431758692867906}