{"action": [-1.0, 0.07025593519210815], "reward": -0.010538214045046559}