{"action": [-1.0, 0.07026129961013794], "reward": -0.0105390447763302}