{"action": [-1.0, 0.07026129961013794], "reward": -0.010539012140491523}