{"action": [0.3175073564052582, 0.004737209994345903], "reward": 0.9109182821260065}