{"action": [-1.0, 0.07026129961013794], "reward": -0.010538979508594235}