{"action": [-1.0, 0.07022910565137863], "reward": -0.010534209183349682}