{"action": [0.4057748019695282, 0.01709330454468727], "reward": 0.41853664076629415}