{"action": [0.699999988079071, 0.004030051175504923], "reward": 0.0004536160550777309}