{"action": [0.699999988079071, 0.004171476699411869], "reward": 0.14738177202077557}