{"action": [0.699999988079071, 0.0036132235545665026], "reward": 0.27168688872962377}