{"action": [0.36165496706962585, -0.0002155796973966062], "reward": 0.8996527269753184}