{"action": [0.6772330403327942, -0.0001537898788228631], "reward": 0.6830955788375316}