{"action": [0.32470476627349854, -0.0007497120532207191], "reward": 0.930121617769395}