{"action": [0.699999988079071, 0.000439110939623788], "reward": 0.5419967384000368}