{"action": [0.699999988079071, 0.0004519845242612064], "reward": 0.5369655947725266}