{"action": [0.699999988079071, 1.9365012121852487e-05], "reward": 0.5328933063970086}