{"action": [0.699999988079071, -0.0018354910425841808], "reward": 0.608678893659727}