{"action": [0.699999988079071, -0.007163294591009617], "reward": 0.7389823616454129}