{"action": [0.6851877570152283, -0.01116908062249422], "reward": 0.7593868121444199}