{"action": [0.6636217832565308, 0.5443540811538696], "reward": 0.5086535804168006}