{"action": [0.6279861927032471, 0.5730272531509399], "reward": 0.4647782929058823}