{"action": [0.3821374475955963, 0.14561359584331512], "reward": 0.3090902946532497}