{"action": [0.4254428744316101, 0.15615873038768768], "reward": 0.2906318723310871}