{"action": [-1.0, 0.0731256753206253], "reward": -0.010896279404186554}