{"action": [0.699999988079071, 0.07418575882911682], "reward": 0.023261900064925504}