{"action": [0.699999988079071, 0.048253122717142105], "reward": 0.4297890282560442}