{"action": [0.699999988079071, -0.012991804629564285], "reward": -0.0019486103949378122}