{"action": [0.699999988079071, -0.013094007968902588], "reward": -0.0019640536080568773}