{"action": [0.699999988079071, -0.013207112438976765], "reward": -0.0019809955535925483}