{"action": [0.699999988079071, -0.008383662439882755], "reward": 0.5891778679643036}