{"action": [0.6638816595077515, -0.0009282276150770485], "reward": 0.7822290063096196}