{"action": [0.699999988079071, -0.007118958979845047], "reward": 0.7156880950983163}