{"action": [0.48199930787086487, -0.00022106517280917615], "reward": 0.8749448608753642}