{"action": [0.5337711572647095, -0.0004021718632429838], "reward": 0.852486959486179}