{"action": [0.5424256920814514, -0.00017626839689910412], "reward": 0.8546315709096377}