{"action": [0.38898932933807373, -0.0039458186365664005], "reward": 0.8876590861748785}