{"action": [0.6605805158615112, -0.00019954412709921598], "reward": 0.7397484840936688}