{"action": [0.29626739025115967, 0.4012792110443115], "reward": 0.2626209556702007}