{"action": [-1.0, 0.5328349471092224], "reward": -0.07980147185172659}