{"action": [-1.0, 0.5328059792518616], "reward": -0.07984236481557813}