{"action": [0.699999988079071, 0.537084698677063], "reward": -0.012180012322852471}