{"action": [0.699999988079071, 0.4765315055847168], "reward": -0.07102023673707954}