{"action": [0.699999988079071, 0.5811190009117126], "reward": -0.0010391687781273473}