{"action": [0.699999988079071, 0.605356752872467], "reward": 0.0967287937261439}