{"action": [0.5149545669555664, 0.02877475880086422], "reward": 0.6639129651311361}