{"action": [0.6023957133293152, 0.01548394002020359], "reward": 0.785224081271209}