{"action": [0.699999988079071, 9.864739695331082e-06], "reward": 0.7534373621348213}