{"action": [0.47823792695999146, -0.003027277300134301], "reward": 0.7346653591586896}