{"action": [0.635723352432251, -0.011894801631569862], "reward": 0.7177900760074454}