{"action": [0.5771642923355103, -0.0006250566220842302], "reward": 0.8332830297591028}