{"action": [0.699999988079071, -0.0018043630989268422], "reward": 0.7232188470223023}