{"action": [0.4322006106376648, -8.706128573976457e-05], "reward": 0.895260817876728}