{"action": [0.23725168406963348, 0.00013354659313336015], "reward": 0.9551194836898748}