{"action": [0.6462297439575195, -0.006280996836721897], "reward": 0.7915623067893578}