{"action": [0.6868005394935608, -0.0020269849337637424], "reward": 0.764043334278439}