{"action": [0.699999988079071, -0.006176925264298916], "reward": 0.6381643723243066}