{"action": [0.21646748483181, 0.0005483748391270638], "reward": 0.9661198244094124}