{"action": [0.42824551463127136, 0.0016877158777788281], "reward": 0.8499458980658944}