{"action": [0.699999988079071, -0.013700888492166996], "reward": 0.678603554625756}