{"action": [0.43441787362098694, -0.008456986397504807], "reward": 0.8761326325553107}