{"action": [0.4555214047431946, -0.006845293566584587], "reward": 0.8688011818266742}