{"action": [-1.0, 0.0002847428841050714], "reward": 0.623286675866998}