{"action": [0.699999988079071, 0.010297182016074657], "reward": 0.3326217725427548}