{"action": [0.3308962881565094, 0.010642907582223415], "reward": 0.4204842731906542}