{"action": [0.3429386615753174, 0.01166456937789917], "reward": 0.45145860405027716}