{"action": [0.29750877618789673, 0.01346798986196518], "reward": 0.4421330055668913}