{"action": [-1.0, 0.003722783178091049], "reward": -0.00028799120451296687}