{"action": [-1.0, 0.0036895202938467264], "reward": -0.0002380898555828701}