{"action": [-1.0, 0.003288217121735215], "reward": 0.04648239697378539}