{"action": [0.699999988079071, 0.0034292475320398808], "reward": 0.26702339536426045}