{"action": [0.699999988079071, 0.0013797665014863014], "reward": 0.2062196612808478}