{"action": [0.699999988079071, 0.0014893683837726712], "reward": 0.013993375893208973}