{"action": [0.699999988079071, 0.001313625369220972], "reward": 0.2734170899199175}