{"action": [0.699999988079071, 0.0017067076405510306], "reward": 0.3747018354749725}