{"action": [0.699999988079071, 0.0012873201631009579], "reward": 0.5388512790285326}