{"action": [0.699999988079071, 0.0009248426067642868], "reward": 0.596411758403695}