{"action": [0.699999988079071, -0.0037346144672483206], "reward": 0.6384930486718138}