{"action": [0.682559072971344, -0.0023634680546820164], "reward": 0.7050112955241635}