{"action": [0.597874641418457, 0.005768734496086836], "reward": 0.7931894935528925}