{"action": [0.5028275847434998, 0.00277379690669477], "reward": 0.7846002205891016}