{"action": [0.699999988079071, 0.02644065022468567], "reward": 0.4747253868686431}