{"action": [0.5309466123580933, -0.010015958920121193], "reward": 0.7400252390211752}