{"action": [0.3930550515651703, -0.015155798755586147], "reward": 0.8357786423762535}