{"action": [0.699999988079071, -0.02480158396065235], "reward": 0.5526068243226137}