{"action": [0.699999988079071, -0.012447153218090534], "reward": 0.6868992948750514}