{"action": [0.2943214178085327, -0.01040730532258749], "reward": 0.9191763813407399}