{"action": [0.699999988079071, -0.0013373797992244363], "reward": 0.6723807186435344}