{"action": [0.46721553802490234, -1.7785740055842325e-05], "reward": 0.8873715173699402}