{"action": [0.4737282991409302, 0.001210844493471086], "reward": 0.8870994007538223}