{"action": [0.3184885084629059, 0.0018221536884084344], "reward": 0.4484642192989155}