{"action": [-0.2982073724269867, 0.0011565651511773467], "reward": 0.5174573253147677}