{"action": [-0.8937036395072937, 0.0008285150397568941], "reward": 0.6296251392691202}