{"action": [0.23333409428596497, -0.00429809233173728], "reward": 0.9416131936410822}