{"action": [0.549752414226532, 0.0008217901340685785], "reward": 0.8092197346683538}