{"action": [0.5812302827835083, 0.0008838477078825235], "reward": 0.839278407816739}