{"action": [0.699999988079071, 0.004981354344636202], "reward": 0.6914739871962639}