{"action": [0.45151495933532715, 0.004320033825933933], "reward": 0.8768567976424382}