{"action": [0.5458769798278809, 0.004166699945926666], "reward": 0.8247795833034117}