{"action": [0.699999988079071, 0.0037739728577435017], "reward": 0.63816183865104}