{"action": [0.42772912979125977, 0.0008718736353330314], "reward": 0.9090985743670753}