{"action": [0.699999988079071, -0.0016776444390416145], "reward": 0.40894352912080156}