{"action": [0.699999988079071, -0.010710448026657104], "reward": 0.45247024567928934}