{"action": [0.4132368564605713, -0.002184866229072213], "reward": 0.8758778238949536}