{"action": [0.699999988079071, 0.0049843741580843925], "reward": 0.7363810834586025}