{"action": [0.5544635057449341, 0.009052268229424953], "reward": 0.7635521142807411}