{"action": [0.699999988079071, 0.0129260728135705], "reward": 0.49717785005357673}