{"action": [0.4215739965438843, 0.005256890319287777], "reward": 0.4254290404459254}