{"action": [0.42418813705444336, 0.008848380297422409], "reward": 0.42940097173605385}