{"action": [0.4067233204841614, 0.008271523751318455], "reward": 0.4403281916287377}