{"action": [0.44490787386894226, 0.00307139428332448], "reward": 0.42391230228865645}