{"action": [-1.0, 0.004347414709627628], "reward": -0.0006491160004493181}