{"action": [-1.0, 0.0011744016082957387], "reward": -0.000175891622264905}