{"action": [-1.0, 0.0011829856084659696], "reward": -0.00017740217900207876}