{"action": [0.4218025505542755, -3.8631616916973144e-05], "reward": 0.894130951175559}