{"action": [-1.0, 0.0011878141667693853], "reward": -0.00017794036592655001}