{"action": [-1.0, 0.0011926426086574793], "reward": -0.00017690539884355068}