{"action": [-1.0, 0.0011969346087425947], "reward": -0.00017899312922950566}