{"action": [-1.0, 0.001202299608848989], "reward": -0.00018015099042818742}