{"action": [0.699999988079071, 0.08136380463838577], "reward": -0.009251589015466095}