{"action": [0.699999988079071, 1.5176512533798814e-05], "reward": 0.6785755346313022}