{"action": [0.699999988079071, -0.02422741800546646], "reward": 0.8778122138270074}