{"action": [0.699999988079071, -0.03610221669077873], "reward": 0.7485144614761069}