{"action": [0.699999988079071, 0.004245887044817209], "reward": 0.9279765343878913}