{"action": [0.699999988079071, 0.005084418226033449], "reward": 0.9345554552061928}