{"action": [0.699999988079071, 0.01526469737291336], "reward": 0.926061186389792}