{"action": [0.699999988079071, 0.0073847598396241665], "reward": 0.8538857621165651}