{"action": [0.3413180410861969, -0.001775151933543384], "reward": 0.9513951690281854}