{"action": [0.699999988079071, -0.0009247423149645329], "reward": -0.6237258442686321}