{"action": [0.699999988079071, -0.0008502363925799727], "reward": -0.7377445259002862}