{"action": [0.699999988079071, -0.004551010672003031], "reward": -1.102733959164818}