{"action": [0.25874796509742737, -0.0018621141789481044], "reward": 0.9591785744113174}