{"action": [0.699999988079071, -0.0030441400595009327], "reward": -0.36910563951030956}