{"action": [0.699999988079071, 0.0008609918295405805], "reward": 0.21409666899775467}