{"action": [0.699999988079071, 0.0013888159301131964], "reward": 0.9283129964827492}