{"action": [0.699999988079071, 0.003708288073539734], "reward": 0.4650434131011046}