{"action": [-1.0, 0.0011641719611361623], "reward": 0.8942707730454765}