{"action": [-0.14480075240135193, 0.0014270903775468469], "reward": 0.5098279067703236}