{"action": [-1.0, 0.0073119779117405415], "reward": 0.40213507509499974}