{"action": [-1.0, 0.005876836366951466], "reward": 0.2006656069020427}