{"action": [0.699999988079071, 0.006361476145684719], "reward": 0.2749202061687418}