{"action": [0.699999988079071, 0.0028298196848481894], "reward": 0.6639890852490944}