{"action": [0.699999988079071, -2.149105057469569e-06], "reward": 0.6093692299066676}