{"action": [0.699999988079071, -4.7588764573447406e-05], "reward": 0.8214196317693364}