{"action": [0.699999988079071, -0.0001558374788146466], "reward": 0.8505490337835457}