{"action": [0.24738144874572754, -0.004623400047421455], "reward": 0.9426478359762024}