{"action": [0.2107909917831421, -0.003752912161871791], "reward": 0.9320988185027685}