{"action": [0.699999988079071, -0.01504445355385542], "reward": 0.41994429539520756}