{"action": [0.699999988079071, -0.004659669008105993], "reward": 0.4663510983984823}