{"action": [0.699999988079071, -0.005067572928965092], "reward": 0.4268205919648526}