{"action": [0.699999988079071, -0.006123936735093594], "reward": 0.3573441351719336}