{"action": [0.699999988079071, 0.0013770610094070435], "reward": 0.7652743199676186}