{"action": [0.699999988079071, 0.002588065806776285], "reward": 0.8441028416104633}