{"action": [0.20567314326763153, -0.0013445195509120822], "reward": 0.9324259595209589}