{"action": [0.699999988079071, -0.0028712330386042595], "reward": 0.9097472492441158}