{"action": [0.3105875849723816, -0.0012102235341444612], "reward": 0.5643589933922619}