{"action": [0.3122952878475189, -0.004861110355705023], "reward": 0.42634817793816987}