{"action": [0.699999988079071, 0.00026806927053257823], "reward": 0.4385691332205754}