{"action": [0.699999988079071, 0.018896376714110374], "reward": 0.47678096351301286}