{"action": [0.699999988079071, 0.010916667059063911], "reward": 0.48943641582194386}