{"action": [0.3280359208583832, 0.00703610572963953], "reward": 0.4319826019001817}