{"action": [0.3774377405643463, 0.0063872626051306725], "reward": 0.4347061061864007}