{"action": [0.699999988079071, 0.002866695635020733], "reward": 0.49170949868269753}