{"action": [0.6909661889076233, 0.00032143478165380657], "reward": 0.7257474547902325}