{"action": [0.6839403510093689, 0.0001845907245296985], "reward": 0.7637618988170664}