{"action": [0.699999988079071, -0.0009385492885485291], "reward": 0.9087424646206806}