{"action": [0.5022276639938354, -0.004899347200989723], "reward": 0.679726816689007}