{"action": [0.6332988739013672, -0.00488350261002779], "reward": 0.9348532143992291}