{"action": [0.3926495313644409, -0.0054865251295268536], "reward": 0.7988473875757804}