{"action": [-0.7478077411651611, -0.013980032876133919], "reward": 0.8937846636766399}