{"action": [-1.0, -0.024522943422198296], "reward": 0.40110826280001394}