{"action": [-1.0, -0.029362721368670464], "reward": -0.004340288688745326}