{"action": [0.20573827624320984, -0.0029330223333090544], "reward": 0.9473588388828509}