{"action": [0.699999988079071, -0.012962923385202885], "reward": 0.5033707131172513}