{"action": [0.699999988079071, -0.005160486791282892], "reward": 0.6174894493314502}