{"action": [0.4899151623249054, 5.205220077186823e-05], "reward": 0.777590943577151}