{"action": [0.6130695939064026, -1.990383861993905e-05], "reward": 0.769251319356252}