{"action": [0.6032043099403381, 0.0026037537027150393], "reward": 0.7650863978274628}