{"action": [0.2418389767408371, -4.5419965317705646e-05], "reward": 0.9605683886517523}