{"action": [0.6680654883384705, -0.3090520203113556], "reward": 0.6620217053205775}