{"action": [0.550835371017456, -0.28402623534202576], "reward": 0.6253212925073492}