{"action": [0.5285632014274597, -0.0034735025838017464], "reward": 0.743669680431443}