{"action": [0.4381577670574188, -0.004181852098554373], "reward": 0.4035387919810839}