{"action": [0.4516512155532837, -0.0012438438134267926], "reward": 0.4157025850604252}