{"action": [-1.0, 0.0008471357286907732], "reward": -0.00012645751118842803}