{"action": [-1.0, 0.0008465992286801338], "reward": -0.0001268533432398299}