{"action": [0.3319263458251953, -0.008073778823018074], "reward": 0.9282925401888695}