{"action": [0.291209876537323, -0.005514445248991251], "reward": 0.93635468640224}