{"action": [0.2758359909057617, -0.00454077310860157], "reward": 0.9383907375718838}