{"action": [0.2631714642047882, -0.0038748146034777164], "reward": 0.9392106900297088}