{"action": [0.22939947247505188, -0.004970096983015537], "reward": 0.9378055808975255}