{"action": [-1.0, 0.0008353326702490449], "reward": -0.0001250735569813275}