{"action": [-1.0, 0.0008353326702490449], "reward": -0.00012509243465380398}