{"action": [0.4011777937412262, 0.003856138326227665], "reward": 0.8609333176231161}