{"action": [0.699999988079071, 0.012042597867548466], "reward": 0.39744777883365284}