{"action": [0.3474554717540741, 0.005971903447061777], "reward": 0.9228637992562257}