{"action": [0.699999988079071, 0.011667144484817982], "reward": 0.6494641254713452}