{"action": [0.6881954669952393, -0.5034453868865967], "reward": 0.42424568550888586}