{"action": [0.699999988079071, -0.37966540455818176], "reward": 0.5264937026160955}