{"action": [0.47867000102996826, -0.20606465637683868], "reward": 0.6379465388820061}