{"action": [0.699999988079071, -0.45616814494132996], "reward": 0.4567405532681711}