{"action": [0.699999988079071, 0.004390574526041746], "reward": -0.0005322098457729485}