{"action": [0.699999988079071, 0.004428151063621044], "reward": -0.00026540434301994606}