{"action": [0.5878517031669617, 0.0009890699293464422], "reward": 0.886543527596895}