{"action": [0.27097052335739136, 0.018993757665157318], "reward": 0.8999183981227185}