{"action": [0.3637193441390991, 3.170971751842444e-07], "reward": 0.9894289232961585}