{"action": [0.2991759777069092, 1.3892654351366218e-06], "reward": 0.9927801456961678}