{"action": [0.48508402705192566, -0.0006963234627619386], "reward": 0.8999411817172429}