{"action": [0.38867104053497314, -0.0009357052040286362], "reward": 0.9422466769636246}