{"action": [0.34632551670074463, -0.0011680201860144734], "reward": 0.952627602014695}