{"action": [0.699999988079071, -0.008029237389564514], "reward": 0.6159472101367968}