{"action": [0.612682580947876, 0.0031053158454596996], "reward": 0.8293489280648759}