{"action": [0.5870654582977295, 0.002784936223179102], "reward": 0.763329602278221}