{"action": [0.699999988079071, 0.0060257744044065475], "reward": 0.4479489644189139}