{"action": [-1.0, 0.007809850852936506], "reward": -0.0011710571197626183}