{"action": [0.699999988079071, 0.008588491939008236], "reward": 0.283525974388341}