{"action": [0.699999988079071, 0.007920332252979279], "reward": 0.07491320204740666}