{"action": [0.699999988079071, 0.007536469958722591], "reward": 0.4317302707944371}