{"action": [0.699999988079071, -0.0014036436332389712], "reward": 0.46535655263596837}