{"action": [0.699999988079071, -0.0013279105769470334], "reward": 0.7568620931697262}