{"action": [0.4176441431045532, -0.5307785272598267], "reward": 0.8384923805838691}