{"action": [0.6628013849258423, -0.4544375538825989], "reward": 0.24718912548651117}