{"action": [0.6676817536354065, -0.27903008460998535], "reward": 0.42600717616691336}