{"action": [0.3038746118545532, -0.0739888921380043], "reward": 0.7481682582758246}