{"action": [0.30034875869750977, -0.04867050424218178], "reward": 0.8250590897316138}