{"action": [0.6155717968940735, -0.013535317964851856], "reward": 0.7259058956080404}