{"action": [0.699999988079071, -0.011900410056114197], "reward": 0.4207715020412639}