{"action": [0.4421175420284271, -3.5488425055518746e-05], "reward": 0.909221051578729}