{"action": [0.3901115357875824, 0.0029269580263644457], "reward": 0.9201460708441741}