{"action": [0.361676961183548, 0.27572837471961975], "reward": 0.6582793130196471}