{"action": [0.43276020884513855, 0.17572301626205444], "reward": 0.4998454356225083}