{"action": [0.5396488904953003, 0.05892488732933998], "reward": 0.7132052155001729}