{"action": [0.6249557733535767, 0.022553838789463043], "reward": 0.769431002834108}