{"action": [0.6878603100776672, 0.041184548288583755], "reward": 0.6332537310678191}