{"action": [-1.0, -4.20928408857435e-05], "reward": 0.8498601463896839}