{"action": [0.3168471157550812, 3.3218580938410014e-05], "reward": 0.9201172349064602}