{"action": [0.06778042018413544, -8.264905045507476e-05], "reward": 0.4753463874043501}