{"action": [0.699999988079071, 0.0002091364876832813], "reward": 0.4996018705483645}