{"action": [0.699999988079071, -0.004258684813976288], "reward": 0.17890210041506585}