{"action": [0.699999988079071, -0.004643634427338839], "reward": 0.010583679186196383}