{"action": [0.699999988079071, -0.02564990520477295], "reward": 0.22833910962233253}