{"action": [0.35958194732666016, 0.02252407930791378], "reward": 0.8716084619664529}