{"action": [0.3618783950805664, 0.019875263795256615], "reward": 0.8803442920930117}