{"action": [0.3916555643081665, 0.015464463271200657], "reward": 0.8687624215662078}