{"action": [0.5177602767944336, 0.003170771524310112], "reward": 0.7843558001401816}