{"action": [0.699999988079071, -0.00860548671334982], "reward": 0.4853063982800298}