{"action": [0.33910003304481506, -0.006125376559793949], "reward": 0.8723234808958032}