{"action": [0.699999988079071, -0.14366164803504944], "reward": 0.4892421751698023}