{"action": [0.5126128196716309, 0.06752282381057739], "reward": 0.8436236691960759}