{"action": [0.3695516288280487, 0.17840224504470825], "reward": 0.3398078076272053}