{"action": [0.699999988079071, 0.0036156708374619484], "reward": 0.4628601936268309}