{"action": [0.699999988079071, 0.005151852965354919], "reward": 0.42289491122985096}