{"action": [0.36722931265830994, -0.0002613586839288473], "reward": 0.41555617342317985}