{"action": [0.3963804543018341, 0.0125497505068779], "reward": 0.8526544864892605}