{"action": [0.699999988079071, -0.005926255602389574], "reward": 0.35107493457828576}