{"action": [0.699999988079071, -0.007677205838263035], "reward": 0.41670074095463144}