{"action": [0.699999988079071, -0.00760882580652833], "reward": 0.45775285800217785}