{"action": [0.41420647501945496, -0.0003432694065850228], "reward": 0.9080753104842231}