{"action": [0.518341600894928, -0.0003179072809871286], "reward": 0.898295556301774}