{"action": [0.699999988079071, -0.0060583180747926235], "reward": 0.6741762755014332}