{"action": [0.6128811836242676, -0.004786371719092131], "reward": 0.7654589549222006}