{"action": [0.6167604923248291, 0.12439355254173279], "reward": 0.545482240414079}