{"action": [0.699999988079071, 0.20836994051933289], "reward": 0.4957688526226456}