{"action": [0.50299471616745, 0.0040708985179662704], "reward": 0.8791582127339701}