{"action": [0.4189992845058441, -0.004800666589289904], "reward": 0.8492822117368122}