{"action": [0.699999988079071, -0.007291493006050587], "reward": 0.7093934818694951}