{"action": [0.699999988079071, -0.06028586998581886], "reward": 0.5843431684935361}