{"action": [0.699999988079071, -0.4367123246192932], "reward": 0.31284996725436776}