{"action": [0.2932617962360382, -0.0038161214906722307], "reward": 0.9356328202529869}