{"action": [0.699999988079071, -0.33236491680145264], "reward": 0.5679330266066637}