{"action": [0.699999988079071, -0.0014955952065065503], "reward": 0.618087741996054}