{"action": [0.699999988079071, -0.003150737611576915], "reward": 0.5742265409007449}