{"action": [0.5594852566719055, -0.001662519876845181], "reward": 0.881037407261159}