{"action": [0.427212655544281, -0.002921254141256213], "reward": 0.8935002309787488}