{"action": [0.42053693532943726, -0.0001229140762006864], "reward": 0.8879078451302895}