{"action": [0.699999988079071, 0.002145939040929079], "reward": 0.5239445223725561}