{"action": [0.4173809885978699, -0.0062903449870646], "reward": 0.7841587344655347}