{"action": [0.699999988079071, -0.012868722900748253], "reward": 0.4596353191349925}