{"action": [0.3316887617111206, -0.0007898749317973852], "reward": 0.9477701067739658}