{"action": [0.699999988079071, -0.017321186140179634], "reward": 0.39305798915998263}