{"action": [0.2575210630893707, 0.0006532217958010733], "reward": 0.45725163858070006}