{"action": [-1.0, 0.003869784763082862], "reward": 0.22153346257779355}