{"action": [0.5257852077484131, 0.0007746670162305236], "reward": 0.5621862778327638}