{"action": [0.699999988079071, -0.00025931387790478766], "reward": 0.5525361785568641}