{"action": [0.22227132320404053, -8.162826270563528e-05], "reward": 0.48619289551005757}