{"action": [0.37117666006088257, -0.0018583416240289807], "reward": 0.3890299637116075}