{"action": [0.2086195945739746, 0.00011630910012172535], "reward": 0.9759126418329193}