{"action": [0.699999988079071, -0.00020325170771684498], "reward": 0.7616840792580802}