{"action": [0.4608536958694458, -1.5297035133698955e-05], "reward": 0.926671487160485}