{"action": [0.699999988079071, 0.2944027781486511], "reward": 0.2888997182929563}