{"action": [0.46549689769744873, 0.08915011584758759], "reward": 0.6961938347314616}