{"action": [-0.05344153195619583, -0.054883845150470734], "reward": 0.2754306955230062}