{"action": [0.699999988079071, 0.013351205736398697], "reward": 0.301654833237756}