{"action": [-1.0, -9.066873462870717e-05], "reward": -8.954337523719949e-06}