{"action": [-1.0, -9.120524191530421e-05], "reward": -1.3612207442233788e-05}