{"action": [-1.0, -8.905923459678888e-05], "reward": -1.3238547016325537e-05}