{"action": [0.4900110065937042, 0.024172553792595863], "reward": 0.7967278782578595}