{"action": [-1.0, -9.066873462870717e-05], "reward": -1.3438491512924302e-05}