{"action": [-1.0, -8.959573460742831e-05], "reward": -1.3244867550617398e-05}