{"action": [-1.0, -9.013223461806774e-05], "reward": -1.3309766513715016e-05}