{"action": [-1.0, -9.013223461806774e-05], "reward": -1.3178190829619042e-05}