{"action": [-1.0, -8.905923459678888e-05], "reward": -1.3076279335880818e-05}