{"action": [-1.0, -8.905923459678888e-05], "reward": -1.332513607434478e-05}