{"action": [0.699999988079071, 0.05475771427154541], "reward": -0.008193791567223595}