{"action": [-1.0, -8.905923459678888e-05], "reward": -1.3288616416365007e-05}