{"action": [0.25654998421669006, -0.13257606327533722], "reward": 0.6321455865484414}