{"action": [-1.0, -8.798622729955241e-05], "reward": -1.3055173642937837e-05}