{"action": [0.4459187090396881, -0.005139265209436417], "reward": 0.8948955988648518}