{"action": [0.45055055618286133, -0.004058079328387976], "reward": 0.8751554433668862}