{"action": [0.34166496992111206, -0.2500496208667755], "reward": 0.5156483312805836}