{"action": [0.3575058579444885, 0.044097065925598145], "reward": 0.9096535455666955}