{"action": [0.3610159158706665, 0.2531707286834717], "reward": 0.7318624652275186}