{"action": [0.699999988079071, 0.6601347923278809], "reward": 0.10628756760484952}