{"action": [0.4205129146575928, 0.10469849407672882], "reward": 0.6859107971766847}