{"action": [0.49361974000930786, 0.029441265389323235], "reward": 0.7785464727022222}