{"action": [0.699999988079071, -0.0010047710966318846], "reward": 0.6353621188622323}