{"action": [0.6288472414016724, -0.0042725857347249985], "reward": 0.8106590112123253}