{"action": [0.4348751902580261, -0.0035069070290774107], "reward": 0.8581613986637205}