{"action": [0.33887535333633423, -0.002573389559984207], "reward": 0.9569166590071833}