{"action": [0.3799215853214264, -0.009219112806022167], "reward": 0.8864868303728175}