{"action": [0.3565252423286438, -0.005914733279496431], "reward": 0.9118563994399566}