{"action": [0.3485370874404907, -0.001540241646580398], "reward": 0.9308813714288571}