{"action": [0.35059231519699097, -0.003783014602959156], "reward": 0.9171719211153748}