{"action": [0.36143702268600464, -0.0023101952392607927], "reward": 0.8718264373878162}