{"action": [0.25751084089279175, 0.001716673607006669], "reward": 0.9546141951199069}