{"action": [0.33973073959350586, 0.002908118302002549], "reward": 0.9413620953721139}