{"action": [0.38052046298980713, -0.0008522021234966815], "reward": 0.9236559452860097}