{"action": [0.39287135004997253, -0.0003438943240325898], "reward": 0.9375945402049591}