{"action": [0.35163167119026184, -0.0055519044399261475], "reward": 0.9190889422038595}