{"action": [0.3819909393787384, -0.005381426308304071], "reward": 0.8947517869101879}