{"action": [0.5717708468437195, -0.0005137374391779304], "reward": 0.783852536382342}