{"action": [0.5895394682884216, -0.0026644058525562286], "reward": 0.7927049696517022}