{"action": [0.699999988079071, -0.0009965746430680156], "reward": 0.7481521427881745}