{"action": [0.5704184174537659, -0.004300867207348347], "reward": 0.7941122884145466}