{"action": [0.699999988079071, -0.013166665099561214], "reward": 0.7110770918189288}