{"action": [0.699999988079071, -0.02041003108024597], "reward": 0.6159073723610086}