{"action": [0.699999988079071, -0.0069885714910924435], "reward": 0.5764095701582722}