{"action": [0.6751894354820251, -0.0023026554845273495], "reward": 0.8149258177557628}