{"action": [0.699999988079071, -0.0030542926397174597], "reward": 0.7597603929224567}