{"action": [0.5359281301498413, -0.001283222809433937], "reward": 0.7996523065451174}