{"action": [0.6590108871459961, 0.00794058758765459], "reward": 0.7250822623644199}