{"action": [0.32355058193206787, 0.0005554906674660742], "reward": 0.9261500815243252}