{"action": [0.3477674126625061, -0.0013047346146777272], "reward": 0.8323327668368383}