{"action": [0.699999988079071, 0.061972472816705704], "reward": -0.009295610040387715}