{"action": [0.699999988079071, 0.008876081556081772], "reward": 0.6100292497238866}