{"action": [0.699999988079071, -0.00011520087718963623], "reward": 0.9355147196885204}