{"action": [0.4963025152683258, -0.0029029680881649256], "reward": 0.8413667766283083}