{"action": [0.6236075162887573, -0.0009492795215919614], "reward": 0.783135020651096}