{"action": [0.5173799395561218, 0.0034981516655534506], "reward": 0.8414470513172344}