{"action": [-1.0, 0.0058226496912539005], "reward": 0.4498546892109286}