{"action": [0.699999988079071, 0.007620431482791901], "reward": 0.587115347569358}