{"action": [-0.21255242824554443, 0.13845288753509521], "reward": 0.5391720210769986}