{"action": [0.699999988079071, 0.056206319481134415], "reward": 0.38807260886382233}