{"action": [0.699999988079071, 0.0024766456335783005], "reward": -0.9160050727990066}