{"action": [-1.0, 0.00811351090669632], "reward": 0.3591326510320498}