{"action": [0.699999988079071, 0.006378076039254665], "reward": 0.151053032334696}