{"action": [-1.0, 0.0016331103397533298], "reward": 0.20586846064893313}