{"action": [0.6473706960678101, 0.0023705875501036644], "reward": -1.281390308005874}