{"action": [-1.0, 0.0006620516069233418], "reward": 0.26510411127107336}