{"action": [0.699999988079071, 4.0635884943185374e-05], "reward": 0.08051355617424687}