{"action": [0.699999988079071, -0.00153412576764822], "reward": 0.3042638957716478}