{"action": [0.699999988079071, -0.00032732327235862613], "reward": 0.28193080223270817}