{"action": [0.699999988079071, -0.0025748005136847496], "reward": 0.05168341930785016}