{"action": [0.699999988079071, -0.002580624772235751], "reward": 0.012651566201248177}