{"action": [0.699999988079071, -0.002833826467394829], "reward": 0.27624266108211426}