{"action": [0.699999988079071, -0.004101536236703396], "reward": 0.6224075037392948}