{"action": [0.5583299398422241, -0.01375606656074524], "reward": 0.7619036714875267}