{"action": [0.6642311811447144, -0.009948795661330223], "reward": 0.7029699171680178}