{"action": [0.40544652938842773, 0.0036122400779277086], "reward": 0.9373761357014905}