{"action": [0.699999988079071, 0.020813526585698128], "reward": 0.6461400711201446}