{"action": [0.42367565631866455, 0.004093597177416086], "reward": 0.9378301238298763}