{"action": [-0.27440276741981506, 0.0005123059381730855], "reward": 0.8055477829406635}