{"action": [-0.5867012143135071, 0.00048817734932526946], "reward": 0.9434306990555927}