{"action": [0.1381785273551941, 0.00574695086106658], "reward": 0.6855557942778097}