{"action": [0.699999988079071, 0.008553906343877316], "reward": 0.5307411138891063}