{"action": [-1.0, 0.10427744686603546], "reward": -0.01564138983765034}