{"action": [-1.0, -0.00023713361588306725], "reward": -3.0615407745259605e-05}