{"action": [0.699999988079071, 0.011761962436139584], "reward": 0.6918282424758622}