{"action": [-1.0, -0.00023659711587242782], "reward": -2.347738937713849e-05}