{"action": [0.699999988079071, 0.007777856197208166], "reward": 0.8259706634465409}