{"action": [0.4942464232444763, 0.0028834675904363394], "reward": 0.9394524107592817}