{"action": [0.699999988079071, -0.00021669905981980264], "reward": 0.13020124372068043}