{"action": [0.699999988079071, -0.00017317569290753454], "reward": 0.0010273881166236185}