{"action": [-1.0, -0.00014163636660669], "reward": 0.24886575770931324}