{"action": [0.699999988079071, -0.00018963658658321947], "reward": 0.1873075054098772}