{"action": [-1.0, -0.0020161722786724567], "reward": 0.3651184033136187}