{"action": [0.699999988079071, -0.0006955520948395133], "reward": 0.004702910888490803}