{"action": [-1.0, -0.0006936963181942701], "reward": -9.094636728656865e-05}