{"action": [0.699999988079071, -0.0023785457015037537], "reward": 0.4212738269469481}