{"action": [0.5658838152885437, -0.0023713610135018826], "reward": 0.9552006404758091}