{"action": [0.4581821858882904, -0.004495231434702873], "reward": 0.9405659643105624}