{"action": [0.6453230977058411, -0.0021117497235536575], "reward": 0.7654537692747241}