{"action": [0.699999988079071, -0.002173816552385688], "reward": 0.28136970654752563}