{"action": [0.699999988079071, -0.0021159981843084097], "reward": 0.10980099440182661}