{"action": [0.03268532454967499, -0.005792935844510794], "reward": 0.7279781480776636}