{"action": [0.5733556151390076, -0.0036509777419269085], "reward": 0.5372394101646889}