{"action": [0.699999988079071, -0.009794384241104126], "reward": 0.7555854152140227}