{"action": [-1.0, 0.03236927464604378], "reward": -0.004855226884869354}