{"action": [0.699999988079071, -0.016388271003961563], "reward": 0.5998023466180851}