{"action": [0.699999988079071, -0.003413787577301264], "reward": 0.7075388321221131}