{"action": [0.6679031252861023, -0.008434091694653034], "reward": 0.797475903204162}