{"action": [0.42003175616264343, -0.22058255970478058], "reward": 0.5817224510539678}