{"action": [0.5192381143569946, -0.19285379350185394], "reward": 0.5932088704300967}