{"action": [0.35705333948135376, -0.19481591880321503], "reward": 0.6375758771736836}