{"action": [0.5449544787406921, -0.2952512204647064], "reward": 0.6059850876672831}