{"action": [0.699999988079071, 0.003504927270114422], "reward": 0.1649529676233508}