{"action": [0.5280771255493164, 0.004788150079548359], "reward": 0.18709599756013331}