{"action": [0.6277276277542114, 0.002163117518648505], "reward": 0.9384564474026862}