{"action": [0.699999988079071, 0.032576221972703934], "reward": 0.005790059539800953}