{"action": [0.699999988079071, -0.00015402384451590478], "reward": 0.9231681742384253}