{"action": [0.373818039894104, 0.0051250094547867775], "reward": 0.4362275599631375}