{"action": [0.3244759738445282, 0.003265321021899581], "reward": 0.43532663906947966}