{"action": [0.44714686274528503, -0.06298777461051941], "reward": 0.7635961471989334}