{"action": [-1.0, 0.0016958808992058039], "reward": -0.00025410169777411265}