{"action": [-1.0, 0.0016937348991632462], "reward": -0.0002537916884837086}