{"action": [-1.0, 0.0016958808992058039], "reward": -0.0002540470610948339}