{"action": [-1.0, 0.0016937348991632462], "reward": -0.00016818650011559783}