{"action": [-1.0, 0.001694807899184525], "reward": -0.00025386174539032745}