{"action": [-1.0, 0.11769825220108032], "reward": -0.017654461147789038}