{"action": [-1.0, 0.036541648209095], "reward": -0.005481147631188599}