{"action": [-1.0, -8.047521077969577e-06], "reward": -1.1929213515025816e-06}