{"action": [0.3711461126804352, 3.546666994225234e-05], "reward": 0.4519322207985154}