{"action": [-1.0, -7.511019703088095e-06], "reward": -1.0836700227122603e-06}