{"action": [0.3239373564720154, 1.8370867110206746e-05], "reward": 0.4636533666751843}