{"action": [0.699999988079071, 1.1082291848651948e-06], "reward": 0.6391320769429321}