{"action": [0.699999988079071, 0.008868998847901821], "reward": 0.7501482295185063}