{"action": [0.699999988079071, 0.003826917614787817], "reward": -0.0004176851317973093}