{"action": [0.699999988079071, 0.011009417474269867], "reward": 0.5137041028479344}