{"action": [0.699999988079071, 0.003474211785942316], "reward": -0.0005211240760592537}