{"action": [0.699999988079071, 0.004009122960269451], "reward": 0.48207179756304974}