{"action": [0.6295373439788818, 0.0005749819101765752], "reward": 0.779874130927748}