{"action": [0.699999988079071, -0.000758236856199801], "reward": 0.6283788570824321}