{"action": [0.425140917301178, -0.06099279224872589], "reward": 0.7931066625453996}