{"action": [0.699999988079071, -0.575027585029602], "reward": 0.45365562515182084}