{"action": [0.699999988079071, -0.007778062019497156], "reward": 0.514486144949357}