{"action": [0.6263974905014038, -0.2110224962234497], "reward": 0.472717475635423}