{"action": [0.699999988079071, -0.009067153558135033], "reward": 0.5023490656465132}