{"action": [0.699999988079071, -0.545124351978302], "reward": 0.39230419972140085}