{"action": [0.699999988079071, -0.280839741230011], "reward": 0.5745728956420182}