{"action": [0.699999988079071, 0.006417022552341223], "reward": 0.694465865892373}