{"action": [0.699999988079071, 0.003252848517149687], "reward": 0.44851121482162365}