{"action": [0.699999988079071, 0.0038750346284359694], "reward": 0.46997380670719363}