{"action": [0.699999988079071, 0.002382408594712615], "reward": 0.22788608335223362}