{"action": [0.699999988079071, -0.0028144437819719315], "reward": 0.12067885158345949}