{"action": [-1.0, 0.0015193719882518053], "reward": 0.21380597297969967}