{"action": [0.699999988079071, 0.0012771470937877893], "reward": 0.9058773667004641}