{"action": [0.6787978410720825, 0.005620316602289677], "reward": -4.367434133411662}