{"action": [0.699999988079071, 0.00994634348899126], "reward": -4.085615869474458}