{"action": [0.699999988079071, 0.009276195429265499], "reward": -0.7062980319990608}