{"action": [0.699999988079071, -0.020138341933488846], "reward": -2.4266727315234666}