{"action": [0.699999988079071, 0.02676226571202278], "reward": -0.6188770391276293}