{"action": [0.699999988079071, 0.013294735923409462], "reward": -0.3420873235963375}