{"action": [-1.0, 0.005314134061336517], "reward": 0.6298297358161041}