{"action": [0.56983882188797, -0.002822178415954113], "reward": -5.562496876810266}