{"action": [0.699999988079071, 0.000254987069638446], "reward": 0.4032244329148275}