{"action": [0.699999988079071, 0.00843113660812378], "reward": 0.5765820775291074}