{"action": [0.699999988079071, -0.0005152980447746813], "reward": 0.8538953359234865}