{"action": [0.699999988079071, -0.010499370284378529], "reward": -0.6959142279721998}