{"action": [0.699999988079071, -0.0013686229940503836], "reward": 0.9135576087300624}