{"action": [0.699999988079071, -4.241251735948026e-05], "reward": 0.9816318928330184}