{"action": [0.699999988079071, 0.0002015287900576368], "reward": 0.8492047352827169}