{"action": [0.699999988079071, -0.013752936385571957], "reward": -0.4498608373307588}