{"action": [0.699999988079071, -1.4539480616804212e-05], "reward": 0.981428146216711}