{"action": [0.699999988079071, 0.015911772847175598], "reward": 0.543850854939952}