{"action": [0.699999988079071, -0.009794709272682667], "reward": 0.6191429658311814}