{"action": [0.699999988079071, 0.010309958830475807], "reward": 0.6026185672722879}