{"action": [0.699999988079071, 0.00048740446800366044], "reward": 0.8933248642678716}