{"action": [0.699999988079071, 0.019415898248553276], "reward": 0.6198758547211659}