{"action": [0.11035717278718948, -0.0008303890354000032], "reward": 0.43765762489623067}