{"action": [0.699999988079071, 0.008941158652305603], "reward": 0.9093273924536898}