{"action": [0.699999988079071, 0.00701094837859273], "reward": 0.9084437768052641}