{"action": [0.699999988079071, 0.0030037141405045986], "reward": 0.0922121321473328}