{"action": [0.41112497448921204, -0.276990681886673], "reward": 0.4958213386933583}