{"action": [0.6369082927703857, -0.7187416553497314], "reward": 0.4125497664972717}