{"action": [0.4215344786643982, -0.3596305549144745], "reward": 0.6201396915141071}