{"action": [0.4228680729866028, -0.010695897042751312], "reward": 0.8290997056962942}