{"action": [0.6534518599510193, 0.0007717515109106898], "reward": 0.7936261334530269}