{"action": [-1.0, 0.036515358835458755], "reward": -0.0054770324865029306}