{"action": [0.3072780668735504, -0.0013804014306515455], "reward": 0.4416211823620698}