{"action": [-0.828805685043335, -0.022123318165540695], "reward": 0.5213851637686807}