{"action": [-1.0, 5.365014317249006e-07], "reward": -5.5540808064361136e-08}