{"action": [0.699999988079071, 5.379318963605328e-07], "reward": 0.000808109791370438}