{"action": [-1.0, 5.365014317249006e-07], "reward": 9.800686064498828e-10}