{"action": [0.3045675754547119, -0.004587503150105476], "reward": 0.41827027018774554}