{"action": [0.2811306118965149, 0.0032435585744678974], "reward": 0.48724095331284206}