{"action": [-1.0, 0.020444994792342186], "reward": -0.003066638809600829}