{"action": [-1.0, 0.004316153936088085], "reward": -0.0006454794760254449}