{"action": [0.5264537930488586, 0.015136881731450558], "reward": 0.3881128722067967}