{"action": [-1.0, 0.020427290350198746], "reward": -0.003063838321226606}