{"action": [-1.0, 0.03651374951004982], "reward": -0.0054768958391766724}