{"action": [-1.0, 0.020433729514479637], "reward": -0.003065010192137437}