{"action": [-1.0, 0.02041548863053322], "reward": -0.003062235674154467}