{"action": [-1.0, 0.02041548863053322], "reward": -0.0030622391789288635}