{"action": [-1.0, 0.020431583747267723], "reward": -0.0030645060422557205}