{"action": [-1.0, 0.020434265956282616], "reward": -0.0030651188652187885}