{"action": [-1.0, 0.020417634397745132], "reward": -0.0030624976217342725}