{"action": [0.699999988079071, 0.09980642050504684], "reward": 0.3859767444456982}