{"action": [0.4134971797466278, -0.002580456668511033], "reward": 0.8824610185757653}