{"action": [0.4727506637573242, -0.003737329039722681], "reward": 0.8035024835381447}