{"action": [0.5020800828933716, -0.019890116527676582], "reward": 0.7955623915554936}