{"action": [0.4933716654777527, -0.002561587141826749], "reward": 0.8143662884900656}