{"action": [0.43409860134124756, -0.005693376064300537], "reward": 0.8613300196324977}