{"action": [0.4973255395889282, -0.020692020654678345], "reward": 0.7849791733728256}