{"action": [0.41123417019844055, -0.0022416673600673676], "reward": 0.8842293594234678}