{"action": [0.47619467973709106, 1.1734307008737233e-05], "reward": 0.8517191508798009}