{"action": [0.699999988079071, -0.014580459333956242], "reward": 0.7118484607977906}