{"action": [0.58113694190979, -0.0027282300870865583], "reward": 0.829259340349631}