{"action": [0.699999988079071, 0.0213041789829731], "reward": 0.7091203510933922}