{"action": [0.699999988079071, -0.016072912141680717], "reward": 0.6396886391440588}