{"action": [0.5382383465766907, -0.00047043192898854613], "reward": 0.8494445211692817}