{"action": [0.699999988079071, 0.00013085620594210923], "reward": 0.47182083077507875}