{"action": [0.446494996547699, -0.0002534247760195285], "reward": 0.8954091694787543}