{"action": [0.5397007465362549, -0.0005346506368368864], "reward": 0.7985834941024024}