{"action": [0.5643724799156189, -0.008395341224968433], "reward": 0.7618773461643603}