{"action": [-1.0, -0.0008184235193766654], "reward": 0.8271299119993482}