{"action": [0.699999988079071, 0.0018115637358278036], "reward": 0.6589455083648276}