{"action": [0.6829096078872681, -0.0033397984225302935], "reward": 0.7220337730075665}