{"action": [0.6092779040336609, -0.001834822352975607], "reward": 0.8151560076498043}