{"action": [0.4583419859409332, 0.0009230283321812749], "reward": 0.415809247871454}