{"action": [-1.0, -0.017753904685378075], "reward": -0.0021607333779754484}