{"action": [-1.0, -0.00016631543985567987], "reward": 0.00022964201918455516}