{"action": [0.3485393524169922, -0.009449445642530918], "reward": 0.44021313178949334}