{"action": [0.6951081156730652, -0.001597720431163907], "reward": 0.7531920081611965}