{"action": [0.33675676584243774, -0.007189082447439432], "reward": 0.46580062803512956}