{"action": [-0.1535709947347641, -0.0019305807072669268], "reward": 0.5206883954280751}