{"action": [0.699999988079071, 0.06179400160908699], "reward": 0.6717278325792837}