{"action": [0.680144190788269, -0.0016602795803919435], "reward": 0.776288856412732}