{"action": [0.48247843980789185, -0.00034613729803822935], "reward": 0.8218925775413056}