{"action": [0.699999988079071, 0.09421846270561218], "reward": 0.6252436323147997}