{"action": [0.6357827186584473, -0.0017516501247882843], "reward": 0.8104867617223734}