{"action": [0.5976121425628662, 0.002279354026541114], "reward": 0.6869931094643279}