{"action": [0.4858716130256653, 0.00045792575110681355], "reward": 0.8649224292835909}