{"action": [0.48377540707588196, 0.0006624458474107087], "reward": 0.8801266689993303}