{"action": [0.699999988079071, 0.0002656862197909504], "reward": 0.681235972001208}