{"action": [0.47614461183547974, -0.0014450193848460913], "reward": 0.6877199801239993}