{"action": [0.699999988079071, 0.00043150476994924247], "reward": 0.7588914233799743}