{"action": [0.35939064621925354, -0.004147225059568882], "reward": 0.4434964813079794}