{"action": [-1.0, -6.974518328206614e-05], "reward": -9.628572684992678e-06}