{"action": [-1.0, -6.974518328206614e-05], "reward": -9.627557965024801e-06}