{"action": [-1.0, -6.974518328206614e-05], "reward": -1.0288260514536393e-05}