{"action": [0.40151262283325195, -0.007299504708498716], "reward": 0.9020890382645621}