{"action": [-1.0, -6.920868327142671e-05], "reward": 2.73992546402426e-05}