{"action": [-1.0, -6.974518328206614e-05], "reward": -1.0227946960257398e-05}