{"action": [0.699999988079071, -7.003962673479691e-05], "reward": 0.007130902759491656}