{"action": [0.48930680751800537, -0.007433260325342417], "reward": 0.7933422814745341}