{"action": [0.699999988079071, -0.01405252330005169], "reward": 0.43843538452264286}