{"action": [0.699999988079071, -0.010435231029987335], "reward": 0.34384425149566766}