{"action": [0.699999988079071, 0.0005670242244377732], "reward": 0.7589123670084736}