{"action": [0.45125269889831543, 0.00846815388649702], "reward": 0.8652161904431023}