{"action": [0.699999988079071, -6.953161937417462e-05], "reward": 0.0010185723838154544}