{"action": [0.49863284826278687, 0.008604743517935276], "reward": 0.8039625214196527}