{"action": [0.5563076138496399, 0.013402091339230537], "reward": 0.817779063087229}