{"action": [0.699999988079071, 0.5123704075813293], "reward": 0.35621986570146225}