{"action": [0.27887067198753357, -0.14059221744537354], "reward": 0.32107033768466614}