{"action": [0.3935859799385071, 0.04911517724394798], "reward": 0.6378427650860963}