{"action": [0.5843374133110046, 0.12923979759216309], "reward": 0.5914483360257932}