{"action": [0.699999988079071, -0.1148589700460434], "reward": -0.017227004550958002}