{"action": [0.42456579208374023, -0.00146714027505368], "reward": 0.8859090392060501}