{"action": [0.699999988079071, -0.018705831840634346], "reward": 0.5364877297486708}