{"action": [-1.0, -0.0526050366461277], "reward": -0.007885799241138003}