{"action": [0.699999988079071, -0.05343959853053093], "reward": -0.001171155895073806}