{"action": [0.699999988079071, -0.008902315981686115], "reward": 0.7612240152281872}