{"action": [0.47382378578186035, -0.0025792974047362804], "reward": 0.861658621252789}