{"action": [0.699999988079071, -0.01144466269761324], "reward": 0.6667935649175307}