{"action": [0.699999988079071, -9.395867527928203e-05], "reward": 0.6630870785392402}