{"action": [0.5883652567863464, -0.008207147009670734], "reward": 0.785262864877606}