{"action": [0.41188883781433105, -0.0009929643711075187], "reward": 0.9276080422885363}