{"action": [0.699999988079071, 0.09175676107406616], "reward": 0.1871410214566942}