{"action": [0.22464030981063843, 0.0015828306786715984], "reward": 0.8266668695467504}