{"action": [0.4474097192287445, -1.6586764104431495e-06], "reward": 0.793471383582414}