{"action": [0.699999988079071, -0.008096015080809593], "reward": 0.21477040739726128}