{"action": [0.5291536450386047, 0.00675664097070694], "reward": 0.8180819657027578}