{"action": [0.699999988079071, -0.0034931169357150793], "reward": 0.7273649291738751}