{"action": [0.699999988079071, -0.0009285160340368748], "reward": 0.6164050610504471}