{"action": [0.6550748944282532, 0.010871976613998413], "reward": 0.7396002540447768}