{"action": [0.4419776201248169, -0.011480685323476791], "reward": 0.8741315210258906}