{"action": [0.699999988079071, 0.01878982037305832], "reward": 0.8065962927110845}