{"action": [0.4508545994758606, 9.899663564283401e-05], "reward": 0.8452593288847254}