{"action": [0.2893367409706116, 0.01563369110226631], "reward": 0.4632682252083891}