{"action": [-1.0, 0.0014995214296504855], "reward": -0.0002230375704976104}