{"action": [-1.0, 0.0023804567754268646], "reward": 0.41186629439553923}