{"action": [0.699999988079071, -0.007237191312015057], "reward": 0.47457839805157015}