{"action": [0.699999988079071, 0.007953907363116741], "reward": 0.6338669197353808}