{"action": [0.5208795070648193, 0.008483557030558586], "reward": 0.8143558980525815}