{"action": [0.699999988079071, 0.0015178556786850095], "reward": 0.06982556206445893}