{"action": [0.699999988079071, 0.001504451152868569], "reward": 0.01322327091567449}