{"action": [0.699999988079071, 0.0015039833961054683], "reward": 0.2648450314711122}