{"action": [0.699999988079071, -0.006767383310943842], "reward": 0.543037440519922}