{"action": [-1.0, 0.001496302429586649], "reward": -0.00022347053811648686}