{"action": [0.699999988079071, 0.07847785204648972], "reward": 0.4979985265979821}