{"action": [0.503592848777771, 0.012619775719940662], "reward": 0.8034242928137604}