{"action": [0.5578228831291199, 0.4816795885562897], "reward": 0.5001977676824887}