{"action": [0.49845579266548157, 0.011573872528970242], "reward": 0.8280772938069106}