{"action": [0.699999988079071, -0.00020017915812786669], "reward": 0.2730597860997179}