{"action": [0.11650244891643524, -3.2970638130791485e-05], "reward": 0.831648910525619}