{"action": [0.18391555547714233, 0.042615655809640884], "reward": 0.587492485134106}