{"action": [0.4441935420036316, 0.2443705052137375], "reward": 0.744897947428246}