{"action": [0.699999988079071, -0.0263692457228899], "reward": 0.6922221498331539}