{"action": [0.4891875386238098, -0.0068829176016151905], "reward": 0.8627691474503189}