{"action": [0.699999988079071, -0.004459765274077654], "reward": 0.6133801861737297}