{"action": [-0.3326769173145294, -0.0028743145521730185], "reward": 0.5423404016650216}