{"action": [0.2542611360549927, -0.008045793510973454], "reward": 0.8355067768111752}