{"action": [0.5539021492004395, 0.0074507612735033035], "reward": 0.8002268086824071}