{"action": [0.699999988079071, 0.006354331038892269], "reward": 0.6751012037801677}