{"action": [0.5539445281028748, 0.4570867717266083], "reward": 0.43452403112830074}