{"action": [0.4504634737968445, 0.333807110786438], "reward": 0.39255400869466367}