{"action": [-1.0, -0.015321643091738224], "reward": 0.6964556478591484}