{"action": [0.09291231632232666, -0.010151686146855354], "reward": 0.5362796195744126}