{"action": [0.699999988079071, 0.6542921662330627], "reward": 0.5081108110912222}