{"action": [0.5627144575119019, 0.007038772571831942], "reward": 0.8002440274397306}