{"action": [0.5116585493087769, 0.010330203920602798], "reward": 0.7898351135275977}