{"action": [0.5246816277503967, 0.00756337633356452], "reward": 0.7784144540733351}