{"action": [0.4256519675254822, 0.0006738694501109421], "reward": 0.8712311529022759}