{"action": [0.4221538305282593, 0.2890220284461975], "reward": 0.3083047999052633}