{"action": [-0.35253146290779114, -0.003959941677749157], "reward": 0.5588071964104457}