{"action": [0.3192887604236603, -0.005953017622232437], "reward": 0.4440584218574062}