{"action": [0.699999988079071, 6.367385503835976e-05], "reward": 0.13551802688208572}