{"action": [0.40691640973091125, 0.001402395311743021], "reward": 0.44706529371911496}