{"action": [0.699999988079071, 0.00011741233174689114], "reward": 0.4496621477679797}