{"action": [0.2971991300582886, -0.0013546503614634275], "reward": 0.46341041030649394}