{"action": [0.699999988079071, 0.00013664351718034595], "reward": 0.5040765886280597}