{"action": [0.699999988079071, -7.970177830429748e-05], "reward": 0.6617157330584933}