{"action": [0.699999988079071, -0.002710512839257717], "reward": 0.43104852176929426}