{"action": [0.699999988079071, -0.00035127525916323066], "reward": 0.6849754601477872}