{"action": [0.2899196743965149, -0.0011226464994251728], "reward": 0.4671324185047262}