{"action": [0.27598246932029724, 0.0019184082048013806], "reward": 0.47488607260631643}