{"action": [0.699999988079071, 0.004649624694138765], "reward": 0.4524210660937394}