{"action": [0.699999988079071, 0.0025689387694001198], "reward": 0.698217021238314}