{"action": [0.6031741499900818, 0.0015098394360393286], "reward": 0.7670258191641438}