{"action": [0.699999988079071, 0.005974812898784876], "reward": 0.21942125532465329}