{"action": [0.42533788084983826, 0.00010726517211878672], "reward": 0.9159701808024366}