{"action": [0.699999988079071, 0.004413359798491001], "reward": 0.5455140926033603}