{"action": [0.533225417137146, 0.003300475887954235], "reward": 0.41012274904351786}