{"action": [-0.1807858645915985, -0.003625707235187292], "reward": 0.5329086808110948}