{"action": [0.5777466893196106, 0.004149347078055143], "reward": 0.8237104087608219}