{"action": [0.4249722361564636, 6.632704025832936e-05], "reward": 0.9198345197747552}