{"action": [-0.1827760934829712, -0.0035478295758366585], "reward": 0.5851790324210162}