{"action": [0.3989001214504242, 6.556093921972206e-06], "reward": 0.9182449456745001}