{"action": [0.699999988079071, 0.0030524751637130976], "reward": 0.6474032221041244}