{"action": [0.699999988079071, -0.003765692235901952], "reward": 0.5856082968173862}