{"action": [0.12355062365531921, -0.011349617503583431], "reward": 0.49203364959011103}