{"action": [0.45121604204177856, 0.009615717455744743], "reward": 0.8578871370913621}