{"action": [0.5485844016075134, 0.012434586882591248], "reward": 0.8334851792376157}