{"action": [0.6575580835342407, 0.021389145404100418], "reward": 0.6770569050053269}