{"action": [0.6643229722976685, -0.012782285921275616], "reward": 0.37588458107081824}