{"action": [-1.0, -0.007233648560941219], "reward": -0.0010746840855757503}