{"action": [-1.0, -0.007237940561026335], "reward": -0.0010854542609072587}