{"action": [-1.0, 0.004379997495561838], "reward": -0.0006567152855615111}