{"action": [-1.0, -0.007243305444717407], "reward": -0.0010828096500135071}