{"action": [-1.0, -0.007231502328068018], "reward": -0.0010843449904630845}