{"action": [-1.0, -0.007236867677420378], "reward": -0.0010854563833295285}