{"action": [-1.0, -0.0072309658862650394], "reward": -0.0010838779668392669}