{"action": [0.699999988079071, -0.0006767473532818258], "reward": 0.7450641937154867}