{"action": [0.699999988079071, 0.001953501719981432], "reward": 0.7653845619327507}