{"action": [0.699999988079071, 0.01340592373162508], "reward": 0.5815954321076273}