{"action": [0.6858333945274353, 0.0016179478261619806], "reward": 0.8160872419520848}