{"action": [0.699999988079071, 0.006906900089234114], "reward": -0.0009747614563095382}