{"action": [0.49561500549316406, 0.0024910804349929094], "reward": 0.8553635093438585}