{"action": [0.48241740465164185, -0.2859567701816559], "reward": 0.6953830743103462}