{"action": [0.3865615725517273, -0.005978832021355629], "reward": 0.9128424468527612}