{"action": [0.40185514092445374, -0.24262183904647827], "reward": 0.7328282861043691}