{"action": [0.4389997124671936, -0.006585516035556793], "reward": 0.8528573289403005}