{"action": [0.3859787583351135, -0.007546884939074516], "reward": 0.9013774293913188}