{"action": [0.4402133524417877, -0.004298418760299683], "reward": 0.85625575944053}