{"action": [0.5018779635429382, -0.18086424469947815], "reward": 0.8005542456182128}