{"action": [0.5470389723777771, -0.23711778223514557], "reward": 0.7387151427208657}