{"action": [0.4536506235599518, -0.004703371319919825], "reward": 0.8792600240309518}