{"action": [0.699999988079071, -0.42481476068496704], "reward": -0.06372221410274505}