{"action": [0.42576730251312256, -0.005571204237639904], "reward": 0.8805846314015837}