{"action": [0.4703943133354187, 0.01115490309894085], "reward": 0.8644907322024787}