{"action": [0.4302808940410614, -0.07412189990282059], "reward": 0.7270612174771804}