{"action": [0.699999988079071, 0.006001679226756096], "reward": 0.8471297791564412}