{"action": [0.4663662016391754, -0.05137830600142479], "reward": 0.6805627021359876}