{"action": [0.5953812599182129, 0.025182591751217842], "reward": 0.7101782733123606}