{"action": [0.6912602186203003, 0.012089235708117485], "reward": 0.7475354571595137}