{"action": [0.3884068727493286, -0.037931740283966064], "reward": 0.8357987722054986}