{"action": [0.699999988079071, 0.001525425468571484], "reward": 0.6676676461767433}