{"action": [0.4842321574687958, 0.003104784293100238], "reward": 0.8341781910465745}