{"action": [0.37667471170425415, -0.029539894312620163], "reward": 0.8586452272732239}