{"action": [0.39134031534194946, 0.0074340105056762695], "reward": 0.8907922383768961}