{"action": [0.403253436088562, 0.006670043338090181], "reward": 0.8868999649700553}