{"action": [0.37730658054351807, 0.009307092987000942], "reward": 0.8924860644070184}