{"action": [0.43496617674827576, -0.057516518980264664], "reward": 0.779692908295933}