{"action": [0.46042174100875854, 0.006222463678568602], "reward": 0.8598957698689853}