{"action": [0.4417588710784912, 0.005207815207540989], "reward": 0.8704669550593495}