{"action": [0.5870283246040344, -0.007384797558188438], "reward": 0.7713269476385411}