{"action": [0.5234182476997375, -0.007721608970314264], "reward": 0.8261931262587413}