{"action": [0.6393548846244812, -0.002655699150636792], "reward": 0.7356262212307912}