{"action": [0.699999988079071, 0.04882414638996124], "reward": 0.7649311903366601}