{"action": [0.3539538085460663, 0.00979856587946415], "reward": 0.8650370080595629}