{"action": [0.5708571076393127, 0.0189917404204607], "reward": 0.7351448505389914}