{"action": [0.699999988079071, 0.015001079067587852], "reward": 0.7261569609840959}