{"action": [0.563368558883667, 0.0008777878247201443], "reward": 0.7940362814857956}