{"action": [0.49917638301849365, -0.013559287413954735], "reward": 0.8178029628933009}