{"action": [0.5784213542938232, -0.012095888145267963], "reward": 0.7439239243933641}