{"action": [0.6926159262657166, 0.01679404079914093], "reward": 0.6712057807859567}