{"action": [0.5426213145256042, 0.00048616123967804015], "reward": 0.8257587810199636}