{"action": [0.4590049386024475, 0.0030241385102272034], "reward": 0.8939208775570452}