{"action": [0.4296315312385559, -0.012414826080203056], "reward": 0.8597946275261333}