{"action": [0.699999988079071, 0.016619490459561348], "reward": 0.6950962071120698}