{"action": [0.5053900480270386, 0.010382433421909809], "reward": 0.7805368591981366}