{"action": [0.4023275375366211, 6.152360583655536e-05], "reward": 0.9131935782113422}