{"action": [0.5173700451850891, 0.0010014149593189359], "reward": 0.8222759860718882}