{"action": [0.5000060796737671, 0.00855230912566185], "reward": 0.8093702300425741}