{"action": [0.39126211404800415, 0.00047820352483540773], "reward": 0.888759910695795}