{"action": [0.40653854608535767, 0.00335220736451447], "reward": 0.8960607443636689}