{"action": [0.4203283190727234, 0.0011710821418091655], "reward": 0.8945426279776555}