{"action": [0.4880141019821167, -0.01197222713381052], "reward": 0.8066105935230009}