{"action": [0.38662368059158325, -0.0013542433734983206], "reward": 0.9321356419782916}