{"action": [0.4772810637950897, -0.002626585541293025], "reward": 0.8835914940510063}