{"action": [0.5430009961128235, 0.005074061919003725], "reward": 0.8177728198224213}