{"action": [0.4749654531478882, -0.011856512166559696], "reward": 0.8485385943937762}