{"action": [0.4026893973350525, -0.0002747424878180027], "reward": 0.8631479048914252}