{"action": [0.521865725517273, -0.00014846512931399047], "reward": 0.8665717310719505}