{"action": [0.5855672955513, -0.019969908520579338], "reward": 0.7428465372191203}