{"action": [0.48457950353622437, -0.012386942282319069], "reward": 0.8151496168111556}