{"action": [0.699999988079071, -0.006123245228081942], "reward": 0.7175244864139132}