{"action": [-1.0, -0.008718684315681458], "reward": -0.0013073118821626897}