{"action": [-1.0, -0.008720830082893372], "reward": -0.0013080811629403726}