{"action": [-1.0, -0.009671851061284542], "reward": 0.7031840696995331}