{"action": [0.35225191712379456, -0.013616305775940418], "reward": 0.4460236393537062}