{"action": [0.699999988079071, -0.0005911792395636439], "reward": 0.8979395331675082}