{"action": [-1.0, -0.008726195432245731], "reward": -0.0013085662771320289}