{"action": [-1.0, -0.008728877641260624], "reward": -0.001309149461149413}