{"action": [-1.0, -0.008736925199627876], "reward": -0.0013102330276990482}