{"action": [-1.0, -0.008755166083574295], "reward": -0.001313156132047394}