{"action": [-1.0, -0.0010644188150763512], "reward": -0.00015950214287449477}