{"action": [0.2448100745677948, -0.0023503275588154793], "reward": 0.47131902152920435}