{"action": [0.2620445489883423, -0.002040312858298421], "reward": 0.47026198929172447}