{"action": [0.699999988079071, -0.014970952644944191], "reward": 0.6547268868538324}