{"action": [0.2612305283546448, -0.0015639064367860556], "reward": 0.4721409069342333}