{"action": [-1.0, -0.0010644188150763512], "reward": -0.0001593495973684158}