{"action": [0.699999988079071, -0.015733150765299797], "reward": 0.5577072415037729}