{"action": [0.699999988079071, -0.007934111170470715], "reward": 0.21832870670800025}