{"action": [0.4308640658855438, -0.003377472748979926], "reward": 0.8937255651601907}