{"action": [0.699999988079071, -0.0031931756529957056], "reward": 0.6744037460742142}