{"action": [0.4707232713699341, -0.003977735061198473], "reward": 0.8668814142472641}