{"action": [0.10359586775302887, 0.004471812397241592], "reward": 0.8675989152879916}