{"action": [0.699999988079071, 0.015985354781150818], "reward": 0.7720036516312185}