{"action": [0.666499674320221, -0.007330088410526514], "reward": 0.7195126532580669}