{"action": [0.586545467376709, -0.0031373107340186834], "reward": 0.8352536440101443}