{"action": [0.5413501262664795, -0.008517003618180752], "reward": 0.6634826907687861}