{"action": [0.5032603144645691, -0.00047066534170880914], "reward": 0.7733002580881445}