{"action": [0.699999988079071, -0.02667444758117199], "reward": 0.44837206822654}