{"action": [0.699999988079071, -0.0007467527175322175], "reward": 0.5612893895802964}