{"action": [0.699999988079071, -0.0203660037368536], "reward": 0.6570882757090262}