{"action": [-0.29640883207321167, -0.002981988014653325], "reward": 0.5616519186735591}