{"action": [0.32787322998046875, -0.0012705583358183503], "reward": 0.4302393716230124}