{"action": [0.329547256231308, 8.126854481815826e-06], "reward": 0.49244632849402464}