{"action": [0.699999988079071, -0.0001825635408749804], "reward": 0.4897437839248575}