{"action": [0.699999988079071, -0.0003736709477379918], "reward": 0.3771153120936871}