{"action": [0.4479430019855499, 0.029697328805923462], "reward": 0.35837469690870494}