{"action": [-1.0, 0.006885459180921316], "reward": -0.001032694618689323}