{"action": [0.699999988079071, 0.0024909658823162317], "reward": 0.11968052809880862}