{"action": [0.27193304896354675, 0.012139654718339443], "reward": 0.334476034290298}