{"action": [0.049752458930015564, 0.021020669490098953], "reward": 0.5226436997488567}