{"action": [0.16317716240882874, 0.011708860285580158], "reward": 0.4680333885562114}