{"action": [0.6452026963233948, -0.0016954242018982768], "reward": 0.4161291243568401}