{"action": [0.496150404214859, -0.0013854991411790252], "reward": 0.4201055800871514}