{"action": [-1.0, -0.0020998665131628513], "reward": -0.00031484812652212075}