{"action": [0.3261631727218628, 0.0006227254052646458], "reward": 0.47344479239342174}