{"action": [-1.0, -0.0020998665131628513], "reward": -0.0003120892839650067}