{"action": [0.38042834401130676, -0.001217821380123496], "reward": 0.45354001508739117}