{"action": [-1.0, -0.0020800160709768534], "reward": 9.798246886646989e-05}