{"action": [-1.0, -0.00214117718860507], "reward": -0.00032099297807566487}