{"action": [0.24839787185192108, 0.0003421018773224205], "reward": 0.47969863293901843}