{"action": [0.27701717615127563, -0.004473702982068062], "reward": 0.4846042250369697}