{"action": [-1.0, -0.00214117718860507], "reward": -0.0003211135363486248}