{"action": [-1.0, -0.0021079140715301037], "reward": -0.0003159461448960762}