{"action": [-1.0, -0.0021728307474404573], "reward": -0.00032578838038299353}