{"action": [-1.0, -0.0021063045132905245], "reward": -0.0003066576431347368}