{"action": [-1.0, -0.0008814717875793576], "reward": 0.3516283056568541}