{"action": [-1.0, -0.0013433995191007853], "reward": 1.9831269065882117e-05}