{"action": [-1.0, -0.0022130683064460754], "reward": -0.00033177749742733435}