{"action": [-1.0, -0.002184633631259203], "reward": -0.00032054797935302074}