{"action": [-1.0, -0.002205020748078823], "reward": -0.00032578654004096106}