{"action": [-1.0, -0.002212531864643097], "reward": -0.0003312094610256312}