{"action": [0.699999988079071, -0.002124355873093009], "reward": 0.0008633957178591284}