{"action": [-1.0, -0.002115424955263734], "reward": -0.00031657449224038134}