{"action": [-1.0, -0.002115424955263734], "reward": -0.0003169715305947985}