{"action": [0.4706023335456848, 0.0012487492058426142], "reward": 0.5408381744880951}