{"action": [0.34516364336013794, 0.1943567991256714], "reward": 0.4442217286544683}