{"action": [0.699999988079071, 0.20015498995780945], "reward": 0.5038600752421482}