{"action": [0.699999988079071, -0.005349735729396343], "reward": 0.3619840610982021}