{"action": [0.699999988079071, 0.15678289532661438], "reward": 0.10869112176210406}