{"action": [0.699999988079071, 0.0019528208067640662], "reward": 0.3782209155220734}