{"action": [0.699999988079071, 0.158578559756279], "reward": 0.0597219767357383}