{"action": [0.24960702657699585, -0.004544410388916731], "reward": 0.5214030558340932}