{"action": [0.699999988079071, -0.0014340401394292712], "reward": 0.1307832405080308}