{"action": [0.4450227618217468, -0.007977492175996304], "reward": 0.8667914160849554}