{"action": [0.4588612914085388, 0.04070138558745384], "reward": 0.759385179589685}