{"action": [0.6083802580833435, -0.019014835357666016], "reward": 0.7150006055438636}