{"action": [0.5922309160232544, 0.10795886069536209], "reward": 0.6015204934647914}