{"action": [0.699999988079071, -0.007990395650267601], "reward": 0.668011459040888}