{"action": [0.39209941029548645, -0.017119841650128365], "reward": 0.8629172684390506}