{"action": [0.46595337986946106, -0.007042883895337582], "reward": 0.860721722977275}