{"action": [0.3964802622795105, 0.01641215942800045], "reward": 0.8689616418780473}