{"action": [0.6774627566337585, -0.0065326751209795475], "reward": 0.7951373677790874}