{"action": [0.3405008912086487, -0.0017399289645254612], "reward": 0.9100430589155089}