{"action": [0.699999988079071, 0.01560052577406168], "reward": 0.6135613012349491}