{"action": [0.5371463894844055, -0.0037298696115612984], "reward": 0.7769831671642808}