{"action": [0.32068514823913574, -0.0018784517887979746], "reward": 0.9272116755429418}