{"action": [0.4653019905090332, -0.003423975547775626], "reward": 0.9009791412262781}