{"action": [0.699999988079071, 0.001025226665660739], "reward": 0.6759101823713628}