{"action": [0.37386906147003174, -0.0010793074034154415], "reward": 0.47849525377395}