{"action": [0.5267101526260376, -0.0012311963364481926], "reward": 0.44181260301557373}