{"action": [0.09331332892179489, 0.00022093624284025282], "reward": 0.5062540714513426}