{"action": [-1.0, 0.0006250241422094405], "reward": -9.222466760219071e-05}