{"action": [0.33360302448272705, -0.010222502052783966], "reward": 0.8170256183824829}