{"action": [0.5583786368370056, -0.006885627284646034], "reward": 0.40288558955791876}