{"action": [-1.0, 0.0006250241422094405], "reward": -9.366431473349751e-05}