{"action": [0.33110180497169495, -0.0029980228282511234], "reward": 0.9100456204502696}