{"action": [0.699999988079071, 0.003682750975713134], "reward": 0.010519614380672383}