{"action": [-1.0, -0.0129822613671422], "reward": 0.3448562684194467}