{"action": [0.5588982105255127, -0.02040969580411911], "reward": 0.6778933016553683}