{"action": [0.699999988079071, 0.002127566374838352], "reward": 0.5678756384137833}