{"action": [0.3648083806037903, -0.005396514665335417], "reward": 0.45263102434394525}