{"action": [0.3267545700073242, -0.0012861393624916673], "reward": 0.9449520712762977}