{"action": [-0.0005026562139391899, -0.015586062334477901], "reward": 0.4280210532244821}