{"action": [-1.0, -0.009493391960859299], "reward": -0.0014187518658074242}