{"action": [0.5190024375915527, 0.014386914670467377], "reward": 0.8152697539822185}