{"action": [0.699999988079071, -0.007255428470671177], "reward": 0.3479755893992053}