{"action": [0.5038268566131592, 0.008816579356789589], "reward": 0.8095856084715554}