{"action": [0.5494081974029541, 0.016498256474733353], "reward": 0.795342263264904}