{"action": [0.4402787983417511, 0.00046186099643819034], "reward": 0.8760950208145709}