{"action": [-1.0, -0.009714431129395962], "reward": -0.0014569316640275828}