{"action": [0.4105563163757324, 0.012579290196299553], "reward": 0.8442843958290771}