{"action": [0.699999988079071, -0.0038671446964144707], "reward": 0.4899773255762218}