{"action": [-1.0, -0.009713894687592983], "reward": -0.0014568196721204826}