{"action": [0.3927721381187439, 0.012876351363956928], "reward": 0.873529421155552}