{"action": [0.576995849609375, 0.019708339124917984], "reward": 0.7711271153650732}