{"action": [0.5912325382232666, 0.02134779654443264], "reward": 0.7488886694707756}