{"action": [0.457742303609848, 0.002153819426894188], "reward": 0.8756511054240511}