{"action": [-1.0, 0.00039432852645404637], "reward": -5.900745517339159e-05}