{"action": [-1.0, 0.00039218252641148865], "reward": -5.820081847282782e-05}