{"action": [-1.0, -0.0007629049941897392], "reward": 0.3942101587181676}