{"action": [0.699999988079071, 0.0004077975172549486], "reward": 0.009662848832184483}