{"action": [0.06210067868232727, 0.0783679336309433], "reward": 0.4336298103464544}