{"action": [-1.0, -0.003415904473513365], "reward": -0.0005072675578667448}