{"action": [0.699999988079071, 0.0003951271064579487], "reward": 0.10691920623445854}