{"action": [-1.0, -0.0011749380500987172], "reward": -5.24175665217207e-05}