{"action": [0.699999988079071, 0.0020627842750400305], "reward": 0.3936838028163849}