{"action": [-1.0, 0.0003015137917827815], "reward": -4.519302018814897e-05}