{"action": [0.699999988079071, -0.0018671647412702441], "reward": 0.3535920638438706}