{"action": [0.699999988079071, 0.0011314257280901074], "reward": 0.48005068927929134}