{"action": [0.3441678285598755, -0.218769833445549], "reward": -0.03281547501683235}