{"action": [0.35516157746315, -0.21776224672794342], "reward": -0.03266433700919151}