{"action": [0.5297975540161133, 0.0012074972037225962], "reward": 0.8288969316907875}