{"action": [0.699999988079071, -0.19895236194133759], "reward": 0.5488732214577277}