{"action": [0.5843016505241394, -0.2576587498188019], "reward": 0.6322512401237407}