{"action": [-1.0, -0.0011706460500136018], "reward": -0.00017544962394174725}