{"action": [0.699999988079071, 0.0006461318698711693], "reward": 0.7413080495383891}