{"action": [0.699999988079071, -0.24340571463108063], "reward": 0.5859196290470228}