{"action": [0.36779165267944336, 0.008970039896667004], "reward": 0.8557475180270663}