{"action": [0.699999988079071, -0.008372513577342033], "reward": 0.6301700452427601}