{"action": [0.699999988079071, -0.038734566420316696], "reward": 0.6723679819416735}