{"action": [0.4504922330379486, 0.006065099500119686], "reward": 0.8462596737524358}