{"action": [0.39697369933128357, 0.005803034640848637], "reward": 0.8526604532724791}