{"action": [0.4661020040512085, 0.0057297199964523315], "reward": 0.8664509308684917}