{"action": [0.40308594703674316, 0.008958964608609676], "reward": 0.8840473881871016}