{"action": [0.699999988079071, -0.005403495393693447], "reward": 0.6132643119585167}