{"action": [0.699999988079071, -0.017278779298067093], "reward": 0.6788654376505513}