{"action": [0.3583472967147827, -0.23775485157966614], "reward": 0.7940985206304588}