{"action": [0.4318311810493469, -0.16070151329040527], "reward": 0.5122304376402592}