{"action": [0.699999988079071, 0.002559368498623371], "reward": 0.9323696221133053}