{"action": [-1.0, -0.0011701096082106233], "reward": -0.00017473728159956013}