{"action": [0.699999988079071, -0.007937652058899403], "reward": -2.181418183628364}