{"action": [0.699999988079071, -0.0005073577631264925], "reward": -1.0857067437786883}