{"action": [0.6403066515922546, -0.0036304304376244545], "reward": -5.045163017866085}