{"action": [0.5381993651390076, 0.022649796679615974], "reward": -4.5750655483925655}