{"action": [0.5943387746810913, 0.011487516574561596], "reward": -4.491120786281438}