{"action": [0.699999988079071, -0.00034373963717371225], "reward": -0.9643206244529511}