{"action": [0.699999988079071, -0.0029855207540094852], "reward": -3.00577850191232}