{"action": [0.699999988079071, -0.0008092856733128428], "reward": -4.015915375740668}