{"action": [0.699999988079071, 0.0050377375446259975], "reward": -3.934373746537167}