{"action": [0.699999988079071, -0.001696244115009904], "reward": 0.4984900757670003}