{"action": [0.5715402960777283, -0.0048602609895169735], "reward": -5.131470453741703}