{"action": [0.5498908162117004, -0.0026465309783816338], "reward": -5.28069547455124}