{"action": [0.6814323663711548, -0.0060865445993840694], "reward": -4.498054948810981}