{"action": [0.5639756917953491, -0.0006655807374045253], "reward": -5.436954777936122}