{"action": [0.5991146564483643, 0.01179600227624178], "reward": -4.372506895419372}