{"action": [0.34828418493270874, -0.05842791125178337], "reward": 0.8041788507185622}