{"action": [0.5027000308036804, -0.34048885107040405], "reward": 0.5304520446885093}