{"action": [0.047881562262773514, 0.007318431977182627], "reward": -3.4603144050356835}