{"action": [0.3442556858062744, -0.10764236748218536], "reward": 0.5132214016511294}