{"action": [0.368509978055954, -0.23278629779815674], "reward": 0.736552699086778}