{"action": [0.3883039653301239, -0.20039322972297668], "reward": 0.5941930087898288}