{"action": [0.01719411090016365, 0.008782129734754562], "reward": -3.5966201802168802}