{"action": [0.5848665833473206, 0.001426232629455626], "reward": 0.8305061568590691}