{"action": [0.699999988079071, -4.831075330002932e-06], "reward": 0.6240920249543073}