{"action": [0.699999988079071, 0.00037426193011924624], "reward": 0.6309070487168559}