{"action": [-0.05901575833559036, 0.014719719998538494], "reward": 0.5210937703244206}