{"action": [0.5208088755607605, 0.015857134014368057], "reward": 0.7762283510822131}