{"action": [0.699999988079071, -0.10960467159748077], "reward": -0.016440533973564212}