{"action": [0.699999988079071, -0.011014271527528763], "reward": 0.30255825185859664}