{"action": [0.699999988079071, -0.010545479133725166], "reward": 0.3511688394485072}