{"action": [0.699999988079071, 0.0006153532303869724], "reward": 0.19772878712520905}