{"action": [0.699999988079071, -0.009342661127448082], "reward": 0.39943679996302434}