{"action": [0.699999988079071, 0.006461878307163715], "reward": 0.2510467153517226}