{"action": [0.699999988079071, 0.0008928543538786471], "reward": 0.18985377529948286}