{"action": [-1.0, -0.0011738650500774384], "reward": -0.00017483744360746725}