{"action": [0.699999988079071, -0.00013444319483824074], "reward": 0.30931090344232465}