{"action": [0.699999988079071, -0.000369780114851892], "reward": 0.029976896270973417}