{"action": [0.699999988079071, -0.002593111712485552], "reward": 0.16936276529988004}