{"action": [0.699999988079071, -0.0005549847264774144], "reward": 0.15307469096199017}