{"action": [0.699999988079071, -0.0005751930875703692], "reward": 0.09680437247841132}