{"action": [0.699999988079071, -0.00014908003504388034], "reward": 0.16683075058348978}