{"action": [0.699999988079071, 0.009132308885455132], "reward": 0.16400894921522963}