{"action": [0.699999988079071, 0.0007787482463754714], "reward": 0.14173541159708833}