{"action": [0.699999988079071, -0.0001234018855029717], "reward": 0.05970253092134828}