{"action": [-1.0, -0.0011733286082744598], "reward": -0.00017570385240021848}