{"action": [0.699999988079071, -0.004203451331704855], "reward": 0.30280142112735486}