{"action": [0.699999988079071, 0.003204380627721548], "reward": 0.2098357904342134}