{"action": [0.699999988079071, -0.001446427428163588], "reward": 0.32299558903937126}