{"action": [0.699999988079071, 0.000332786439685151], "reward": 0.23991969587204964}