{"action": [0.699999988079071, 0.006923281587660313], "reward": 0.31152887431870446}