{"action": [0.699999988079071, 0.00904802791774273], "reward": 0.17164621604940364}