{"action": [0.699999988079071, 0.0014689064119011164], "reward": 0.26229722118379456}