{"action": [0.699999988079071, 0.0009653826127760112], "reward": 0.3577092114430246}