{"action": [0.699999988079071, -0.0026601438876241446], "reward": 0.28353685151529145}