{"action": [0.699999988079071, 0.0012775366194546223], "reward": 0.32269251651873526}