{"action": [0.699999988079071, 0.0011902801925316453], "reward": 0.3344874055116562}