{"action": [-1.0, -0.0011727920500561595], "reward": -0.0001758666303586065}