{"action": [0.699999988079071, -0.0029918926302343607], "reward": 0.307317249436138}