{"action": [0.699999988079071, -2.0595787191268755e-06], "reward": 0.3051915032064728}