{"action": [0.699999988079071, 0.004212076310068369], "reward": 0.06368618867650301}