{"action": [0.699999988079071, 0.00434154225513339], "reward": 0.19241808335615118}