{"action": [0.699999988079071, 0.004136714618653059], "reward": 0.08415219263580943}