{"action": [-1.0, -0.0011733286082744598], "reward": -0.00017568221432514902}