{"action": [0.699999988079071, 0.002061164705082774], "reward": 0.27802739033136414}