{"action": [0.699999988079071, 0.0014780317433178425], "reward": 0.2797287847019754}