{"action": [0.699999988079071, -0.002385510830208659], "reward": 0.10676456670569254}