{"action": [0.699999988079071, -3.366017699590884e-05], "reward": 0.21298804370072433}