{"action": [0.699999988079071, -4.473042645258829e-05], "reward": 0.17169867806795563}