{"action": [0.699999988079071, -0.0012725195847451687], "reward": 0.1296799422397152}