{"action": [0.699999988079071, -0.000149238170706667], "reward": 0.16605923522073243}