{"action": [0.699999988079071, -1.6821504686959088e-05], "reward": 0.20711724818434057}