{"action": [0.699999988079071, -0.00248358235694468], "reward": 0.13923271220339548}