{"action": [0.699999988079071, -0.0005519308615475893], "reward": 0.09228698810333308}