{"action": [0.699999988079071, -0.0006934470729902387], "reward": 0.043747120621316284}