{"action": [0.699999988079071, -0.00016672062338329852], "reward": 0.11058809808825389}