{"action": [0.699999988079071, -0.001537600066512823], "reward": 0.17997079968495167}