{"action": [0.699999988079071, -0.0011934313224628568], "reward": 0.1566843106077127}