{"action": [0.699999988079071, -0.0015385859878733754], "reward": 0.19360464349976966}