{"action": [0.699999988079071, -0.0006890176446177065], "reward": 0.0260302988588103}