{"action": [0.699999988079071, -0.001692204736173153], "reward": 0.2147003562336372}