{"action": [0.699999988079071, -9.391420462634414e-05], "reward": 0.13719232065918133}