{"action": [0.699999988079071, 0.037193361669778824], "reward": 0.16560357258672237}