{"action": [0.699999988079071, 0.0176756139844656], "reward": 0.09906132348791963}