{"action": [0.699999988079071, 1.0807514172483934e-06], "reward": 0.15031520825208464}