{"action": [0.699999988079071, -0.0018130833050236106], "reward": 0.2442024430546901}