{"action": [0.699999988079071, 0.0004572529869619757], "reward": 0.12240847515345325}