{"action": [0.699999988079071, 0.007677171844989061], "reward": 0.07534929011833932}