{"action": [-1.0, -0.001172255608253181], "reward": -0.0001750819587653077}