{"action": [-1.0, 0.00041042358498089015], "reward": -5.883636299115989e-05}