{"action": [-1.0, 0.00040613155579194427], "reward": -6.040846459179553e-05}