{"action": [0.699999988079071, 2.5301098503405228e-05], "reward": 0.1653787105106645}