{"action": [0.699999988079071, 0.0005941200070083141], "reward": 0.16959648370540423}