{"action": [0.699999988079071, 2.0987510652048513e-05], "reward": 0.13961189142253738}