{"action": [0.699999988079071, 0.00014637041022069752], "reward": 0.18914854880056273}