{"action": [0.699999988079071, 0.0004940051585435867], "reward": 0.19728767873056974}