{"action": [0.699999988079071, -0.0018719076178967953], "reward": 0.7353118940370468}