{"action": [0.47094008326530457, 0.0001789521920727566], "reward": 0.8673694100092727}