{"action": [0.699999988079071, 0.02017536200582981], "reward": 0.18228106406375935}