{"action": [-1.0, -0.0011717190500348806], "reward": -0.0001757392400555524}