{"action": [0.699999988079071, 0.019566472619771957], "reward": 0.0033026827478125787}