{"action": [0.699999988079071, 0.015775449573993683], "reward": 0.516391422029302}