{"action": [0.699999988079071, -0.004485711455345154], "reward": 0.6883209681090147}