{"action": [0.4671842157840729, -0.0005351507570594549], "reward": 0.8119632537572066}