{"action": [0.4272867739200592, -0.0007749318610876799], "reward": 0.8628100082880537}