{"action": [0.4276755154132843, 0.004079094622284174], "reward": 0.8867118169330142}