{"action": [-1.0, -0.0011717190500348806], "reward": -0.00017554424763412455}