{"action": [0.5096077919006348, 1.3187527656555176e-05], "reward": 0.8120692633415403}