{"action": [0.4848724901676178, -0.000695612165145576], "reward": 0.8610147433011481}