{"action": [0.6307554841041565, -0.009848573245108128], "reward": 0.7883866795599036}