{"action": [0.44484710693359375, -0.009316669777035713], "reward": 0.8623870789807664}