{"action": [0.45686063170433044, -0.010907350108027458], "reward": 0.8311264387816943}