{"action": [0.4942801296710968, -0.012070019729435444], "reward": 0.8150737468109027}