{"action": [0.699999988079071, -0.010762558318674564], "reward": 0.5859411689885681}