{"action": [0.2942599058151245, -0.008337079547345638], "reward": 0.4510806837807526}