{"action": [-1.0, -0.0032533444464206696], "reward": 0.20956343734040425}