{"action": [0.447462797164917, -0.008027609437704086], "reward": 0.8378111815454445}