{"action": [0.699999988079071, 0.0009782218839973211], "reward": 0.316583843080691}