{"action": [0.699999988079071, 0.000878196966368705], "reward": 0.18207882642929585}