{"action": [0.699999988079071, 0.0002279158215969801], "reward": 0.29953754505877456}