{"action": [-1.0, 0.0004646102315746248], "reward": 0.4458926722391718}