{"action": [0.699999988079071, -1.4290033504948951e-05], "reward": 0.3530563774157524}