{"action": [-1.0, 0.0004619277024175972], "reward": 0.42355615212692127}