{"action": [0.699999988079071, -9.500718442723155e-05], "reward": 0.033048980663732144}