{"action": [0.699999988079071, -0.001190149923786521], "reward": 0.013464808429125537}