{"action": [0.699999988079071, 0.0006469886866398156], "reward": 0.0016776373332699334}