{"action": [0.699999988079071, -0.001132954959757626], "reward": 0.8185146262062377}