{"action": [0.699999988079071, -0.0006606811075471342], "reward": 0.7830431493334655}