{"action": [0.220272958278656, 0.002365680178627372], "reward": 0.4828463509365947}