{"action": [0.699999988079071, 0.002408049302175641], "reward": 0.1359372839604966}