{"action": [0.699999988079071, -0.0011764231603592634], "reward": 0.001810472141853902}