{"action": [0.4797346591949463, 0.42568671703338623], "reward": 0.542583809495031}