{"action": [0.5889405012130737, 0.1317756325006485], "reward": 0.6164867643069321}