{"action": [0.6468549966812134, 0.08311393857002258], "reward": 0.6909471504078134}