{"action": [0.699999988079071, -0.005279120057821274], "reward": 0.9451335086544914}