{"action": [0.465922087430954, -0.011017427779734135], "reward": 0.8180891112000206}