{"action": [0.5931965112686157, 0.041585810482501984], "reward": 0.7117410030735788}