{"action": [0.699999988079071, -0.008616696111857891], "reward": 0.5535258309496299}