{"action": [0.699999988079071, -9.266406414099038e-05], "reward": 0.7480221615443133}