{"action": [0.699999988079071, -0.0010729152709245682], "reward": 0.425452956679497}