{"action": [0.645205557346344, 0.011333432048559189], "reward": 0.7518023344556398}