{"action": [0.699999988079071, -0.0006058997241780162], "reward": 0.4239055029473106}