{"action": [0.47483035922050476, 0.005900432821363211], "reward": 0.8298783155255309}