{"action": [0.6773971319198608, 0.015133459120988846], "reward": 0.7215332333152147}