{"action": [0.5442987084388733, 0.0015958279836922884], "reward": 0.785532246056789}