{"action": [-1.0, -0.004636600613594055], "reward": 0.8481492718349894}