{"action": [0.699999988079071, 0.0040827589109539986], "reward": 0.7093803378768487}