{"action": [-1.0, 8.852273458614945e-05], "reward": 0.8606905155916981}