{"action": [0.46156883239746094, 0.001873958739452064], "reward": 0.8209767807088432}