{"action": [-1.0, 0.0010070131393149495], "reward": -0.00015098538112891005}