{"action": [0.6663222908973694, 0.002865683985874057], "reward": 0.7922024005837336}