{"action": [-1.0, 0.0010075496975332499], "reward": -0.0001473451522588352}