{"action": [-1.0, 0.0010054035810753703], "reward": -0.0001502283357157732}