{"action": [-1.0, 0.0010070131393149495], "reward": -0.00015074335131986518}