{"action": [0.699999988079071, -0.0016702946741133928], "reward": 0.4958023438566345}