{"action": [0.699999988079071, -0.003543541068211198], "reward": 0.6272397758916075}