{"action": [0.5664612054824829, -0.002044025110080838], "reward": 0.8685709823392409}