{"action": [0.699999988079071, 0.00029483914840966463], "reward": 0.515337942673583}