{"action": [0.4842697083950043, -0.23501618206501007], "reward": 0.7784330275622976}