{"action": [0.699999988079071, -0.5161621570587158], "reward": 0.1234164195645183}