{"action": [0.6890325546264648, -0.4194798171520233], "reward": 0.21792054072330594}