{"action": [0.37158650159835815, -0.3389618694782257], "reward": 0.28570759944746565}