{"action": [0.699999988079071, -0.29654940962791443], "reward": 0.47475031830396297}