{"action": [0.5714039206504822, -0.0935782864689827], "reward": 0.6528511375556015}