{"action": [0.699999988079071, -0.001290394808165729], "reward": 0.6729012971995129}