{"action": [0.699999988079071, -0.10508513450622559], "reward": 0.4122400940968879}