{"action": [0.3599027395248413, 0.004504851996898651], "reward": 0.9309890281593933}