{"action": [0.38204970955848694, 0.013301528990268707], "reward": 0.7448843977035344}