{"action": [0.5974954962730408, 0.0023781582713127136], "reward": 0.7765141786359654}