{"action": [0.5618478059768677, -0.0007028693798929453], "reward": 0.8541236698904494}