{"action": [0.699999988079071, -0.0006174269365146756], "reward": 0.7025108085587524}