{"action": [0.5097360610961914, 0.004719940945506096], "reward": 0.8592262504119224}