{"action": [0.5515389442443848, 0.03409993648529053], "reward": 0.7193841754060605}