{"action": [0.5358556509017944, 0.01045206654816866], "reward": 0.3821612889330783}