{"action": [-1.0, 0.0035376902669668198], "reward": -0.0005304923902998078}