{"action": [0.699999988079071, 0.3697061836719513], "reward": -0.05545578556952978}