{"action": [0.4344191551208496, -0.00590729434043169], "reward": 0.7397146709666667}