{"action": [0.5722284317016602, -0.00478734914213419], "reward": 0.7476829022501296}