{"action": [0.699999988079071, -0.00362099870108068], "reward": 0.6248313847959436}