{"action": [0.3689206838607788, 0.008864200673997402], "reward": 0.9144638022080109}