{"action": [0.6873166561126709, 0.009093155153095722], "reward": 0.7509504549004082}