{"action": [0.4020416736602783, 0.009060835465788841], "reward": 0.9018926244896419}