{"action": [0.4479095935821533, 0.009350349195301533], "reward": 0.8833412187132962}