{"action": [0.4733496904373169, -0.005901439115405083], "reward": 0.7742526298490575}