{"action": [0.4070912003517151, 0.0023317686282098293], "reward": 0.9135157716926463}