{"action": [0.39683985710144043, 0.0021594210993498564], "reward": 0.9220843146298988}