{"action": [0.3585485517978668, 0.0005826090346090496], "reward": 0.9143640104673088}