{"action": [-0.4727116525173187, 0.0010272263316437602], "reward": 0.502348646155051}