{"action": [-1.0, 0.001233953284099698], "reward": -0.00018455050415550493}