{"action": [-1.0, 0.001238781725987792], "reward": -0.00018558510552463506}