{"action": [-1.0, 0.0012382452841848135], "reward": -0.00018311741245480493}