{"action": [0.699999988079071, 0.00021732496679760516], "reward": 0.3268302333677051}