{"action": [0.29780298471450806, 6.137176387710497e-05], "reward": 0.4928055348667949}