{"action": [-1.0, 0.0019528651610016823], "reward": -0.0002928610406475459}