{"action": [0.699999988079071, -0.027619577944278717], "reward": 0.6422242269416134}