{"action": [-1.0, 0.0019517921609804034], "reward": -0.0002927425994355594}