{"action": [-1.0, 0.0019576936028897762], "reward": -0.000293566759641384}