{"action": [0.699999988079071, -0.013377577066421509], "reward": 0.732898710774624}