{"action": [0.5303484201431274, -0.001406594063155353], "reward": 0.8326900810097109}