{"action": [-1.0, 0.001937306602485478], "reward": -0.00029058545835605526}