{"action": [-1.0, 0.0019383796025067568], "reward": -0.00029040927708794546}