{"action": [-1.0, 0.0019389160443097353], "reward": -0.0002907259996340858}