{"action": [0.699999988079071, 0.0019491494167596102], "reward": 0.08591475608373349}