{"action": [0.699999988079071, 0.002313298173248768], "reward": 0.36778057329657604}