{"action": [0.699999988079071, 0.002780234906822443], "reward": 0.6414892612781249}