{"action": [0.5097445845603943, 0.004106215201318264], "reward": 0.8681080989180842}