{"action": [0.597364604473114, 0.042242176830768585], "reward": 0.7233270861237514}