{"action": [0.6063178777694702, 0.04854933172464371], "reward": 0.6975778355960477}