{"action": [0.5250239968299866, 0.010164937935769558], "reward": 0.811894544287082}