{"action": [0.49246445298194885, 0.008660774677991867], "reward": 0.83184174096159}