{"action": [0.699999988079071, 0.00831599161028862], "reward": 0.4430024659872254}