{"action": [0.699999988079071, 0.0002295901795150712], "reward": 0.6488268074090017}