{"action": [0.699999988079071, 0.03793168067932129], "reward": 0.5458994274798253}