{"action": [0.699999988079071, 0.02451460063457489], "reward": 0.5409109859717851}