{"action": [0.699999988079071, 0.010251306928694248], "reward": 0.7147308897025727}