{"action": [0.699999988079071, 0.01450338214635849], "reward": 0.3707413138484994}