{"action": [0.699999988079071, 0.01641787216067314], "reward": 0.3453824188742293}