{"action": [0.699999988079071, 0.025822730734944344], "reward": 0.3923636101596815}