{"action": [0.699999988079071, 0.01274810265749693], "reward": 0.4638287816652735}