{"action": [0.699999988079071, 0.0010643117129802704], "reward": 0.701341304309311}