{"action": [0.5062030553817749, -0.00010152805043617263], "reward": 0.8815340496609798}