{"action": [0.4155395030975342, -0.00031877399305813015], "reward": 0.9284958316674746}