{"action": [0.4394020736217499, -0.0021886422764509916], "reward": 0.873348635467659}