{"action": [0.37824320793151855, -0.005981562193483114], "reward": 0.9265613889300421}