{"action": [0.43000897765159607, -0.007581945508718491], "reward": 0.8279829736551028}