{"action": [0.4657727777957916, -0.0014348451513797045], "reward": 0.8564888775645574}