{"action": [0.5219016671180725, 0.0005663172341883183], "reward": 0.8808964170489666}