{"action": [0.3614584803581238, 0.0016265856102108955], "reward": 0.9308406476550632}