{"action": [0.5431376695632935, -0.007998429238796234], "reward": 0.854992100117101}