{"action": [0.3586265742778778, 0.0006703442195430398], "reward": 0.8141001698214382}