{"action": [0.4835261106491089, 0.00495653972029686], "reward": 0.8086817408552386}