{"action": [0.5290513634681702, 0.0011058793170377612], "reward": 0.8155198726737523}