{"action": [0.36889809370040894, 0.0009678680798970163], "reward": 0.9611039259736212}