{"action": [0.4073423147201538, 0.001044464879669249], "reward": 0.9416778401425547}