{"action": [0.5393655896186829, 0.0023323753848671913], "reward": 0.8270796848222809}