{"action": [0.699999988079071, 0.0010269262129440904], "reward": 0.7178911314345559}