{"action": [0.699999988079071, -0.0005562243750318885], "reward": 0.7300907866546451}