{"action": [0.5594655275344849, -0.00032672344241291285], "reward": 0.8434826889177672}