{"action": [0.699999988079071, -0.00862396601587534], "reward": 0.5032827170730456}