{"action": [0.699999988079071, -0.007106474135071039], "reward": 0.3506795118969612}