{"action": [0.6229375004768372, -0.006905379705131054], "reward": 0.3374315504491354}