{"action": [-1.0, -0.016142254695296288], "reward": -0.0024126137148407878}