{"action": [-1.0, -0.01616585999727249], "reward": -0.0024247649789897537}