{"action": [0.31648674607276917, 0.02511880360543728], "reward": 0.8462470315669656}