{"action": [-1.0, -0.016197513788938522], "reward": -0.002429440912441793}