{"action": [0.5231520533561707, 0.002122321166098118], "reward": 0.7742092191371314}