{"action": [0.699999988079071, 0.07379717379808426], "reward": -0.010850637258736825}