{"action": [0.699999988079071, 0.0021950355730950832], "reward": 0.46504193737653715}