{"action": [0.699999988079071, 8.794144378043711e-05], "reward": 0.5201430575739782}