{"action": [0.699999988079071, 0.001289449050091207], "reward": 0.48021741802558426}