{"action": [0.699999988079071, -0.0013254594523459673], "reward": 0.5562886579473423}