{"action": [0.3305608034133911, -0.0030863624997437], "reward": 0.42954697633415423}