{"action": [0.2795133888721466, -0.021278979256749153], "reward": 0.39911029443743035}