{"action": [0.699999988079071, -0.01777561567723751], "reward": 0.21635915912750145}