{"action": [0.699999988079071, -0.009403327479958534], "reward": 0.5727930319661305}