{"action": [0.699999988079071, -0.004205066245049238], "reward": 0.7412146091660891}