{"action": [0.47160571813583374, -0.0015610798727720976], "reward": 0.9107075688019108}