{"action": [0.699999988079071, 0.5217316150665283], "reward": 0.5379315449743522}