{"action": [-1.0, 0.5784311294555664], "reward": -0.08670842945797802}