{"action": [-1.0, 0.5785582661628723], "reward": -0.08677165646266655}