{"action": [0.699999988079071, 0.28098881244659424], "reward": 0.4550441973323467}