{"action": [0.699999988079071, 0.5827732682228088], "reward": 0.15218713546786117}