{"action": [0.699999988079071, 0.11142619699239731], "reward": 0.3988125305004247}