{"action": [0.699999988079071, 0.05650581791996956], "reward": 0.3567822812790955}