{"action": [0.699999988079071, 0.013319874182343483], "reward": 0.4905060642271169}