{"action": [0.699999988079071, 0.002445813035592437], "reward": 0.6709013447863909}