{"action": [0.699999988079071, 8.760314085520804e-05], "reward": 0.48713232761071007}