{"action": [0.699999988079071, 0.00026330703985877335], "reward": 0.4871417629936963}