{"action": [0.43417036533355713, -0.013160654343664646], "reward": 0.812989932969798}