{"action": [0.699999988079071, 0.0006004145252518356], "reward": 0.4099668567436648}