{"action": [0.699999988079071, 0.007502099499106407], "reward": 0.8416926526577666}