{"action": [-1.0, 0.005163826048374176], "reward": -0.000774430766899877}