{"action": [-1.0, 0.0052523487247526646], "reward": -0.0007874612599557055}