{"action": [0.699999988079071, 0.009730711579322815], "reward": 0.33540988743792444}