{"action": [0.699999988079071, 0.0068191224709153175], "reward": 0.5288265589141616}