{"action": [0.5410100221633911, 0.0018872381187975407], "reward": 0.9010904535426684}