{"action": [0.43946564197540283, 0.014612370170652866], "reward": 0.8610854329825421}