{"action": [0.699999988079071, -6.23081941739656e-05], "reward": 0.42330655633052744}