{"action": [0.699999988079071, -2.6935576897813007e-05], "reward": 0.6174887603277321}