{"action": [0.699999988079071, -9.118437446886674e-06], "reward": 0.6193851205579912}