{"action": [0.699999988079071, 0.007549334783107042], "reward": 0.45592400405992267}