{"action": [0.546737015247345, 0.004287146031856537], "reward": 0.8849021777162924}