{"action": [0.5077821612358093, -0.00043278641533106565], "reward": 0.7838240583166544}