{"action": [0.5914629697799683, -0.0006291698664426804], "reward": 0.7622384782243563}