{"action": [0.6344335079193115, -0.001298649818636477], "reward": 0.8076682906246467}