{"action": [0.3678450584411621, -0.0025820957962423563], "reward": 0.94675452361889}