{"action": [0.6065142750740051, 0.0003104399365838617], "reward": 0.7759963663261484}