{"action": [0.3791543245315552, -0.0036376880016177893], "reward": 0.911314712316857}