{"action": [0.69996178150177, 0.0030559576116502285], "reward": 0.80041936896617}