{"action": [0.699999988079071, 0.002400376833975315], "reward": 0.6747305506277017}