{"action": [0.3736892342567444, 0.003383917035534978], "reward": 0.9423728042964359}