{"action": [0.38532137870788574, 0.0038144669961184263], "reward": 0.9037473142677718}