{"action": [0.4293704628944397, 0.0032891319133341312], "reward": 0.9272608945791215}