{"action": [0.699999988079071, 0.0004366226203273982], "reward": 0.7699282763955287}