{"action": [0.699999988079071, 0.0006361136911436915], "reward": 0.5103097969903522}