{"action": [0.699999988079071, -1.7214299077750184e-05], "reward": 0.7171740816595802}