{"action": [0.699999988079071, 0.0010441412450745702], "reward": 0.5168117440959374}