{"action": [0.2697483003139496, 0.0021444116719067097], "reward": 0.9560198059831563}