{"action": [0.6560704112052917, 0.0014939290704205632], "reward": 0.778044510261226}