{"action": [0.41516512632369995, 0.0017999005503952503], "reward": 0.9573173242555718}