{"action": [0.380348265171051, 0.015641413629055023], "reward": 0.9170228465070593}