{"action": [0.699999988079071, -0.03893989324569702], "reward": 0.30100043345580896}