{"action": [0.699999988079071, -0.24322190880775452], "reward": 0.6015916125863846}