{"action": [0.699999988079071, -0.16421104967594147], "reward": 0.5134967379207019}