{"action": [0.6203723549842834, -0.03064548224210739], "reward": 0.7302477990799853}