{"action": [0.45952746272087097, 0.005588827189058065], "reward": 0.7940691165035676}