{"action": [0.5879346132278442, 0.007938199676573277], "reward": 0.7891489798509138}