{"action": [0.584933876991272, 0.021463768556714058], "reward": 0.772547759048514}