{"action": [0.6475414633750916, 0.010277806781232357], "reward": 0.79644337220568}