{"action": [0.6828531622886658, 0.013699025847017765], "reward": 0.713835479243525}