{"action": [0.43102842569351196, 0.0013543061213567853], "reward": 0.8825731690879954}