{"action": [0.35181188583374023, 0.002063595922663808], "reward": 0.9076292790201399}