{"action": [0.40203049778938293, 0.001782908453606069], "reward": 0.8919128075411227}