{"action": [0.699999988079071, -0.007216476835310459], "reward": 0.17503112562252895}