{"action": [0.46878552436828613, 0.006341244094073772], "reward": 0.8388412081750168}