{"action": [0.6917500495910645, 0.006390923634171486], "reward": 0.7213128476316149}