{"action": [0.699999988079071, 0.0010395313147455454], "reward": 0.47966156905038}