{"action": [0.699999988079071, 0.0008895483333617449], "reward": 0.4809150707596745}