{"action": [0.4218215048313141, -0.013230301439762115], "reward": 0.8527128079941809}