{"action": [0.5976458787918091, -0.4329748749732971], "reward": 0.6712123025772025}