{"action": [0.699999988079071, -0.16708575189113617], "reward": 0.7140429039170074}