{"action": [0.6063674092292786, -0.21841339766979218], "reward": 0.6623192636016171}