{"action": [0.699999988079071, -0.008851267397403717], "reward": -1.0252122906531493}