{"action": [0.5870581865310669, -0.054037705063819885], "reward": 0.6904829317960831}