{"action": [0.048793990164995193, -4.1781808249652386e-05], "reward": 0.5073090957960253}