{"action": [0.699999988079071, 0.003072248538956046], "reward": 0.6693503861093864}