{"action": [0.699999988079071, 0.00837978720664978], "reward": 0.6775393910051919}