{"action": [0.699999988079071, 0.0037176611367613077], "reward": 0.2338216371231706}