{"action": [0.699999988079071, 1.2034595783916302e-05], "reward": -2.78811141855795}