{"action": [0.6024099588394165, 0.0001629934849916026], "reward": -5.065362934165334}