{"action": [0.6343187093734741, 0.00024216472229454666], "reward": -4.9707454591576}