{"action": [0.525498628616333, 0.0004663144354708493], "reward": -5.689215357205686}