{"action": [0.621512234210968, 0.00037068617530167103], "reward": -5.306110189696885}