{"action": [0.5411909818649292, 0.0005756152095273137], "reward": -5.799772981544433}