{"action": [0.699999988079071, 0.005516745615750551], "reward": 0.2542791017503192}