{"action": [-1.0, 0.004601242486387491], "reward": 0.9287319488470341}