{"action": [0.35666677355766296, 0.006957289297133684], "reward": 0.8901754598415899}