{"action": [0.699999988079071, 0.011715809814631939], "reward": -0.0012605860472804295}