{"action": [0.699999988079071, 0.011976158246397972], "reward": -0.0017895203279087867}