{"action": [0.699999988079071, -0.0008844562689773738], "reward": -2.9046722086504797}