{"action": [0.699999988079071, 0.0022061662748456], "reward": 0.7345573204871817}