{"action": [0.6541545391082764, -0.00018213146540801972], "reward": 0.7591940438486093}