{"action": [0.6674851775169373, -0.0002940954582300037], "reward": 0.7594970581313887}