{"action": [0.6889496445655823, -0.0005916994414292276], "reward": 0.7826707840566853}