{"action": [0.6848582029342651, -0.02337842807173729], "reward": 0.7147426960031181}