{"action": [0.4749874472618103, -0.011109380051493645], "reward": 0.8909903146186365}