{"action": [0.552184522151947, 0.0014064157148823142], "reward": 0.8060801852263233}