{"action": [0.35591983795166016, 0.0011206869967281818], "reward": 0.9519256388160032}