{"action": [0.4883747100830078, 0.00032503987313248217], "reward": 0.9065209804735542}