{"action": [0.5818381905555725, -0.0010280035203322768], "reward": 0.8151569470673553}