{"action": [0.35723626613616943, -0.0015560126630589366], "reward": 0.9491014210834058}