{"action": [0.699999988079071, 0.023971393704414368], "reward": 0.6943056726883976}