{"action": [0.3570407032966614, 0.0005602483870461583], "reward": 0.942326697478998}