{"action": [0.35379481315612793, -0.000669783737976104], "reward": 0.9496621468892589}