{"action": [0.699999988079071, -0.006723831873387098], "reward": -2.161030506092232}