{"action": [0.6230948567390442, 0.0016131240408867598], "reward": 0.7610234315981136}