{"action": [0.699999988079071, 0.002757780021056533], "reward": 0.6567998527097872}