{"action": [0.5695965886116028, 0.00957244262099266], "reward": 0.7843932977752375}