{"action": [0.699999988079071, -6.001407018629834e-05], "reward": -1.8970899509807}