{"action": [0.5548562407493591, 0.000816822808701545], "reward": 0.8122172511850955}