{"action": [0.699999988079071, 0.00959999579936266], "reward": -1.8656930089612531}