{"action": [0.42816323041915894, 0.0024559071753174067], "reward": 0.8173433687131871}