{"action": [0.37175828218460083, 0.0005582912708632648], "reward": 0.9536400501705297}