{"action": [0.699999988079071, 0.010444074869155884], "reward": -2.0608174688783216}