{"action": [0.699999988079071, -0.002978817094117403], "reward": 0.42640479388881936}