{"action": [0.1406049281358719, -0.004609080497175455], "reward": 0.46205630549640053}