{"action": [0.699999988079071, -0.004933471791446209], "reward": 0.47903474426377385}