{"action": [0.697251558303833, 0.005604898557066917], "reward": 0.7618677847787539}