{"action": [0.42434677481651306, 0.0034926633816212416], "reward": 0.9096534808623894}