{"action": [0.44867804646492004, 0.008811294101178646], "reward": 0.8103444275262162}