{"action": [0.46711915731430054, 0.009090987965464592], "reward": 0.8421685353961201}