{"action": [0.16041886806488037, 0.009266730397939682], "reward": 0.548660461478574}