{"action": [0.699999988079071, 0.008932932280004025], "reward": 0.3939630043688176}