{"action": [0.699999988079071, 0.002517273183912039], "reward": -3.8460963365171565}