{"action": [0.699999988079071, 0.005334134213626385], "reward": 0.6977041315115149}