{"action": [0.699999988079071, 0.0074563901871442795], "reward": 0.686707499813968}