{"action": [0.699999988079071, -0.06747626513242722], "reward": 0.7226055264504324}