{"action": [0.699999988079071, -0.26574650406837463], "reward": 0.48923705106716064}