{"action": [0.5554389357566833, 0.800000011920929], "reward": 0.24000336694014118}