{"action": [0.351706326007843, 0.0208041500300169], "reward": 0.8710243407415917}