{"action": [0.47760602831840515, 0.027448251843452454], "reward": 0.8086776919244812}