{"action": [0.44094258546829224, 0.01314045861363411], "reward": 0.8714755204158169}