{"action": [0.44367557764053345, 0.008277704939246178], "reward": 0.8600229272710204}