{"action": [0.699999988079071, -0.004138910211622715], "reward": 0.6267064810555187}