{"action": [0.699999988079071, -0.010282264091074467], "reward": 0.7307463544939673}