{"action": [0.3678934872150421, -0.0009268938447348773], "reward": 0.947555141100291}