{"action": [0.6281960010528564, 0.005062094423919916], "reward": 0.823605199983516}