{"action": [0.41601768136024475, 0.0009109492530114949], "reward": 0.9259150644715711}