{"action": [0.677790105342865, 0.0018057849956676364], "reward": -4.332595837534542}