{"action": [0.4754123091697693, -0.0008846307755447924], "reward": 0.9132285673909981}