{"action": [0.5215075016021729, -0.002002231776714325], "reward": 0.808524271925944}