{"action": [0.5610424876213074, -0.0011482405243441463], "reward": 0.7409035604116532}