{"action": [0.5371601581573486, -0.0010091877775266767], "reward": 0.889001312117474}