{"action": [0.699999988079071, 0.002158982213586569], "reward": 0.44259579993015263}