{"action": [0.36208057403564453, 0.00613380828872323], "reward": 0.9177658918816849}