{"action": [-1.0, 0.0007800730527378619], "reward": -0.00010459147588926575}