{"action": [0.6732998490333557, 0.015079367905855179], "reward": -3.7714771396513824}