{"action": [-1.0, 0.0007806095527485013], "reward": -0.0001168287787064115}