{"action": [0.37020766735076904, 0.0012891789665445685], "reward": 0.6149242540406866}