{"action": [0.12911097705364227, 0.0009978348389267921], "reward": 0.628219758851841}