{"action": [0.284945011138916, -0.002542506903409958], "reward": 0.582804844245148}