{"action": [0.699999988079071, -0.011352169327437878], "reward": 0.5650971088102689}