{"action": [0.699999988079071, -0.0040785470046103], "reward": 0.7421018000536407}