{"action": [0.6196537017822266, 0.0028510771226137877], "reward": 0.7618101316836874}