{"action": [0.4612048864364624, -0.0002730336273089051], "reward": 0.7055744796089336}