{"action": [0.699999988079071, -0.0395268090069294], "reward": 0.6877043461483087}