{"action": [0.699999988079071, -0.00019545630493666977], "reward": -3.9864199219235106}