{"action": [0.6177888512611389, -0.4879801571369171], "reward": 0.6777753633632992}