{"action": [0.5026550889015198, -0.3796238303184509], "reward": 0.790258101795952}