{"action": [0.6157146692276001, -0.7486414313316345], "reward": 0.48420621611671266}