{"action": [0.3610110878944397, -0.21935099363327026], "reward": -0.03290264904499054}