{"action": [0.6965076923370361, 0.008751933462917805], "reward": -4.108478605737771}