{"action": [0.699999988079071, -0.2287660837173462], "reward": 0.32298135489362934}