{"action": [0.5587157011032104, 0.00020604586461558938], "reward": 0.6917585955493396}