{"action": [0.699999988079071, -0.0023959833197295666], "reward": 0.6280386176137662}