{"action": [0.49733173847198486, -0.011063343845307827], "reward": 0.8388485122313473}