{"action": [0.4261409640312195, -0.004624060820788145], "reward": 0.8227450205677531}