{"action": [0.699999988079071, -0.002005888381972909], "reward": 0.0061901595589292785}