{"action": [0.699999988079071, -0.0018712059827521443], "reward": -0.0002806749877250678}