{"action": [0.5081972479820251, -0.0005462670233100653], "reward": 0.9122793608648272}