{"action": [0.4511289596557617, -0.0004833395651075989], "reward": 0.9340233007921063}