{"action": [0.699999988079071, -0.0008231870597228408], "reward": 0.7774448009824031}