{"action": [0.46550703048706055, -0.00018298762734048069], "reward": 0.784419332031508}