{"action": [0.3912197947502136, -0.0004096136544831097], "reward": 0.9487417068702342}