{"action": [0.48177406191825867, -0.0009350706241093576], "reward": 0.9023980123569585}