{"action": [0.40765535831451416, 0.00010110837320098653], "reward": 0.7279766974883083}