{"action": [0.5880107283592224, 0.0004044682427775115], "reward": 0.7232687504701133}