{"action": [0.2331814169883728, 0.01059951912611723], "reward": 0.4691681713810116}