{"action": [-1.0, 0.011292281560599804], "reward": -0.001092006112889852}