{"action": [-1.0, 0.011293354444205761], "reward": -0.001686175537794619}