{"action": [-1.0, 0.011295500211417675], "reward": -0.0016834199417703841}