{"action": [-1.0, 0.011290672235190868], "reward": -0.0016934231537169217}