{"action": [0.5778177380561829, 0.00041548701119609177], "reward": -5.334437175620869}