{"action": [-1.0, 0.011294427327811718], "reward": -0.001694005066937901}