{"action": [-1.0, 0.011285843327641487], "reward": -0.001692699462182107}