{"action": [-1.0, 0.011285843327641487], "reward": -0.001690968781303573}