{"action": [0.699999988079071, 0.010247760452330112], "reward": 0.3046079927623317}