{"action": [0.6014006733894348, 0.0027849851176142693], "reward": 0.39660553572608853}