{"action": [0.6165778636932373, 0.0031954324804246426], "reward": 0.37112875178245125}