{"action": [-1.0, -0.00011910331522813067], "reward": 7.3658445911149054e-06}