{"action": [0.699999988079071, -0.006300834007561207], "reward": 0.7160126575765031}