{"action": [-1.0, -0.00925089418888092], "reward": -0.0011073806574293465}