{"action": [-1.0, -0.00925464928150177], "reward": -0.00136600809744691}