{"action": [0.699999988079071, -0.0069539351388812065], "reward": 0.26037020769372643}