{"action": [0.699999988079071, -0.0006285589770413935], "reward": 0.5924607073363987}