{"action": [0.699999988079071, 0.04493183270096779], "reward": 0.5422651660138897}