{"action": [0.6469766497612, 0.008510350249707699], "reward": 0.7085199616702538}