{"action": [-1.0, 0.002642481354996562], "reward": -3.52835745864338}