{"action": [0.699999988079071, 0.012927602045238018], "reward": 0.3300475840813476}