{"action": [-1.0, 0.0029678060673177242], "reward": -2.395011014959166}