{"action": [-1.0, 0.0009131254046224058], "reward": -0.0001286556426818794}