{"action": [-1.0, 0.0009104429045692086], "reward": -0.0001364447687697615}