{"action": [-1.0, 0.0009104429045692086], "reward": -0.00013637618852753731}