{"action": [-1.0, 0.0009093699045479298], "reward": -0.0001329883205821287}