{"action": [0.699999988079071, 0.012718853540718555], "reward": 0.3591892808278867}