{"action": [-1.0, 0.0009195634047500789], "reward": -0.0001362804363966709}