{"action": [-1.0, 0.0029610819183290005], "reward": -0.00044374161077681876}