{"action": [-1.0, 0.0009174174047075212], "reward": -0.0001304094551428211}