{"action": [-1.0, 0.0009190269047394395], "reward": -0.00013778828921935554}