{"action": [0.1595676839351654, 0.011919460259377956], "reward": 0.5348252107945484}