{"action": [-1.0, 0.0009249284048564732], "reward": -0.00012918015800452765}