{"action": [-1.0, 0.0009243919048458338], "reward": -0.00013842510364417326}