{"action": [0.5370357632637024, 4.8769165005069226e-05], "reward": 0.4544594775859532}