{"action": [0.699999988079071, -0.009552748873829842], "reward": 0.48545475367787355}