{"action": [0.6857056617736816, -0.022423654794692993], "reward": 0.5143377600394975}