{"action": [0.699999988079071, -0.02289268933236599], "reward": 0.47747336093706416}