{"action": [0.6352697610855103, -0.012664825655519962], "reward": 0.47457657328715175}