{"action": [0.699999988079071, -0.007487040013074875], "reward": 0.5691072290538058}