{"action": [0.699999988079071, -0.009651913307607174], "reward": 0.5449217378624117}