{"action": [0.699999988079071, -0.0033122035674750805], "reward": 0.7491852326794738}