{"action": [0.44403672218322754, -0.0011425412958487868], "reward": 0.8593154650344604}