{"action": [-0.042765166610479355, 0.004214464221149683], "reward": 0.9183217331682437}