{"action": [-0.0077305384911596775, -0.07858114689588547], "reward": 0.4827598505863979}