{"action": [0.699999988079071, 0.5382830500602722], "reward": 0.18936280816361198}