{"action": [0.699999988079071, 0.6942868828773499], "reward": 0.13711557037008595}