{"action": [0.699999988079071, 0.4748552143573761], "reward": 0.34242992468312006}