{"action": [0.699999988079071, 0.11900323629379272], "reward": 0.523034972956543}