{"action": [0.6706780791282654, -0.010509257204830647], "reward": 0.748607462478124}