{"action": [0.5195093154907227, -0.0028359834104776382], "reward": 0.8277466763964481}