{"action": [-1.0, -0.0055467658676207066], "reward": 0.6829900738312178}