{"action": [0.699999988079071, 0.04200237989425659], "reward": 0.4983011825052716}