{"action": [0.699999988079071, 0.02445252053439617], "reward": 0.48290170928688486}