{"action": [0.5699983239173889, 0.003577732713893056], "reward": 0.8296457683819906}