{"action": [0.5435077548027039, -0.0019011019030585885], "reward": 0.8724202814432784}