{"action": [0.4266960918903351, -0.001683852868154645], "reward": 0.9232211324190762}