{"action": [0.5397451519966125, -0.00645211897790432], "reward": 0.8201311447676323}