{"action": [0.48504525423049927, -0.005608579609543085], "reward": 0.8703162997700397}