{"action": [0.5684133768081665, 0.007487562019377947], "reward": 0.7955164480518522}