{"action": [0.4132254719734192, 0.011225206777453423], "reward": 0.8907949788987288}