{"action": [0.39737528562545776, 0.008378960192203522], "reward": 0.8374395063303356}