{"action": [0.5200783610343933, 0.0075346361845731735], "reward": 0.8069785797043344}