{"action": [0.44203662872314453, 0.0013526498805731535], "reward": 0.8621490210464959}