{"action": [0.6763338446617126, -0.0013305859174579382], "reward": 0.7336997815063461}