{"action": [0.4118880033493042, -0.006194238550961018], "reward": 0.8836893070201468}