{"action": [-0.3808613419532776, -0.006196637637913227], "reward": 0.5085754467978093}