{"action": [0.699999988079071, 0.023977521806955338], "reward": 0.525263616013176}