{"action": [-0.028328057378530502, 0.020951304584741592], "reward": 0.5144124724606277}