{"action": [0.699999988079071, -0.001552727771922946], "reward": 0.41974343991039237}