{"action": [0.699999988079071, -0.031899698078632355], "reward": 0.6658373847546993}