{"action": [0.5970242023468018, -0.0042105005122721195], "reward": 0.7485651416285483}