{"action": [0.4316704273223877, -0.000913573254365474], "reward": 0.8937160658686568}