{"action": [0.516562283039093, -0.0017203980823978782], "reward": 0.8471828350787866}