{"action": [0.699999988079071, 0.2946002185344696], "reward": 0.3044492107185044}