{"action": [0.5162001848220825, 0.007627207785844803], "reward": 0.8329904782130568}