{"action": [0.48847413063049316, 0.017310919240117073], "reward": 0.82919244459632}