{"action": [0.3702235221862793, 0.015242221765220165], "reward": 0.8553126139787856}