{"action": [0.3929917812347412, 0.01409643329679966], "reward": 0.8634609629960514}