{"action": [0.31633466482162476, 0.004739360883831978], "reward": 0.9072538377621663}