{"action": [0.28881269693374634, 0.0016419566236436367], "reward": 0.9166449901358624}