{"action": [0.2937513589859009, 0.0005899182870052755], "reward": 0.9360397638800576}