{"action": [0.2747212052345276, 0.45328864455223083], "reward": 0.2833094179029011}