{"action": [0.3550754189491272, -0.00769906397908926], "reward": 0.8919823295016699}