{"action": [0.4137120246887207, -0.0034281229600310326], "reward": 0.8986156678282031}