{"action": [0.3297169506549835, -0.006826396100223064], "reward": 0.9082438474158342}