{"action": [0.32854026556015015, -0.006441683974117041], "reward": 0.8753176562968757}