{"action": [0.3428620398044586, -0.013950293883681297], "reward": 0.884929317533115}