{"action": [0.5913326144218445, -0.014014609158039093], "reward": 0.7241715908004439}