{"action": [0.09390273690223694, 0.4239376485347748], "reward": 0.2977726220086857}