{"action": [0.5129529237747192, 0.020699040964245796], "reward": 0.45320063800296717}