{"action": [0.5141385197639465, 1.0293797458871268e-06], "reward": 0.5050621816659691}