{"action": [0.5300594568252563, -0.015115291811525822], "reward": 0.7902369431304804}