{"action": [0.2713068425655365, 0.0005034712376073003], "reward": 0.4734278215607069}