{"action": [-1.0, 0.002205020748078823], "reward": 0.0005442415149421495}