{"action": [-1.0, 0.002202338306233287], "reward": -0.0003301956756316219}