{"action": [-1.0, 0.0022028747480362654], "reward": -0.00033036851558117616}