{"action": [-1.0, 0.002197509864345193], "reward": -0.00032883573681630304}