{"action": [0.4792039692401886, -4.355072815087624e-05], "reward": 0.7306337676809619}