{"action": [0.5961019992828369, 0.001413040910847485], "reward": 0.707498624223261}