{"action": [0.699999988079071, -0.006014257203787565], "reward": 0.4049861373008502}