{"action": [0.699999988079071, -0.0043834238313138485], "reward": 0.5076495704383241}