{"action": [0.699999988079071, -0.002461899071931839], "reward": 0.5159021799753172}