{"action": [0.699999988079071, 0.45012781023979187], "reward": 0.4539421142452015}