{"action": [0.5637722015380859, 0.03691143915057182], "reward": 0.6988175663726881}