{"action": [0.41542547941207886, 0.01820574700832367], "reward": 0.763783027155521}