{"action": [0.2754978835582733, 0.022167883813381195], "reward": 0.33312429515001873}