{"action": [0.29927149415016174, 0.0004901625798083842], "reward": 0.4562240279443519}