{"action": [0.2556040585041046, 4.950707807438448e-05], "reward": 0.44874352043833815}