{"action": [0.42324724793434143, 0.0009920235024765134], "reward": 0.4420781952263451}