{"action": [0.5177018046379089, -0.001191382179968059], "reward": 0.8242809597242411}