{"action": [0.3820802867412567, 4.903620356344618e-05], "reward": 0.9011669753562453}