{"action": [0.4002717137336731, 0.0022045806981623173], "reward": 0.8932202845274746}