{"action": [0.5557218194007874, 0.0035292909014970064], "reward": 0.8002686533055566}