{"action": [0.22783078253269196, 0.004546189680695534], "reward": 0.4695195865975383}