{"action": [0.5827626585960388, 0.001160795334726572], "reward": 0.850434051487348}