{"action": [0.3174334168434143, 0.0015555659774690866], "reward": 0.8093295803593413}