{"action": [0.36753252148628235, -0.001589114312082529], "reward": 0.9080302211921979}