{"action": [0.437211811542511, 0.0007257313118316233], "reward": 0.9266060367248514}