{"action": [0.42071688175201416, -0.002600820269435644], "reward": 0.8950546618546614}