{"action": [0.30071109533309937, -0.011495096608996391], "reward": 0.9181036644581633}