{"action": [0.3445684313774109, -0.021487969905138016], "reward": 0.8527440937314462}