{"action": [0.3072352409362793, -0.013152198866009712], "reward": 0.9130898279726389}