{"action": [0.3685166835784912, 0.01332531962543726], "reward": 0.8880431001111893}