{"action": [0.4775388836860657, 0.01176939345896244], "reward": 0.8467376096566659}