{"action": [0.49995407462120056, -0.00729214446619153], "reward": 0.7972945176339323}