{"action": [0.33993133902549744, -0.00501081719994545], "reward": 0.92369474844359}