{"action": [0.6102418899536133, 0.00048587893252260983], "reward": 0.7393561043134618}