{"action": [0.5774244070053101, 0.004043879918754101], "reward": 0.8180356205132381}