{"action": [0.3374038636684418, 0.008131473325192928], "reward": 0.9176588213459385}