{"action": [0.3167673945426941, 0.0001143931076512672], "reward": 0.9277400516192592}