{"action": [0.3219047486782074, -0.009377991780638695], "reward": 0.4678673328349749}