{"action": [0.27364328503608704, -0.00528893293812871], "reward": 0.46930829411218017}