{"action": [0.3371932804584503, -0.00498055899515748], "reward": 0.4570794219874471}