{"action": [0.5895383954048157, -0.004475574009120464], "reward": 0.4023746841022823}