{"action": [0.33361461758613586, -0.0006915060803294182], "reward": 0.47178724619538637}