{"action": [-1.0, -0.0021089869551360607], "reward": 0.0005587977525735034}