{"action": [0.699999988079071, 0.011106218211352825], "reward": -0.0005727045258052399}