{"action": [0.699999988079071, 0.003475743578746915], "reward": -0.000382873877359487}