{"action": [0.699999988079071, 0.003447404596954584], "reward": -1.8732382231122441e-06}