{"action": [0.699999988079071, 0.003119266824796796], "reward": 0.07727069260352723}