{"action": [0.699999988079071, 0.0031633595936000347], "reward": 0.08013512983653025}