{"action": [0.699999988079071, 0.0022742277942597866], "reward": 0.09783872166471484}