{"action": [0.699999988079071, 0.0005639054579660296], "reward": 0.008559069375916908}