{"action": [0.699999988079071, 0.0018978358712047338], "reward": 0.24984624758883983}