{"action": [0.699999988079071, 0.005062042735517025], "reward": 0.328287215062069}