{"action": [0.699999988079071, 0.000290475320070982], "reward": 0.34347293419229186}