{"action": [0.699999988079071, 0.0006903119501657784], "reward": 0.33243279706305173}