{"action": [0.699999988079071, -0.004240960348397493], "reward": 0.35359709990809535}