{"action": [0.699999988079071, -0.0019671679474413395], "reward": 0.2851328773989397}