{"action": [0.699999988079071, -0.0017858060309663415], "reward": 0.399029290054244}