{"action": [0.699999988079071, 0.0049302405677735806], "reward": 0.2498450020751894}