{"action": [0.699999988079071, 0.005200349260121584], "reward": 0.20077249730293567}