{"action": [0.699999988079071, 0.006949220784008503], "reward": 0.3490187138073617}