{"action": [0.699999988079071, 0.006147768348455429], "reward": 0.35323022074318194}