{"action": [0.699999988079071, 0.008327556774020195], "reward": 0.21766679948536022}