{"action": [0.699999988079071, 0.008436538279056549], "reward": 0.3343802995198966}