{"action": [0.699999988079071, -0.04188710078597069], "reward": 0.4628891153047941}