{"action": [0.699999988079071, -0.06483812630176544], "reward": 0.2604736070938675}