{"action": [0.699999988079071, -0.05097246915102005], "reward": 0.24794059370458843}