{"action": [-1.0, 0.27143216133117676], "reward": -0.04071463702980714}