{"action": [0.699999988079071, -0.09129470586776733], "reward": 0.27135350917375606}