{"action": [0.699999988079071, -0.0831519365310669], "reward": 0.29464641181137424}