{"action": [0.699999988079071, -0.06990407407283783], "reward": 0.08896223427343605}