{"action": [0.699999988079071, -0.0818726047873497], "reward": 0.22697336805190282}