{"action": [0.699999988079071, -0.017142701894044876], "reward": 0.3458135690496155}