{"action": [0.699999988079071, -0.028202036395668983], "reward": 0.32439916812378466}