{"action": [0.699999988079071, -0.012392356991767883], "reward": 0.29988351043027783}