{"action": [0.699999988079071, -0.015410867519676685], "reward": 0.10952526127257246}