{"action": [-1.0, -0.01645449735224247], "reward": -0.002307591021634434}