{"action": [0.699999988079071, -0.01574319414794445], "reward": 0.01920798022735378}