{"action": [0.699999988079071, -0.016761701554059982], "reward": 0.010456025598633043}