{"action": [-1.0, -0.01647166535258293], "reward": -0.0021334154739375906}