{"action": [0.699999988079071, -0.010227520018815994], "reward": 0.29189789308326924}