{"action": [0.699999988079071, -0.013888534158468246], "reward": 0.36008512988415264}