{"action": [0.699999988079071, -0.0037716568913310766], "reward": 0.24684997080597015}