{"action": [0.699999988079071, -0.0018534044502303004], "reward": 0.1614832376929142}