{"action": [0.699999988079071, -0.0030325441621243954], "reward": 0.04488504800970884}