{"action": [0.699999988079071, -0.0029613112565129995], "reward": 0.055434193403142304}