{"action": [0.699999988079071, -0.0015950438100844622], "reward": 0.4177177204151905}