{"action": [-1.0, 0.271995484828949], "reward": -0.04079913425866682}