{"action": [0.699999988079071, -0.0023478069342672825], "reward": 0.021664367419021915}