{"action": [0.699999988079071, -0.007435803767293692], "reward": 0.07409709982597475}