{"action": [0.699999988079071, -0.0027507012709975243], "reward": 0.010696483957249578}