{"action": [0.699999988079071, 4.15813919971697e-05], "reward": 0.0034236621399069507}