{"action": [-1.0, 4.077410630998202e-05], "reward": 0.0001352650449512055}