{"action": [0.699999988079071, 0.005773086100816727], "reward": 0.055690973543344}