{"action": [0.699999988079071, 0.012358228676021099], "reward": 0.06587712164068431}