{"action": [0.699999988079071, 0.011634230613708496], "reward": 0.38692955985296157}