{"action": [0.699999988079071, 0.023368477821350098], "reward": 0.36260737826960004}