{"action": [0.699999988079071, -0.04774204641580582], "reward": 0.025487711280364287}