{"action": [0.699999988079071, -0.01052879262715578], "reward": 0.04693465805130949}