{"action": [0.699999988079071, -0.010658759623765945], "reward": 0.027162481922422405}