{"action": [0.699999988079071, -0.02152848429977894], "reward": 0.2704785893529812}