{"action": [0.699999988079071, -0.010964395478367805], "reward": 0.2278536281554634}