{"action": [0.699999988079071, -0.0356280580163002], "reward": 0.10686198070326712}