{"action": [0.699999988079071, -0.008530916646122932], "reward": 0.15167022428818094}