{"action": [0.699999988079071, -0.008985213935375214], "reward": 0.20108771189694227}