{"action": [0.699999988079071, -0.009644833393394947], "reward": 0.1786907014967107}