{"action": [0.699999988079071, -0.0059819272719323635], "reward": 0.05122600925525881}