{"action": [0.699999988079071, -0.00868998933583498], "reward": 0.08817591570677863}