{"action": [0.699999988079071, 0.00019232834165450186], "reward": 0.37129098534994404}