{"action": [0.699999988079071, 0.0006710950401611626], "reward": 0.3998597682297579}