{"action": [0.699999988079071, 0.0003355426306370646], "reward": 0.43724028205044135}