{"action": [0.699999988079071, 0.00017279096937272698], "reward": 0.4528313745974194}