{"action": [0.699999988079071, -0.004954638425260782], "reward": 0.44370967023652086}