{"action": [0.699999988079071, 4.440364136826247e-05], "reward": 0.4619437733047197}