{"action": [0.699999988079071, -0.007533167023211718], "reward": 0.10033371184736846}