{"action": [0.699999988079071, -0.011639081872999668], "reward": 0.1651517739876008}