{"action": [0.699999988079071, -0.01329287700355053], "reward": 0.2425887349041517}