{"action": [0.699999988079071, -0.014404242858290672], "reward": 0.0598664040615992}