{"action": [0.699999988079071, -0.018233422189950943], "reward": 0.184793315940593}