{"action": [0.699999988079071, -0.016820713877677917], "reward": 0.2955516820452123}