{"action": [0.699999988079071, -0.012109905481338501], "reward": 0.15861816832869452}