{"action": [0.699999988079071, -0.003590560983866453], "reward": 0.3667418106921044}