{"action": [0.699999988079071, -0.006205160170793533], "reward": 0.28005642055405777}