{"action": [0.699999988079071, -0.0004691632930189371], "reward": 0.39335781342969944}