{"action": [0.699999988079071, -0.001678042346611619], "reward": 0.38723936130463976}