{"action": [0.699999988079071, 0.004349534399807453], "reward": 0.4291156779718129}