{"action": [0.699999988079071, 0.006038396619260311], "reward": 0.4325158730252208}