{"action": [0.699999988079071, 0.0019412585534155369], "reward": 0.4341815440321626}