{"action": [0.699999988079071, 0.002456060377880931], "reward": 0.43028652781815513}