{"action": [0.699999988079071, 0.006872244644910097], "reward": 0.40259717399102923}