{"action": [0.699999988079071, 0.004109256900846958], "reward": 0.2821071264666049}