{"action": [0.699999988079071, 0.003216317854821682], "reward": 0.277147829146477}