{"action": [0.699999988079071, 0.001491157221607864], "reward": 0.30785872170654605}