{"action": [0.699999988079071, 1.0478914191480726e-05], "reward": 0.17006240790298074}