{"action": [0.699999988079071, -6.887018389534205e-05], "reward": 0.11460758286876178}