{"action": [0.699999988079071, 0.002389411674812436], "reward": 0.2813325113450997}