{"action": [0.699999988079071, 0.0013579413061961532], "reward": 0.007880103523545332}