{"action": [0.699999988079071, 0.0003206559340469539], "reward": 0.16132659827235551}