{"action": [0.699999988079071, -0.003936490975320339], "reward": 0.25076594869302715}