{"action": [0.699999988079071, -0.0005672610714100301], "reward": 0.06489940794329604}