{"action": [0.699999988079071, -0.004742847289890051], "reward": 0.29305090585842714}