{"action": [0.699999988079071, 0.0003931177780032158], "reward": 0.3597426805686022}