{"action": [0.699999988079071, -4.3044092308264226e-06], "reward": 0.14035262648583335}