{"action": [0.699999988079071, -0.008318714797496796], "reward": 0.03923158293725912}