{"action": [0.699999988079071, 5.632811735267751e-05], "reward": 0.37873473202781144}