{"action": [0.3355395793914795, 0.1191723644733429], "reward": 0.3330682510998407}