{"action": [0.699999988079071, 0.05518427863717079], "reward": -0.008128998331671116}