{"action": [0.699999988079071, 0.053765781223773956], "reward": -0.007076463214313856}