{"action": [0.699999988079071, 0.05347048118710518], "reward": -0.003780460529956283}