{"action": [0.699999988079071, -0.025096572935581207], "reward": 0.7925188919448328}