{"action": [0.31776943802833557, 0.07300509512424469], "reward": 0.3919191034688804}