{"action": [0.32021868228912354, 0.06191582232713699], "reward": 0.4051237486572997}