{"action": [0.699999988079071, -0.021747268736362457], "reward": 0.8766496162378078}