{"action": [0.699999988079071, -0.005459658335894346], "reward": 0.7044340825438457}