{"action": [0.699999988079071, -0.002898786449804902], "reward": 0.2240734374190537}