{"action": [0.699999988079071, -2.068274625344202e-05], "reward": 0.10179955040994323}