{"action": [0.699999988079071, -6.352298805722967e-05], "reward": 0.22292430099502783}