{"action": [0.3239297866821289, 0.03290489315986633], "reward": 0.4300638775633866}