{"action": [0.699999988079071, 0.0005485414294525981], "reward": 0.7071568655673081}