{"action": [0.699999988079071, -0.015670714899897575], "reward": 0.7731391973942446}