{"action": [-1.0, 0.030815567821264267], "reward": -0.004616814513761646}