{"action": [0.42796826362609863, -0.005313056521117687], "reward": 0.9094411492704845}