{"action": [0.5049839019775391, -0.014680199325084686], "reward": 0.9035010741062326}