{"action": [0.44183987379074097, -0.00671423738822341], "reward": 0.9098671550681212}