{"action": [0.35497453808784485, 8.032530604396015e-05], "reward": 0.6387585487186034}