{"action": [0.699999988079071, 0.012336432002484798], "reward": 0.7981958230001625}