{"action": [0.14789031445980072, -0.0028804142493754625], "reward": 0.6905170296695368}