{"action": [-0.5381593704223633, -0.0006444270256906748], "reward": 0.9633518942545803}