{"action": [0.32234987616539, -0.0038490761071443558], "reward": 0.6458551017995268}