{"action": [0.21980448067188263, -0.007282116916030645], "reward": 0.6657945471949901}