{"action": [-0.44057074189186096, 0.0006312378100119531], "reward": 0.8985183975966412}