{"action": [-1.0, 0.007902665995061398], "reward": -0.0011852185357204522}