{"action": [-1.0, 0.007895154878497124], "reward": -0.0011839897134434587}