{"action": [-1.0, 0.007902129553258419], "reward": -0.001184071754835245}