{"action": [-1.0, 0.007909640669822693], "reward": -0.0011862425566461926}