{"action": [0.699999988079071, 0.005443000700324774], "reward": 0.3776452297135712}