{"action": [-1.0, 0.007903202436864376], "reward": -0.0011852732516854023}