{"action": [0.699999988079071, 0.0011650406522676349], "reward": 0.48475397383850183}