{"action": [0.699999988079071, 0.005000980570912361], "reward": 0.47648042674335433}