{"action": [0.42526039481163025, -0.06041237339377403], "reward": 0.8203334198145306}