{"action": [0.4112901985645294, -0.24582716822624207], "reward": 0.661572517843613}