{"action": [0.4315125644207001, -0.2039109468460083], "reward": 0.7749902538933894}