{"action": [0.4666171669960022, 0.00014973568613640964], "reward": 0.8632415838823122}