{"action": [0.4584212601184845, -0.21216918528079987], "reward": 0.54385410343883}