{"action": [0.582044243812561, -0.3029172122478485], "reward": 0.5540848516297373}