{"action": [0.699999988079071, 0.004284087102860212], "reward": 0.6896622876977583}