{"action": [0.36152735352516174, -0.20347659289836884], "reward": 0.5461384802391741}