{"action": [0.4120138883590698, -0.07365478575229645], "reward": 0.7418360025603277}