{"action": [0.4952077269554138, -0.30068132281303406], "reward": 0.6164566633031912}