{"action": [0.43552350997924805, 9.636163304094225e-05], "reward": 0.8757403724037658}