{"action": [0.48747891187667847, -0.17725613713264465], "reward": 0.5472692125879475}