{"action": [0.4582926630973816, -0.23884540796279907], "reward": 0.6557053124960933}