{"action": [0.699999988079071, -0.031195994466543198], "reward": 0.649317839084397}