{"action": [0.699999988079071, -0.0001435631565982476], "reward": 0.38930260968934133}