{"action": [0.699999988079071, 0.012723438441753387], "reward": 0.8032678200525706}