{"action": [0.699999988079071, -0.014954027719795704], "reward": 0.755116650136599}