{"action": [-1.0, -0.007811997085809708], "reward": -0.0011680998612394332}