{"action": [-1.0, -0.0022586709819734097], "reward": -0.00031628107975132546}