{"action": [0.699999988079071, -0.012063603848218918], "reward": 0.2166413777941533}