{"action": [0.28966498374938965, -0.0022799596190452576], "reward": 0.4420470173189619}