{"action": [0.2819018065929413, -0.01115206629037857], "reward": 0.44538160649756414}