{"action": [0.699999988079071, 0.03680995851755142], "reward": 0.010470749518922896}