{"action": [0.699999988079071, 0.03372947871685028], "reward": -0.005056439205953727}