{"action": [0.699999988079071, 0.01692051813006401], "reward": 0.5779586625028055}