{"action": [0.5874411463737488, 0.004899130668491125], "reward": 0.7804041105750845}