{"action": [-1.0, -0.004514122847467661], "reward": 0.21814124389736902}