{"action": [0.6362397074699402, -0.002964547835290432], "reward": 0.7664581576937609}