{"action": [0.5096883773803711, 0.002615381497889757], "reward": 0.8127341769749457}