{"action": [0.5857681632041931, 0.004411136731505394], "reward": 0.8103293287391269}