{"action": [-1.0, -0.0022549154236912727], "reward": -0.00033783252735338523}