{"action": [-1.0, -0.0022549154236912727], "reward": -0.0003381516625346879}