{"action": [0.699999988079071, 0.006755126174539328], "reward": 0.40511865058787533}