{"action": [0.699999988079071, -0.240028515458107], "reward": 0.5280103704053105}