{"action": [0.4870041012763977, -0.022682737559080124], "reward": 0.8460877918699818}