{"action": [-0.011804037727415562, -0.01908693090081215], "reward": 0.2654515397641966}