{"action": [0.699999988079071, -0.0021619705948978662], "reward": 0.5346433742602182}