{"action": [0.699999988079071, -0.04764516279101372], "reward": 0.7102491107055869}