{"action": [-0.03372235223650932, 0.013751071877777576], "reward": 0.8689197650709878}