{"action": [0.6459679007530212, 0.0002068800531560555], "reward": 0.8094737025356421}