{"action": [0.699999988079071, 0.0012478481512516737], "reward": 0.6679401997904524}