{"action": [0.17362770438194275, 0.012537915259599686], "reward": 0.8646181673915}