{"action": [0.5126743316650391, 0.00839823205024004], "reward": -1.6999595769790576}