{"action": [0.5024448037147522, 3.349375037942082e-05], "reward": 0.8802483522513767}