{"action": [0.699999988079071, 0.0008272642735391855], "reward": 0.7132359906960469}