{"action": [0.699999988079071, -0.003458949737250805], "reward": 0.737333614240352}