{"action": [0.699999988079071, 0.009031173773109913], "reward": 0.6136935885142168}