{"action": [0.699999988079071, 0.017095042392611504], "reward": 0.8059267261957803}