{"action": [0.6344541311264038, -7.528543392254505e-06], "reward": 0.6849162142812649}