{"action": [0.3149617910385132, -0.002412961795926094], "reward": 0.47198008736865776}