{"action": [0.699999988079071, 0.009367510676383972], "reward": 0.6409992780602074}