{"action": [0.6116724610328674, -0.00014659106091130525], "reward": 0.8359606361150405}