{"action": [0.20747800171375275, -0.002336837351322174], "reward": 0.45717883813614024}