{"action": [0.3317517638206482, -0.002228411380201578], "reward": 0.46805571399841434}