{"action": [0.699999988079071, 0.012335618026554585], "reward": 0.9360919127945129}