{"action": [0.699999988079071, 0.0005554949166253209], "reward": -2.8275607151263684}