{"action": [0.699999988079071, 0.008666129782795906], "reward": -0.5627678395276611}