{"action": [0.699999988079071, 0.002015297766774893], "reward": 0.013874019501689138}