{"action": [0.699999988079071, 0.001825983519665897], "reward": -0.21461901213527856}