{"action": [0.699999988079071, 0.0016022644704207778], "reward": -0.5004805234981665}