{"action": [0.6974019408226013, 0.0003249247674830258], "reward": -4.353502861412434}