{"action": [0.699999988079071, 0.0020325747318565845], "reward": -0.4261977179692162}