{"action": [0.6077232956886292, -0.00032049513538368046], "reward": -4.82073708741132}