{"action": [0.6487372517585754, -5.195097764953971e-05], "reward": -3.9375610003767725}