{"action": [0.6506375074386597, -0.0061616720631718636], "reward": -4.52324163115506}