{"action": [0.699999988079071, 0.00734513346105814], "reward": 0.7894980872258898}