{"action": [-0.7662507891654968, 3.127183299511671e-05], "reward": 0.4299304331418583}