{"action": [0.699999988079071, 0.0020337658934295177], "reward": -3.8098516273303726}