{"action": [0.699999988079071, 0.0015622405335307121], "reward": -3.8170694833240644}