{"action": [0.699999988079071, 0.009311363101005554], "reward": -2.8882951008896174}