{"action": [0.3974094092845917, -0.003515344113111496], "reward": 0.4196911589444758}