{"action": [0.699999988079071, 0.007481526583433151], "reward": 0.03184934267084312}