{"action": [-0.9774208664894104, 0.003303166711702943], "reward": 0.7455236870541666}