{"action": [0.699999988079071, 0.0028682230040431023], "reward": 0.7857022214972122}