{"action": [-1.0, -0.002267791423946619], "reward": -0.0003398039149590433}