{"action": [-1.0, -0.0034674087073653936], "reward": -0.0005192434938101008}