{"action": [-1.0, -0.0034684815909713507], "reward": -0.0005115553610839116}