{"action": [-1.0, -0.003452923148870468], "reward": -0.000517874115774371}