{"action": [-1.0, -0.003457751590758562], "reward": -0.0005171336012100192}