{"action": [0.3458387851715088, -0.001953537343069911], "reward": 0.5942192218620905}