{"action": [-1.0, -0.0034647260326892138], "reward": -0.0005192046285423412}