{"action": [-1.0, -0.003473846707493067], "reward": -0.0005061217284862235}