{"action": [0.35142821073532104, -0.0015613931464031339], "reward": 0.5775922216077548}