{"action": [0.699999988079071, 0.006198916584253311], "reward": -0.0009297523615807009}