{"action": [0.3460952043533325, 0.00038922709063626826], "reward": 0.6968048614552141}