{"action": [0.699999988079071, 0.0062595028430223465], "reward": -0.000724061026089629}