{"action": [0.28835925459861755, 0.0007982637034729123], "reward": 0.6485105249980317}