{"action": [0.3475894033908844, 0.002480202354490757], "reward": 0.6813284590890689}