{"action": [0.5910071730613708, 0.0001487480622017756], "reward": 0.860888033980427}