{"action": [0.699999988079071, 0.006249972153455019], "reward": -0.0009373693858585309}