{"action": [0.699999988079071, 0.006167602259665728], "reward": -0.0009251141439485484}