{"action": [0.3688969314098358, 0.00027589447563514113], "reward": 0.7097427222158802}