{"action": [0.699999988079071, 0.006159433629363775], "reward": -0.000920973900046055}