{"action": [0.2980238199234009, 0.0009691926534287632], "reward": 0.6297996160879158}