{"action": [0.6592029929161072, 0.0002297915198141709], "reward": 0.8212649867278278}