{"action": [0.699999988079071, -0.00011728358367690817], "reward": 0.5378557524063764}