{"action": [0.36409515142440796, -0.005816858261823654], "reward": 0.4255017368342469}