{"action": [-1.0, -0.0016261357814073563], "reward": 0.0007547483326449192}