{"action": [0.4332035183906555, -5.382240033213748e-06], "reward": 0.8792974686037159}