{"action": [0.07433239370584488, 0.08417338877916336], "reward": 0.776981450427737}