{"action": [-1.0, -0.0016524243401363492], "reward": 0.15919601568666467}