{"action": [0.699999988079071, -0.009927996434271336], "reward": 0.4256519857695568}