{"action": [0.699999988079071, -0.006331686396151781], "reward": 0.41869561211294243}