{"action": [-0.11108720302581787, -0.0054661366157233715], "reward": 0.5062184495138313}