{"action": [-0.00942378118634224, -0.006079710088670254], "reward": 0.7449330699436019}