{"action": [0.699999988079071, 0.00011213254765607417], "reward": 0.6004438932105369}