{"action": [-1.0, -0.0016315007815137506], "reward": -0.00024179848622457971}