{"action": [-1.0, -0.001628281781449914], "reward": -0.00024400094370245656}