{"action": [0.699999988079071, -1.805144529498648e-05], "reward": 0.4465322466842976}