{"action": [0.699999988079071, 0.4370696246623993], "reward": -0.058268033876999296}