{"action": [-1.0, 0.4345012307167053], "reward": -0.06489155085172574}