{"action": [0.5410223603248596, 0.45558562874794006], "reward": 0.2485538492966972}