{"action": [0.2820552587509155, 0.19258366525173187], "reward": 0.33472335294026245}