{"action": [0.699999988079071, 0.0004133877228014171], "reward": 0.7039089450285267}