{"action": [0.5405069589614868, 0.43400290608406067], "reward": 0.2620645760028761}