{"action": [0.46907177567481995, 0.0046514105051755905], "reward": 0.7963735260951204}