{"action": [0.6238970756530762, 0.44797012209892273], "reward": 0.28478405454400846}