{"action": [0.6564627289772034, -0.007053082808852196], "reward": 0.7660639601508458}