{"action": [0.6658992767333984, -0.006787326652556658], "reward": 0.7401258681690452}