{"action": [0.699999988079071, 0.4810127019882202], "reward": 0.08795140343834627}