{"action": [0.613462507724762, -0.007118300534784794], "reward": 0.781714598871114}