{"action": [0.699999988079071, 0.6020838022232056], "reward": 0.4001605271801813}