{"action": [0.699999988079071, 0.12088919430971146], "reward": 0.602410517585964}