{"action": [0.45344656705856323, -0.003210617695003748], "reward": 0.8339190753976014}