{"action": [0.4944124221801758, -0.0037333760410547256], "reward": 0.790660818866108}