{"action": [-1.0, -0.018376246094703674], "reward": -0.0027528306606747063}