{"action": [-1.0, -0.01837785542011261], "reward": -0.0027565148876617274}