{"action": [0.699999988079071, -0.016315676271915436], "reward": 0.4328111966653022}