{"action": [0.6271293759346008, -0.004698687698692083], "reward": 0.7622977030947665}