{"action": [0.4075174629688263, -0.0002739375922828913], "reward": 0.9118446061307928}