{"action": [0.40858325362205505, -4.793971675098874e-05], "reward": 0.8823218528075268}