{"action": [0.699999988079071, -0.01660664565861225], "reward": 0.26898356200929413}