{"action": [0.699999988079071, -0.007439326960593462], "reward": 0.28352376625070436}