{"action": [0.699999988079071, -0.0053329928778111935], "reward": 0.7398184955253846}