{"action": [0.699999988079071, 0.010425376705825329], "reward": 0.6248672933510193}