{"action": [0.699999988079071, -0.01032036542892456], "reward": 0.40616609427265554}