{"action": [0.5791269540786743, 0.005364897195249796], "reward": 0.8445168644505822}