{"action": [0.699999988079071, -0.0076611656695604324], "reward": 0.36381047989092186}