{"action": [0.5232205986976624, -0.006356983911246061], "reward": 0.4088037918112112}