{"action": [0.699999988079071, -0.003554588183760643], "reward": 0.4469460283881329}