{"action": [0.6472034454345703, 0.00033156067365780473], "reward": 0.7996765077173471}