{"action": [0.699999988079071, -0.00029582303250208497], "reward": 0.5223395375598373}