{"action": [0.5736048221588135, 0.14058543741703033], "reward": 0.5813378401328444}