{"action": [0.4159417450428009, 0.23615428805351257], "reward": 0.3439251040275097}