{"action": [0.699999988079071, 0.07987738400697708], "reward": 0.4537386156954604}