{"action": [0.4087384045124054, 0.006974231917411089], "reward": 0.9012322673014249}