{"action": [0.4325924515724182, 0.42863887548446655], "reward": 0.6335765824575339}