{"action": [0.0022253189235925674, 0.05471235513687134], "reward": 0.46318442441311675}