{"action": [0.6816086173057556, -3.814297815551981e-05], "reward": 0.7462157835734713}