{"action": [0.5377840995788574, -0.0017891355091705918], "reward": 0.8461887851358801}