{"action": [0.5545794367790222, 0.004183619748800993], "reward": 0.8421955924840859}