{"action": [0.699999988079071, -0.0025345575995743275], "reward": 0.6687795434243596}