{"action": [0.6262423396110535, 0.013631868176162243], "reward": 0.7778757389171419}