{"action": [0.4127672612667084, 0.000974093156401068], "reward": 0.8145584468878152}