{"action": [0.6568447947502136, -0.0032024916727095842], "reward": 0.7832825078846302}