{"action": [0.4248114824295044, -0.0006598804611712694], "reward": 0.9140631456135231}