{"action": [0.699999988079071, 0.021237213164567947], "reward": 0.6708112292498766}