{"action": [0.699999988079071, 0.00433634826913476], "reward": 0.7653968989583257}