{"action": [0.4151420593261719, 0.00169824855402112], "reward": 0.9013798339500698}