{"action": [0.699999988079071, 0.004014036618173122], "reward": 0.6931786276711251}