{"action": [0.49176955223083496, 0.0014167360495775938], "reward": 0.8002683711434608}