{"action": [0.699999988079071, 0.004830385558307171], "reward": 0.7086496501081155}