{"action": [0.3879045248031616, 1.0774135716928868e-06], "reward": 0.9325534549458427}