{"action": [0.699999988079071, 0.007243063300848007], "reward": 0.6102681195604167}