{"action": [-1.0, 0.0018211203860118985], "reward": 0.8628221600497888}