{"action": [0.699999988079071, -0.001541043515317142], "reward": 0.7089144746284042}