{"action": [0.6231377720832825, -0.0029172131326049566], "reward": 0.8157971501648937}