{"action": [0.699999988079071, -0.024156132712960243], "reward": 0.40667307030208044}