{"action": [0.699999988079071, 0.01736835204064846], "reward": 0.544113061586879}