{"action": [0.699999988079071, 0.0627700462937355], "reward": -0.009415419688999591}