{"action": [0.4976804256439209, 0.0018069616053253412], "reward": 0.8370628469132648}