{"action": [0.699999988079071, -0.007280861027538776], "reward": 0.7086422662013453}