{"action": [0.699999988079071, -0.02490624040365219], "reward": 0.29783649124455713}