{"action": [0.699999988079071, -0.040977317839860916], "reward": 0.31191874730002744}