{"action": [0.5471998453140259, 2.2211372197489254e-05], "reward": 0.8259155662234644}