{"action": [0.699999988079071, 0.00034013079130090773], "reward": 0.45127648448237634}