{"action": [0.6547760963439941, -6.736056548106717e-06], "reward": 0.7760651850852854}