{"action": [0.699999988079071, 0.0002795550099108368], "reward": 0.3529117410732192}