{"action": [0.699999988079071, 0.0003809432964771986], "reward": 0.5953308926227919}