{"action": [0.39216721057891846, 2.539937850087881e-05], "reward": 0.865919626088935}