{"action": [0.699999988079071, -0.03792491927742958], "reward": 0.33162772436626425}