{"action": [0.4140777587890625, -0.002492140280082822], "reward": 0.8603154614104845}