{"action": [0.699999988079071, 0.00025078124599531293], "reward": 0.9263023000565141}