{"action": [0.5418444275856018, 0.0010465556988492608], "reward": 0.8309417631045518}