{"action": [0.5565159916877747, 0.0010986842680722475], "reward": 0.831609551715086}