{"action": [0.699999988079071, 0.00299778557382524], "reward": 0.5947342863595253}