{"action": [0.5793430209159851, 0.0014309852849692106], "reward": 0.7750378934495787}