{"action": [0.3881717324256897, 0.0016241291305050254], "reward": 0.9248621464106455}