{"action": [0.4111969470977783, 0.0005326032405719161], "reward": 0.8972846906644392}