{"action": [0.5688099265098572, 0.0013264623703435063], "reward": 0.7503082073545658}