{"action": [0.699999988079071, -0.02889135107398033], "reward": 0.4030043907627746}