{"action": [0.699999988079071, -0.013369474560022354], "reward": 0.5699356264942524}