{"action": [0.699999988079071, -0.0026328552048653364], "reward": 0.41660642030348577}