{"action": [0.699999988079071, -0.010648446157574654], "reward": 0.45209482224770053}