{"action": [0.699999988079071, 0.04807597026228905], "reward": 0.4518898129927542}