{"action": [0.6857469081878662, 0.0008746079984121025], "reward": 0.6124164051465585}