{"action": [0.6748716235160828, 2.52071040449664e-05], "reward": 0.7790959793331941}