{"action": [0.475665807723999, 0.00518219405785203], "reward": 0.8382138959576277}