{"action": [0.46483537554740906, 0.01647069863975048], "reward": 0.792401418187339}