{"action": [0.699999988079071, -0.0325259193778038], "reward": 0.25450295850165683}