{"action": [0.41031408309936523, 1.6803078324301168e-06], "reward": 0.8790694914106767}