{"action": [0.699999988079071, 0.011934662237763405], "reward": 0.5571577616528893}