{"action": [0.5489075779914856, 0.001178291393443942], "reward": 0.7649431499164898}