{"action": [0.459266722202301, 0.00012574596621561795], "reward": 0.8534008900118958}