{"action": [0.41311582922935486, 0.005515574477612972], "reward": 0.8675130108034077}