{"action": [0.699999988079071, -0.00027484650490805507], "reward": 0.8446798900069014}