{"action": [0.5073505640029907, -0.0020064942073076963], "reward": 0.8102427640757621}