{"action": [0.4767358899116516, -0.00039413178456015885], "reward": 0.8371957873588832}