{"action": [0.699999988079071, -0.009118030779063702], "reward": 0.5969888280171044}