{"action": [-1.0, -0.002260280540212989], "reward": -0.00033883175102222466}