{"action": [0.6534000039100647, -0.011265846900641918], "reward": 0.7184134528350569}