{"action": [0.4638785421848297, -0.0015947592910379171], "reward": 0.8521477354859861}