{"action": [0.6865760684013367, -0.009282966144382954], "reward": 0.31846760079160524}