{"action": [0.49701038002967834, -0.0009976724395528436], "reward": 0.8676844482386421}