{"action": [0.699999988079071, 0.3374934196472168], "reward": 0.3320336332860569}