{"action": [0.5225975513458252, 0.002164040459319949], "reward": 0.727764789145769}