{"action": [0.42240336537361145, 0.020940709859132767], "reward": 0.8256419463719602}