{"action": [0.5664154887199402, 0.02906790003180504], "reward": 0.792137315654907}