{"action": [0.40379899740219116, 0.2402321994304657], "reward": 0.6667687809243275}