{"action": [0.4059261083602905, 0.28464218974113464], "reward": 0.6515800210905873}