{"action": [0.5104784965515137, 0.05328410863876343], "reward": 0.8075933350080305}