{"action": [0.3253915309906006, -0.005069326143711805], "reward": 0.4587115241532404}