{"action": [-1.0, -0.00774976285174489], "reward": 0.679569437823555}