{"action": [0.4029543399810791, -0.01193705853074789], "reward": 0.43041260962523953}