{"action": [0.35964059829711914, -0.011894425377249718], "reward": 0.40246149084768434}