{"action": [0.699999988079071, -0.010092459619045258], "reward": 0.35889919856604}