{"action": [0.42336544394493103, -0.02419518493115902], "reward": 0.8278035449327121}