{"action": [0.5321639776229858, 0.6892866492271423], "reward": 0.35079866258968073}