{"action": [0.6269883513450623, 0.42510128021240234], "reward": 0.5901573898115199}