{"action": [0.699999988079071, -0.006091986782848835], "reward": 0.6885413541767105}