{"action": [0.699999988079071, -0.0091569684445858], "reward": 0.44205769981947657}