{"action": [0.699999988079071, 0.06560355424880981], "reward": 0.41842974376936476}