{"action": [0.6801571846008301, -0.009502475149929523], "reward": 0.6123000844698788}