{"action": [0.5004034042358398, -0.03972649946808815], "reward": 0.6963146855545933}