{"action": [0.699999988079071, -0.7417308688163757], "reward": 0.12375460876464152}