{"action": [0.5127758979797363, 0.0008835318731144071], "reward": 0.8457275202553463}