{"action": [-1.0, -0.01242805551737547], "reward": 0.08961991132064319}