{"action": [0.5003961324691772, -0.03467878699302673], "reward": 0.7505704739740676}