{"action": [-1.0, -0.013035374693572521], "reward": -0.0019398050351400644}