{"action": [0.5551696419715881, 3.8852690522617195e-06], "reward": 0.8484358077303298}