{"action": [0.6447623372077942, 4.9052832764573395e-06], "reward": 0.785253809055304}