{"action": [0.4927927255630493, 0.0004931611474603415], "reward": 0.8809347240695659}