{"action": [0.5619592666625977, 3.53321447619237e-05], "reward": 0.8247468367964499}