{"action": [0.699999988079071, -7.170301978476346e-05], "reward": 0.5664384631808181}