{"action": [0.4786893427371979, -1.0871887070607045e-06], "reward": 0.8615828757641942}