{"action": [0.47653305530548096, 0.006437667645514011], "reward": 0.8165154600395235}