{"action": [0.4830087423324585, 0.006489879451692104], "reward": 0.8442731754242481}