{"action": [0.6619982719421387, 0.0029054712504148483], "reward": 0.7251073946999729}