{"action": [0.5569528341293335, 0.22026795148849487], "reward": 0.6540145793172852}