{"action": [0.3131437599658966, 0.004721164237707853], "reward": 0.9177590379070772}