{"action": [0.33117103576660156, -0.0008134124800562859], "reward": 0.9523802031341055}