{"action": [0.699999988079071, 0.03980342298746109], "reward": -0.00588764006406134}