{"action": [0.699999988079071, 0.029264435172080994], "reward": 0.47555019931705295}