{"action": [0.417824387550354, 0.000380455341655761], "reward": 0.924398902227448}