{"action": [0.4022197127342224, 0.0009495146223343909], "reward": 0.8668928138509142}