{"action": [0.41236162185668945, 7.826315413694829e-05], "reward": 0.9011991235937175}