{"action": [0.699999988079071, 0.002407441381365061], "reward": 0.7325373141859642}