{"action": [0.699999988079071, 0.0016217968659475446], "reward": 0.623409585476138}