{"action": [0.5452001690864563, -0.010909214615821838], "reward": 0.7714745536512443}