{"action": [0.5892640948295593, -0.007688680198043585], "reward": 0.7717612889693436}