{"action": [0.40560102462768555, -0.0013488560216501355], "reward": 0.8908342558232157}