{"action": [0.6284046769142151, 0.0031024639029055834], "reward": 0.7857214611548379}