{"action": [0.5147035717964172, -0.0009080067975446582], "reward": 0.8312784669597927}