{"action": [0.3140508532524109, 0.0005562349688261747], "reward": 0.95394376717991}