{"action": [0.5158087015151978, -0.25594615936279297], "reward": 0.7007192960330267}