{"action": [0.43518489599227905, -0.2952190637588501], "reward": 0.7171623735757038}