{"action": [0.6316908597946167, -0.24900689721107483], "reward": 0.6820213496596693}