{"action": [0.288981556892395, 0.0003242206876166165], "reward": 0.9581850474383935}