{"action": [0.699999988079071, 0.002961144084110856], "reward": 0.7402803598375783}