{"action": [0.5951226949691772, 0.004028819035738707], "reward": 0.7841886949027049}