{"action": [0.43699008226394653, 0.0010231041815131903], "reward": 0.9253585281672321}