{"action": [0.32436075806617737, 0.0001950988225871697], "reward": 0.8424376473442239}