{"action": [0.3015625476837158, -0.015768766403198242], "reward": 0.8601839373021277}