{"action": [0.6859023571014404, 0.017441675066947937], "reward": 0.41835997652067064}