{"action": [0.699999988079071, 0.02582361176609993], "reward": 0.30608959194341945}