{"action": [0.4146847128868103, 0.03354988619685173], "reward": 0.3852340172354794}