{"action": [-0.6534782648086548, 0.0036840124521404505], "reward": 0.7627773567152656}