{"action": [-1.0, -0.012155512347817421], "reward": -0.0018230382785851332}