{"action": [0.44286778569221497, -0.1462719738483429], "reward": 0.6503270139683526}