{"action": [0.699999988079071, -0.011801931075751781], "reward": 0.2964738567974483}