{"action": [0.699999988079071, -0.012245174497365952], "reward": 0.000759555207761593}