{"action": [0.3016679883003235, -0.00375951686874032], "reward": 0.9483018234124941}