{"action": [0.699999988079071, -0.0006534597487188876], "reward": 0.3000950719477004}