{"action": [-1.0, 0.006280821748077869], "reward": -0.0008054316085432931}