{"action": [0.296871542930603, 0.001020152703858912], "reward": 0.4323239550237798}