{"action": [0.357804536819458, 0.0005519763799384236], "reward": 0.4348479367318085}