{"action": [0.3463478684425354, -0.004124815110117197], "reward": 0.9371847141259696}