{"action": [0.699999988079071, -0.0032600078266113997], "reward": 0.7722905649553977}