{"action": [0.40447288751602173, -0.004784493241459131], "reward": 0.9091236793066175}