{"action": [0.4409453868865967, 0.01130119152367115], "reward": 0.42306223712179625}