{"action": [-1.0, 0.006089827511459589], "reward": -0.00021171731481686436}