{"action": [-1.0, 0.00627706665545702], "reward": -0.0005885441519468118}