{"action": [0.699999988079071, -0.0012194995069876313], "reward": 0.44733033806576017}