{"action": [0.699999988079071, -0.004933915566653013], "reward": 0.34972050675359273}