{"action": [0.4406038224697113, 0.001023800577968359], "reward": 0.9293702028195123}