{"action": [0.699999988079071, -0.0008337976178154349], "reward": 0.4472211304670032}