{"action": [0.699999988079071, 0.0027559122536331415], "reward": 0.7466195540868985}