{"action": [0.3753397762775421, 0.00453206617385149], "reward": 0.9385965656220912}