{"action": [0.32628440856933594, -0.006229606457054615], "reward": 0.933034778399103}