{"action": [0.6390373110771179, 0.002165410667657852], "reward": 0.7799438712282298}