{"action": [0.29409870505332947, -0.0052247787825763226], "reward": 0.9427581336340699}