{"action": [0.35152125358581543, -0.005872800946235657], "reward": 0.9223652742361695}