{"action": [0.31284666061401367, -0.0014779476914554834], "reward": 0.8822619795541214}