{"action": [0.699999988079071, -0.008245942182838917], "reward": 0.7427434094848978}