{"action": [0.3150096535682678, -0.006442649755626917], "reward": 0.8987757949976183}