{"action": [0.2882353663444519, -0.002979464363306761], "reward": 0.4615552068158606}