{"action": [0.36381828784942627, -0.006216566078364849], "reward": 0.9104553936982921}