{"action": [0.4330589473247528, -0.0025836394634097815], "reward": 0.4169543221508915}