{"action": [0.5746704339981079, -0.019933119416236877], "reward": 0.7557899673999485}