{"action": [0.305939644575119, -7.457235915353522e-05], "reward": 0.9254571216537355}