{"action": [0.42026615142822266, 0.015361981466412544], "reward": 0.8203969784408085}