{"action": [0.699999988079071, -0.019283000379800797], "reward": 0.600055944938694}