{"action": [0.4506077766418457, 0.015605385415256023], "reward": 0.8656569952660236}