{"action": [0.3820021152496338, -0.0031280156690627337], "reward": 0.8804643752254894}