{"action": [0.5165780782699585, -0.011090018786489964], "reward": 0.8164453019241935}