{"action": [0.5450226664543152, -0.006405609659850597], "reward": 0.8406923559068081}