{"action": [0.4698534607887268, -0.0013003339990973473], "reward": 0.8536981315310153}