{"action": [0.30365175008773804, -1.0967122761940118e-05], "reward": 0.9319035123548375}