{"action": [0.45327645540237427, -0.004575811326503754], "reward": 0.8725640659874628}