{"action": [-1.0, -0.006663347594439983], "reward": -0.0009985499521120754}