{"action": [0.3403513431549072, 1.5445719327544793e-05], "reward": 0.9327594381343625}