{"action": [-1.0, -0.006404753774404526], "reward": 0.14893196227317443}