{"action": [0.24098941683769226, -0.005134977865964174], "reward": 0.48945746827022696}