{"action": [-1.0, -0.006648861803114414], "reward": 0.0005270945092646802}