{"action": [-1.0, -0.006667639594525099], "reward": -0.0009997246312521534}