{"action": [-1.0, -0.006669785361737013], "reward": -0.0009999450310726806}