{"action": [0.6521909236907959, 0.39701181650161743], "reward": 0.27507577515295584}