{"action": [-1.0, -0.006693391595035791], "reward": -0.000998985414276141}