{"action": [-1.0, -0.006697147153317928], "reward": -0.0010042309863226987}