{"action": [-1.0, -0.006695000920444727], "reward": -0.0010017529715436494}