{"action": [0.3358350396156311, 0.3512881398200989], "reward": 0.34213547447681897}