{"action": [-1.0, -0.006705731153488159], "reward": -0.0010042065999882031}