{"action": [0.26184800267219543, -0.006656421348452568], "reward": 0.5955792502574478}