{"action": [0.699999988079071, -0.00136827293317765], "reward": 0.40978450884556517}