{"action": [0.699999988079071, -0.01790478080511093], "reward": 0.48538626036117266}