{"action": [0.45988911390304565, 0.55231112241745], "reward": 0.15669539826880857}