{"action": [0.47508704662323, -0.006854337640106678], "reward": 0.5955045401067895}