{"action": [-1.0, -0.006708413828164339], "reward": -0.0010059436942515838}