{"action": [0.699999988079071, -0.6295163631439209], "reward": 0.07795247019934913}