{"action": [0.03696547448635101, 0.002217286266386509], "reward": 0.49503534258820664}