{"action": [0.699999988079071, 0.010962627828121185], "reward": 0.4491362772075729}