{"action": [0.40131545066833496, -0.0233656894415617], "reward": 0.9339173996716131}