{"action": [0.699999988079071, 0.028552819043397903], "reward": 0.39244870751763017}