{"action": [0.699999988079071, 0.022808188572525978], "reward": 0.3636722161444452}