{"action": [0.15156415104866028, 0.0025863568298518658], "reward": 0.48987554251386334}