{"action": [0.699999988079071, -0.0005935116787441075], "reward": 0.4094420990040574}