{"action": [0.699999988079071, -0.00020901650714222342], "reward": 0.34571068088452694}