{"action": [0.29178813099861145, -0.02603161893785], "reward": 0.8506328274707509}