{"action": [0.2964991331100464, -0.011374367401003838], "reward": 0.9204890159455345}