{"action": [0.2987683117389679, -0.01778978481888771], "reward": 0.8981643123363534}