{"action": [0.5334466695785522, -0.10724655538797379], "reward": 0.7765170893584413}