{"action": [0.49063417315483093, 0.800000011920929], "reward": 0.06540205338121273}