{"action": [0.2964102625846863, -0.01618371158838272], "reward": 0.9040308926265607}