{"action": [0.3118335008621216, -0.01771846041083336], "reward": 0.8904864551529454}