{"action": [-1.0, 1.4485537576547358e-05], "reward": 8.335462933260269e-05}