{"action": [0.6595221757888794, 0.028349164873361588], "reward": 0.6952540591833561}