{"action": [0.24688030779361725, 0.3025180697441101], "reward": 0.2204504123579427}