{"action": [0.6558106541633606, 0.0011337479809299111], "reward": 0.3523781574512258}