{"action": [-1.0, 1.0730028407124337e-05], "reward": 1.2940445731860711e-06}