{"action": [-1.0, 1.6095042155939154e-05], "reward": 5.985630587176674e-06}