{"action": [-1.0, 2.7361571483197622e-05], "reward": 3.708740137470975e-06}