{"action": [-1.0, 1.6095042155939154e-05], "reward": -2.3809809346092422e-06}