{"action": [-1.0, 1.6095042155939154e-05], "reward": -1.4269061178258898e-06}