{"action": [-1.0, 1.3949036656413227e-05], "reward": -1.6385464687302606e-06}