{"action": [-0.08348071575164795, 0.11348775774240494], "reward": 0.4139664689197371}