{"action": [-1.0, 1.6095042155939154e-05], "reward": -2.3023208975608907e-06}