{"action": [-1.0, 1.6631543985567987e-05], "reward": -2.135411538888176e-06}