{"action": [-1.0, 2.038705315499101e-05], "reward": 5.580092337901948e-07}