{"action": [-1.0, 2.3069560484145768e-05], "reward": -3.3825298073697058e-06}