{"action": [0.699999988079071, 0.0605834536254406], "reward": 0.49514939630924776}