{"action": [-1.0, 2.3069560484145768e-05], "reward": -3.3933569351705553e-06}