{"action": [0.699999988079071, 0.07622838765382767], "reward": 0.38328145404668773}