{"action": [-1.0, 2.038705315499101e-05], "reward": -2.7273942466839e-06}