{"action": [-1.0, 0.00014693051343783736], "reward": -2.1188588503684276e-05}