{"action": [0.699999988079071, 0.0003606699174270034], "reward": 0.5913035889687099}