{"action": [0.5428549647331238, -0.01027876976877451], "reward": 0.782402348726481}