{"action": [0.460774302482605, 0.07854276150465012], "reward": 0.5426644029272183}