{"action": [-1.0, 2.5752067813300528e-05], "reward": -3.1289809364148635e-06}