{"action": [0.10592171549797058, -0.05952950567007065], "reward": 0.7909848755608373}