{"action": [0.5598125457763672, -0.01018387172371149], "reward": 0.7882067677259688}