{"action": [-1.0, 2.4679064154042862e-05], "reward": 1.3528475157159776e-05}