{"action": [0.699999988079071, 0.00567609304562211], "reward": 0.7364150965712236}