{"action": [0.699999988079071, 0.005283084232360125], "reward": 0.6908491587311864}