{"action": [0.699999988079071, -0.00016663604765199125], "reward": 0.5075409595467119}