{"action": [0.42148518562316895, -0.008246409706771374], "reward": 0.8605582863064318}