{"action": [0.3431946635246277, 0.00014029268641024828], "reward": 0.9584389620026442}