{"action": [0.699999988079071, 0.0015495881671085954], "reward": 0.5266969652335737}