{"action": [0.44490891695022583, 0.0641476958990097], "reward": 0.6155654654408119}