{"action": [0.4565769135951996, 0.0016180359525606036], "reward": 0.9015583815546838}