{"action": [0.5194482803344727, 0.0013685919111594558], "reward": 0.8367777362291521}