{"action": [0.5084131956100464, 0.0015458476264029741], "reward": 0.8683350045146752}