{"action": [0.5996264815330505, -0.00016719162522349507], "reward": 0.800076338699622}