{"action": [0.699999988079071, -0.01978234574198723], "reward": 0.6239969905453142}