{"action": [0.699999988079071, 0.003638377645984292], "reward": 0.6893833044882696}