{"action": [-0.0029580804985016584, -0.047488994896411896], "reward": 0.9166157975701738}