{"action": [0.6291899681091309, -0.0028894352726638317], "reward": 0.7857055549042044}