{"action": [0.699999988079071, 0.0029631771612912416], "reward": 0.7630117029932754}