{"action": [0.4407464861869812, 0.0023560018744319677], "reward": 0.8716307637231798}