{"action": [0.35266485810279846, 0.007823863998055458], "reward": 0.879243926527855}