{"action": [0.699999988079071, -0.015392882749438286], "reward": 0.5669838372714502}