{"action": [-1.0, -0.018450820818543434], "reward": -0.002761568379363141}