{"action": [0.699999988079071, 0.00680918525904417], "reward": 0.7109675908268828}