{"action": [0.340445339679718, -0.0012384058209136128], "reward": 0.9255508512336162}