{"action": [0.4778652489185333, 0.011806629598140717], "reward": 0.8199639435480509}