{"action": [0.4290240406990051, 0.004997363314032555], "reward": 0.8916027694228468}