{"action": [0.4205930233001709, -0.0015036251861602068], "reward": 0.9357166752075378}