{"action": [0.6382632851600647, -0.0015392177738249302], "reward": 0.8412441331978231}