{"action": [0.3525391221046448, -0.003330437233671546], "reward": 0.9456359063248456}