{"action": [0.699999988079071, -0.23389394581317902], "reward": 0.47033927291984196}