{"action": [0.5722195506095886, -0.0199948288500309], "reward": 0.7570752832641501}