{"action": [0.699999988079071, -0.0180269256234169], "reward": 0.026975521511788714}