{"action": [0.699999988079071, 0.47617703676223755], "reward": 0.46073477576183497}