{"action": [0.699999988079071, -0.015727799385786057], "reward": 0.42241435040570574}