{"action": [-1.0, -0.01785154826939106], "reward": -0.0026762620548886596}