{"action": [0.699999988079071, -0.17835351824760437], "reward": 0.6284283020338641}