{"action": [0.699999988079071, -0.05959289148449898], "reward": 0.6992090160738383}