{"action": [0.699999988079071, 0.006148226093500853], "reward": -1.6111754602709576}