{"action": [0.699999988079071, -0.2594437003135681], "reward": 0.4073595832701015}