{"action": [0.4386514127254486, -0.16806145012378693], "reward": 0.7628507473359388}