{"action": [0.5904909372329712, 0.0018409895710647106], "reward": -5.0944065785877095}