{"action": [0.5752316117286682, 0.0021557030268013477], "reward": -5.19219239054549}