{"action": [0.699999988079071, -0.18351827561855316], "reward": 0.770869924209258}