{"action": [0.699999988079071, -0.0010162903927266598], "reward": 0.8689423300758344}