{"action": [0.5828941464424133, 0.00199526222422719], "reward": -5.143246760398833}