{"action": [0.6029462814331055, -0.20138797163963318], "reward": 0.8279983717202476}