{"action": [0.699999988079071, 0.004256869200617075], "reward": -4.182210480756342}