{"action": [0.5460976362228394, -0.12478192895650864], "reward": 0.6858537171509649}