{"action": [0.699999988079071, 0.0002499379916116595], "reward": 0.5692125500742559}