{"action": [0.699999988079071, -0.0070203747600317], "reward": 0.9256101399821417}