{"action": [0.699999988079071, 0.023597175255417824], "reward": 0.042957666829558164}