{"action": [0.5795537829399109, 0.0011015546042472124], "reward": -5.420609412369601}