{"action": [0.699999988079071, 0.024492453783750534], "reward": -3.553637907565353}