{"action": [0.6153334379196167, -0.004212236497551203], "reward": -4.686173486840347}