{"action": [0.4067994952201843, -0.007538368459790945], "reward": 0.9155844648740576}