{"action": [-1.0, -0.009012687020003796], "reward": -0.0013493770439572267}