{"action": [0.699999988079071, -8.732007472644909e-08], "reward": 0.862507865232363}