{"action": [-0.38309258222579956, 0.0021511183585971594], "reward": 0.8400991128028683}