{"action": [-0.3707354664802551, 8.301502384711057e-05], "reward": 0.9334259993794388}