{"action": [0.699999988079071, 0.002889891853556037], "reward": 0.7851836747521335}