{"action": [0.699999988079071, 0.008381953462958336], "reward": -3.973488652292763}