{"action": [0.6429639458656311, 0.012500787153840065], "reward": 0.4171999423355521}