{"action": [0.699999988079071, -0.008219829760491848], "reward": 0.7707915969409197}