{"action": [0.699999988079071, 0.040817707777023315], "reward": -0.0061226321332598825}