{"action": [0.699999988079071, 0.0325433723628521], "reward": 0.21688929660257167}