{"action": [0.699999988079071, 0.01680377498269081], "reward": 0.16598514229736439}