{"action": [0.699999988079071, 0.02990955486893654], "reward": 0.3995145410003039}