{"action": [-1.0, -0.009003030136227608], "reward": -0.001350427147849301}