{"action": [0.699999988079071, 0.0029803006909787655], "reward": 0.11960577186576496}