{"action": [0.699999988079071, -0.002345951972529292], "reward": 0.2449430358559736}