{"action": [0.699999988079071, 0.0033479866106063128], "reward": 0.09632109007706384}