{"action": [0.699999988079071, -0.001691722427494824], "reward": 0.2589222015426785}