{"action": [0.699999988079071, -0.0019153374014422297], "reward": 0.2208518023938302}