{"action": [0.699999988079071, -0.005759756080806255], "reward": 0.15096260235833897}