{"action": [0.699999988079071, -0.0050542582757771015], "reward": 0.17421374790697375}