{"action": [-1.0, -0.007379040587693453], "reward": -0.0010729743065544237}