{"action": [0.699999988079071, -0.00527585344389081], "reward": 0.11937783361552996}