{"action": [-1.0, -0.0073779672384262085], "reward": -0.0010906479874010398}