{"action": [0.699999988079071, -0.06624876707792282], "reward": 0.15692633563967995}