{"action": [0.699999988079071, -0.019662100821733475], "reward": 0.2645043915575919}