{"action": [0.699999988079071, -0.0029434915632009506], "reward": 0.16212427912485386}