{"action": [0.699999988079071, -0.07505568861961365], "reward": 0.27981685036938875}