{"action": [0.699999988079071, -0.09049364179372787], "reward": 0.22764397833441788}