{"action": [0.699999988079071, -0.0022467912640422583], "reward": 0.17467100905623564}