{"action": [0.699999988079071, -0.011289303191006184], "reward": 0.18635355191619504}