{"action": [0.699999988079071, -0.04663090780377388], "reward": 0.26534673062959585}