{"action": [0.699999988079071, -0.01034758985042572], "reward": 0.18595526621413133}