{"action": [-1.0, -0.009003030136227608], "reward": -0.0013503863696707143}