{"action": [0.699999988079071, -0.0352838858962059], "reward": 0.27211026019192996}