{"action": [0.699999988079071, -0.05098124220967293], "reward": 0.24787509325114576}