{"action": [0.699999988079071, -0.08115533739328384], "reward": 0.2634015586571148}