{"action": [0.699999988079071, -0.0970720648765564], "reward": 0.23269125893963896}