{"action": [-1.0, -0.009006248787045479], "reward": -0.001350542766812336}