{"action": [0.699999988079071, 6.532674490244972e-08], "reward": 0.19597167111869918}