{"action": [0.699999988079071, 0.014399687759578228], "reward": 0.19598398097099376}