{"action": [0.699999988079071, -0.0017320392653346062], "reward": 0.22852214687537512}