{"action": [-1.0, -0.009006785228848457], "reward": -0.0013508318687575213}