{"action": [0.699999988079071, 0.007868863642215729], "reward": 0.20656870393967328}