{"action": [0.699999988079071, -0.0015544728375971317], "reward": 0.2592499617684414}