{"action": [0.699999988079071, 0.007571774534881115], "reward": 0.21997324713660307}