{"action": [0.699999988079071, 4.335641733632656e-06], "reward": 0.15494930157327816}