{"action": [0.699999988079071, 9.294923802372068e-05], "reward": 0.36017894870361034}