{"action": [0.699999988079071, 0.0016699053812772036], "reward": 0.22360369077831999}