{"action": [0.699999988079071, 4.214817090542056e-05], "reward": 0.1861907880917575}