{"action": [0.699999988079071, 0.0038325090426951647], "reward": 0.21194165583572264}