{"action": [0.699999988079071, 6.9773786890436895e-06], "reward": 0.3476276894999994}