{"action": [0.699999988079071, 0.003979155793786049], "reward": 0.18791450508997784}