{"action": [0.699999988079071, 0.001028965343721211], "reward": 0.2392212994536268}