{"action": [0.699999988079071, 0.00024164207570720464], "reward": 0.22287708387767713}