{"action": [0.699999988079071, 0.0003036838897969574], "reward": 0.1451383371450341}