{"action": [0.699999988079071, 0.010071675293147564], "reward": 0.29230806822450117}