{"action": [0.699999988079071, 0.011499961838126183], "reward": 0.280085137313472}