{"action": [0.699999988079071, 0.012916039675474167], "reward": 0.25456073210380337}