{"action": [0.699999988079071, 0.054136116057634354], "reward": 0.046467586136324984}