{"action": [0.699999988079071, 0.011291137896478176], "reward": 0.2876598239715466}