{"action": [0.699999988079071, 0.009235037490725517], "reward": 0.16315685383839784}