{"action": [0.699999988079071, -0.0002902158594224602], "reward": 0.22935308774268953}