{"action": [0.699999988079071, -0.00011184006871189922], "reward": 0.20358271286682394}