{"action": [0.699999988079071, 6.037716048012953e-06], "reward": 0.20231173066175717}