{"action": [0.699999988079071, 0.004364503547549248], "reward": 0.292324177697469}