{"action": [0.699999988079071, -0.007801833562552929], "reward": 0.17098616637684147}