{"action": [0.699999988079071, -0.005724704824388027], "reward": 0.146643544129738}