{"action": [0.699999988079071, 1.3494732229446527e-05], "reward": 0.17921723121021269}