{"action": [0.699999988079071, -1.4723494814461446e-06], "reward": 0.2423617173053907}