{"action": [0.699999988079071, -0.009216317906975746], "reward": 0.23098015788424628}