{"action": [0.699999988079071, -0.010135569609701633], "reward": 0.12046427643784065}