{"action": [0.699999988079071, -0.005593699403107166], "reward": 0.3503046718169547}