{"action": [0.699999988079071, -0.007628590799868107], "reward": 0.2897997823282066}