{"action": [0.699999988079071, -0.004197315778583288], "reward": 0.40773834152571153}