{"action": [0.699999988079071, -0.007843556813895702], "reward": 0.08045514741477448}