{"action": [0.699999988079071, -0.0006573639693669975], "reward": 0.11882106101005661}