{"action": [0.699999988079071, -0.004640343599021435], "reward": 0.16557503919626487}