{"action": [0.699999988079071, -0.0008997974800877273], "reward": 0.10728959853963146}