{"action": [0.699999988079071, 0.008828694932162762], "reward": 0.2262255391510238}