{"action": [0.699999988079071, 0.008049736730754375], "reward": 0.016334690318120293}