{"action": [0.699999988079071, 0.008477984927594662], "reward": 0.26503775456371176}