{"action": [0.699999988079071, 2.6940704174194252e-06], "reward": 0.07626211464668238}