{"action": [0.699999988079071, -1.0132790162487026e-09], "reward": 0.23372457528061405}