{"action": [0.699999988079071, 0.004157038871198893], "reward": 0.24459435320451747}