{"action": [0.699999988079071, 0.0072539993561804295], "reward": 0.11824051719842898}