{"action": [0.699999988079071, 0.0061314906924963], "reward": 0.1743381718414319}