{"action": [0.699999988079071, 0.0035465352702885866], "reward": 0.2696656859334669}