{"action": [0.699999988079071, 0.005575955379754305], "reward": 0.19649778819542107}