{"action": [0.699999988079071, 0.002492831088602543], "reward": 0.6554520400592684}