{"action": [0.699999988079071, -0.006884382572025061], "reward": 0.25392608978442494}