{"action": [0.699999988079071, -0.005939418915659189], "reward": 0.35192642582434874}