{"action": [-1.0, 0.003969037439674139], "reward": 0.426436001638862}