{"action": [0.699999988079071, 0.00488496758043766], "reward": 0.3759392791542929}