{"action": [0.699999988079071, -0.006009718403220177], "reward": 0.6383208127957355}