{"action": [-1.0, 0.0024190847761929035], "reward": 0.5796230898026075}