{"action": [-1.0, -0.009000347927212715], "reward": -0.0013499373574962009}