{"action": [0.699999988079071, -0.005913922563195229], "reward": 0.5212853162594169}