{"action": [0.699999988079071, -0.012065527029335499], "reward": 0.6331375815199526}