{"action": [0.3967466354370117, 5.746385068050586e-05], "reward": 0.9135893945629259}