{"action": [0.5048660039901733, -0.0027910105418413877], "reward": 0.8476689689483924}