{"action": [0.48995208740234375, 0.21345001459121704], "reward": 0.7501341781491644}