{"action": [0.4902045428752899, 0.19149163365364075], "reward": 0.7202019850173201}