{"action": [0.5716404318809509, -0.003796504344791174], "reward": 0.7955363971718067}