{"action": [0.47798195481300354, -0.007024082355201244], "reward": 0.8462135623039281}