{"action": [0.3799797296524048, -0.0003231095033697784], "reward": 0.9255631180904722}