{"action": [0.674263596534729, -0.0010224087163805962], "reward": 0.7663735772521144}