{"action": [0.5602872371673584, -0.0032818815670907497], "reward": 0.8109312030634059}