{"action": [0.5038615465164185, 0.800000011920929], "reward": 0.15350852540228965}