{"action": [0.565207839012146, 0.800000011920929], "reward": 0.17829742711191976}