{"action": [0.5643588900566101, 0.4560054838657379], "reward": 0.2845927993559057}