{"action": [0.6481332182884216, 0.800000011920929], "reward": 0.1793848223424261}