{"action": [0.39336520433425903, 0.031963806599378586], "reward": 0.8572050675055606}