{"action": [0.49409860372543335, 0.058488693088293076], "reward": 0.7734809938913408}