{"action": [-1.0, 0.00312565709464252], "reward": -0.00046713547034379986}