{"action": [0.17351773381233215, -0.001711480668745935], "reward": 0.47903118949823176}