{"action": [0.699999988079071, -0.008282141759991646], "reward": 0.46508298493143624}