{"action": [-1.0, 0.003127266652882099], "reward": -0.00046891875429982494}