{"action": [0.09279603511095047, -0.0010968929855152965], "reward": 0.5054521767893511}