{"action": [-1.0, 0.0031315586529672146], "reward": -0.00046962004576223457}