{"action": [-1.0, -0.00900195725262165], "reward": -0.0013501736394369553}