{"action": [-0.018169056624174118, 0.005378319416195154], "reward": 0.5455923596715607}