{"action": [0.699999988079071, 0.004631012678146362], "reward": 0.6428524236474417}