{"action": [0.699999988079071, -0.007729706354439259], "reward": 0.6443832594848273}