{"action": [0.699999988079071, -0.007035671267658472], "reward": 0.627966087875515}