{"action": [0.699999988079071, -0.001844286802224815], "reward": 0.6237341966938467}