{"action": [-1.0, -0.009000884369015694], "reward": -0.0013498697090068448}