{"action": [0.42419782280921936, 0.0054131862707436085], "reward": 0.8647096833646684}