{"action": [0.4640326499938965, 2.9551390525739407e-06], "reward": 0.8643383858959792}