{"action": [0.38229209184646606, -0.0010897652246057987], "reward": 0.9424420006297}