{"action": [0.39590439200401306, 0.00016850770043674856], "reward": 0.871114382476791}