{"action": [0.3772936463356018, -0.0013186681317165494], "reward": 0.9471675970721133}