{"action": [0.4254935383796692, -0.0009619472548365593], "reward": 0.8900628658267742}