{"action": [0.4460468590259552, 0.01682140864431858], "reward": 0.8277806968210321}