{"action": [0.642229437828064, -0.01135464757680893], "reward": 0.773056246921169}