{"action": [0.5534895062446594, -0.00989362969994545], "reward": 0.8333839260707843}