{"action": [0.699999988079071, -2.36064215641818e-06], "reward": 0.7268754253290871}