{"action": [0.5261508226394653, 6.785571258660639e-06], "reward": 0.8759932197905966}