{"action": [-1.0, -0.008996055461466312], "reward": -0.0013490712173165223}