{"action": [0.3676086664199829, -0.010265377350151539], "reward": 0.902732208280037}