{"action": [-1.0, -0.2731092572212219], "reward": -0.04096394095372419}