{"action": [0.46647560596466064, 0.0019859494641423225], "reward": 0.8792314570376027}