{"action": [-1.0, -0.27311086654663086], "reward": -0.0409652297816892}