{"action": [0.3947893977165222, 0.003204291220754385], "reward": 0.9323833126862616}