{"action": [0.37507516145706177, 0.003157206578180194], "reward": 0.9390685069549599}