{"action": [0.699999988079071, 0.004367901477962732], "reward": 0.7465458243294458}