{"action": [0.3912828862667084, -0.019727366045117378], "reward": 0.8168115899488309}