{"action": [0.699999988079071, -0.567402720451355], "reward": 0.32422014333636784}