{"action": [-1.0, -0.27310335636138916], "reward": -0.040965272852566244}