{"action": [-1.0, -0.00899712834507227], "reward": -0.0013495190384804488}