{"action": [0.4660974442958832, -0.017636310309171677], "reward": 0.8137974699003853}