{"action": [0.5848386883735657, -0.003350846003741026], "reward": 0.7743604657352796}