{"action": [0.594498336315155, -0.0030775615014135838], "reward": 0.7860340297351769}