{"action": [0.4390285015106201, -0.0011022635735571384], "reward": 0.8988515752137978}