{"action": [0.3984227180480957, -0.0018307011341676116], "reward": 0.8903682669212402}