{"action": [0.49707600474357605, -0.001525763189420104], "reward": 0.867074990610158}