{"action": [0.4057815968990326, -0.011093840934336185], "reward": 0.8714486427433668}