{"action": [0.699999988079071, -0.00383920781314373], "reward": 0.7815905996113071}