{"action": [0.4135599434375763, -0.001557560870423913], "reward": 0.8947021833015427}