{"action": [0.4556112587451935, -6.924816989339888e-05], "reward": 0.8216421681652826}