{"action": [0.699999988079071, -0.28346699476242065], "reward": 0.7741475326087873}