{"action": [0.48362696170806885, -0.1422748565673828], "reward": 0.7624216826485468}