{"action": [0.6056382060050964, -0.0005684271454811096], "reward": 0.7724429694689559}