{"action": [0.5394858717918396, -0.2584291994571686], "reward": 0.7058767338729776}