{"action": [0.699999988079071, 0.0010570305166766047], "reward": 0.8999731343250913}