{"action": [0.699999988079071, 0.054064538329839706], "reward": 0.29203913170298085}