{"action": [0.699999988079071, -0.0004993731854483485], "reward": -0.2926370648498605}