{"action": [0.699999988079071, -0.0005425053532235324], "reward": -0.665771305406295}