{"action": [0.699999988079071, 0.10055620968341827], "reward": -0.014947775338387426}