{"action": [0.699999988079071, 0.0008106926106847823], "reward": 0.8155944675423725}