{"action": [0.699999988079071, -0.005490439012646675], "reward": 0.6482148566740447}