{"action": [0.699999988079071, -0.008758356794714928], "reward": 0.6164106699313313}