{"action": [0.6880137920379639, 0.01422141958028078], "reward": 0.7184828035441797}