{"action": [0.699999988079071, -0.009291200898587704], "reward": 0.64730022553059}