{"action": [0.4575822055339813, -0.0022248439490795135], "reward": 0.8391222035418867}