{"action": [0.6582411527633667, -0.005611205939203501], "reward": 0.7876771370007749}