{"action": [0.699999988079071, 0.042554013431072235], "reward": 0.5217360913695578}