{"action": [0.4690559506416321, -0.012549344450235367], "reward": 0.7848250766023582}