{"action": [0.5884299278259277, -0.011793756857514381], "reward": 0.7863898957811933}