{"action": [0.5018242001533508, 0.4033590257167816], "reward": 0.5340175121291645}