{"action": [0.5315354466438293, -0.008354862220585346], "reward": 0.4204413000739082}