{"action": [0.47552689909935, 0.39477092027664185], "reward": 0.45499755468370023}