{"action": [0.6558454632759094, 0.04941229522228241], "reward": 0.6778491604473107}