{"action": [0.4570772647857666, -0.005963158793747425], "reward": 0.8724908570014402}