{"action": [0.48586413264274597, 0.060482438653707504], "reward": 0.7435055242610011}