{"action": [0.699999988079071, 0.031252071261405945], "reward": 0.6024839562106474}