{"action": [0.6218664646148682, -0.0003450082440394908], "reward": 0.8020522217541202}