{"action": [0.6974669694900513, -0.005464018322527409], "reward": 0.744394315536001}