{"action": [0.699999988079071, 0.01844392530620098], "reward": 0.5936638949765535}