{"action": [0.3997322916984558, -0.003403340233489871], "reward": 0.4370700903352289}