{"action": [0.28953278064727783, -0.004267648793756962], "reward": 0.9416074158134355}