{"action": [-1.0, -0.0004790957609657198], "reward": -7.171436134902354e-05}