{"action": [-1.0, -0.00045119767310097814], "reward": -6.767235214383685e-05}