{"action": [-1.0, -0.0004533437022473663], "reward": -6.797806320131092e-05}