{"action": [0.3128810226917267, -0.0011588771594688296], "reward": 0.4591832990018246}