{"action": [-1.0, -0.00047963226097635925], "reward": -7.178631577906359e-05}