{"action": [-1.0, -0.00047963226097635925], "reward": -7.172466050925265e-05}