{"action": [-1.0, -0.00047963226097635925], "reward": -7.19219783568862e-05}