{"action": [-1.0, -0.00047963226097635925], "reward": -7.183610221067979e-05}