{"action": [0.699999988079071, -0.00030988300568424165], "reward": 0.2023608394697205}