{"action": [0.4101196527481079, -0.0001125276685343124], "reward": 0.45077159441681314}