{"action": [0.5576081275939941, -1.3201773072069045e-05], "reward": 0.43257542957559403}