{"action": [-1.0, -0.0002966852916870266], "reward": 0.43151301447300433}