{"action": [0.699999988079071, -0.001969151431694627], "reward": 0.4902900846467287}