{"action": [0.699999988079071, -0.00042471830965951085], "reward": 0.291163389369149}