{"action": [0.372628390789032, -0.00011303591600153595], "reward": 0.4296966642272393}