{"action": [0.2096390575170517, -0.00029144203290343285], "reward": 0.49471898146327525}