{"action": [-0.06474801152944565, -0.07634856551885605], "reward": 0.6300356528842118}