{"action": [0.5692344903945923, 0.02071424573659897], "reward": 0.7900118080688276}