{"action": [0.5600785613059998, 0.03059336170554161], "reward": 0.7370627682036104}