{"action": [0.5867944359779358, 0.800000011920929], "reward": 0.5665231736933303}