{"action": [0.4858023226261139, 0.08632617443799973], "reward": 0.5596964721969969}