{"action": [0.31651386618614197, 0.00993218831717968], "reward": 0.41042668077658756}