{"action": [0.45338577032089233, -0.0004714588285423815], "reward": 0.8438933418239025}