{"action": [0.4846115708351135, 0.0010439137695357203], "reward": 0.8217517041553475}