{"action": [0.4364472031593323, 0.32571941614151], "reward": 0.4371441183503798}