{"action": [0.699999988079071, -0.0054057869128882885], "reward": 0.5182552075709074}