{"action": [0.5877481698989868, 0.006344522815197706], "reward": 0.8141450643984475}