{"action": [0.04503556713461876, 0.800000011920929], "reward": 0.3216013983514625}