{"action": [0.5524570941925049, -0.050947561860084534], "reward": 0.7395502408821155}