{"action": [0.699999988079071, -0.026497308164834976], "reward": 0.7015879730455028}