{"action": [0.44793999195098877, 0.001979554072022438], "reward": 0.8797569718275248}