{"action": [0.38448408246040344, 0.800000011920929], "reward": 0.12681667216724302}