{"action": [0.4683876037597656, -0.004943831358104944], "reward": 0.8316130131284943}