{"action": [0.3831949234008789, 0.4137786626815796], "reward": 0.2848267278363403}