{"action": [0.699999988079071, 0.006312646437436342], "reward": 0.6953909481872823}