{"action": [0.699999988079071, 6.567775926669128e-06], "reward": 0.7634269307231181}