{"action": [0.5224282741546631, -4.960524893249385e-05], "reward": 0.8875032955482968}