{"action": [0.6285099983215332, -0.03532218560576439], "reward": 0.7017268444592956}