{"action": [0.5562148094177246, -0.11554235965013504], "reward": 0.6360036897326057}