{"action": [0.5061665177345276, -0.36327770352363586], "reward": 0.524964061214024}