{"action": [0.5251584053039551, -0.0971517488360405], "reward": 0.6743249282404078}