{"action": [0.699999988079071, -0.5416554808616638], "reward": 0.4079578296040076}