{"action": [0.49704909324645996, -0.0826130360364914], "reward": 0.7063088569347239}