{"action": [0.5948041677474976, 0.010371582582592964], "reward": 0.7979089221491952}