{"action": [0.6862615346908569, 0.0063477130606770515], "reward": 0.7239545347213657}