{"action": [0.5529133677482605, -0.00031725389999337494], "reward": 0.82454702177214}