{"action": [0.4722820222377777, -0.0006672280142083764], "reward": 0.8464732279064189}