{"action": [-0.20452705025672913, 0.5272350311279297], "reward": 0.324099217533118}