{"action": [0.5482556819915771, -0.0023075758945196867], "reward": 0.8384467983752041}