{"action": [0.5068969130516052, -0.0021418840624392033], "reward": 0.8730817345640621}