{"action": [0.699999988079071, 0.4526077210903168], "reward": 0.19794215190770986}