{"action": [0.699999988079071, 0.08294959366321564], "reward": 0.3678003105600616}