{"action": [-0.17563247680664062, 0.007409842684864998], "reward": 0.5014647468720012}