{"action": [0.699999988079071, 0.12180200219154358], "reward": -0.01826987967481375}