{"action": [0.2546273469924927, -0.01892128773033619], "reward": 0.8618317696243546}