{"action": [0.699999988079071, 0.11971457302570343], "reward": -0.017957031033957266}