{"action": [0.6437869071960449, 0.00236148526892066], "reward": 0.7201814353520036}