{"action": [0.699999988079071, -0.04139208048582077], "reward": 0.21579381123369834}