{"action": [0.5667988657951355, -0.010181939229369164], "reward": 0.730390590230475}