{"action": [0.699999988079071, -0.007870054803788662], "reward": 0.7130656253535114}