{"action": [0.5836573243141174, 0.009780272841453552], "reward": 0.7477340316234939}