{"action": [0.699999988079071, 0.015857385471463203], "reward": 0.6581255466047278}