{"action": [0.5064271092414856, 0.0005802331725135446], "reward": 0.8544835898109086}