{"action": [0.699999988079071, -0.00854464154690504], "reward": 0.6456810251485495}