{"action": [0.4348069429397583, -0.006832880433648825], "reward": 0.8848984293181925}