{"action": [0.699999988079071, 0.007043092045933008], "reward": 0.5722404516603172}