{"action": [0.699999988079071, 0.0016337662236765027], "reward": 0.7006188546149011}