{"action": [0.5220884680747986, 0.004168893210589886], "reward": 0.7710993799244068}