{"action": [0.6435163021087646, 0.026631275191903114], "reward": 0.6940262402174986}