{"action": [0.5355530381202698, 0.01700194925069809], "reward": 0.8078210834986737}