{"action": [0.699999988079071, 0.018184883520007133], "reward": 0.6921166748834129}