{"action": [0.30222442746162415, -0.0072978800162673], "reward": 0.4314087698600991}