{"action": [0.20486676692962646, -0.006879248656332493], "reward": 0.4443878495295204}