{"action": [-1.0, -0.007957925088703632], "reward": 0.4007669929324723}