{"action": [-1.0, -0.005628436338156462], "reward": -0.0008269105099639548}