{"action": [0.699999988079071, -0.0007438104948960245], "reward": 0.3331874070026324}