{"action": [0.4312455952167511, 0.00038382518687285483], "reward": 0.38564852847660364}