{"action": [0.2627856135368347, 0.0005837826174683869], "reward": 0.47675767377530937}