{"action": [0.32080113887786865, 0.0010527659906074405], "reward": 0.4663804124762093}