{"action": [0.48195189237594604, 0.004835181403905153], "reward": 0.5430311440593362}