{"action": [0.699999988079071, 0.008605213835835457], "reward": 0.44275589222443196}