{"action": [0.3369424343109131, 0.007457829546183348], "reward": 0.45069240186849086}