{"action": [-1.0, 0.016580576077103615], "reward": 0.31131026066664963}