{"action": [-1.0, 0.01380203478038311], "reward": -0.0020686923963902596}