{"action": [-1.0, 0.013802572153508663], "reward": -0.002070069569175427}