{"action": [-1.0, 0.013799889013171196], "reward": -0.0020698094762909465}