{"action": [0.19869855046272278, -0.11381310224533081], "reward": 0.42743939202458525}