{"action": [-1.0, 0.013804717920720577], "reward": -0.002070695414865897}