{"action": [-1.0, 0.013804717920720577], "reward": -0.0020706358050793473}