{"action": [0.4423482120037079, -0.6034082770347595], "reward": 0.13554781291293042}