{"action": [-1.0, 0.013781111687421799], "reward": -0.002067065874306095}