{"action": [0.6082567572593689, -0.621463418006897], "reward": 0.09751317709780469}