{"action": [-1.0, 0.01377199124544859], "reward": -0.0020656024703627498}