{"action": [0.647948145866394, -0.24843932688236237], "reward": 0.30289804624819655}