{"action": [0.699999988079071, -0.20256733894348145], "reward": 0.28463347038824616}