{"action": [0.699999988079071, 0.0010398095473647118], "reward": 0.7547619247640208}