{"action": [0.549567461013794, 4.53706961707212e-05], "reward": 0.8229757778270417}