{"action": [0.5453208088874817, 0.0003697995562106371], "reward": 0.7894839077350806}