{"action": [0.5613979697227478, -0.21175585687160492], "reward": 0.7541334428944045}