{"action": [0.6813674569129944, -0.36235660314559937], "reward": -0.054353490471839905}