{"action": [0.501243531703949, -0.26947879791259766], "reward": 0.6310869123771637}