{"action": [0.10623908787965775, -0.10190872848033905], "reward": 0.45246058287048296}