{"action": [0.699999988079071, -0.018931293860077858], "reward": 0.6364092921372845}