{"action": [0.699999988079071, -9.642837540013716e-06], "reward": 0.5539531747911249}