{"action": [0.699999988079071, 1.162230660156638e-06], "reward": 0.5807551351698248}