{"action": [0.699999988079071, -3.0995666747912765e-05], "reward": 0.5567564692218466}