{"action": [0.699999988079071, 0.024034783244132996], "reward": 0.5764706325838099}