{"action": [0.5354478359222412, 0.002629372989758849], "reward": 0.8135257638599045}