{"action": [0.589604914188385, 0.0007276100805029273], "reward": 0.7831384459566285}