{"action": [0.5803317427635193, 0.0005204516928642988], "reward": 0.8122228573541224}