{"action": [0.5856346487998962, 0.00047695444663986564], "reward": 0.8230964856099194}