{"action": [0.699999988079071, -6.4809919422259554e-06], "reward": 0.721249081804115}