{"action": [0.699999988079071, 0.0061399671249091625], "reward": 0.6913206300635601}