{"action": [0.660518229007721, 0.0023334224242717028], "reward": 0.7842698450512705}