{"action": [0.6625624299049377, 0.0023050818126648664], "reward": 0.765902382541205}