{"action": [0.5282530188560486, -0.0012395711382851005], "reward": 0.8640002738974735}