{"action": [0.20584741234779358, 5.478775347000919e-05], "reward": 0.5101425308486177}