{"action": [0.4501902759075165, 0.0003953686391469091], "reward": 0.3982662803793219}