{"action": [0.699999988079071, 0.007809810806065798], "reward": -0.0009451612498390255}