{"action": [0.699999988079071, 0.007007644511759281], "reward": -0.000936706449520602}