{"action": [0.699999988079071, 0.005272444803267717], "reward": 0.6084586773610855}