{"action": [0.699999988079071, 0.0021377878729254007], "reward": 0.6300271464517874}