{"action": [0.699999988079071, -0.001495760167017579], "reward": 0.5989022713586922}