{"action": [0.5434065461158752, 0.0003476726997178048], "reward": 0.8304419925434924}