{"action": [0.699999988079071, 0.0008305268711410463], "reward": 0.7505478536577198}