{"action": [0.007056920789182186, -0.07859455049037933], "reward": 0.35245018491708496}