{"action": [0.5120846033096313, 0.0006540393806062639], "reward": 0.8457423435080642}