{"action": [-1.0, 0.0012291247257962823], "reward": 0.33528248109167047}