{"action": [-1.0, 0.002259207423776388], "reward": -0.00033844284236533704}