{"action": [-1.0, 0.002260280540212989], "reward": -0.00033871553290898404}