{"action": [-1.0, 0.0022608169820159674], "reward": -0.0003387484101948483}