{"action": [0.699999988079071, 0.0021332157775759697], "reward": 0.10943139114941736}