{"action": [0.39415284991264343, -0.0005557083059102297], "reward": 0.9284425382250611}