{"action": [0.35457199811935425, -0.0007059428608044982], "reward": 0.9452735041544101}