{"action": [0.33249080181121826, -0.0032718016300350428], "reward": 0.9147227251345221}