{"action": [0.34444648027420044, -0.0012497312854975462], "reward": 0.9521885767261543}