{"action": [0.6397727727890015, -0.00799647718667984], "reward": 0.755110996789832}