{"action": [0.699999988079071, -0.0001701748406048864], "reward": 0.44917321757172846}