{"action": [0.699999988079071, 0.0005897432565689087], "reward": 0.7598143837192981}