{"action": [0.5938440561294556, -0.0007131262100301683], "reward": 0.8028953079699819}