{"action": [0.699999988079071, -0.0009499004809185863], "reward": 0.6916108962846336}