{"action": [0.699999988079071, 0.0001127106515923515], "reward": 0.7928241073934819}