{"action": [0.699999988079071, 0.0012033249950036407], "reward": 0.9605797963183871}