{"action": [0.699999988079071, 0.00135236163623631], "reward": 0.9605693755088032}