{"action": [0.699999988079071, 0.0010429881513118744], "reward": 0.9596036560972829}