{"action": [0.699999988079071, 5.512261486728676e-05], "reward": 0.08750810440143597}