{"action": [0.27996230125427246, -0.002746071433648467], "reward": 0.9409180618868731}