{"action": [0.699999988079071, 0.003565825754776597], "reward": -1.0253333999315113}