{"action": [0.699999988079071, 0.003469498362392187], "reward": -0.755077766832516}