{"action": [0.699999988079071, 2.3304769456444774e-06], "reward": -0.6073443745091428}