{"action": [0.699999988079071, 0.0034890789538621902], "reward": -1.3363014681347036}