{"action": [0.699999988079071, 0.011079722084105015], "reward": 0.5044926344021787}