{"action": [0.699999988079071, -0.00018029892817139626], "reward": 0.9425722543024404}