{"action": [0.699999988079071, 3.9968490455066785e-06], "reward": 0.9356900769156704}