{"action": [0.37435203790664673, -0.014386569149792194], "reward": 0.8745305066980995}