{"action": [0.699999988079071, -0.00614186329767108], "reward": -0.3823112601155525}