{"action": [0.699999988079071, -0.006534225307404995], "reward": 0.3467813517535346}