{"action": [0.699999988079071, -0.006304038688540459], "reward": -0.2093350873452997}