{"action": [0.699999988079071, -0.024485426023602486], "reward": 0.6153537762831621}