{"action": [0.17784909904003143, -0.020579779520630836], "reward": 0.41868634528233273}