{"action": [0.25587356090545654, -0.003572673536837101], "reward": 0.9272121398898314}