{"action": [-1.0, -0.0015134704299271107], "reward": -0.00022647826829403958}