{"action": [0.2286374717950821, -0.0015217100735753775], "reward": 0.928491220456471}