{"action": [0.699999988079071, 0.0271600428968668], "reward": 0.47314508331595234}