{"action": [0.699999988079071, 0.005991809535771608], "reward": 0.9254174302121337}