{"action": [-1.0, 0.003995552659034729], "reward": 0.9184216168769538}