{"action": [0.5429078340530396, 0.00483263423666358], "reward": 0.7957255858764992}