{"action": [0.20104917883872986, 0.015014391392469406], "reward": 0.45017830793859737}