{"action": [-0.4248881936073303, 0.03477435186505318], "reward": 0.23658143680461688}