{"action": [-1.0, 0.004166469909250736], "reward": -0.0006239060076982152}