{"action": [-1.0, 0.004163250792771578], "reward": -0.0004734016464326392}