{"action": [0.699999988079071, 0.002465128665789962], "reward": 0.12290411218306464}