{"action": [0.699999988079071, -1.770848029991612e-05], "reward": 0.3821309706838533}