{"action": [0.699999988079071, -0.0004263582231942564], "reward": 0.4794326411474378}