{"action": [0.699999988079071, -0.00451407115906477], "reward": 0.7734457311486392}