{"action": [0.699999988079071, 0.0002186006895499304], "reward": 0.4605032479891668}