{"action": [0.17447936534881592, 0.017289899289608], "reward": 0.4784242596373026}