{"action": [0.699999988079071, 0.016221273690462112], "reward": 0.4589630516849789}