{"action": [0.699999988079071, 0.009713402017951012], "reward": 0.6576384048885942}