{"action": [0.4206971526145935, 0.0036489455960690975], "reward": 0.9137938959670521}