{"action": [-1.0, -0.0017044650157913566], "reward": -4.048622104718772e-05}