{"action": [0.10825560986995697, 0.005344314966350794], "reward": 0.46810871074019184}