{"action": [-1.0, -0.0019351606024429202], "reward": -0.000284493602303514}