{"action": [-1.0, -0.0019356970442458987], "reward": -0.0002871515314038006}