{"action": [-1.0, -0.001933551044203341], "reward": -0.00028993326774799243}