{"action": [0.5672016739845276, -0.006362361833453178], "reward": 0.8528359988837122}