{"action": [0.46025070548057556, -0.001146052498370409], "reward": 0.8469726497186836}