{"action": [0.5771627426147461, 0.007531536743044853], "reward": 0.7415561170490622}