{"action": [0.4964304566383362, 0.00964663177728653], "reward": 0.8188069589623443}