{"action": [0.47305357456207275, 0.008477008901536465], "reward": 0.8512501268715297}