{"action": [0.6469832062721252, 0.013602305203676224], "reward": 0.7212168903393903}