{"action": [0.699999988079071, 0.008865438401699066], "reward": 0.7387233133006832}