{"action": [0.5017420053482056, 0.003960723523050547], "reward": 0.8396926713391415}