{"action": [0.6426424980163574, 0.003182472661137581], "reward": 0.6918429081656473}