{"action": [0.699999988079071, 0.002813593251630664], "reward": 0.7805131304515169}