{"action": [0.33860307931900024, -0.08861470967531204], "reward": 0.8834645744414801}