{"action": [0.699999988079071, -0.38946330547332764], "reward": 0.4198745714354367}