{"action": [0.699999988079071, -0.44961920380592346], "reward": 0.37717698106836894}