{"action": [0.699999988079071, -0.4178600311279297], "reward": 0.49529513795799135}