{"action": [0.4311397671699524, -0.21786095201969147], "reward": 0.7513238929554039}