{"action": [0.33748602867126465, -0.15803824365139008], "reward": 0.725585570369985}