{"action": [0.3559455871582031, -0.055055540055036545], "reward": 0.7816191752214479}