{"action": [-1.0, 0.008872896432876587], "reward": -0.001329385626407086}