{"action": [0.699999988079071, -0.01509521808475256], "reward": 0.5832755322982899}