{"action": [0.699999988079071, 0.04462156444787979], "reward": 0.008605822710697491}