{"action": [0.699999988079071, 0.04504925385117531], "reward": 0.008246831067173999}