{"action": [0.699999988079071, 0.044377829879522324], "reward": 0.03362570444221525}