{"action": [0.699999988079071, 0.044161684811115265], "reward": 0.0563807737740033}