{"action": [0.699999988079071, 0.045909229665994644], "reward": -0.004446812727813129}