{"action": [0.699999988079071, 0.045288391411304474], "reward": 0.010724459239939574}