{"action": [0.699999988079071, 0.0413978286087513], "reward": -0.00590729313077285}