{"action": [0.699999988079071, 0.04568388685584068], "reward": 0.0014963882494511867}