{"action": [0.6508272290229797, -0.012869207188487053], "reward": 0.7723779156010103}