{"action": [0.4669177532196045, -0.0031311200000345707], "reward": 0.8677097198208178}