{"action": [0.6746187806129456, -0.008424990810453892], "reward": 0.7697760734767486}