{"action": [0.6079410910606384, -0.000306410132907331], "reward": 0.7064024541379251}