{"action": [-1.0, 0.010990767739713192], "reward": -0.001648595244499946}