{"action": [-1.0, 0.006100020837038755], "reward": -0.0004920346533334641}