{"action": [-1.0, 0.006082316394895315], "reward": -0.0008339832468152042}