{"action": [0.699999988079071, 0.006099230609834194], "reward": 0.0034286183457786852}