{"action": [0.699999988079071, 0.0062860408797860146], "reward": 0.14639478936365416}