{"action": [-1.0, 0.010985402390360832], "reward": -0.0016417057558649336}