{"action": [0.5343337059020996, 0.00821087509393692], "reward": 0.7391268722487828}