{"action": [-0.8222061395645142, 0.007452778518199921], "reward": 0.7337959611062277}