{"action": [0.15447354316711426, 0.006349958945065737], "reward": 0.4986377137922719}