{"action": [-1.0, 0.010985939763486385], "reward": -0.0016472009962875012}