{"action": [0.5455860495567322, 9.733229671837762e-05], "reward": 0.8570050831280752}