{"action": [0.4706913232803345, -1.4810182619839907e-05], "reward": 0.895869986614934}