{"action": [0.699999988079071, 0.00043527872185222805], "reward": 0.7266655873932587}