{"action": [0.5087396502494812, -2.814877007040195e-05], "reward": 0.8584277914538126}