{"action": [0.699999988079071, -0.10828238725662231], "reward": 0.40819600534779643}