{"action": [0.699999988079071, -0.11543136835098267], "reward": 0.4144263635261378}