{"action": [0.699999988079071, -0.2698265016078949], "reward": 0.4151072129972524}