{"action": [0.574943482875824, -0.25911182165145874], "reward": -0.03886677324771881}