{"action": [0.5455904006958008, -0.2668546438217163], "reward": 0.6464575888984712}