{"action": [0.5840801000595093, -0.31591737270355225], "reward": 0.47283455265690266}