{"action": [0.6188212037086487, -0.16148461401462555], "reward": 0.4938042684205388}