{"action": [0.6114153861999512, -0.11460995674133301], "reward": 0.6051616615210168}