{"action": [0.5391298532485962, 0.0004736976115964353], "reward": 0.7895207810349214}