{"action": [0.6272768974304199, -0.0008786268881522119], "reward": 0.7951311491148813}