{"action": [0.4883531928062439, -0.000513389240950346], "reward": 0.8928763119462864}