{"action": [0.5510205030441284, -0.002519922098144889], "reward": 0.8172492823244437}