{"action": [-1.0, -0.00044368667295202613], "reward": 0.002027517520200256}