{"action": [0.46649107336997986, -0.0008576154359616339], "reward": 0.41412768576669023}