{"action": [0.699999988079071, -0.00045115489047020674], "reward": 0.0014833363049945325}