{"action": [-1.0, -0.0004469056730158627], "reward": 0.0022571983254723277}