{"action": [-1.0, -0.0004463691730052233], "reward": 0.0014651795684721956}