{"action": [-1.0, -0.00044422317296266556], "reward": 0.0006701301742642482}