{"action": [0.699999988079071, -0.012766833417117596], "reward": 0.4335314690537919}