{"action": [0.5789918303489685, -0.005795288365334272], "reward": 0.8144434017023134}