{"action": [0.6251242756843567, -0.014914631843566895], "reward": 0.7786524998819104}