{"action": [0.24234668910503387, 0.0031395922414958477], "reward": 0.9502939841758968}