{"action": [-1.0, 0.004149838350713253], "reward": 0.3060180662745105}