{"action": [-1.0, 0.006739530712366104], "reward": -0.0007637665691505534}