{"action": [-1.0, 0.010998278856277466], "reward": -0.0016495510440104394}