{"action": [0.38663560152053833, 0.01950000412762165], "reward": 0.41896207186444784}