{"action": [0.3785555362701416, 0.0011777897598221898], "reward": 0.44902493372427515}