{"action": [0.5086094737052917, 0.0034425246994942427], "reward": 0.39431274645431436}