{"action": [0.26659029722213745, 0.00015006227476987988], "reward": 0.4720370078087595}