{"action": [0.699999988079071, -7.997677312232554e-05], "reward": 0.6228754304743805}