{"action": [0.4658147096633911, -0.006437629461288452], "reward": 0.41224111884317977}