{"action": [0.3840304911136627, -0.016879932954907417], "reward": 0.42951773091034817}