{"action": [0.370301216840744, -0.13392671942710876], "reward": 0.39916811793340556}