{"action": [0.3924397826194763, -0.1468600332736969], "reward": 0.3751320211596464}