{"action": [0.4464791715145111, -0.20717622339725494], "reward": 0.3338198411927215}