{"action": [0.2718208134174347, -0.26384246349334717], "reward": 0.33962132851055354}