{"action": [0.4509204626083374, -0.3310457468032837], "reward": 0.2856036476891065}