{"action": [0.2277141660451889, 0.0028103701770305634], "reward": 0.9523571426714418}