{"action": [0.409564733505249, -0.4088286757469177], "reward": 0.24541251403739134}