{"action": [0.47234463691711426, -0.37114450335502625], "reward": 0.28540631588510884}