{"action": [-0.483615905046463, -0.04059698432683945], "reward": 0.5660851210893587}