{"action": [0.699999988079071, -0.00655519962310791], "reward": 0.5654365179514957}