{"action": [0.699999988079071, 0.009181304834783077], "reward": 0.5495041330092006}