{"action": [0.699999988079071, 0.007795937824994326], "reward": 0.42492327743637825}