{"action": [-0.8641721606254578, 4.5426495489664376e-05], "reward": 0.8064028073080947}