{"action": [0.08062756061553955, 5.795358788418525e-07], "reward": 0.4989736332691935}