{"action": [0.699999988079071, -1.031816054819501e-06], "reward": 0.48241540442262837}