{"action": [-0.55374675989151, -0.0018118442967534065], "reward": 0.7171962510169786}