{"action": [-0.5800079107284546, -0.0014651366509497166], "reward": 0.681300478173731}