{"action": [-1.0, -0.00011581581929931417], "reward": 0.659653913706833}