{"action": [0.699999988079071, 0.0004913122393190861], "reward": 0.6819193109881311}