{"action": [0.699999988079071, -0.000620561302639544], "reward": 0.6160038736725802}