{"action": [0.699999988079071, 0.0077087958343327045], "reward": 0.5232889554507442}