{"action": [0.699999988079071, 0.008112174458801746], "reward": 0.42465239200467864}