{"action": [0.34747064113616943, 0.016179315745830536], "reward": 0.46046313469097483}