{"action": [0.699999988079071, 0.005284600891172886], "reward": 0.6005379370504702}