{"action": [0.699999988079071, 0.009215964004397392], "reward": 0.5122345082459425}