{"action": [0.699999988079071, -0.04019501060247421], "reward": -0.0038898469127736047}