{"action": [0.699999988079071, -0.040825895965099335], "reward": -0.006123446655898218}