{"action": [0.699999988079071, 0.005473063327372074], "reward": 0.5205478852494156}