{"action": [0.699999988079071, 0.0051971557550132275], "reward": 0.5745813734294873}