{"action": [0.699999988079071, 0.010599881410598755], "reward": 0.5421267334691836}