{"action": [0.699999988079071, 0.014240644872188568], "reward": 0.7613246732420288}