{"action": [0.5981737375259399, 0.01106322556734085], "reward": 0.7163901003148007}