{"action": [-0.4616607129573822, 0.005876023788005114], "reward": 0.5295576650251284}