{"action": [-1.0, -0.0009764325805008411], "reward": -0.00011964458106688823}