{"action": [-1.0, -0.0010713932570070028], "reward": -0.00014985839356041882}