{"action": [-1.0, -0.001070320256985724], "reward": -0.0001603435170624185}