{"action": [-1.0, -0.001073002815246582], "reward": -0.0001608770628469634}