{"action": [0.22553026676177979, -0.003071193117648363], "reward": 0.4716946078645102}