{"action": [-1.0, -0.007280860561877489], "reward": 0.4043315387827907}