{"action": [0.699999988079071, -0.007155532017350197], "reward": 0.4214945576814093}