{"action": [0.699999988079071, -0.0070806764997541904], "reward": 0.299253462873071}