{"action": [0.699999988079071, -0.007412026636302471], "reward": 0.06985128105218646}