{"action": [0.2976444661617279, -0.009654955007135868], "reward": 0.4590420331941842}