{"action": [0.42467790842056274, -0.01221837941557169], "reward": 0.39423595176056675}