{"action": [-1.0, 0.011054075323045254], "reward": -0.0016564882893835104}