{"action": [0.5293323993682861, -0.005727653857320547], "reward": 0.37356146265694856}