{"action": [0.6853246092796326, 0.001429263618774712], "reward": 0.7115935543592822}