{"action": [0.699999988079071, -0.0024224300868809223], "reward": 0.517442190042935}