{"action": [0.6459864377975464, -0.0009453421807847917], "reward": 0.8173863889464993}