{"action": [0.693036675453186, -0.0009228986455127597], "reward": 0.7797348596728491}