{"action": [0.699999988079071, -0.39612361788749695], "reward": 0.5977700476677223}