{"action": [0.4236389398574829, -0.26021841168403625], "reward": 0.7465903899283026}