{"action": [0.5059707760810852, -0.10665559768676758], "reward": 0.5249963229664524}