{"action": [0.699999988079071, -0.020393704995512962], "reward": 0.7171255562464737}