{"action": [0.699999988079071, 0.00012081140448572114], "reward": 0.7244644503215434}