{"action": [0.4332228899002075, 0.00491957925260067], "reward": 0.8792196161574944}