{"action": [0.4383223056793213, -0.0006906198104843497], "reward": 0.9127172881872329}