{"action": [0.4757543206214905, -0.0005220665480010211], "reward": 0.9018470925807861}