{"action": [0.5094936490058899, -0.00044206518214195967], "reward": 0.8872540733618405}