{"action": [0.44708579778671265, -0.0015275494661182165], "reward": 0.9053332228467365}