{"action": [0.44954168796539307, -0.001134553225710988], "reward": 0.9063583206877569}