{"action": [0.699999988079071, -0.0006877367850393057], "reward": 0.42070029897467975}