{"action": [0.699999988079071, -0.0013421080075204372], "reward": 0.4403140240281986}