{"action": [0.699999988079071, -0.00015759700909256935], "reward": 0.7058008293977849}