{"action": [0.5176417231559753, 0.002812241902574897], "reward": 0.8861520397930799}