{"action": [0.699999988079071, 0.0024073391687124968], "reward": 0.6090626567150667}