{"action": [0.5062122344970703, 0.010216775350272655], "reward": 0.84040509389492}