{"action": [0.4494190216064453, 0.008109149523079395], "reward": 0.7919362347569945}