{"action": [0.4984034597873688, -0.800000011920929], "reward": 0.4164160024328885}