{"action": [0.6047434210777283, -0.14469055831432343], "reward": 0.3666132031538287}