{"action": [0.5022826194763184, -0.0955749973654747], "reward": 0.648758382469724}