{"action": [0.699999988079071, -0.08908584713935852], "reward": 0.5154742844087702}