{"action": [-1.0, 0.011061049066483974], "reward": -0.001658825930167009}