{"action": [-1.0, -0.0017243155743926764], "reward": -0.00025819383509488743}