{"action": [-1.0, -0.0017146584577858448], "reward": -0.000256733157012817}