{"action": [-1.0, -0.006795104127377272], "reward": -0.0010190312230063607}