{"action": [-1.0, -0.001720023457892239], "reward": -0.00025776406489488326}