{"action": [-1.0, -0.0017130490159615874], "reward": -0.00025667024356854144}