{"action": [-1.0, -0.0017157314578071237], "reward": -0.0002570320373614757}