{"action": [-1.0, -0.0017071474576368928], "reward": -0.00025599074576766636}