{"action": [-1.0, -0.0017071474576368928], "reward": -0.0002559247645643145}