{"action": [-1.0, -0.0017114394577220082], "reward": -0.00025662157144062475}