{"action": [-1.0, -0.0017103664577007294], "reward": -0.00025652337249775745}