{"action": [-1.0, -0.0017098300158977509], "reward": -0.00025608584063032904}