{"action": [0.699999988079071, -0.00172316690441221], "reward": 0.08012015492891666}