{"action": [0.525843620300293, -0.0004779506998602301], "reward": 0.41711346481416806}