{"action": [0.699999988079071, -0.0030475116800516844], "reward": 0.4039120383069125}