{"action": [-1.0, -0.0028692095074802637], "reward": -0.00042179570958216444}