{"action": [-1.0, -0.0028702826239168644], "reward": -0.00043024445745706055}