{"action": [0.3296232521533966, -0.005162184126675129], "reward": 0.7137292078261881}