{"action": [0.699999988079071, -0.01613432541489601], "reward": 0.5147316287568137}