{"action": [0.699999988079071, -0.04097751900553703], "reward": 0.6075023027597629}