{"action": [0.699999988079071, -0.0027264689560979605], "reward": 0.5535790241091193}