{"action": [0.699999988079071, 0.01403928641229868], "reward": 0.5361990550780936}