{"action": [0.41699761152267456, 0.004226208198815584], "reward": 0.9105709519774146}