{"action": [0.699999988079071, 0.007382690906524658], "reward": 0.7816551438448993}