{"action": [0.4344014525413513, 0.0033730976283550262], "reward": 0.784660597726768}