{"action": [0.699999988079071, -0.042544879019260406], "reward": 0.09910292015967459}