{"action": [0.699999988079071, -0.017506716772913933], "reward": 0.11376662320775717}