{"action": [0.699999988079071, -0.02115303836762905], "reward": 0.0704855891265642}