{"action": [0.699999988079071, -0.0005548911285586655], "reward": 0.2630038798763376}