{"action": [0.699999988079071, 0.011907670646905899], "reward": 0.28221677478382706}