{"action": [0.699999988079071, 0.0019321939907968044], "reward": 0.43817100299221917}