{"action": [0.699999988079071, 0.008302439004182816], "reward": -0.0008016094129617119}