{"action": [0.699999988079071, 0.0022282686550170183], "reward": 0.03966335643817308}