{"action": [0.699999988079071, 0.0021506347693502903], "reward": 0.1098027029569056}