{"action": [0.699999988079071, 0.0007796480786055326], "reward": 0.0712668417625055}