{"action": [0.699999988079071, 0.00015109604282770306], "reward": 0.06880051217738457}