{"action": [0.699999988079071, -0.00041161858825944364], "reward": 0.040839123191477145}