{"action": [0.699999988079071, -0.0006376610836014152], "reward": 0.03647293821195631}