{"action": [0.699999988079071, -0.0010129817528650165], "reward": 0.07879032924576004}