{"action": [0.699999988079071, -0.0011221787426620722], "reward": 0.12358598137737146}