{"action": [0.699999988079071, 0.002629149006679654], "reward": 0.09621704316966764}