{"action": [0.699999988079071, 0.003438794519752264], "reward": 0.15231806722664407}