{"action": [0.699999988079071, 0.003248984459787607], "reward": 0.19387660767731596}