{"action": [0.699999988079071, 0.004854734055697918], "reward": 0.22302032194191448}