{"action": [0.699999988079071, 0.004875584971159697], "reward": 0.2360041479168912}