{"action": [0.699999988079071, 0.005076033063232899], "reward": 0.18400386229771165}