{"action": [0.699999988079071, 0.006785180885344744], "reward": 0.18603041116448524}