{"action": [-1.0, 0.01109645888209343], "reward": -0.001664389609904084}