{"action": [0.699999988079071, 0.0009398009860888124], "reward": 0.10947815098864892}