{"action": [0.699999988079071, 0.0006315376376733184], "reward": 0.05001688284249621}