{"action": [0.699999988079071, 0.00016377931751776487], "reward": 0.05057941248328246}