{"action": [0.699999988079071, 0.0001669115445110947], "reward": 0.000983279595286604}