{"action": [0.699999988079071, 0.0002425045968266204], "reward": 0.0600570824377782}