{"action": [0.699999988079071, 2.2067426925787004e-06], "reward": 0.08016425213940825}