{"action": [0.699999988079071, -0.00030289191636256874], "reward": 0.1358526604754702}