{"action": [0.699999988079071, -0.0001254686649190262], "reward": 0.2936453091485542}