{"action": [0.699999988079071, -0.00044907291885465384], "reward": 0.4312045668641098}