{"action": [-1.0, 0.011075534857809544], "reward": -0.0016605394827073439}