{"action": [0.699999988079071, 0.003002578392624855], "reward": 0.1854581957326948}