{"action": [0.699999988079071, 0.0011656192364171147], "reward": 0.21756819564491345}