{"action": [0.25551867485046387, 0.0047116815112531185], "reward": 0.9282640753302416}