{"action": [0.699999988079071, 0.00029382837237790227], "reward": 0.26241289977249116}