{"action": [0.699999988079071, 0.0001662713330006227], "reward": 0.2987648104719558}