{"action": [0.699999988079071, -0.00027685624081641436], "reward": 0.10120273673751773}