{"action": [0.699999988079071, 1.454353881769066e-08], "reward": 0.21306484775398574}