{"action": [0.699999988079071, -2.1643578293151222e-05], "reward": 0.17669401840872492}