{"action": [0.699999988079071, 3.573435606085695e-05], "reward": 0.26457295441508644}