{"action": [0.699999988079071, 3.87271647923626e-05], "reward": 0.2515280651464535}