{"action": [0.699999988079071, 1.0258793736284133e-05], "reward": 0.21714773062018397}