{"action": [0.699999988079071, 8.148432243615389e-06], "reward": 0.19203193715872702}