{"action": [0.699999988079071, -0.006218416150659323], "reward": 0.16859446852943347}