{"action": [0.699999988079071, -0.009117890149354935], "reward": 0.12125148393706064}