{"action": [0.699999988079071, 0.007651799824088812], "reward": 0.3460635878801871}