{"action": [0.699999988079071, -0.007502919994294643], "reward": 0.25546955607607524}