{"action": [0.699999988079071, -0.012352711521089077], "reward": 0.2844634127217977}