{"action": [0.699999988079071, -0.009283722378313541], "reward": 0.3219716626873981}