{"action": [0.699999988079071, -0.003938268404453993], "reward": 0.4077171947504999}