{"action": [0.699999988079071, 9.271293674828485e-05], "reward": 0.15417890757053046}