{"action": [0.699999988079071, 0.0001380900212097913], "reward": 0.18087503643762357}