{"action": [0.699999988079071, 0.001131671480834484], "reward": 0.15201233442182083}