{"action": [0.699999988079071, 0.0012685827678069472], "reward": 0.17568692082102222}