{"action": [0.699999988079071, 0.009325766004621983], "reward": 0.08927072548549526}