{"action": [0.699999988079071, 0.0031572349835187197], "reward": 0.038030934147256605}