{"action": [0.699999988079071, 0.0034175983164459467], "reward": 0.0906119778330483}