{"action": [0.699999988079071, 0.006844948511570692], "reward": 0.2059441358281135}