{"action": [0.699999988079071, 0.01164372731000185], "reward": 0.2080023906173908}