{"action": [0.699999988079071, 0.0031516323797404766], "reward": 0.16436411497004338}