{"action": [0.699999988079071, 0.0001757338031893596], "reward": 0.14874505753774028}