{"action": [0.699999988079071, 0.00015243308735080063], "reward": 0.1764418488302325}