{"action": [0.699999988079071, -4.3272506445646286e-05], "reward": 0.31785010735053126}