{"action": [0.699999988079071, -1.364512172585819e-05], "reward": 0.30582075280944776}