{"action": [0.699999988079071, -0.00024983001640066504], "reward": 0.3646210410739361}