{"action": [0.699999988079071, -0.0005389882135204971], "reward": 0.39845707176096706}