{"action": [0.699999988079071, -0.00017979326366912574], "reward": 0.35309514083726407}