{"action": [0.699999988079071, 0.0005982261500321329], "reward": 0.4056446960645042}