{"action": [0.699999988079071, 0.0003430423093959689], "reward": 0.42458660010466237}