{"action": [0.699999988079071, -0.0004695676907431334], "reward": 0.34741872414542635}