{"action": [0.699999988079071, -0.001210288144648075], "reward": 0.3791616614674991}