{"action": [0.699999988079071, -0.009373856708407402], "reward": 0.6051206453474874}