{"action": [0.699999988079071, 0.001122738583944738], "reward": 0.3570561736736589}