{"action": [0.699999988079071, 0.0006058643921278417], "reward": 0.2993682986617682}