{"action": [0.699999988079071, -0.009295114316046238], "reward": 0.7407862170639475}