{"action": [0.699999988079071, 0.006473231595009565], "reward": 0.1434396499715857}