{"action": [0.699999988079071, 0.005441864486783743], "reward": 0.10526065545078514}