{"action": [0.699999988079071, 0.0108704324811697], "reward": 0.08538496175980584}