{"action": [0.699999988079071, 0.00826819147914648], "reward": 0.20718505422449185}