{"action": [0.699999988079071, 2.164428951800801e-05], "reward": 0.27792873763854836}