{"action": [0.699999988079071, 0.0001999273954425007], "reward": 0.09093920008671853}