{"action": [0.699999988079071, -7.554650437668897e-06], "reward": 0.11259602897798893}