{"action": [-1.0, -1.3412534826784395e-05], "reward": 0.0002595649510733042}