{"action": [0.699999988079071, 0.00015238333435263485], "reward": 0.10452870259345738}