{"action": [-1.0, -2.002966357395053e-05], "reward": 6.139870666168489e-06}