{"action": [-1.0, -1.3949036656413227e-05], "reward": -1.7758132391706016e-06}