{"action": [-1.0, -1.18030311568873e-05], "reward": -7.266567225793825e-07}