{"action": [-1.0, -1.18030311568873e-05], "reward": -1.7089923663060816e-06}