{"action": [-1.0, -1.1266529327258468e-05], "reward": -8.219765764212448e-07}