{"action": [-1.0, -1.770454582583625e-05], "reward": 6.1314485100606775e-06}