{"action": [-1.0, -1.770454582583625e-05], "reward": 7.877123209574231e-06}