{"action": [0.699999988079071, -3.287947038188577e-05], "reward": 0.02625010203267302}