{"action": [0.37596073746681213, 0.013549795374274254], "reward": 0.8829474953542569}