{"action": [0.347804993391037, 0.011484269052743912], "reward": 0.9050532460657815}