{"action": [0.699999988079071, -0.11884507536888123], "reward": 0.027958471541903288}