{"action": [0.699999988079071, -0.11813649535179138], "reward": -0.017693361918312427}