{"action": [0.4863514304161072, -0.012293931096792221], "reward": 0.7992411552259587}