{"action": [0.699999988079071, -0.00015946429630275816], "reward": 0.6873211682851434}