{"action": [0.48308297991752625, 0.007594391703605652], "reward": 0.8426727727757544}