{"action": [0.4964522421360016, 0.007395845837891102], "reward": 0.8299778385393665}