{"action": [0.4234451651573181, 0.005924504715949297], "reward": 0.8484034026650814}