{"action": [0.39575690031051636, 0.0001486251421738416], "reward": 0.9379051937357561}