{"action": [0.39557331800460815, 8.979920676210895e-05], "reward": 0.9428883518945625}