{"action": [0.3991468548774719, -0.002406756393611431], "reward": 0.8711238459520905}