{"action": [0.6178762912750244, -0.005523060914129019], "reward": 0.7742138999111067}