{"action": [0.6091644167900085, -0.005418551154434681], "reward": 0.7991591140507582}