{"action": [0.3196602165699005, -0.1437518149614334], "reward": 0.6205414792536588}