{"action": [0.39880502223968506, -0.004310854710638523], "reward": 0.9137435417296338}