{"action": [0.4891095757484436, -0.006529207341372967], "reward": 0.8574575150780682}