{"action": [0.42345601320266724, 0.0009668352431617677], "reward": 0.9384448711043935}