{"action": [0.4740046262741089, 0.003245085244998336], "reward": 0.82216319039688}