{"action": [0.4135966897010803, 0.00333186867646873], "reward": 0.9073954128246026}