{"action": [0.699999988079071, 0.0004240602720528841], "reward": 0.722798947250805}