{"action": [0.44953033328056335, -0.003327262820675969], "reward": 0.9018255004879789}