{"action": [0.3983720541000366, -0.003517135279253125], "reward": 0.9209403160161006}