{"action": [0.5654301047325134, -3.023892713827081e-05], "reward": 0.8126790962754921}