{"action": [0.663148820400238, -0.0007331789238378406], "reward": 0.7823151573712265}