{"action": [0.3618601858615875, -0.009631403721868992], "reward": 0.44290030802001745}