{"action": [-1.0, -0.012389963492751122], "reward": 0.41109084149634706}