{"action": [0.699999988079071, -0.010105329565703869], "reward": 0.004739758391380427}