{"action": [0.699999988079071, -0.005177139770239592], "reward": 0.5964238984694691}