{"action": [0.38119709491729736, -0.09744196385145187], "reward": 0.8898383060597612}