{"action": [0.33815664052963257, 0.23529881238937378], "reward": 0.7495636880094064}