{"action": [0.39250463247299194, 0.01832246594130993], "reward": 0.8722102725941071}