{"action": [0.5201812982559204, 0.0043202913366258144], "reward": 0.8141738079629414}