{"action": [0.5255175232887268, 0.0029615426901727915], "reward": 0.8157138867184088}