{"action": [0.59745192527771, 0.004203794524073601], "reward": 0.781762847005417}