{"action": [0.5631396770477295, -0.007535141427069902], "reward": 0.8086805521065052}