{"action": [0.6044130921363831, -0.006418975070118904], "reward": 0.7634263870660998}