{"action": [0.39522260427474976, 0.005995314568281174], "reward": 0.9282184021477033}