{"action": [0.699999988079071, -0.001992302481085062], "reward": -0.0002909686902791675}