{"action": [0.39990830421447754, 0.6116387248039246], "reward": 0.5725839716989094}