{"action": [0.566127598285675, 0.2702942192554474], "reward": 0.34434862989729015}