{"action": [0.41119980812072754, 0.13748960196971893], "reward": 0.6619551326683056}