{"action": [0.47894588112831116, 0.19458185136318207], "reward": 0.5475432494913853}