{"action": [0.4064940810203552, 0.021395055577158928], "reward": 0.8528532262852775}