{"action": [0.639877438545227, 0.013217446394264698], "reward": 0.713296271582049}