{"action": [0.4068175256252289, -0.007913132198154926], "reward": 0.8796846152370427}