{"action": [0.42559853196144104, -0.007342993281781673], "reward": 0.8717477499604779}