{"action": [0.5228542685508728, -0.00614024605602026], "reward": 0.8560042068392775}