{"action": [0.4276406168937683, -0.0008346024551428854], "reward": 0.9111083624466745}