{"action": [0.6372135877609253, -1.7845688489614986e-05], "reward": 0.8278785497740294}