{"action": [0.49272647500038147, 0.003053422551602125], "reward": 0.8719284524946134}