{"action": [0.699999988079071, -0.011563909240067005], "reward": 0.6651682486676912}