{"action": [0.699999988079071, 0.020885799080133438], "reward": 0.6564693056437227}