{"action": [0.699999988079071, 0.019676104187965393], "reward": 0.6951521248168137}