{"action": [0.47822320461273193, -0.0017705905484035611], "reward": 0.9088057259941338}