{"action": [0.4739018678665161, 2.894800854846835e-05], "reward": 0.9196926786124283}