{"action": [0.4550114870071411, -0.0009720568777993321], "reward": 0.9185882518902244}