{"action": [0.4627377986907959, -0.004134423565119505], "reward": 0.8664764270518669}