{"action": [0.4654073119163513, -0.006673099007457495], "reward": 0.8231770533870318}