{"action": [0.5148282051086426, -0.006510451901704073], "reward": 0.8316921425062072}