{"action": [0.4130289554595947, -0.002578236162662506], "reward": 0.9022895454528623}