{"action": [0.2749449610710144, -0.02038322202861309], "reward": 0.4600063667948715}