{"action": [-1.0, -0.0064739626832306385], "reward": 0.5387954690195289}