{"action": [0.699999988079071, -0.0011767162941396236], "reward": 0.6366242730980851}