{"action": [0.6198088526725769, 0.0034938252065330744], "reward": 0.7862077648308884}