{"action": [0.4966784417629242, 0.004638995043933392], "reward": 0.8614662829953456}