{"action": [0.47166553139686584, 0.007271573878824711], "reward": 0.8551599126619456}