{"action": [0.4821479618549347, 0.012589115649461746], "reward": 0.7802797406398088}