{"action": [0.5614553093910217, 0.011752363294363022], "reward": 0.8140400149958974}