{"action": [-0.8339608311653137, 0.008635036647319794], "reward": 0.650626912707917}