{"action": [0.3728107213973999, 0.010229307226836681], "reward": 0.4486853589537613}