{"action": [-1.0, 2.1460056814248674e-05], "reward": -2.643614519524174e-06}