{"action": [0.699999988079071, 2.1643221771228127e-05], "reward": 0.01424667768029107}