{"action": [0.4017797112464905, -0.0035967782605439425], "reward": 0.43434034723742615}