{"action": [0.3257751166820526, -0.0031347274780273438], "reward": 0.4490666100518695}