{"action": [0.3021087348461151, -0.0037087940145283937], "reward": 0.4613680035814568}