{"action": [0.699999988079071, 0.040180545300245285], "reward": -0.006026838188659192}