{"action": [0.637448787689209, 0.001019869465380907], "reward": 0.8121551283996734}