{"action": [0.699999988079071, 0.013445134274661541], "reward": 0.3532771380616974}