{"action": [0.699999988079071, 0.002916735829785466], "reward": 0.5554708847251826}