{"action": [0.6018123626708984, 3.258609649492428e-05], "reward": 0.8211780234742055}