{"action": [0.699999988079071, -0.01900450512766838], "reward": 0.4025711302493854}