{"action": [0.5842608213424683, -0.24665945768356323], "reward": 0.704719629183029}