{"action": [0.6574255228042603, 0.0038289560470730066], "reward": 0.709117882053713}