{"action": [0.6664862036705017, 0.0031762549187988043], "reward": 0.6980363998373643}