{"action": [0.5787569284439087, -0.0035862617660313845], "reward": 0.7063840431491056}