{"action": [0.699999988079071, -0.009800412692129612], "reward": 0.7645857649942884}