{"action": [0.08964841812849045, -0.020132197067141533], "reward": 0.7832675779546313}