{"action": [-1.0, -0.003598314942792058], "reward": 0.036045350303574863}