{"action": [-1.0, -0.004199733026325703], "reward": -0.0006224843049948679}