{"action": [0.699999988079071, -0.004235452972352505], "reward": 0.007273600365046339}