{"action": [0.699999988079071, 0.0018786267610266805], "reward": 0.6789830701117897}