{"action": [0.4859083592891693, 0.004740517120808363], "reward": 0.7276641353087594}