{"action": [0.699999988079071, 0.011397415772080421], "reward": 0.2855903729182571}