{"action": [0.5112409591674805, 0.005895054899156094], "reward": 0.42227165032963787}