{"action": [0.699999988079071, 0.039276372641325], "reward": 0.5881781608818696}