{"action": [0.699999988079071, 0.004263198934495449], "reward": 0.5475843169306941}