{"action": [-1.0, 0.000555278966203332], "reward": -1.7003003560632908e-06}