{"action": [0.699999988079071, 0.0006658556521870196], "reward": 0.19377504041627572}