{"action": [0.699999988079071, 5.5920630984473974e-05], "reward": 0.671757319055906}