{"action": [0.5037882924079895, 0.0014394852332770824], "reward": 0.7718516604689564}