{"action": [0.6053003072738647, 0.004793949890881777], "reward": 0.7590710435478403}