{"action": [0.699999988079071, 0.006417643744498491], "reward": 0.5633476510741814}