{"action": [0.699999988079071, 0.0031849939841777086], "reward": 0.7435261203719008}