{"action": [0.5525820851325989, -0.0024142225738614798], "reward": 0.8178248207937481}