{"action": [0.41064924001693726, -0.0035124116111546755], "reward": 0.8834686536178967}