{"action": [0.4373842477798462, -0.01022910512983799], "reward": 0.8102156719804596}