{"action": [0.566864550113678, -0.009026564657688141], "reward": 0.7258118357483734}