{"action": [0.6627112030982971, -0.006786289159208536], "reward": 0.7299367285186459}