{"action": [0.6752091646194458, -0.011055216193199158], "reward": 0.6794413637907204}