{"action": [0.5622437596321106, -0.0043092165142297745], "reward": 0.8088938181833116}