{"action": [0.699999988079071, -0.023426340892910957], "reward": 0.5445309378212065}