{"action": [0.5258448123931885, -1.678002081462182e-05], "reward": 0.7857251789252148}