{"action": [-0.6166890263557434, 0.004221833311021328], "reward": 0.5735439286727764}