{"action": [0.5349668264389038, 0.010691717267036438], "reward": 0.805031664233923}