{"action": [0.4118880033493042, 0.0016542889643460512], "reward": 0.8895712336517153}