{"action": [0.4111883044242859, 0.0015373345231637359], "reward": 0.88984966614297}