{"action": [0.46796002984046936, 1.183789936476387e-05], "reward": 0.8277431856273805}