{"action": [0.4935932755470276, 0.010789865627884865], "reward": 0.41250452003182886}