{"action": [-1.0, 0.02905939891934395], "reward": 0.2510958250509073}