{"action": [-1.0, 0.007920370437204838], "reward": -0.0011864001669337119}