{"action": [-1.0, 0.007904811762273312], "reward": -0.0010345747893927928}