{"action": [-1.0, 0.00791983399540186], "reward": -0.0011877028162856783}