{"action": [0.699999988079071, 3.0645005608676e-05], "reward": 0.7025500788025438}