{"action": [-1.0, 0.007922516204416752], "reward": -0.0011877723684304508}