{"action": [-0.19601844251155853, 0.0001420177286490798], "reward": 0.5189809640474917}