{"action": [-1.0, 0.007923589088022709], "reward": -0.0011880627542367776}