{"action": [-1.0, 0.00791929755359888], "reward": -0.0011877389288852628}