{"action": [-1.0, 0.00791929755359888], "reward": -0.001187534013476159}