{"action": [0.699999988079071, -0.016313886269927025], "reward": 0.3839765821587715}