{"action": [-1.0, -0.05345431715250015], "reward": -0.008018020373389284}