{"action": [0.39713606238365173, -0.032809432595968246], "reward": 0.7473366046295217}