{"action": [0.43315428495407104, -0.009748866781592369], "reward": 0.5877671618112874}