{"action": [0.43250101804733276, -0.014640804380178452], "reward": 0.5763849621138536}