{"action": [0.699999988079071, -0.058627575635910034], "reward": 0.5434298206048012}