{"action": [0.4715311825275421, -0.43288594484329224], "reward": 0.27801887603150366}