{"action": [0.4461508095264435, -0.01902751624584198], "reward": 0.38344758497227094}