{"action": [0.4791800379753113, -0.42198705673217773], "reward": 0.5526530881359805}