{"action": [0.35843902826309204, -0.10290998965501785], "reward": 0.771960611631644}