{"action": [0.6063413619995117, 5.923926892137388e-06], "reward": 0.9464857802865222}