{"action": [0.2887476086616516, -0.17587807774543762], "reward": 0.7331686426382323}