{"action": [0.2880578637123108, -0.16257244348526], "reward": 0.7534101230535403}