{"action": [0.5634832382202148, 4.053115176816391e-09], "reward": 0.9438199132186028}