{"action": [0.3404443860054016, -0.10390940308570862], "reward": 0.7998381266276129}