{"action": [0.3155558109283447, -0.10126368701457977], "reward": 0.3407216218586274}