{"action": [0.6137740612030029, 2.135563045158051e-05], "reward": 0.9238774547744485}