{"action": [0.4769628047943115, -0.12124110013246536], "reward": 0.7424279224724649}