{"action": [0.44900476932525635, -8.315960440086201e-05], "reward": 0.8544240520341647}