{"action": [0.42595648765563965, -0.08890075236558914], "reward": 0.7668927369544326}