{"action": [0.3543485999107361, 0.0009366407175548375], "reward": 0.9083310687111731}