{"action": [0.49194151163101196, -0.00022181091480888426], "reward": 0.8302667563353229}