{"action": [0.426196813583374, -0.01164406631141901], "reward": 0.8088280471530866}