{"action": [0.699999988079071, 0.01661006361246109], "reward": 0.8981842527366821}