{"action": [0.6384342312812805, -0.16696515679359436], "reward": 0.6011599941506902}