{"action": [0.5858023166656494, -0.02603314071893692], "reward": 0.7318139174653157}