{"action": [0.43092119693756104, -0.11457374691963196], "reward": 0.7730927506765538}