{"action": [0.3945212662220001, -0.01373664103448391], "reward": 0.8778113545668947}