{"action": [0.48100578784942627, -0.010190214030444622], "reward": 0.8226181271207712}