{"action": [0.37213215231895447, -0.014409631490707397], "reward": 0.8585401390890738}