{"action": [0.6624799966812134, 0.008287879638373852], "reward": 0.6747999100454911}