{"action": [0.4741581976413727, -0.01108569372445345], "reward": 0.8356044984847666}