{"action": [0.40560001134872437, -0.0007887968677096069], "reward": 0.8866938912476148}