{"action": [0.699999988079071, -0.0022707658354192972], "reward": 0.46886710873054976}