{"action": [0.4882931709289551, -0.007835791446268559], "reward": 0.5523434892114268}