{"action": [0.5634676218032837, 0.024063576012849808], "reward": 0.8185439420293142}