{"action": [0.699999988079071, -0.00010549333092058077], "reward": 0.3989585869615617}