{"action": [-1.0, -0.0001260778371943161], "reward": 5.059942937915911e-05}