{"action": [0.6355467438697815, 9.779453648661729e-06], "reward": 0.996950408306682}