{"action": [0.3955555558204651, -0.0009589189430698752], "reward": 0.45087560918637126}