{"action": [0.699999988079071, -0.00014223599282559007], "reward": 0.16897514719523984}