{"action": [0.6557625532150269, 9.717226021166425e-06], "reward": 0.9971476582387679}