{"action": [0.699999988079071, -0.00021419381664600223], "reward": 0.033891591545856324}