{"action": [0.699999988079071, 2.0542740458040498e-05], "reward": 0.5173009541005017}