{"action": [0.699999988079071, -0.00010134979675058275], "reward": 0.46143316332386475}