{"action": [0.699999988079071, 0.003372015431523323], "reward": 0.6599723446429606}