{"action": [0.3579338788986206, -0.11256368458271027], "reward": 0.8066600478097639}