{"action": [0.360878586769104, -0.0871317982673645], "reward": 0.83467085548025}