{"action": [0.3599228262901306, -0.08928636461496353], "reward": 0.8305464325493338}