{"action": [0.360057532787323, -0.0897146686911583], "reward": 0.8308151362426521}