{"action": [0.5249133110046387, -0.07320894300937653], "reward": 0.7624028254840809}