{"action": [0.35736262798309326, -0.1095907986164093], "reward": 0.8094467838362758}