{"action": [0.3738374710083008, -0.09572839736938477], "reward": 0.8152480607784294}