{"action": [0.38388028740882874, -0.10008600354194641], "reward": 0.7965661143626199}