{"action": [0.37543660402297974, -0.12354676425457001], "reward": 0.7826942511635409}