{"action": [0.45586735010147095, -0.08267565071582794], "reward": 0.7276931732167258}