{"action": [0.29236406087875366, -0.037669528275728226], "reward": 0.8480341565476737}