{"action": [0.699999988079071, -0.020149478688836098], "reward": 0.6680014687884626}