{"action": [0.4011676609516144, -0.11077166348695755], "reward": 0.7510489569166678}