{"action": [0.4011434018611908, -0.11460308730602264], "reward": 0.7723598039985035}