{"action": [0.3846096098423004, -0.08248244971036911], "reward": 0.8077931084776067}