{"action": [0.33038339018821716, -0.09343913197517395], "reward": 0.8246843326441484}