{"action": [-1.0, -0.00011373830056982115], "reward": -1.6481103504717333e-05}