{"action": [0.699999988079071, 0.0], "reward": 2.823995124457003e-07}