{"action": [-1.0, -0.00011427480058046058], "reward": -1.7133059757212518e-05}