{"action": [0.699999988079071, 0.0], "reward": 3.0686732975022507e-07}