{"action": [0.699999988079071, 0.0007560966769233346], "reward": 0.6107692967410252}