{"action": [0.699999988079071, -0.0015034446259960532], "reward": 0.5123417269931533}