{"action": [0.699999988079071, -0.00012117611186113209], "reward": 0.3579972190209247}