{"action": [0.699999988079071, -0.00011590534268179908], "reward": 0.02385046360086742}