{"action": [0.699999988079071, -0.00040074659045785666], "reward": 0.3397320197767457}