{"action": [-0.023036189377307892, 0.034223124384880066], "reward": 0.9677095512685111}