{"action": [0.41557928919792175, -9.536736733650741e-09], "reward": 0.9446284291432762}