{"action": [0.6026726365089417, -6.072169708204456e-05], "reward": 0.8412985903933536}