{"action": [0.699999988079071, -0.0017382558435201645], "reward": 0.4417686893118515}