{"action": [0.699999988079071, -0.00011521506530698389], "reward": 0.0017498507325674562}