{"action": [0.699999988079071, 0.0009559000609442592], "reward": 0.608364130176854}