{"action": [0.699999988079071, -0.0011406068224459887], "reward": 0.6953292562070919}