{"action": [0.699999988079071, 0.0038122148253023624], "reward": 0.6783281051630918}