{"action": [0.45883113145828247, 7.589697816001717e-06], "reward": 0.9017756292820488}