{"action": [0.5063689947128296, -0.00031742293504066765], "reward": 0.853115749730845}