{"action": [0.3552013039588928, 4.0777209505904466e-05], "reward": 0.9758020742214851}