{"action": [0.4251527190208435, 0.4627216160297394], "reward": 0.6806244776674224}