{"action": [0.4667477011680603, 0.0014763473300263286], "reward": 0.8753788409210393}