{"action": [0.5267301797866821, -0.00010690563794923946], "reward": 0.8851809994605452}