{"action": [0.699999988079071, -0.0017901170067489147], "reward": 0.6059183140765063}