{"action": [0.699999988079071, -0.008921804837882519], "reward": 0.5132996887755972}