{"action": [0.699999988079071, 0.5828659534454346], "reward": 0.6780971684431208}