{"action": [0.44743335247039795, 0.800000011920929], "reward": 0.5158745305919793}