{"action": [0.699999988079071, 0.4142448902130127], "reward": 0.7386792410760837}