{"action": [0.699999988079071, -0.003226658795028925], "reward": 0.6081463341912299}