{"action": [0.699999988079071, 0.0668882504105568], "reward": 0.5286036092003232}