{"action": [0.699999988079071, -0.03943515568971634], "reward": 0.5713513419546414}