{"action": [0.699999988079071, 0.01845698431134224], "reward": 0.01883479357929438}