{"action": [0.699999988079071, 0.015958227217197418], "reward": 0.8624788943255299}