{"action": [0.4554625153541565, 0.0009769854368641973], "reward": 0.9114600135054133}