{"action": [0.699999988079071, -0.009889374487102032], "reward": 0.893223515315143}