{"action": [0.699999988079071, -0.002478691516444087], "reward": 0.9212749737995601}