{"action": [0.699999988079071, -0.007360824383795261], "reward": 0.9121036839664892}