{"action": [0.699999988079071, -0.007728515192866325], "reward": 0.9196503870697438}