{"action": [0.699999988079071, 0.0006669125868938863], "reward": 0.8561673783640962}