{"action": [0.699999988079071, -0.003982221707701683], "reward": 0.9308694704726165}