{"action": [0.5359658598899841, -0.0032759092282503843], "reward": 0.9306273292175169}