{"action": [0.699999988079071, -0.00508162984624505], "reward": 0.46488626693610224}