{"action": [0.699999988079071, -0.0026625962927937508], "reward": 0.6718583998000056}