{"action": [0.699999988079071, -0.00030559944570995867], "reward": 0.6762239151576505}