{"action": [0.4464242458343506, -0.0031177119817584753], "reward": 0.847928305148069}