{"action": [0.699999988079071, -0.00378451612778008], "reward": 0.26889036345952105}