{"action": [0.699999988079071, -0.003353874199092388], "reward": 0.5717600378290145}