{"action": [0.699999988079071, -0.0015206775860860944], "reward": 0.6362760505316671}