{"action": [0.699999988079071, -0.004015252459794283], "reward": 0.5596009847030855}