{"action": [0.699999988079071, -0.005228997673839331], "reward": 0.9468944543186655}