{"action": [0.699999988079071, -0.004919935949146748], "reward": 0.5044973583799576}