{"action": [0.6921628713607788, -0.0005759401246905327], "reward": 0.9489098086059248}