{"action": [0.699999988079071, 0.007363720331341028], "reward": -0.1407507073194313}