{"action": [0.699999988079071, 0.006559543777257204], "reward": -0.08683585880320073}