{"action": [0.699999988079071, -0.0035770032554864883], "reward": 0.9449145236538601}