{"action": [0.699999988079071, -0.0013877550372853875], "reward": 0.8335008154597664}