{"action": [0.699999988079071, -0.00403293501585722], "reward": 0.9456527912588875}