{"action": [0.699999988079071, 0.117622010409832], "reward": -0.4710814528590512}