{"action": [0.699999988079071, -0.0024328872095793486], "reward": -0.07907827189452246}