{"action": [0.699999988079071, -0.0038626319728791714], "reward": 0.9447210940512887}