{"action": [0.699999988079071, 9.142518138105515e-06], "reward": 0.9423094343250804}