{"action": [0.699999988079071, 0.05014879256486893], "reward": -2.887910158599897}