{"action": [0.699999988079071, 0.10587946325540543], "reward": -1.867947772574249}