{"action": [0.699999988079071, 0.08944378048181534], "reward": -2.929582602073994}