{"action": [0.644309937953949, -0.0004752314416691661], "reward": -4.17147951092953}