{"action": [0.6713139414787292, -0.001094974228180945], "reward": -4.735905061001503}