{"action": [0.699999988079071, 0.005130221601575613], "reward": -3.705336890316354}