{"action": [0.6100674867630005, -3.3603846532059833e-05], "reward": 0.9811948283787623}