{"action": [0.6692957282066345, 0.000353719835402444], "reward": -4.561492237547029}