{"action": [0.6260205507278442, -0.008514686487615108], "reward": -4.1971757182458385}