{"action": [0.6401788592338562, -0.0007664256263524294], "reward": -4.140702675905767}