{"action": [0.6739794015884399, -0.030763214454054832], "reward": -3.662520798939054}