{"action": [0.6609693169593811, -0.001737271319143474], "reward": -4.979409154255213}