{"action": [0.3867266774177551, 0.0016974667087197304], "reward": 0.9383351097479178}