{"action": [0.6089723110198975, 0.008699067868292332], "reward": -4.642539385751867}