{"action": [0.43967634439468384, 2.374047107878141e-05], "reward": 0.7186017449841925}