{"action": [0.6170021891593933, 0.010328172706067562], "reward": -4.672555444982512}