{"action": [0.645291805267334, 0.0015321846585720778], "reward": -4.408741691628651}