{"action": [0.5944282412528992, 0.0034441309981048107], "reward": -4.698712629796896}