{"action": [0.6279116272926331, -0.007042977958917618], "reward": -4.842690676740557}