{"action": [0.6206592321395874, 0.010222083888947964], "reward": -4.74641415083968}