{"action": [0.699999988079071, 0.007513594347983599], "reward": -3.5946564002835615}