{"action": [0.699999988079071, 0.10514086484909058], "reward": -2.8805949429977358}