{"action": [0.699999988079071, 0.055275753140449524], "reward": -3.2687546109109844}