{"action": [0.6695135831832886, 0.06043426692485809], "reward": -4.200297446625387}