{"action": [0.699999988079071, 0.11584746092557907], "reward": -2.641020123580499}