{"action": [0.647223949432373, 0.06047286465764046], "reward": -4.030458225311282}