{"action": [0.699999988079071, 0.11670990288257599], "reward": -2.4396562618355593}