{"action": [0.699999988079071, 0.0675840824842453], "reward": -3.207344822590151}