{"action": [0.699999988079071, 0.05881638452410698], "reward": -3.00436535630475}