{"action": [0.6515743732452393, 0.05330049991607666], "reward": -4.424986596394947}