{"action": [0.6115952134132385, -0.005009142681956291], "reward": -4.826392030001256}