{"action": [0.6002136468887329, 0.04556594416499138], "reward": -4.926076705462224}