{"action": [0.5112797021865845, 0.0001439398474758491], "reward": -5.038245130516038}