{"action": [0.6283388137817383, -0.001373283565044403], "reward": -4.805450625330875}