{"action": [0.0312710665166378, -0.005668697878718376], "reward": -0.4984391583583155}