{"action": [-0.36470770835876465, -0.014501593075692654], "reward": -1.27646956215934}