{"action": [0.1154099702835083, -0.026844171807169914], "reward": -3.0990699350847337}