{"action": [0.6566840410232544, -0.005893117748200893], "reward": -4.549039173598876}