{"action": [0.699999988079071, 0.008816332556307316], "reward": 0.5000421549963993}