{"action": [0.04563689976930618, 0.08749508112668991], "reward": 0.6598393660845869}