{"action": [0.41109752655029297, 0.0052577778697013855], "reward": 0.8561443189126624}