{"action": [0.4111343324184418, 0.005235625430941582], "reward": 0.838223844149715}