{"action": [-0.1927131712436676, 0.005216067191213369], "reward": 0.5631927731818469}