{"action": [0.699999988079071, 0.004518019501119852], "reward": 0.6110636468878826}