{"action": [0.6446850299835205, 0.006067569367587566], "reward": 0.6989088464802451}