{"action": [0.699999988079071, 0.00010666394518921152], "reward": 0.0026873627826739274}