{"action": [0.4247758984565735, 0.002951715374365449], "reward": 0.8743089189930827}