{"action": [0.699999988079071, 0.00011177406122442335], "reward": 0.00020187880011094414}