{"action": [0.699999988079071, 0.007929469458758831], "reward": 0.6834067101045578}