{"action": [0.699999988079071, 0.00010901248606387526], "reward": 0.0010458220021765747}