{"action": [0.4912341833114624, 0.002180609153583646], "reward": 0.8017415613116845}