{"action": [0.3864095211029053, 0.0022178629878908396], "reward": 0.8885840024685617}