{"action": [0.6336943507194519, 0.0032073340844362974], "reward": 0.7482195727023667}