{"action": [0.6298362612724304, 0.004603447858244181], "reward": 0.7562558883172674}