{"action": [0.44570863246917725, 0.0021764873526990414], "reward": 0.8507724012838193}