{"action": [0.3744763135910034, 6.740444950992242e-05], "reward": 0.8972255741002743}