{"action": [0.442058265209198, 0.0008661958854645491], "reward": 0.8527526195030576}