{"action": [0.6949147582054138, 0.0005336151225492358], "reward": 0.7338450500247787}