{"action": [0.5360651612281799, -0.00021020681015215814], "reward": 0.8003104148729044}