{"action": [0.1662219613790512, -0.00023671731469221413], "reward": 0.4550174531355389}