{"action": [-0.0711476057767868, -0.0001949608704308048], "reward": 0.49314131512572057}