{"action": [0.5707542300224304, 3.610359999584034e-05], "reward": 0.9044661531169704}