{"action": [0.5590558052062988, 7.15255632499634e-10], "reward": 0.8619392920965365}