{"action": [0.699999988079071, -0.002010730328038335], "reward": 0.4094180370116993}