{"action": [0.26122239232063293, -0.00024275574833154678], "reward": 0.4449208467710607}