{"action": [-1.0, 0.04318460822105408], "reward": -0.00643886082936404}