{"action": [0.07075566798448563, 0.0515071302652359], "reward": 0.4145127066188224}