{"action": [0.2642900347709656, 0.006074788514524698], "reward": 0.3996841427465386}