{"action": [-1.0, 0.04623730108141899], "reward": 0.27658848644203365}