{"action": [0.03445984423160553, -0.0014468911103904247], "reward": 0.46106114632013023}