{"action": [0.299450159072876, 0.056135714054107666], "reward": 0.4093674662435405}