{"action": [0.6611415147781372, 1.0311611120528141e-08], "reward": 0.8158510184916813}