{"action": [-1.0, 0.04376724734902382], "reward": -0.006564371699013194}