{"action": [0.699999988079071, -0.0045790704898536205], "reward": 0.4337341953811461}