{"action": [0.08969616889953613, 0.04153280705213547], "reward": 0.42694045140912257}