{"action": [-1.0, 0.04380158334970474], "reward": -0.006570178840776892}