{"action": [0.5585982203483582, -0.000473709573270753], "reward": 0.8729605746227818}