{"action": [-1.0, 0.043793536722660065], "reward": -0.006568817389220775}