{"action": [0.6614977717399597, -0.00040941991028375924], "reward": 0.8038822747040014}