{"action": [-1.0, 0.04379568248987198], "reward": -0.0065692357388597855}