{"action": [0.699999988079071, -0.0022554160095751286], "reward": 0.6808262267417625}