{"action": [0.44297632575035095, -0.0018930720398202538], "reward": 0.842318316664493}