{"action": [-1.0, 0.043786562979221344], "reward": -0.0065678496896846746}