{"action": [-1.0, 0.043739885091781616], "reward": -0.00656087121640488}