{"action": [-1.0, 0.043775834143161774], "reward": -0.0065663264935610305}