{"action": [0.699999988079071, -0.003956631291657686], "reward": 0.7278370836146721}