{"action": [-1.0, 0.04374149441719055], "reward": -0.006560974414662777}