{"action": [-1.0, 0.043753836303949356], "reward": -0.006563028901888775}