{"action": [0.699999988079071, -0.002521806862205267], "reward": 0.766882085001903}