{"action": [-1.0, 0.043753836303949356], "reward": -0.0065629693010018746}