{"action": [-1.0, 0.0019796902779489756], "reward": -0.00029693139501244176}