{"action": [-1.0, 0.0019807631615549326], "reward": -0.0002967823078937299}