{"action": [0.31226634979248047, 0.00947645865380764], "reward": 0.4079304526863503}