{"action": [0.3443281650543213, 0.010729567147791386], "reward": 0.41126318272317913}