{"action": [0.2686856985092163, 0.005144304130226374], "reward": 0.4360725011909511}