{"action": [0.3874417543411255, 0.017906656488776207], "reward": 0.38654394645455514}