{"action": [-1.0, 0.0020757238380610943], "reward": 0.12669768842632653}