{"action": [0.4575399160385132, 0.02196585386991501], "reward": 0.38888215976843477}