{"action": [0.699999988079071, 0.08915570378303528], "reward": 0.3695214036182793}