{"action": [-1.0, 0.001978617161512375], "reward": -0.00027770375281970704}