{"action": [0.40648481249809265, 0.0073491246439516544], "reward": 0.39831381709661867}