{"action": [-1.0, 0.0019780807197093964], "reward": -0.00029644947965986414}