{"action": [-1.0, 0.0019796902779489756], "reward": -0.0002967335414566832}