{"action": [-1.0, 0.0019818362779915333], "reward": -0.0002972068870399156}