{"action": [-1.0, 0.001981299603357911], "reward": -0.00029696345136409147}