{"action": [-1.0, 0.001981299603357911], "reward": -0.0002968680705282164}