{"action": [-1.0, 0.001997394720092416], "reward": -0.0002994764354848927}