{"action": [-1.0, 0.0019861282780766487], "reward": -0.00029751764382604707}