{"action": [-1.0, 0.0020016867201775312], "reward": -0.0003001867497369271}