{"action": [0.46131929755210876, 0.00726573821157217], "reward": 0.8401707747013787}