{"action": [0.699999988079071, -0.08350303024053574], "reward": -0.012523207375677761}