{"action": [0.699999988079071, -0.08469658344984055], "reward": -0.012702407492110976}