{"action": [0.45562174916267395, -1.98557954718126e-05], "reward": 0.4148475157315884}