{"action": [-1.0, 0.00045441670226864517], "reward": -4.464364162298915e-05}