{"action": [-0.21643054485321045, -0.04078605771064758], "reward": 0.6141582310435947}