{"action": [0.6468572020530701, -0.001408377313055098], "reward": 0.7132270090340119}