{"action": [0.3942519724369049, -0.007745706010609865], "reward": 0.8912241653455072}