{"action": [-1.0, 0.0004506611730903387], "reward": 0.00018247258596536606}