{"action": [0.5869753360748291, -0.012950194999575615], "reward": 0.8100890321195026}