{"action": [0.699999988079071, -0.09424836933612823], "reward": -0.009210914670173376}