{"action": [-1.0, 0.0004570992023218423], "reward": -4.515238556518688e-05}