{"action": [-1.0, 0.00045441670226864517], "reward": -6.790080172938787e-05}