{"action": [-1.0, 0.00045388020225800574], "reward": -4.459980257715957e-05}