{"action": [-1.0, 0.0004533437022473663], "reward": -4.466116329935911e-05}