{"action": [-1.0, 0.00045119767310097814], "reward": -6.751182705528916e-05}