{"action": [-1.0, 0.0004469056730158627], "reward": -6.6905825004667e-05}