{"action": [-1.0, 0.00045388020225800574], "reward": -6.807508975133112e-05}