{"action": [0.699999988079071, 0.0004484785895328969], "reward": 0.013084653836198216}