{"action": [-1.0, 0.00045388020225800574], "reward": -6.806382343350701e-05}