{"action": [0.4769265651702881, 0.800000011920929], "reward": -0.12000000178813934}