{"action": [0.6036388278007507, 0.800000011920929], "reward": -0.12000000178813934}