{"action": [0.699999988079071, -5.390048045228468e-06], "reward": 0.42132157455010627}