{"action": [0.699999988079071, -0.022642625495791435], "reward": -0.003393725810687139}