{"action": [0.2841442823410034, -0.001712904078885913], "reward": 0.8520078363344371}