{"action": [0.699999988079071, -0.023012500256299973], "reward": -0.0034491701435243652}