{"action": [0.18832240998744965, -4.238294877723092e-06], "reward": 0.8514486333237511}