{"action": [0.5338155627250671, -0.800000011920929], "reward": -0.12000000178813934}