{"action": [0.48854517936706543, -0.00180854182690382], "reward": 0.8848476616089723}