{"action": [0.5189354419708252, -9.9957151178387e-07], "reward": 0.8714069890051094}