{"action": [-1.0, -5.365014317249006e-07], "reward": -2.5241677677816386e-08}