{"action": [-1.0, -5.365014317249006e-07], "reward": -2.989696469157904e-08}