{"action": [-1.0, -5.90151557844365e-06], "reward": 0.0030471181422223157}