{"action": [-1.0, -5.365014317249006e-07], "reward": 3.469542086839258e-07}