{"action": [0.699999988079071, 0.0002029950701398775], "reward": 0.568389334897913}