{"action": [0.36191704869270325, 0.0014769278932362795], "reward": 0.8709684812203023}