{"action": [0.27362456917762756, 0.002071179449558258], "reward": -0.0003106769174337387}