{"action": [0.699999988079071, 0.00017930555623024702], "reward": 0.5691703885174481}