{"action": [0.49459272623062134, 0.0011889687739312649], "reward": 0.8134524787749013}