{"action": [0.43667900562286377, 0.002002686494961381], "reward": 0.8514034048050995}