{"action": [0.699999988079071, 2.225744719908107e-05], "reward": 0.40627000043276645}