{"action": [0.5610423684120178, 0.0004714647657237947], "reward": 0.8358554024794286}