{"action": [0.6578351855278015, 0.002421762328594923], "reward": 0.6767100925305416}