{"action": [0.699999988079071, -0.0005152408266440034], "reward": 0.3334816336629275}