{"action": [0.699999988079071, -0.0001995301863644272], "reward": 0.08587164875963495}