{"action": [0.699999988079071, 0.0017998293042182922], "reward": 0.4368190606334921}