{"action": [0.699999988079071, -0.0002424460690235719], "reward": 0.06509718750969837}