{"action": [0.17546440660953522, 4.144758713664487e-05], "reward": 0.472820592905101}