{"action": [-0.3408251106739044, 0.002875192789360881], "reward": 0.4695190139579799}