{"action": [-1.0, -0.00019153099856339395], "reward": 0.0008299019788777674}