{"action": [0.320025771856308, 0.001869959058240056], "reward": 0.7919122268897507}