{"action": [0.15853849053382874, 0.004293298814445734], "reward": 0.4499941676658103}