{"action": [-1.0, -0.0001904579985421151], "reward": -2.727179444553377e-05}