{"action": [-1.0, -0.0001904579985421151], "reward": -2.8191222058611135e-05}