{"action": [0.41451188921928406, 0.00028652214678004384], "reward": 0.8902680243325382}