{"action": [0.40669769048690796, 0.0005101460264995694], "reward": 0.39823785428427094}