{"action": [0.33393263816833496, 0.001755598816089332], "reward": 0.7937588316742763}