{"action": [0.2760077714920044, -0.004202730488032103], "reward": 0.3981999017210244}