{"action": [0.3696442246437073, -0.00016631721518933773], "reward": 0.4815108080490188}