{"action": [-1.0, -0.003596705384552479], "reward": 0.0018977191304818607}