{"action": [0.6459187865257263, -0.0030464257579296827], "reward": 0.372465166624561}