{"action": [0.23463238775730133, -0.0034541108179837465], "reward": 0.4668071689691539}