{"action": [-1.0, -0.003756582969799638], "reward": 0.00035954414719295807}