{"action": [-1.0, -0.0037673129700124264], "reward": -0.0005644630597416491}