{"action": [0.699999988079071, -0.0035970364697277546], "reward": 0.757720028898761}