{"action": [-1.0, -0.0037651669699698687], "reward": -0.0005646492090076476}