{"action": [0.699999988079071, -0.002390607027336955], "reward": 0.25274235897373865}