{"action": [0.699999988079071, -0.001019678427837789], "reward": 0.5545401891314673}