{"action": [0.699999988079071, -0.0021677070762962103], "reward": 0.30866304134588063}