{"action": [0.3066267669200897, 0.800000011920929], "reward": -0.12000000178813934}