{"action": [0.37165096402168274, -0.008319851942360401], "reward": 0.85595161006577}