{"action": [0.3382115364074707, 0.0008520242408849299], "reward": 0.42821094748979793}