{"action": [0.699999988079071, -2.5675475626485422e-05], "reward": 0.4650219935595934}