{"action": [0.699999988079071, -0.0004134441551286727], "reward": 0.37014124557982336}