{"action": [0.5848913788795471, -0.00012846069876104593], "reward": 0.760413799354755}