{"action": [0.699999988079071, 0.07923272997140884], "reward": -0.010661221902595669}