{"action": [0.699999988079071, 0.0683683454990387], "reward": 0.1844744142130049}