{"action": [0.5048295855522156, 0.012386963702738285], "reward": 0.7910922269915716}