{"action": [0.699999988079071, 0.06876794248819351], "reward": -0.010312707254726312}