{"action": [-0.6182805299758911, -0.0009798482060432434], "reward": 0.5348005001639978}