{"action": [0.39300084114074707, -0.008063770830631256], "reward": 0.9009950790986839}