{"action": [-1.0, -0.01158360205590725], "reward": -0.0017117706688355829}