{"action": [0.42307958006858826, -0.002338885562494397], "reward": 0.8740114473483032}