{"action": [0.37674254179000854, -0.378967821598053], "reward": 0.3754222967792976}