{"action": [0.3465551733970642, -0.003469291143119335], "reward": 0.6726495376545059}