{"action": [0.6378217935562134, -0.800000011920929], "reward": 0.19092641823943363}