{"action": [0.699999988079071, -0.004566949326545], "reward": 0.5942480156568505}