{"action": [0.699999988079071, -0.7349218130111694], "reward": 0.19433618682871945}