{"action": [0.36148589849472046, -0.3053608238697052], "reward": 0.44344832077280005}