{"action": [-0.15231648087501526, -0.08256436139345169], "reward": 0.6873507480913118}