{"action": [0.6252422332763672, -0.800000011920929], "reward": -0.10725586823258015}