{"action": [0.48159801959991455, 0.0004257170658092946], "reward": 0.8313955120187395}