{"action": [-1.0, 0.01487718429416418], "reward": -0.002221852062691371}