{"action": [-1.0, 0.01175420917570591], "reward": 0.1031646278236352}