{"action": [0.5449070930480957, -0.0003808713227044791], "reward": 0.8099657554035999}