{"action": [-1.0, 0.01485786959528923], "reward": -0.002228552471893531}