{"action": [-1.0, 0.014857333153486252], "reward": -0.001907229563882555}