{"action": [-1.0, 0.014875574968755245], "reward": -0.0021624908940310232}