{"action": [-1.0, 0.014855723828077316], "reward": -0.0022282308981695846}