{"action": [0.4078703224658966, 0.004304823931306601], "reward": 0.8488832207700037}