{"action": [-1.0, 0.014892206527292728], "reward": -0.0022306257218812496}