{"action": [-1.0, 0.014893815852701664], "reward": -0.0022340334277578563}