{"action": [-1.0, 0.014892742969095707], "reward": -0.002232017843699383}