{"action": [-1.0, 0.014861089177429676], "reward": -0.0022291230944158492}