{"action": [-1.0, 0.04450957477092743], "reward": -0.006676211933258272}