{"action": [-1.0, 0.014875037595629692], "reward": -0.0022301728259775024}