{"action": [-1.0, 0.014876647852361202], "reward": -0.0022313055496794854}