{"action": [-1.0, 0.014866990968585014], "reward": -0.0022295998373994767}