{"action": [-1.0, 0.014873964712023735], "reward": -0.0022304666716258838}