{"action": [-1.0, 0.014873428270220757], "reward": -0.002230598943733909}