{"action": [0.699999988079071, 0.02714872919023037], "reward": 0.2872300579432439}