{"action": [0.699999988079071, 0.02001083455979824], "reward": 0.14176035877805154}