{"action": [0.699999988079071, -0.4349031150341034], "reward": 0.38914662041559456}