{"action": [0.5914137959480286, 0.0032933081965893507], "reward": 0.8018356670665151}