{"action": [0.4779263734817505, 0.003975761588662863], "reward": 0.8540577068359871}