{"action": [-1.0, -0.023854462429881096], "reward": -0.003577235626187744}