{"action": [0.5389771461486816, 0.0009947469225153327], "reward": 0.8426573097873541}