{"action": [0.6889528036117554, 0.01769525185227394], "reward": 0.6524877747459205}