{"action": [0.40733587741851807, 0.0023721957113593817], "reward": 0.7873411484480397}