{"action": [0.699999988079071, -0.0044050635769963264], "reward": 0.41692935682369336}