{"action": [-0.12431067228317261, -0.0077528804540634155], "reward": 0.5026680342393305}