{"action": [-1.0, -0.023855535313487053], "reward": -0.0035782864449346577}