{"action": [0.45632660388946533, 0.0007869653054513037], "reward": 0.7827549218687904}