{"action": [0.4854494035243988, 0.0013101517688483], "reward": 0.8090198282647524}