{"action": [-1.0, -0.02400897443294525], "reward": -0.003601310863684836}