{"action": [-1.0, -0.024032043293118477], "reward": -0.003602973911351928}