{"action": [-1.0, -0.024006828665733337], "reward": -0.0036009867711971613}