{"action": [0.5196284055709839, -1.1775553502957337e-05], "reward": 0.8610337611624399}