{"action": [0.5509735345840454, 4.876852017332567e-06], "reward": 0.8197438095475633}