{"action": [-1.0, -0.023993952199816704], "reward": -0.00359858360423535}