{"action": [0.34137263894081116, -0.009628389030694962], "reward": 0.6354814816098062}