{"action": [0.33848732709884644, -0.007766020018607378], "reward": 0.559275391296539}