{"action": [-1.0, -0.024007901549339294], "reward": -0.003600389384351975}