{"action": [-1.0, -0.023993952199816704], "reward": -0.0035986358711258726}