{"action": [0.40628451108932495, 0.002270542085170746], "reward": 0.8632349312087749}