{"action": [0.699999988079071, 0.0018866739701479673], "reward": 0.32984254083574704}