{"action": [0.699999988079071, -0.0007990555604919791], "reward": 0.3589221153667956}