{"action": [0.699999988079071, 0.028152573853731155], "reward": 0.4243369676224869}