{"action": [0.699999988079071, 0.008607283234596252], "reward": 0.31156815146794187}