{"action": [0.699999988079071, 0.013660344295203686], "reward": 0.2109549825464718}