{"action": [0.699999988079071, -0.01001546811312437], "reward": 0.14162055332463014}