{"action": [0.699999988079071, 0.005475456826388836], "reward": 0.38532550930908893}