{"action": [0.699999988079071, -0.009785685688257217], "reward": 0.09543498239954719}