{"action": [0.699999988079071, -9.255189070245251e-05], "reward": 0.2491411519820429}