{"action": [0.699999988079071, -0.10357481241226196], "reward": 0.33930987137732}