{"action": [0.699999988079071, -0.10815982520580292], "reward": 0.18483199776607817}