{"action": [0.699999988079071, -0.09370039403438568], "reward": 0.35055204612243}