{"action": [0.699999988079071, -0.1019628643989563], "reward": 0.3492326406342959}