{"action": [0.699999988079071, -0.10657414048910141], "reward": 0.242362901316105}