{"action": [0.699999988079071, -0.08530077338218689], "reward": 0.3080849017898915}