{"action": [0.699999988079071, -0.0002456210204400122], "reward": 0.30346160085121954}