{"action": [0.699999988079071, -0.08570170402526855], "reward": 0.15440925736671815}