{"action": [0.699999988079071, -0.10065494477748871], "reward": 0.06747996416934257}