{"action": [0.699999988079071, -0.07599996030330658], "reward": 0.27156509576292415}