{"action": [0.699999988079071, -0.0913839340209961], "reward": 0.12819527833136318}