{"action": [0.699999988079071, -0.05647973716259003], "reward": 0.2993371510634277}