{"action": [0.699999988079071, -0.10712588578462601], "reward": 0.3594880558188819}