{"action": [0.699999988079071, -0.11542419344186783], "reward": 0.10070186581971009}