{"action": [0.699999988079071, -0.12906724214553833], "reward": 0.27109387865058204}