{"action": [0.699999988079071, -0.001809980720281601], "reward": 0.7087747154257763}