{"action": [0.699999988079071, -0.0019704638980329037], "reward": 0.7854934806761139}