{"action": [0.699999988079071, -0.07865594327449799], "reward": 0.2500647304737631}