{"action": [0.699999988079071, -0.0006506305653601885], "reward": -1.5806549390206939}