{"action": [0.699999988079071, -0.00473606213927269], "reward": 0.3384017417537199}