{"action": [0.699999988079071, 0.0007469024276360869], "reward": 0.07743457703997217}