{"action": [0.699999988079071, 0.0026767156086862087], "reward": 0.32139324957956295}