{"action": [0.699999988079071, 0.0015284997643902898], "reward": -0.00020419969018779473}