{"action": [0.699999988079071, 0.001039984985254705], "reward": 0.15177119592259905}