{"action": [0.699999988079071, 0.01247397717088461], "reward": 0.32502773294644094}