{"action": [0.699999988079071, -0.009295710362493992], "reward": 0.10159657453741344}