{"action": [0.699999988079071, -0.15249298512935638], "reward": 0.2434826225559861}