{"action": [0.699999988079071, -0.19148002564907074], "reward": 0.45963708030024697}