{"action": [0.699999988079071, -0.13220281898975372], "reward": 0.31709749798515663}