{"action": [0.699999988079071, -0.1648366004228592], "reward": 0.2974318579140882}