{"action": [0.699999988079071, -0.01031762920320034], "reward": 0.10428111894151744}