{"action": [0.699999988079071, -0.17613810300827026], "reward": 0.42021555508647523}