{"action": [0.699999988079071, -0.14166253805160522], "reward": 0.2664713287515425}