{"action": [0.699999988079071, -0.14553377032279968], "reward": 0.4621897042201438}