{"action": [0.699999988079071, -0.0013530260184779763], "reward": 0.2714815957301477}