{"action": [0.699999988079071, -0.015508204698562622], "reward": 0.3454462717175346}