{"action": [0.699999988079071, -0.07847630977630615], "reward": 0.36230520178972664}