{"action": [0.699999988079071, -0.0062261782586574554], "reward": 0.3657105283134343}