{"action": [0.699999988079071, -0.035841524600982666], "reward": 0.30368269352460653}