{"action": [0.699999988079071, -0.016408413648605347], "reward": 0.27087045081857875}