{"action": [0.699999988079071, -0.021444106474518776], "reward": 0.2455904272157832}