{"action": [0.699999988079071, -0.02284843474626541], "reward": 0.2510177073501658}