{"action": [0.699999988079071, 0.004577553831040859], "reward": 0.34357783186105123}