{"action": [0.699999988079071, -0.003123239381238818], "reward": 0.010726573430198645}