{"action": [0.699999988079071, -0.010859987698495388], "reward": 0.06910353732986461}