{"action": [-0.22549903392791748, 0.01318588387221098], "reward": -1.2770901949761015}