{"action": [0.699999988079071, -0.0001628372265258804], "reward": 0.2790339610268542}