{"action": [-1.0, -0.0054031056351959705], "reward": -0.0007856782134963483}