{"action": [0.699999988079071, -0.0007468773983418941], "reward": 0.10756701783701783}