{"action": [0.699999988079071, -0.00015270954463630915], "reward": 0.0832351446326472}