{"action": [0.699999988079071, -0.00031121165375225246], "reward": 0.07808897169439896}