{"action": [-0.2640111744403839, 0.012070292606949806], "reward": -1.4384098136490184}