{"action": [0.699999988079071, -0.001914569758810103], "reward": 0.004284558337149058}