{"action": [-1.0, 0.008830812759697437], "reward": -0.0012887583714326527}