{"action": [0.45576855540275574, 0.00027698330814018846], "reward": 0.39424105616311306}