{"action": [-1.0, 0.009441887959837914], "reward": -0.0013998268682883543}