{"action": [0.4592515528202057, 0.008664137683808804], "reward": 0.3797042386044481}