{"action": [-1.0, 0.009442424401640892], "reward": -0.0013219893291647896}