{"action": [0.4347548186779022, 0.02132871188223362], "reward": 0.8624792022426623}