{"action": [0.5176332592964172, 0.021476225927472115], "reward": 0.8678814330420708}