{"action": [0.699999988079071, -3.7520578189287335e-05], "reward": 0.3892041019689927}