{"action": [0.4881264269351959, 0.009093348868191242], "reward": 0.3772635522875882}