{"action": [0.010997220873832703, 0.01585835963487625], "reward": 0.0007135634223605814}