{"action": [-1.0, 0.03001704066991806], "reward": -0.004489168303289746}