{"action": [0.5628466606140137, 0.011962356977164745], "reward": 0.8813202778443089}