{"action": [0.699999988079071, 0.05762398615479469], "reward": 0.3277227856955698}