{"action": [0.699999988079071, -0.000784395553637296], "reward": 0.3785970621154585}