{"action": [0.691460371017456, 0.010625462047755718], "reward": 0.8816160544881562}