{"action": [0.699999988079071, -0.0002633151307236403], "reward": 0.3628605975309351}