{"action": [0.699999988079071, 6.557627057190984e-05], "reward": 0.3314856125780701}