{"action": [0.699999988079071, -0.0007635459769517183], "reward": 0.2500190043517492}