{"action": [0.699999988079071, -1.1313911272736732e-05], "reward": 0.26615481007575614}