{"action": [0.699999988079071, 0.01084226742386818], "reward": 0.3698513322669822}