{"action": [0.699999988079071, -0.009714538231492043], "reward": 0.6981428776667817}