{"action": [0.4849591851234436, -0.001661181915551424], "reward": 0.9008329676979071}