{"action": [0.6193212270736694, 0.00131394830532372], "reward": 0.9009033650028152}