{"action": [0.699999988079071, 0.0], "reward": 0.3643008510744225}