{"action": [0.5530809760093689, -0.007880611345171928], "reward": 0.8497606953457733}