{"action": [0.699999988079071, 0.0], "reward": 4.977903568948219e-07}