{"action": [0.699999988079071, 1.0216243140348524e-07], "reward": 0.622994506929598}