{"action": [0.699999988079071, 0.2504377067089081], "reward": 0.4119929356304191}