{"action": [0.6098495721817017, -0.004374138545244932], "reward": 0.7630885630960972}