{"action": [0.45722490549087524, -0.008123860694468021], "reward": 0.8822506126905887}