{"action": [0.5060927867889404, -0.004317608196288347], "reward": 0.7754590986634078}