{"action": [0.6297475099563599, -0.005863148719072342], "reward": 0.38631342590897877}