{"action": [0.5907840728759766, -0.0009846696630120277], "reward": 0.9570234971883785}