{"action": [0.699999988079071, -0.0019865466747432947], "reward": 0.015037626308928277}