{"action": [-1.0, -0.0019711062777787447], "reward": -0.0002956336252640976}