{"action": [0.699999988079071, -0.018531648442149162], "reward": 0.6735109229460301}