{"action": [-1.0, -0.0019694967195391655], "reward": -0.00029519413067533224}