{"action": [-1.0, -0.0019727156031876802], "reward": -0.0002956542114211546}