{"action": [0.699999988079071, 0.004752618260681629], "reward": 0.42630208433732786}