{"action": [0.699999988079071, 0.006406554486602545], "reward": 0.5083581918024608}