{"action": [0.4350578784942627, -0.009572533890604973], "reward": 0.9069258084329089}