{"action": [0.541419267654419, -0.006084016989916563], "reward": 0.9267501763322338}