{"action": [0.4883778393268585, -0.00753078144043684], "reward": 0.8594655907271921}