{"action": [0.5191242098808289, 0.007126231677830219], "reward": 0.8304084049578029}