{"action": [0.699999988079071, -0.0019707893952727318], "reward": 0.14692814287547257}