{"action": [0.6292552351951599, 0.010058521293103695], "reward": 0.7415565857804486}