{"action": [0.4984742999076843, 0.006882440764456987], "reward": -0.0010323661146685482}