{"action": [0.699999988079071, -0.0006282550748437643], "reward": 0.78952906466263}