{"action": [0.699999988079071, -0.016959164291620255], "reward": 0.4438801194163723}