{"action": [0.4814090430736542, 1.1267781701462809e-05], "reward": 0.7932981497200732}