{"action": [0.699999988079071, 0.011392376385629177], "reward": 0.5948082943624465}