{"action": [0.6844257116317749, 0.00016064589726738632], "reward": 0.38756188332021246}