{"action": [-1.0, -0.00020977205713279545], "reward": -3.1235113373544536e-05}