{"action": [-1.0, -0.00020977205713279545], "reward": -3.1288705755775547e-05}