{"action": [0.699999988079071, -0.02049955166876316], "reward": 0.8867421122890097}