{"action": [0.699999988079071, -0.0476435162127018], "reward": 0.8730407263582138}