{"action": [-1.0, -0.00020601654250640422], "reward": -3.0692540505706385e-05}