{"action": [-1.0, -0.0002092355425702408], "reward": -3.1101362844719344e-05}