{"action": [-1.0, -0.0002054800424957648], "reward": -3.0748515909592104e-05}