{"action": [-1.0, -0.00020816254254896194], "reward": -3.107422156065869e-05}