{"action": [-1.0, -0.00020601654250640422], "reward": -3.084030922800347e-05}