{"action": [0.6947217583656311, -0.01839250884950161], "reward": 0.8893622716454942}