{"action": [0.4901213049888611, -0.009481768123805523], "reward": 0.788221178323022}