{"action": [-1.0, -0.00020494354248512536], "reward": -3.057727526220239e-05}