{"action": [0.5474143624305725, -0.01192367821931839], "reward": 0.8909650209423918}