{"action": [0.5696795582771301, 0.800000011920929], "reward": 0.5503688321254862}