{"action": [0.699999988079071, -0.01920955441892147], "reward": 0.42198155779869717}