{"action": [-1.0, -0.00020494354248512536], "reward": -3.072307869963252e-05}