{"action": [0.4572657644748688, 0.0017619577702134848], "reward": 0.8974100032494804}