{"action": [0.5867566466331482, -0.013202950358390808], "reward": 0.8912270012934734}