{"action": [0.6637170314788818, 0.001036468194797635], "reward": 0.7992570492046263}