{"action": [0.699999988079071, 6.957495770620881e-06], "reward": 0.041454250843948555}