{"action": [0.699999988079071, 8.366743713850155e-06], "reward": 0.00015758617336694957}