{"action": [0.699999988079071, 7.087381163728423e-06], "reward": 0.003805321925946653}