{"action": [0.5624967217445374, -0.014832020737230778], "reward": 0.8705312911507312}