{"action": [0.44419991970062256, -0.01009492576122284], "reward": 0.8635575554167056}