{"action": [0.4387914538383484, 0.003666811855509877], "reward": 0.8369670707319987}