{"action": [-1.0, -0.010886686854064465], "reward": 0.09832981082873954}