{"action": [0.699999988079071, -0.4745148718357086], "reward": 0.46996550372713985}