{"action": [-1.0, -0.0093860924243927], "reward": -0.0014077420953689294}