{"action": [0.699999988079071, -0.009456075727939606], "reward": 0.009269096129217643}