{"action": [-1.0, -0.00939843151718378], "reward": -0.001409718377075629}