{"action": [-1.0, -0.009385555982589722], "reward": -0.0014076586218721046}