{"action": [0.32375937700271606, -0.0034590628929436207], "reward": 0.4497285865913663}