{"action": [0.699999988079071, -0.020354757085442543], "reward": 0.557678973229121}