{"action": [0.6016238927841187, -0.012655053287744522], "reward": 0.7641458523093538}