{"action": [0.699999988079071, -0.0015202430076897144], "reward": 0.5059781101465368}