{"action": [0.6283344626426697, 0.007232703734189272], "reward": 0.5001187039622963}