{"action": [0.5796859264373779, 0.006907997652888298], "reward": 0.4839308862843663}