{"action": [0.699999988079071, -0.011068391613662243], "reward": -0.0016602587420493364}