{"action": [0.699999988079071, 0.1376313716173172], "reward": 0.392721878507095}