{"action": [0.6176325678825378, -0.800000011920929], "reward": 0.4451533870468937}