{"action": [0.699999988079071, 0.7659597396850586], "reward": 0.04050635059762578}