{"action": [0.699999988079071, 0.16597795486450195], "reward": 0.1261631573037959}