{"action": [0.699999988079071, 0.009436936117708683], "reward": 0.5585425468702544}