{"action": [0.699999988079071, -0.02006758563220501], "reward": 0.5735433205038987}