{"action": [0.699999988079071, 0.7864733934402466], "reward": 0.16154873349876803}