{"action": [0.699999988079071, -0.6158635020256042], "reward": 0.5752018143648292}