{"action": [0.699999988079071, 0.1739119589328766], "reward": 0.4745012915900053}