{"action": [0.699999988079071, 0.411709725856781], "reward": 0.40227574565985935}