{"action": [0.41157788038253784, 0.10805884003639221], "reward": 0.8053322194778346}