{"action": [0.699999988079071, -0.013916876167058945], "reward": 0.5041102638122147}