{"action": [0.699999988079071, 0.22412925958633423], "reward": 0.5240876450591304}