{"action": [0.6743897795677185, 0.1631907820701599], "reward": 0.6800361650309722}