{"action": [0.28045231103897095, 0.03612897917628288], "reward": 0.4452092123223229}