{"action": [0.1332646906375885, 0.030246881768107414], "reward": 0.44757053591445956}