{"action": [-1.0, 0.004050585441291332], "reward": 0.030947890548122133}