{"action": [0.699999988079071, 0.0893738642334938], "reward": 0.32471210296938985}