{"action": [0.699999988079071, 0.46926990151405334], "reward": 0.40506348804756215}