{"action": [0.699999988079071, 0.26359808444976807], "reward": -0.039539712667465206}