{"action": [0.699999988079071, 0.001315522938966751], "reward": 0.4330366046445612}