{"action": [0.699999988079071, 0.003813558490946889], "reward": 0.12034407334691485}