{"action": [0.699999988079071, -0.00010357226710766554], "reward": 0.7433372311077852}