{"action": [0.699999988079071, -0.6129696369171143], "reward": 0.14617180062725416}