{"action": [0.699999988079071, -0.00027620786568149924], "reward": 0.64779337174556}