{"action": [0.5944129824638367, -0.00013246065645944327], "reward": 0.8791081040259596}