{"action": [0.41623854637145996, 0.0028398477006703615], "reward": 0.9153184094082409}