{"action": [0.699999988079071, 0.00445784255862236], "reward": 0.6910811973793372}