{"action": [0.5829116702079773, 0.0059233601205050945], "reward": 0.6310375986402418}