{"action": [0.4600664973258972, 0.36366039514541626], "reward": 0.6798900296617206}