{"action": [0.699999988079071, -0.001107945223338902], "reward": 0.6523077765427773}