{"action": [0.699999988079071, -0.001232194947078824], "reward": 0.6608050689635323}