{"action": [0.699999988079071, -0.6228704452514648], "reward": 0.5327694569547737}