{"action": [0.699999988079071, 0.002731707412749529], "reward": 0.618578577323763}