{"action": [0.699999988079071, -4.866993549512699e-05], "reward": 0.7002703352750129}