{"action": [0.699999988079071, 0.5917966961860657], "reward": 0.30974778846491025}