{"action": [0.699999988079071, 0.5563588738441467], "reward": 0.5122368789414466}