{"action": [0.699999988079071, 0.00023438167409040034], "reward": 0.4377402943869509}