{"action": [0.6878097057342529, 0.013232830911874771], "reward": 0.7300212799997066}