{"action": [0.41574767231941223, 0.0043934364803135395], "reward": 0.8655070891267291}