{"action": [0.3060528635978699, 0.14453305304050446], "reward": 0.674545213370151}