{"action": [0.699999988079071, -0.002668359549716115], "reward": 0.7072904131015738}