{"action": [0.38658607006073, -0.00039893120992928743], "reward": 0.9303094231815968}