{"action": [0.3508424162864685, -0.002477833069860935], "reward": -0.0003716749604791403}