{"action": [0.699999988079071, -0.019275091588497162], "reward": 0.6053809387386545}