{"action": [0.583076536655426, 0.010039602406322956], "reward": 0.8224575112214768}