{"action": [0.699999988079071, -0.0027719142381101847], "reward": 0.5763943954647462}