{"action": [0.49259909987449646, -0.007679212838411331], "reward": 0.8247914352498994}