{"action": [0.699999988079071, -0.0067718494683504105], "reward": -0.0010157774202525615}