{"action": [0.699999988079071, 0.10115965455770493], "reward": 0.5249003007698739}