{"action": [0.699999988079071, -0.29935234785079956], "reward": 0.7209129575858712}