{"action": [0.699999988079071, 0.13790735602378845], "reward": 0.3979225515303248}