{"action": [0.699999988079071, 0.08828819543123245], "reward": 0.47563989355771236}