{"action": [0.6857855319976807, 0.07365313172340393], "reward": 0.7796589046280408}