{"action": [0.6677035689353943, 0.09490039199590683], "reward": 0.7433656272774195}