{"action": [0.31213051080703735, 0.07252393662929535], "reward": 0.8905961702875913}