{"action": [0.699999988079071, 0.15367724001407623], "reward": 0.4614151737649384}