{"action": [0.699999988079071, 0.10118763148784637], "reward": 0.6301709602562168}