{"action": [0.699999988079071, 0.005269917193800211], "reward": 0.7202431015314009}