{"action": [0.6378733515739441, 0.0028716647066175938], "reward": 0.7904401196645456}