{"action": [0.699999988079071, 0.14001941680908203], "reward": 0.5176543247887074}