{"action": [0.699999988079071, -0.0075141992419958115], "reward": 0.41378510434323185}