{"action": [0.699999988079071, -0.03616737946867943], "reward": 0.6677485231435947}