{"action": [0.699999988079071, -0.0004194969078525901], "reward": 0.492207567132922}