{"action": [0.699999988079071, 0.19018250703811646], "reward": 0.41011972503452837}