{"action": [0.699999988079071, -0.029177213087677956], "reward": 0.31960314737628825}