{"action": [0.699999988079071, -0.024862727150321007], "reward": 0.5355320661365002}