{"action": [0.29103052616119385, -0.0027147538494318724], "reward": 0.9321078966442004}