{"action": [0.699999988079071, -0.011964209377765656], "reward": 0.6050749486884953}