{"action": [0.699999988079071, -0.22384370863437653], "reward": 0.23959557136058013}