{"action": [0.699999988079071, -0.009862280450761318], "reward": 0.7196700212618011}