{"action": [0.699999988079071, -0.023830648511648178], "reward": 0.4645314900977991}