{"action": [0.699999988079071, -0.05146051570773125], "reward": 0.5107184902540542}