{"action": [0.699999988079071, -0.13465748727321625], "reward": 0.36673928646365567}