{"action": [0.43181413412094116, -0.003928411286324263], "reward": 0.9273091408796744}