{"action": [0.699999988079071, -0.009238868951797485], "reward": 0.6415205054216664}