{"action": [0.42859554290771484, -0.001618465525098145], "reward": 0.8257498196615362}