{"action": [0.4786755442619324, -0.002992004621773958], "reward": 0.852137104853387}