{"action": [0.699999988079071, -0.02915792539715767], "reward": 0.3391703865158233}