{"action": [0.6882162094116211, 0.015339425764977932], "reward": 0.755961514346727}