{"action": [0.49775582551956177, 0.09377504140138626], "reward": 0.8654998370022372}