{"action": [0.5883449912071228, 0.05907701700925827], "reward": 0.7792452881849838}