{"action": [0.4779852032661438, 0.017292208969593048], "reward": 0.8289049815746421}