{"action": [0.4511719048023224, 0.010139553807675838], "reward": 0.8977012833536535}