{"action": [0.699999988079071, 0.11546847969293594], "reward": 0.6258257613056879}