{"action": [0.699999988079071, 0.2583277225494385], "reward": 0.2339564009425199}