{"action": [0.699999988079071, 0.09895153343677521], "reward": 0.1908640421883895}