{"action": [0.699999988079071, -0.11714886873960495], "reward": 0.1291449058160236}