{"action": [0.699999988079071, -0.14312441647052765], "reward": 0.11813653441656442}