{"action": [0.28849565982818604, 0.12030024081468582], "reward": 0.08851609958530077}