{"action": [0.699999988079071, 0.08472087234258652], "reward": 0.20331046195576}