{"action": [0.5817117691040039, 0.004758924245834351], "reward": 0.11369086818343054}