{"action": [0.699999988079071, -0.25731199979782104], "reward": 0.5228647141110281}