{"action": [0.44467073678970337, -0.2580104172229767], "reward": 0.8580909567374648}