{"action": [0.6318603157997131, -0.0030329471919685602], "reward": 0.7400335085434974}