{"action": [0.6709160804748535, -0.2588881850242615], "reward": 0.7117271257309116}