{"action": [0.699999988079071, 0.05047733336687088], "reward": 0.3106315015755484}