{"action": [0.3196943998336792, -0.21114453673362732], "reward": 0.9277038965370092}