{"action": [0.699999988079071, -0.06836841255426407], "reward": 0.5410840485142205}