{"action": [0.6026337146759033, -0.27023446559906006], "reward": 0.7959616607141654}