{"action": [0.3632470369338989, -0.0004201218544039875], "reward": 0.8948694664225538}