{"action": [0.4668992757797241, -0.0006954275304451585], "reward": 0.875494319477064}