{"action": [0.6287129521369934, -0.020931972190737724], "reward": 0.6734275641309746}