{"action": [0.699999988079071, -0.15787890553474426], "reward": 0.2205254358403467}