{"action": [0.699999988079071, -3.392225335119292e-05], "reward": 0.7227341644795695}