{"action": [0.699999988079071, 0.015564806759357452], "reward": 0.5083739461674318}