{"action": [0.699999988079071, 0.08924562484025955], "reward": 0.5720244814481444}