{"action": [0.6044566035270691, 0.26549115777015686], "reward": 0.6952896450332318}