{"action": [0.699999988079071, 0.2506650686264038], "reward": 0.4402969776779361}