{"action": [0.5920032262802124, 0.07854711264371872], "reward": 0.7643237570015721}