{"action": [0.699999988079071, 0.1469784826040268], "reward": 0.5837228562215633}