{"action": [0.4939284920692444, 0.3187463581562042], "reward": 0.6350622490914318}