{"action": [0.699999988079071, 0.23401424288749695], "reward": 0.6164219147804777}