{"action": [0.6341479420661926, 0.09305678308010101], "reward": 0.7100306089994016}