{"action": [0.699999988079071, -0.17123660445213318], "reward": -0.36178086084738686}