{"action": [0.31343787908554077, 0.005706435069441795], "reward": 0.9333110890914524}