{"action": [0.27984750270843506, 0.005839091259986162], "reward": 0.9331188549244223}