{"action": [0.3163858652114868, 0.006684319581836462], "reward": 0.9289058069889843}