{"action": [0.3051369786262512, 0.006461956072598696], "reward": 0.915287882682885}