{"action": [0.25400909781455994, 0.00013438523455988616], "reward": 0.9344262173116331}