{"action": [0.699999988079071, -0.07855898886919022], "reward": 0.48408608904414824}