{"action": [0.6842263340950012, -0.6568700671195984], "reward": 0.3293677235384366}