{"action": [0.261454701423645, -0.008726325817406178], "reward": 0.9204831195380985}