{"action": [0.367793470621109, -0.003004196798428893], "reward": 0.8849312408958816}