{"action": [0.3847903609275818, -0.016783347353339195], "reward": 0.873816987988989}