{"action": [0.29966771602630615, -0.07370883971452713], "reward": 0.9188329895841644}