{"action": [0.24005910754203796, 2.214856976934243e-05], "reward": 0.9392761590234471}