{"action": [0.699999988079071, 0.0005052757915109396], "reward": -1.3462101135484066}