{"action": [0.699999988079071, 0.03615816310048103], "reward": -0.12337696209733791}