{"action": [0.699999988079071, -0.03540613874793053], "reward": 0.4636538061801197}