{"action": [0.699999988079071, -0.0020658608991652727], "reward": -1.1930588546693823}