{"action": [0.699999988079071, 0.0016418318264186382], "reward": 0.734347222539914}