{"action": [0.699999988079071, 0.001372612314298749], "reward": 0.7728673414079777}