{"action": [0.699999988079071, -0.0018027628539130092], "reward": 0.8898851371915343}