{"action": [0.699999988079071, 0.00857832096517086], "reward": -2.575199216139085}