{"action": [0.699999988079071, 0.007448337506502867], "reward": 0.7134561088842538}