{"action": [0.699999988079071, 0.006358837243169546], "reward": 0.6995450140332067}