{"action": [0.699999988079071, 0.00015013859956525266], "reward": 0.8957401269222192}