{"action": [0.699999988079071, -0.0039221299812197685], "reward": 0.925310557163759}