{"action": [0.699999988079071, 0.008304564282298088], "reward": 0.9210420349635716}