{"action": [0.699999988079071, 0.02220371551811695], "reward": -2.2385849739352808}