{"action": [0.699999988079071, 0.0008232265245169401], "reward": -2.4668586811270696}