{"action": [0.699999988079071, -0.007114209700375795], "reward": -2.9442130161054174}