{"action": [0.699999988079071, -0.007919898256659508], "reward": -2.5295950360144888}