{"action": [0.699999988079071, -0.009624337777495384], "reward": -1.1419493600540662}