{"action": [0.699999988079071, -0.006294409744441509], "reward": -1.32960478408008}