{"action": [0.699999988079071, -0.007571675349026918], "reward": -1.2150652105772148}