{"action": [0.699999988079071, -0.004008035641163588], "reward": -2.9940449018480226}