{"action": [0.612669825553894, -0.00665187556296587], "reward": 0.7745619099332134}