{"action": [0.699999988079071, 0.013497193343937397], "reward": 0.19882426956770324}