{"action": [0.699999988079071, 0.011090916581451893], "reward": 0.8242973489930581}