{"action": [0.699999988079071, 0.010874517261981964], "reward": 0.8299567877022764}