{"action": [0.699999988079071, 0.006560048088431358], "reward": 0.9016228315056507}