{"action": [0.699999988079071, 0.00012999758473597467], "reward": -0.2459013221307528}