{"action": [0.699999988079071, 5.078934191260487e-05], "reward": -0.6178499194320851}