{"action": [0.699999988079071, 0.0005541415303014219], "reward": 0.523502818256553}