{"action": [0.6347836256027222, -0.009450851939618587], "reward": -1.2341983039066908}