{"action": [0.699999988079071, -0.010940831154584885], "reward": -0.6781452008536694}