{"action": [0.4264354705810547, -0.007235316094011068], "reward": 0.8858335764487921}