{"action": [0.4933255910873413, -0.0001753280230332166], "reward": -1.6377092284500172}