{"action": [0.4913901090621948, 0.0011187323834747076], "reward": -1.7822700392474553}