{"action": [0.46819257736206055, 0.003367511322721839], "reward": -2.019967102677222}