{"action": [0.4866518974304199, 0.0015129344537854195], "reward": -1.843448310353525}