{"action": [0.4754267930984497, 0.0008777075563557446], "reward": -2.0182797901872385}