{"action": [0.699999988079071, 0.008073425851762295], "reward": 0.056178852684540564}