{"action": [0.699999988079071, 0.003221759106963873], "reward": -0.13769814331906344}