{"action": [0.699999988079071, 0.0027795815840363503], "reward": 0.11430249123409099}