{"action": [0.5561527013778687, -0.002198750851675868], "reward": -1.4083211552551151}