{"action": [0.699999988079071, -0.033123161643743515], "reward": 0.8138206307678936}