{"action": [0.3965856432914734, -0.005089693237096071], "reward": 0.9081252243780313}