{"action": [0.699999988079071, 0.006008789874613285], "reward": 0.016566787064390718}