{"action": [0.699999988079071, 0.00486394390463829], "reward": 0.0029775415695615813}