{"action": [0.699999988079071, 0.004848936572670937], "reward": 0.14099322588575774}