{"action": [0.699999988079071, 0.000977476593106985], "reward": 0.46607863673383704}