{"action": [0.699999988079071, 0.00020806005341000855], "reward": 0.5759184410517107}