{"action": [0.699999988079071, -0.00015265824913512915], "reward": 0.7109440197428516}