{"action": [0.699999988079071, 0.000475353910587728], "reward": 0.5375561452563632}