{"action": [0.6331139206886292, -0.001258030766621232], "reward": 0.7967183000602619}