{"action": [0.6388707160949707, -0.001123622409068048], "reward": 0.7783739468346529}