{"action": [0.43280354142189026, -0.0015663150697946548], "reward": 0.9166450556287893}