{"action": [0.4865470230579376, -0.001407323987223208], "reward": 0.877240201639707}