{"action": [0.3941947817802429, -0.0016108962008729577], "reward": 0.9390730270296573}