{"action": [0.699999988079071, 0.0007984256371855736], "reward": 0.43917093416944597}