{"action": [0.699999988079071, 0.000587308022659272], "reward": 0.3614922000769763}