{"action": [0.699999988079071, 0.002234251005575061], "reward": 0.6432693435521016}