{"action": [0.699999988079071, 0.0016537277260795236], "reward": 0.6551116071148461}