{"action": [0.5277062058448792, 0.008360754698514938], "reward": 0.7836531573816453}