{"action": [0.6558605432510376, 0.010092112235724926], "reward": 0.7416171275018255}