{"action": [0.699999988079071, 0.010026440024375916], "reward": 0.5803691695160026}