{"action": [0.699999988079071, 0.011001559905707836], "reward": 0.5430416870282765}