{"action": [0.699999988079071, 0.008647529408335686], "reward": 0.7124539603513221}