{"action": [0.699999988079071, 0.00865125097334385], "reward": 0.7128238230328889}