{"action": [0.699999988079071, 0.00811724178493023], "reward": 0.7122894775591077}