{"action": [0.4553738534450531, 0.004017973784357309], "reward": 0.8625031757734316}