{"action": [0.4198624789714813, 0.0006953997653909028], "reward": 0.9126257346282236}