{"action": [0.699999988079071, 0.00014856659981887788], "reward": 0.6641149847217189}