{"action": [0.6208287477493286, 1.5177607565419748e-05], "reward": 0.9935930393912}