{"action": [0.5947291851043701, 1.7391084838891402e-05], "reward": 0.9930964249325062}