{"action": [0.5485923886299133, -0.0006783800199627876], "reward": 0.9539245166580514}