{"action": [0.6032517552375793, -0.009065537713468075], "reward": 0.9167216918392184}