{"action": [0.699999988079071, -0.016426291316747665], "reward": 0.6152899540702709}