{"action": [0.699999988079071, -0.004012499935925007], "reward": 0.6089078105577976}