{"action": [0.699999988079071, -0.006561493966728449], "reward": 0.5488431725296918}