{"action": [0.699999988079071, 0.0009610567358322442], "reward": 0.9681874420331343}