{"action": [0.6531367897987366, 0.001341196009889245], "reward": 0.9640597239684683}