{"action": [0.699999988079071, 0.000886308669578284], "reward": 0.9683061925640586}