{"action": [0.699999988079071, 0.0014894090127199888], "reward": 0.8290481146083793}