{"action": [0.699999988079071, 0.0013835432473570108], "reward": 0.858804617266157}