{"action": [0.41602185368537903, 0.0007198852254077792], "reward": 0.8656316487699736}