{"action": [0.699999988079071, -0.0059844134375452995], "reward": 0.5934021266744328}