{"action": [0.699999988079071, -0.005709929391741753], "reward": 0.6609202606450925}