{"action": [0.44847366213798523, 0.004568127449601889], "reward": 0.863863236792689}