{"action": [0.03470420837402344, -0.008272470906376839], "reward": 0.5097655442386023}