{"action": [-0.08000142872333527, -0.0075101288966834545], "reward": 0.5285288161604749}