{"action": [0.33234062790870667, -0.005960584152489901], "reward": 0.37869765286399465}