{"action": [-1.0, -0.004135353025048971], "reward": 0.2338213577741618}