{"action": [-1.0, -0.003200230887159705], "reward": -0.000433114047511523}