{"action": [-1.0, -0.0032007673289626837], "reward": -0.0004796274213202109}