{"action": [-1.0, -0.0032007673289626837], "reward": -0.00047553541873190404}