{"action": [-1.0, -0.0032018404453992844], "reward": -0.00047972853577193995}