{"action": [0.5926312804222107, 1.0831355439222534e-06], "reward": 0.8884052334120127}