{"action": [0.699999988079071, 0.0007504775421693921], "reward": 0.4291057279985054}