{"action": [-1.0, 0.2577127516269684], "reward": -0.038648738263344896}