{"action": [0.699999988079071, 0.7336082458496094], "reward": 0.18150751331952109}