{"action": [0.3588627576828003, 0.800000011920929], "reward": 0.04281820590301279}