{"action": [0.699999988079071, 0.11164573580026627], "reward": 0.48778969441285436}