{"action": [0.6901528239250183, -0.01727115549147129], "reward": 0.8874747598771907}