{"action": [0.699999988079071, -0.007936525158584118], "reward": 0.7211726016858415}