{"action": [0.699999988079071, -0.03272460028529167], "reward": 0.5732434539117995}