{"action": [0.699999988079071, -0.0004280000284779817], "reward": 0.732788965353146}