{"action": [0.699999988079071, -0.0005145321483723819], "reward": 0.706760832051043}