{"action": [0.699999988079071, 0.00017119682161137462], "reward": 0.7492130376584822}