{"action": [0.699999988079071, -0.00024483154993504286], "reward": 0.7317877062536124}