{"action": [0.699999988079071, 0.32480713725090027], "reward": 0.7229199453259191}