{"action": [0.699999988079071, 0.2303454875946045], "reward": 0.7990592225015111}