{"action": [0.699185311794281, 0.010028955526649952], "reward": 0.6852693152194427}