{"action": [0.699999988079071, -0.08555911481380463], "reward": 0.5956672416137798}