{"action": [0.699999988079071, -0.0008851366583257914], "reward": 0.8164749026005524}