{"action": [0.699999988079071, 0.006362603977322578], "reward": 0.9248608942040158}