{"action": [0.699999988079071, 0.0036415746435523033], "reward": 0.35228427079460645}