{"action": [0.699999988079071, 0.005449407733976841], "reward": -0.7236222245859182}