{"action": [0.699999988079071, 0.0051417117938399315], "reward": -0.835043544479725}