{"action": [0.699999988079071, -0.0005277013406157494], "reward": -0.5927898584279793}