{"action": [0.6990161538124084, -0.005402182694524527], "reward": -0.6524346772965847}