{"action": [0.6717997193336487, -0.030928511172533035], "reward": -0.6858558491199681}