{"action": [0.6432697176933289, -0.017176881432533264], "reward": -1.0100256935154366}