{"action": [0.6876561045646667, -0.04588017985224724], "reward": -0.5502013724380904}