{"action": [0.6089807152748108, -0.010947568342089653], "reward": -0.9812603738464862}