{"action": [0.699999988079071, 0.0007024887599982321], "reward": -0.15553642448184887}