{"action": [0.5393572449684143, 1.1063754755014088e-05], "reward": 0.8303788570193191}