{"action": [0.699999988079071, 0.0022971956059336662], "reward": -0.5640129496401283}