{"action": [0.5168547630310059, 3.4683924354794726e-07], "reward": 0.8505351510163746}