{"action": [0.516876757144928, -0.0006355958175845444], "reward": 0.8458274073349547}