{"action": [0.42728930711746216, -1.0946989732474321e-06], "reward": 0.9364851716903664}