{"action": [0.39392125606536865, -0.0028086230158805847], "reward": 0.8809334276841453}