{"action": [0.2842956781387329, -0.00478498637676239], "reward": 0.9422531014041344}