{"action": [0.2582584321498871, -0.0016375118866562843], "reward": 0.9455595710268379}