{"action": [0.23471257090568542, -0.0022658754605799913], "reward": 0.9428987844495345}