{"action": [0.6894749402999878, 0.0013153733452782035], "reward": 0.7593633459204738}