{"action": [0.6146364212036133, 0.002165987156331539], "reward": 0.7876412224170919}