{"action": [0.35611143708229065, 0.0035887330304831266], "reward": 0.9174532145559311}