{"action": [0.4076715111732483, 0.0028276958037167788], "reward": 0.9248834680990412}