{"action": [0.3643796443939209, 0.0024800319224596024], "reward": -0.00037200478836894033}