{"action": [0.5727541446685791, -0.006728270556777716], "reward": 0.7805841836926077}