{"action": [-1.0, 0.0013063809601590037], "reward": -6.653056048003939e-05}