{"action": [0.699999988079071, 0.0011088092578575015], "reward": 0.09398303458996793}