{"action": [0.699999988079071, 0.0011493721976876259], "reward": 0.05207981160483525}