{"action": [-1.0, 0.0009388774633407593], "reward": -0.0001394944037781979}