{"action": [0.40214335918426514, -0.013403775170445442], "reward": 0.8686547108220305}