{"action": [0.699999988079071, 0.0009172729915007949], "reward": 0.19975527010748828}