{"action": [0.699999988079071, -0.00012149380927439779], "reward": 0.17543265700993368}