{"action": [0.43414685130119324, -0.01365197915583849], "reward": 0.8441112594817946}