{"action": [0.699999988079071, 0.001074229716323316], "reward": 0.44956212146659563}