{"action": [0.699999988079071, 0.001198746613226831], "reward": 0.568627966528679}