{"action": [0.699999988079071, -0.00023663140018470585], "reward": 0.880215013668077}