{"action": [0.699999988079071, 0.0005321188946254551], "reward": -1.2123579608866868}