{"action": [0.699999988079071, 0.006235428154468536], "reward": -3.037548560103258}