{"action": [0.687100887298584, 0.00012640967906918377], "reward": -4.503864223058191}