{"action": [0.6075575947761536, 6.840226660642656e-07], "reward": -5.212572193475133}