{"action": [0.591954231262207, -0.0013608615845441818], "reward": -5.316186250842923}