{"action": [0.5862882137298584, 0.003415551269426942], "reward": -4.919391845064986}