{"action": [0.6029496788978577, -0.00801818072795868], "reward": -4.634265633797223}