{"action": [0.5892401337623596, -0.0037539040204137564], "reward": 0.7881132405231341}