{"action": [0.5506128072738647, -0.0028622036334127188], "reward": -4.844862404225996}