{"action": [0.5185375213623047, -6.203287921380252e-05], "reward": -5.166569524946292}