{"action": [0.10498930513858795, 0.026458557695150375], "reward": -3.194646001000636}