{"action": [0.6151654720306396, -0.05455155670642853], "reward": -1.0099152302201881}