{"action": [0.4348301887512207, -0.03452920913696289], "reward": -1.8178295541540375}