{"action": [0.44600778818130493, -0.04695846512913704], "reward": -1.7348838966491928}