{"action": [0.43547549843788147, -0.03367888554930687], "reward": -1.7645430440334762}