{"action": [0.44080257415771484, -0.025960398837924004], "reward": -1.9070226186414927}