{"action": [0.4487365782260895, -0.025659864768385887], "reward": -1.8086449387265822}