{"action": [0.45015057921409607, -0.026120353490114212], "reward": -1.7664732560942595}