{"action": [0.430552214384079, -0.027327585965394974], "reward": -2.0309013539099365}