{"action": [0.3809668719768524, -0.07027977705001831], "reward": -2.2336842775781793}