{"action": [0.38294994831085205, -0.06802162528038025], "reward": -2.049527568305538}