{"action": [0.6852754354476929, 0.00041992170736193657], "reward": 0.7753210178050365}