{"action": [0.5893104076385498, 0.0007946548867039382], "reward": 0.8448837885595831}