{"action": [0.699999988079071, -0.0008016777574084699], "reward": -2.6555934155555616}