{"action": [0.699999988079071, 1.1066198339904076e-06], "reward": -2.867316223884639}