{"action": [0.699999988079071, -0.0007988021243363619], "reward": -3.467419135366468}