{"action": [0.6200399994850159, 0.03276035562157631], "reward": -4.035577416272648}