{"action": [0.13528507947921753, 0.0033328321296721697], "reward": -2.9681060851481127}