{"action": [0.49090591073036194, -0.10856666415929794], "reward": -1.8831557286028398}