{"action": [0.4649932384490967, 0.010390964336693287], "reward": 0.8268234460682456}