{"action": [0.6257420182228088, -0.006191040854901075], "reward": -0.9146676995554}