{"action": [0.5593674182891846, 0.008731229230761528], "reward": -1.319447006845144}