{"action": [0.5410292148590088, 0.005440075416117907], "reward": -1.4673487730152137}