{"action": [0.603369951248169, 0.04360191524028778], "reward": -1.0995956701831904}