{"action": [0.4946579933166504, -0.0005305419908836484], "reward": -1.6323747347609532}