{"action": [0.46378836035728455, 0.002407521242275834], "reward": -2.0483838181352296}