{"action": [0.4593362808227539, 0.010606679134070873], "reward": -1.8875042469656205}