{"action": [0.6500367522239685, 0.02139602228999138], "reward": -0.7518744044814947}