{"action": [0.5144240260124207, 0.003174262121319771], "reward": -1.5611068707246096}