{"action": [0.5197708606719971, 0.006736320443451405], "reward": -1.5049793547121189}