{"action": [0.4640611410140991, -0.003881890093907714], "reward": -1.9475669229017092}