{"action": [0.4344717860221863, -0.0017948041204363108], "reward": -2.137508153626159}