{"action": [0.49253278970718384, -0.007424315437674522], "reward": -1.737866213931609}