{"action": [0.699999988079071, 0.00010548138379817829], "reward": 0.1824518017810695}