{"action": [0.699999988079071, -3.793775931626442e-06], "reward": 0.3379803320529138}