{"action": [0.699999988079071, 0.00011247648217249662], "reward": 0.3104431218668758}