{"action": [0.699999988079071, 0.0014931431505829096], "reward": 0.24485016940797416}