{"action": [0.699999988079071, 0.0014668572694063187], "reward": 0.23191005015428956}