{"action": [0.699999988079071, 0.0013621762627735734], "reward": 0.19938628394022562}