{"action": [0.699999988079071, 0.0013795142294839025], "reward": 0.19686983374769038}