{"action": [0.699999988079071, 0.0015269938157871366], "reward": 0.2009153850765264}