{"action": [0.699999988079071, 0.00012791407061740756], "reward": 0.2007015816290822}