{"action": [0.699999988079071, 5.757804899531038e-08], "reward": 0.16092449408201276}