{"action": [0.699999988079071, 0.00045883707934990525], "reward": 0.19353494007686728}