{"action": [0.699999988079071, 0.0015794966602697968], "reward": 0.12142922996518113}