{"action": [0.699999988079071, 0.001484140520915389], "reward": 0.08883879845438772}