{"action": [0.699999988079071, 0.007197866681963205], "reward": 0.06565716456453}