{"action": [0.699999988079071, -0.0010281252907589078], "reward": 0.22262733448136374}