{"action": [0.699999988079071, 0.0009046013001352549], "reward": 0.01568780697120394}