{"action": [0.699999988079071, 1.9468367099761963e-05], "reward": 0.11671508858476082}