{"action": [0.699999988079071, 1.4212429050530773e-05], "reward": 0.1451848218505536}