{"action": [0.699999988079071, 1.4798343727306928e-05], "reward": 0.15900776156933347}