{"action": [0.699999988079071, -6.828898904132075e-07], "reward": 0.2228944184741359}