{"action": [0.699999988079071, -0.002904633292928338], "reward": 0.18710253560458318}