{"action": [0.699999988079071, -0.002382819075137377], "reward": -0.5307332235573818}