{"action": [0.699999988079071, -0.002369559369981289], "reward": 0.11889882362802556}