{"action": [0.699999988079071, -0.0012797615490853786], "reward": 0.10272682743346853}