{"action": [0.699999988079071, -0.0017449103761464357], "reward": 0.06561518420609817}