{"action": [0.699999988079071, -0.0016127665294334292], "reward": 0.30924425877166867}