{"action": [0.699999988079071, -0.0016177594661712646], "reward": 0.2719145516984631}