{"action": [0.699999988079071, -0.0016463263891637325], "reward": 0.2845324698583756}