{"action": [0.699999988079071, -0.004035668447613716], "reward": -0.9108620945401994}