{"action": [0.699999988079071, -0.0012579035246744752], "reward": 0.37378207185078416}