{"action": [0.699999988079071, -0.0034134122543036938], "reward": 0.34863803041123925}