{"action": [0.699999988079071, -0.003753666067495942], "reward": 0.3133631875792372}