{"action": [0.699999988079071, -0.00454763462767005], "reward": -1.431942034732528}