{"action": [0.699999988079071, -2.282327477587387e-05], "reward": 0.22691940604892677}