{"action": [0.699999988079071, -0.0007599593955092132], "reward": -1.5036302933645536}