{"action": [0.699999988079071, 7.008433385635726e-06], "reward": 0.25890335002979586}