{"action": [0.699999988079071, -0.000282537832390517], "reward": 0.28009619984814416}