{"action": [0.699999988079071, -0.0002970217610709369], "reward": 0.2424800264713528}