{"action": [0.699999988079071, 0.00024846827727742493], "reward": 0.20503847910563616}