{"action": [0.699999988079071, 0.001070168218575418], "reward": 0.24387790111649474}