{"action": [0.699999988079071, -0.0013327462365850806], "reward": -1.6569113649348342}