{"action": [0.699999988079071, 0.00026421635993756354], "reward": 0.24157215967498563}