{"action": [0.699999988079071, 4.6208086132537574e-05], "reward": 0.17775634176642408}