{"action": [0.699999988079071, 0.0009614009177312255], "reward": 0.19238107065774518}