{"action": [0.699999988079071, 0.0002696640440262854], "reward": 0.17203896007389663}