{"action": [0.699999988079071, 0.0001425751397619024], "reward": 0.1750629945533076}