{"action": [0.699999988079071, 0.0006234017200767994], "reward": 0.16446728843166594}