{"action": [0.699999988079071, -0.003264412982389331], "reward": -0.7428303889595013}