{"action": [0.699999988079071, 0.004034131765365601], "reward": 0.1627324941566641}