{"action": [0.699999988079071, 0.0036986845079809427], "reward": 0.1110381320240574}