{"action": [0.699999988079071, -0.0031186891719698906], "reward": -1.2023862816397035}