{"action": [0.699999988079071, 0.0008173084352165461], "reward": 0.16851639662147466}