{"action": [0.699999988079071, -0.007893108762800694], "reward": -0.9372268306099215}