{"action": [0.699999988079071, 0.0032736659049987793], "reward": 0.14033103107170772}