{"action": [0.699999988079071, 0.002084780251607299], "reward": 0.0901332517551026}