{"action": [0.699999988079071, 0.0020411640871316195], "reward": 0.11987438753746561}