{"action": [0.699999988079071, 0.0037501519545912743], "reward": 0.10052073501191972}