{"action": [0.699999988079071, 0.001946977456100285], "reward": 0.19360093216075092}