{"action": [0.699999988079071, 0.0034079011529684067], "reward": 0.25250301812853604}