{"action": [0.699999988079071, -0.015242818742990494], "reward": 0.19412461463982092}