{"action": [0.699999988079071, -2.126216941178427e-06], "reward": 0.3115109310004235}