{"action": [0.699999988079071, -1.5835165640964988e-06], "reward": 0.29926048684130085}