{"action": [0.699999988079071, -0.0002976152754854411], "reward": 0.3158971786558855}