{"action": [0.699999988079071, 0.0008913835627026856], "reward": 0.1899214280839672}