{"action": [0.699999988079071, 0.0018560488242655993], "reward": 0.32483077463137344}