{"action": [0.699999988079071, 0.0014585662866011262], "reward": 0.2536197224258853}