{"action": [0.699999988079071, 0.0014170659705996513], "reward": 0.3013027815029473}