{"action": [0.699999988079071, 0.0013706603785976768], "reward": 0.3252538646810711}