{"action": [0.699999988079071, 0.002935775788500905], "reward": 0.17135396415647072}