{"action": [0.699999988079071, 0.005009879823774099], "reward": 0.08981321532742312}