{"action": [0.699999988079071, 0.002767371479421854], "reward": 0.32862431820874316}