{"action": [0.699999988079071, -0.00016545152175240219], "reward": 0.26637362474003573}