{"action": [0.699999988079071, -0.0006735178758390248], "reward": 0.1639339059042235}