{"action": [0.699999988079071, -0.0008040815009735525], "reward": 0.17626557227860037}