{"action": [0.699999988079071, -0.00010036781895905733], "reward": -0.8819147966610361}