{"action": [0.699999988079071, -0.0007507330738008022], "reward": 0.2614139486915774}