{"action": [0.699999988079071, -0.0008195145055651665], "reward": 0.2083654585346365}