{"action": [0.699999988079071, -0.0016525373794138432], "reward": 0.1912381087085544}