{"action": [0.699999988079071, -0.0007699302514083683], "reward": 0.2060654453889129}