{"action": [0.699999988079071, -0.001675996696576476], "reward": 0.24413341817936315}