{"action": [0.699999988079071, -4.209375401842408e-05], "reward": 0.14845513915486455}