{"action": [0.699999988079071, 5.679202149622142e-05], "reward": 0.09012153794888857}