{"action": [0.699999988079071, 0.0003777716192416847], "reward": 0.07058125778096419}