{"action": [0.699999988079071, 0.0005093429354019463], "reward": 0.13737717645196407}