{"action": [0.699999988079071, -0.001011539134196937], "reward": -1.0203944385966839}