{"action": [0.699999988079071, 0.0008763904334045947], "reward": 0.24131251995706074}