{"action": [0.699999988079071, -0.0009392685606144369], "reward": -1.2692146089458305}