{"action": [0.699999988079071, 0.006478717550635338], "reward": 0.11799975829845022}