{"action": [0.3896435499191284, -0.0007236071978695691], "reward": 0.910114143450177}