{"action": [0.699999988079071, 0.002903593238443136], "reward": 0.12078082976569712}