{"action": [0.699999988079071, 0.003911214880645275], "reward": 0.2279986754111565}