{"action": [0.699999988079071, 0.004092686343938112], "reward": 0.15083157602897304}