{"action": [0.699999988079071, -6.073116765037412e-07], "reward": -1.2881372628538938}