{"action": [0.699999988079071, 0.0006375001976266503], "reward": 0.029297139101573357}