{"action": [0.699999988079071, -0.0001426351664122194], "reward": 0.13860551797994622}