{"action": [0.699999988079071, -0.00011198240099474788], "reward": 0.16741983197611954}