{"action": [0.699999988079071, -1.1920929521291868e-10], "reward": 2.935522362167861e-07}