{"action": [0.4133639335632324, 6.773949735361384e-06], "reward": 0.9645084275251031}