{"action": [0.4915032386779785, 6.708860837534303e-06], "reward": 0.933571138337527}