{"action": [0.699999988079071, 0.0004248074837960303], "reward": -1.6647407196108739}