{"action": [0.5381349325180054, -0.00010267937614116818], "reward": 0.8773643500911423}