{"action": [0.5357529520988464, -0.2791309058666229], "reward": 0.7772447814080838}