{"action": [0.43531736731529236, -0.34835514426231384], "reward": 0.7194832957061615}