{"action": [0.4829052984714508, -0.49692651629447937], "reward": 0.5647315629732935}