{"action": [0.5070090293884277, -0.6106767654418945], "reward": -0.09160151481628417}