{"action": [0.3776549696922302, -0.32974356412887573], "reward": 0.7918074752149016}