{"action": [0.4869597256183624, -0.2969558537006378], "reward": 0.4470082994031325}