{"action": [0.5616844892501831, 0.0019545007962733507], "reward": 0.27140049041635}