{"action": [0.015028810128569603, 0.4107476770877838], "reward": 0.09092178801945136}