{"action": [0.423317015171051, -0.12758758664131165], "reward": 0.6484210983679192}