{"action": [0.4989461302757263, -0.045189499855041504], "reward": 0.7273507184689327}