{"action": [0.5909155607223511, -0.02797791175544262], "reward": 0.7060199377217273}