{"action": [0.28228867053985596, 7.510459545301273e-05], "reward": 0.43022977807623364}