{"action": [-1.0, 0.01359065342694521], "reward": -0.0020385876736330943}