{"action": [-1.0, 0.013602993451058865], "reward": -0.0020402275022189955}