{"action": [-1.0, 0.013611041009426117], "reward": -0.0020412500326408636}