{"action": [0.699999988079071, 0.002175049390643835], "reward": -2.0794541805586686}