{"action": [-1.0, 0.013598700985312462], "reward": -0.0020393321812328252}