{"action": [-1.0, 0.013593336567282677], "reward": -0.00203861051043841}