{"action": [0.699999988079071, 0.009181554429233074], "reward": -0.45556758602135644}