{"action": [-1.0, 0.013600310310721397], "reward": -0.0020397302623577935}