{"action": [-1.0, 0.013593873009085655], "reward": -0.0020390270912166828}