{"action": [0.699999988079071, 0.00742968637496233], "reward": -0.8677469988496596}