{"action": [0.699999988079071, 0.0025462659541517496], "reward": -0.6600659816808724}