{"action": [-1.0, 0.013555244542658329], "reward": -0.0020330514464686677}