{"action": [-1.0, 0.013564364984631538], "reward": -0.002034567041719898}