{"action": [-1.0, 0.013564364984631538], "reward": -0.0020343755223101727}