{"action": [0.699999988079071, 0.013927966356277466], "reward": 0.16403811047156122}