{"action": [0.699999988079071, 0.02071642503142357], "reward": 0.30134592733139715}