{"action": [0.41723746061325073, 0.6873895525932312], "reward": 0.7237902623262819}