{"action": [0.3806306719779968, 0.198554128408432], "reward": 0.6196153684951209}