{"action": [0.699999988079071, -0.0002304029476363212], "reward": -1.6330816144154872}