{"action": [0.5774364471435547, -0.045582931488752365], "reward": 0.6867216298106837}