{"action": [0.699999988079071, -0.000494298932608217], "reward": -1.9109616068941881}