{"action": [0.699999988079071, -0.07533007860183716], "reward": 0.6259119752309698}