{"action": [0.3765525817871094, -0.004951930604875088], "reward": 0.8439215622971407}