{"action": [0.5133969783782959, 0.02137354016304016], "reward": 0.7570807480189841}