{"action": [0.5111280083656311, 0.0014110830379649997], "reward": 0.7817522541028871}