{"action": [0.47107118368148804, 2.3833529212424764e-06], "reward": 0.8761592010090341}