{"action": [0.4213620126247406, 0.00013695335655938834], "reward": 0.9126951049274667}