{"action": [0.4148680567741394, 0.3373607397079468], "reward": 0.8144964127234676}