{"action": [0.5386577248573303, 0.800000011920929], "reward": 0.4052837554864918}