{"action": [0.3842729330062866, 0.6358566284179688], "reward": 0.6491353804569402}