{"action": [0.699999988079071, 0.7193926572799683], "reward": 0.027709935606232666}