{"action": [0.699999988079071, -0.008791003376245499], "reward": -2.4190024718819623}