{"action": [0.699999988079071, -0.00987771525979042], "reward": -1.8869418367425341}