{"action": [0.699999988079071, -0.007035641465336084], "reward": -2.190501073070165}