{"action": [0.699999988079071, -0.006197421811521053], "reward": -2.1594620803558784}