{"action": [0.699999988079071, -0.02512667141854763], "reward": -0.1154630066687884}