{"action": [0.699999988079071, -0.02545354515314102], "reward": 0.37528021463114986}