{"action": [0.699999988079071, 0.0026507286820560694], "reward": -1.9358335179015271}