{"action": [0.699999988079071, -5.479455467138905e-07], "reward": 8.879266773764033e-05}