{"action": [0.41275471448898315, -0.0002870218886528164], "reward": 0.8952968715786809}