{"action": [0.699999988079071, -0.0011405439581722021], "reward": 0.9396342948122878}