{"action": [0.699999988079071, -0.006778150796890259], "reward": 0.45125071426949304}