{"action": [0.699999988079071, -0.011833342723548412], "reward": 0.8976985303757818}