{"action": [0.699999988079071, -0.010517622344195843], "reward": 0.4342766881147789}