{"action": [0.699999988079071, -0.00927091483026743], "reward": 0.11011419945076369}