{"action": [0.699999988079071, 0.0014653708785772324], "reward": -3.4050660756573747}