{"action": [0.699999988079071, 0.0651208758354187], "reward": -1.6254470073978666}