{"action": [0.699999988079071, 0.13116919994354248], "reward": -1.121751068602727}