{"action": [0.699999988079071, 0.12021485716104507], "reward": -1.0831570274216484}