{"action": [0.699999988079071, 0.08164332807064056], "reward": -1.1840679626466746}