{"action": [0.699999988079071, 0.061312004923820496], "reward": -1.6793644664300387}