{"action": [0.699999988079071, 0.00018179578182753175], "reward": -3.3912368321558364}