{"action": [0.699999988079071, -1.0601283975120168e-06], "reward": 0.4403406719292667}