{"action": [0.699999988079071, -9.849202615441754e-05], "reward": 0.5903216976133852}