{"action": [0.699999988079071, -0.0003232471353840083], "reward": 0.7010877984810863}