{"action": [0.5420385599136353, -5.77940336370375e-05], "reward": 0.8663337946359077}