{"action": [0.3155667781829834, -0.005308295600116253], "reward": 0.4600501901603692}