{"action": [-1.0, -0.005302243400365114], "reward": 0.40989554049846955}