{"action": [-1.0, -0.007368310354650021], "reward": -0.0011049484100857743}