{"action": [-1.0, -0.0074117667973041534], "reward": -0.001111500051922547}