{"action": [-1.0, -0.007410693913698196], "reward": -0.0011113477686465814}