{"action": [-1.0, -0.007410693913698196], "reward": -0.001111350519742199}