{"action": [-1.0, -0.007414985913783312], "reward": -0.0011120282816354178}