{"action": [-1.0, -0.007408548146486282], "reward": -0.001111060768263743}