{"action": [0.504419207572937, 0.0033028102479875088], "reward": -1.3096988884068033}