{"action": [0.6440314054489136, 0.0006750027532689273], "reward": -0.700738173507151}