{"action": [0.699999988079071, -0.00700251804664731], "reward": 0.42600263938196115}