{"action": [0.699999988079071, -0.005516670644283295], "reward": 0.5832263006384449}