{"action": [0.4734855592250824, -0.001143096131272614], "reward": 0.8525207025898578}