{"action": [0.699999988079071, -0.01020873710513115], "reward": 0.666932602442445}