{"action": [0.699999988079071, -0.015707053244113922], "reward": 0.7660267227975148}