{"action": [0.5880812406539917, 0.003926553297787905], "reward": 0.773167135905712}