{"action": [0.699999988079071, 0.0288761667907238], "reward": 0.6691911968863391}