{"action": [0.699999988079071, 0.011694515123963356], "reward": 0.7422517325706498}