{"action": [0.4658622145652771, -0.019254816696047783], "reward": 0.7877186932432844}