{"action": [0.5048999190330505, -0.020326081663370132], "reward": 0.7926390413085721}