{"action": [0.5027788877487183, -0.020732976496219635], "reward": 0.799548468847829}