{"action": [0.45250487327575684, -0.017668334767222404], "reward": 0.8410700348573058}