{"action": [0.5045560002326965, -0.001008503371849656], "reward": 0.8003679544215937}