{"action": [0.5664390325546265, 0.0014945840230211616], "reward": 0.8130646931400777}