{"action": [0.5752010345458984, 0.0011536129750311375], "reward": 0.7987375324140272}