{"action": [0.699999988079071, -0.0009738875087350607], "reward": 0.20886987014871045}