{"action": [0.5616982579231262, 0.0020706108771264553], "reward": 0.7837368199448769}