{"action": [0.5081416368484497, 0.0018989407690241933], "reward": 0.8853081733800077}