{"action": [0.441067636013031, 0.0015842134598642588], "reward": 0.851044016995853}