{"action": [0.4386636018753052, 0.0016797934658825397], "reward": 0.9101064785593977}