{"action": [0.639928936958313, 0.006142690312117338], "reward": 0.7521961425528166}