{"action": [0.6597846746444702, -0.4912504553794861], "reward": 0.5086436986203228}