{"action": [0.4475554823875427, -0.3737415075302124], "reward": 0.7460969372314785}