{"action": [0.699999988079071, -0.0023934340570122004], "reward": 0.34088208845509227}