{"action": [0.6483516097068787, -0.24800227582454681], "reward": 0.5021864922191843}