{"action": [0.5045004487037659, -0.05816665664315224], "reward": 0.6806135637118699}