{"action": [0.699999988079071, -0.011121775954961777], "reward": 0.49301952493862705}