{"action": [0.46379756927490234, -0.00043941408512182534], "reward": 0.7764917044494645}