{"action": [0.6084039807319641, 0.027803005650639534], "reward": 0.769546499653043}