{"action": [0.6234931349754333, 0.01857258379459381], "reward": 0.7235467551589785}