{"action": [0.699999988079071, -0.010095391422510147], "reward": -0.2909600278692429}