{"action": [0.5662921667098999, -0.12777134776115417], "reward": 0.623355533292677}