{"action": [0.699999988079071, -0.6436158418655396], "reward": 0.3429021771291158}