{"action": [0.46309542655944824, -0.31896862387657166], "reward": -0.047845293581485746}