{"action": [0.43345963954925537, -0.3060302734375], "reward": 0.7675837462441513}