{"action": [0.45079004764556885, -0.29694217443466187], "reward": 0.790174292042517}