{"action": [0.4476606249809265, -0.29407089948654175], "reward": 0.802668769620447}