{"action": [0.45419371128082275, -0.3403620719909668], "reward": 0.7316313156504124}