{"action": [0.45195329189300537, -0.2406790554523468], "reward": 0.669281226716157}