{"action": [0.6444841027259827, -0.0028090125415474176], "reward": 0.6550244506317967}