{"action": [0.699999988079071, 0.00026462675305083394], "reward": 0.6030333953795243}