{"action": [0.699999988079071, 0.006618959829211235], "reward": 0.6541384585398002}