{"action": [0.699999988079071, 0.015623930841684341], "reward": 0.7197040232540973}