{"action": [-0.13255101442337036, -0.00941792968660593], "reward": -0.8416654469190908}