{"action": [0.6786942481994629, 0.011764944531023502], "reward": 0.7405170597770485}