{"action": [0.5038881897926331, 1.384907682222547e-05], "reward": 0.8701300633391176}