{"action": [0.6406994462013245, 0.0003910129889845848], "reward": 0.7693467658341737}