{"action": [0.48017123341560364, -0.0032353908754885197], "reward": 0.8046855575245347}