{"action": [0.5348232388496399, -0.005886655300855637], "reward": 0.7739376366847805}