{"action": [0.6158527135848999, -0.006869831588119268], "reward": 0.7843857243563456}