{"action": [0.5711828470230103, -0.010914280079305172], "reward": 0.7858002575443607}