{"action": [0.6071836352348328, -0.0693223774433136], "reward": 0.7836117872688749}