{"action": [0.6528886556625366, -0.5239208340644836], "reward": 0.5154816186629059}