{"action": [0.5911759734153748, -0.800000011920929], "reward": -0.03927873238997691}