{"action": [0.595048189163208, -0.3065192401409149], "reward": 0.3998874794977126}