{"action": [0.5818926095962524, -0.18259131908416748], "reward": 0.29792568164613176}