{"action": [0.699999988079071, -0.2654532492160797], "reward": 0.5036689511264163}