{"action": [0.4269995093345642, -0.00026830911519937217], "reward": 0.9234700899718868}