{"action": [0.6877533793449402, -0.06578738242387772], "reward": 0.8178383274238893}