{"action": [0.699999988079071, 0.0], "reward": 3.1069773306576536e-07}