{"action": [-1.0, 1.716618136526904e-08], "reward": 0.9325750818398542}