{"action": [-1.0, 0.0002586334303487092], "reward": 0.7614309132377471}