{"action": [0.4231812357902527, 1.0763407090053079e-06], "reward": 0.42362981828205}