{"action": [0.699999988079071, -0.00016103773668874055], "reward": 0.00656734398504788}