{"action": [-1.0, -0.00015934092516545206], "reward": -2.3765068604826024e-05}