{"action": [-1.0, -0.00015934092516545206], "reward": -2.378969722883891e-05}