{"action": [-1.0, -0.00015934092516545206], "reward": -2.382893929913138e-05}