{"action": [0.699999988079071, -0.00027524837059900165], "reward": 0.26903688620535615}