{"action": [0.699999988079071, -0.00013230317563284189], "reward": 0.7310632086130248}