{"action": [0.699999988079071, -0.00015146487567108124], "reward": 0.7210460046661248}