{"action": [0.5050411224365234, 0.0006485201884061098], "reward": 0.8534498920553004}