{"action": [0.589439332485199, -0.06419336795806885], "reward": 0.8185842610458014}