{"action": [0.4898441731929779, 0.000751789310015738], "reward": 0.8659009932561832}