{"action": [0.699999988079071, 0.0010639203246682882], "reward": 0.5266274359680907}