{"action": [0.699999988079071, 0.0004086031985934824], "reward": 0.5316256144916248}