{"action": [0.560179591178894, -0.06573525071144104], "reward": 0.8144417989168746}