{"action": [0.699999988079071, -0.07441924512386322], "reward": 0.7676449342505365}