{"action": [0.4964163303375244, -0.26599636673927307], "reward": 0.7907296462670541}