{"action": [0.42533400654792786, -0.732645571231842], "reward": 0.44325415542536034}