{"action": [0.38696086406707764, -0.6317676901817322], "reward": 0.486998354383361}