{"action": [0.5090460181236267, -0.057877954095602036], "reward": 0.8223938862672454}