{"action": [0.3737064003944397, -0.3170853555202484], "reward": -0.04756280332803726}