{"action": [0.3980252146720886, -0.27379974722862244], "reward": 0.7491549510851088}