{"action": [0.436471164226532, -0.1549082249403], "reward": 0.6403582819012323}