{"action": [0.699999988079071, -0.08385994285345078], "reward": 0.5150200857595493}