{"action": [0.699999988079071, -0.00901341438293457], "reward": 0.5136595824821061}