{"action": [0.699999988079071, 0.01188468188047409], "reward": 0.6581598399457377}