{"action": [0.699999988079071, 0.009410933591425419], "reward": 0.5775001888643436}