{"action": [0.3031373620033264, 0.011595938354730606], "reward": 0.46740872601161587}