{"action": [0.27451780438423157, -0.0027123158797621727], "reward": 0.44761326023633013}