{"action": [0.47541266679763794, -0.05213466286659241], "reward": 0.7418612236086575}