{"action": [-1.0, -0.004316690377891064], "reward": 0.14586867239389367}