{"action": [0.46332842111587524, -0.051720310002565384], "reward": 0.8132679046164137}