{"action": [-1.0, -0.004504465963691473], "reward": -0.0006756110055688526}