{"action": [-1.0, -0.004502319730818272], "reward": -0.00067516964757576}