{"action": [-1.0, -0.004500710405409336], "reward": -0.0006750230790146776}