{"action": [-1.0, -0.004498027730733156], "reward": -0.000674635644143319}