{"action": [0.699999988079071, -0.1474888026714325], "reward": 0.7033910271738325}