{"action": [0.699999988079071, -0.15899328887462616], "reward": 0.6816457522980132}