{"action": [-1.0, -0.004514659289270639], "reward": -0.0006771548218606024}