{"action": [0.31777727603912354, -0.015061290003359318], "reward": 0.4448399223982041}