{"action": [0.2451367825269699, -0.01543312706053257], "reward": 0.4628717649988944}