{"action": [0.3046252429485321, -0.013268616981804371], "reward": 0.4308137322643685}