{"action": [0.3621201515197754, -0.011489957571029663], "reward": 0.4456355988162076}