{"action": [0.35905829071998596, -0.014852439053356647], "reward": 0.4428520424871191}