{"action": [0.699999988079071, -0.04287007823586464], "reward": 0.5661516599702071}