{"action": [0.699999988079071, 0.019246811047196388], "reward": 0.524147717602769}