{"action": [0.699999988079071, 0.019116882234811783], "reward": 0.4997691355296999}