{"action": [0.699999988079071, 0.015561748296022415], "reward": 0.5427457308514236}