{"action": [0.699999988079071, 0.01057607401162386], "reward": 0.6330758787316252}