{"action": [-0.10280108451843262, 0.009353848174214363], "reward": 0.5375686865548104}