{"action": [-0.5854616761207581, 0.0008158303680829704], "reward": 0.7167598738272797}