{"action": [0.699999988079071, -0.20163117349147797], "reward": 0.698081336462204}