{"action": [0.699999988079071, -1.0746121006377507e-06], "reward": 0.5482798699003651}