{"action": [0.6471452713012695, -0.14784304797649384], "reward": 0.7596944577609355}