{"action": [0.25069254636764526, -0.0006010543438605964], "reward": 0.4734257493344549}