{"action": [-0.13103821873664856, 0.0033926537726074457], "reward": 0.5490433695872218}