{"action": [0.10385483503341675, 0.022081533446907997], "reward": 0.4643937459504117}