{"action": [0.699999988079071, 0.01130631286650896], "reward": 0.4767464409638634}