{"action": [0.699999988079071, 0.013515842147171497], "reward": 0.3976386685477418}