{"action": [0.699999988079071, 0.004280796740204096], "reward": 0.43519189572610745}