{"action": [0.699999988079071, 0.0035249157808721066], "reward": 0.5169359637322868}