{"action": [-1.0, -0.015313896350562572], "reward": -0.002295342665891823}