{"action": [-1.0, -0.015311213210225105], "reward": -0.0022965521912148455}