{"action": [0.44598934054374695, -0.10919814556837082], "reward": 0.6353103180748632}