{"action": [-1.0, -0.01532033458352089], "reward": -0.002297897928935811}