{"action": [-1.0, -0.015348768793046474], "reward": -0.002302272934760343}