{"action": [0.699999988079071, 2.033849887084216e-05], "reward": 0.008839226946756422}