{"action": [0.699999988079071, 8.130725473165512e-05], "reward": 0.8382899412051771}