{"action": [0.699999988079071, 0.006687931250780821], "reward": 0.792777674334109}