{"action": [0.6024945974349976, 0.003209487535059452], "reward": 0.8569917594746215}