{"action": [0.35552865266799927, 0.0037722832057625055], "reward": 0.93876324051551}