{"action": [0.699999988079071, 0.09143053740262985], "reward": 0.27595205544030593}