{"action": [-1.0, -0.05342427268624306], "reward": -0.007991766981642067}