{"action": [0.4756298065185547, -0.12535402178764343], "reward": 0.7166425302266346}