{"action": [-1.0, -0.17204353213310242], "reward": -0.02580631526927802}