{"action": [-1.0, -0.05352889001369476], "reward": -0.008029273852637662}