{"action": [-1.0, -0.05352889001369476], "reward": -0.00802932251507271}