{"action": [0.699999988079071, 0.09686290472745895], "reward": -0.014522364991537466}