{"action": [0.39613211154937744, -0.0037688622251152992], "reward": 0.8604609333748471}