{"action": [0.6199468970298767, -0.32451173663139343], "reward": 0.40611275581499656}