{"action": [0.699999988079071, -0.6104229092597961], "reward": 0.4542567265769682}