{"action": [0.699999988079071, -0.7269191741943359], "reward": 0.38549756569043336}