{"action": [0.699999988079071, 0.0015455820830538869], "reward": 0.1582813663663846}