{"action": [0.3942702114582062, -0.08318416774272919], "reward": 0.7576365240585671}