{"action": [0.4501233994960785, -0.42367440462112427], "reward": 0.4745678642998418}