{"action": [0.4605752229690552, -0.0004406328371260315], "reward": 0.8695375318358143}