{"action": [0.6377124190330505, -2.3190081265056506e-05], "reward": 0.7925772792085451}