{"action": [0.5620819330215454, -0.00011797696788562462], "reward": 0.8715596535059297}