{"action": [0.3968369960784912, 0.006398434285074472], "reward": 0.8868893925119339}