{"action": [0.6048712134361267, -0.027729148045182228], "reward": 0.7575879333800011}