{"action": [0.5531905889511108, 0.003884114557877183], "reward": 0.8145336213133161}