{"action": [0.41125598549842834, 0.022245898842811584], "reward": 0.8403710039436775}