{"action": [0.699999988079071, -0.0030928878113627434], "reward": 0.7298046204349988}