{"action": [0.699999988079071, -0.02547767013311386], "reward": 0.5415046464533972}