{"action": [0.4799523651599884, 0.03388291597366333], "reward": 0.7598217047964607}