{"action": [0.4016636312007904, 0.01667788438498974], "reward": 0.8668903430051565}