{"action": [0.42918509244918823, -0.0005418508662842214], "reward": 0.9232362880711442}