{"action": [-0.6007140278816223, 0.00074551667785272], "reward": 0.611110968527175}