{"action": [0.2930680811405182, -0.0018176578450948], "reward": 0.425923638087603}