{"action": [0.699999988079071, -2.431865020469104e-08], "reward": 0.5908567552154085}