{"action": [0.5823875069618225, -0.0007303536986000836], "reward": 0.8093111663221892}