{"action": [0.699999988079071, -0.0048776911571621895], "reward": 0.6374304178967074}