{"action": [0.38929980993270874, -0.004954562056809664], "reward": 0.9040138110532826}