{"action": [-1.0, 0.0033890793565660715], "reward": 0.16232197735837764}