{"action": [0.699999988079071, -0.004530791193246841], "reward": 0.551916167579238}