{"action": [0.601110577583313, 0.008754433132708073], "reward": 0.7700852469673566}