{"action": [0.699999988079071, 0.003604825586080551], "reward": 0.5840899728705528}