{"action": [0.6882879734039307, -0.001901108305901289], "reward": 0.7516725610267958}