{"action": [0.699999988079071, 0.010350514203310013], "reward": 0.7453148989750853}