{"action": [-0.9034196138381958, -0.0017876556375995278], "reward": 0.782589917624644}