{"action": [0.699999988079071, 0.003697615582495928], "reward": 0.13992293097263583}