{"action": [-1.0, -0.002825752831995487], "reward": -0.0003984184358026482}