{"action": [0.4083814024925232, 0.000575698388274759], "reward": 0.4263198593036426}