{"action": [-1.0, 0.002350949216634035], "reward": -0.00014663043863645962}