{"action": [0.4343484044075012, -0.002500945469364524], "reward": 0.49340640131651464}