{"action": [0.40149933099746704, -0.0001941180817084387], "reward": 0.4154965880880779}