{"action": [-1.0, -0.002825752831995487], "reward": -0.00041500355541175207}