{"action": [0.36366477608680725, -0.0047833663411438465], "reward": 0.45353010161676854}