{"action": [0.6701056957244873, -0.008772511035203934], "reward": 0.7848802295105165}