{"action": [0.2962084710597992, 0.008882231079041958], "reward": 0.42937105608675274}