{"action": [0.3627607524394989, 0.0037372636143118143], "reward": 0.4870905416857416}