{"action": [-1.0, -0.01378553919494152], "reward": 0.5186625336740329}