{"action": [0.699999988079071, 0.0024605283979326487], "reward": 0.2509501170857372}