{"action": [0.699999988079071, 0.0021027096081525087], "reward": 0.3467937984451846}