{"action": [0.699999988079071, -0.0026138070970773697], "reward": 0.677868421957806}