{"action": [-1.0, 0.010564785450696945], "reward": -0.0015837596923045033}