{"action": [-1.0, 0.0105540556833148], "reward": -0.0015816284101124885}