{"action": [0.5135332345962524, 0.004451313987374306], "reward": 0.793679857537739}