{"action": [-1.0, 0.01056854147464037], "reward": -0.0015846168600016101}