{"action": [0.5675190091133118, 0.004850036930292845], "reward": 0.7891694359516583}