{"action": [0.699999988079071, 0.010716057382524014], "reward": 0.06697096947267932}