{"action": [0.699999988079071, 0.010631890036165714], "reward": 0.006337908012467471}