{"action": [-1.0, 0.010574442334473133], "reward": -0.001585711768261755}