{"action": [-1.0, 0.010599657893180847], "reward": -0.0015895954042769833}