{"action": [-1.0, 0.010575516149401665], "reward": -0.001585850808259694}