{"action": [0.5085718035697937, 3.118224412901327e-06], "reward": 0.8965150305919563}