{"action": [0.699999988079071, 0.008843005634844303], "reward": 0.5146743479135125}