{"action": [0.699999988079071, -0.6620556712150574], "reward": 0.19158856985570025}