{"action": [0.699999988079071, -0.40255165100097656], "reward": 0.08800472369189305}