{"action": [0.40439456701278687, -0.20450501143932343], "reward": 0.8152346388988613}