{"action": [0.4506646990776062, -0.1171896755695343], "reward": 0.8695554232906597}