{"action": [0.699999988079071, 0.32361263036727905], "reward": -0.04846714282666204}