{"action": [0.6618332266807556, -0.0002090982161462307], "reward": 0.8468151054248022}