{"action": [0.699999988079071, -0.3716452419757843], "reward": 0.24809091234091346}