{"action": [0.699999988079071, -0.22660455107688904], "reward": 0.28197631361942965}