{"action": [0.48979130387306213, -0.30310457944869995], "reward": 0.5887676450727198}