{"action": [0.699999988079071, 0.002895084908232093], "reward": 0.46220465502232}