{"action": [0.699999988079071, -0.12940657138824463], "reward": 0.5476408736549013}