{"action": [0.699999988079071, -0.020132215693593025], "reward": 0.35953772766583697}