{"action": [0.5820922255516052, -0.00019763768068514764], "reward": 0.888480090288931}