{"action": [0.699999988079071, 0.005786602851003408], "reward": 0.5004176683628481}