{"action": [0.699999988079071, -0.009211885742843151], "reward": 0.5321308797242904}