{"action": [-1.0, -0.025364713743329048], "reward": 0.2643928683066727}