{"action": [-1.0, -0.02384641394019127], "reward": -0.0035768969566463862}