{"action": [-1.0, -0.020755499601364136], "reward": -0.0031131862629521848}