{"action": [0.699999988079071, -1.3262808352010325e-05], "reward": 0.4236286502810761}