{"action": [0.699999988079071, -0.016035225242376328], "reward": 0.7178537947956367}