{"action": [0.699999988079071, 0.0033774259500205517], "reward": -0.14591985643485336}