{"action": [0.699999988079071, 0.0017021893290802836], "reward": -0.5653400843903809}