{"action": [0.699999988079071, 0.002022770931944251], "reward": -3.0227973634414695}