{"action": [0.699999988079071, 0.007481837645173073], "reward": -2.3256988221846804}