{"action": [0.699999988079071, -0.030522653833031654], "reward": -2.197060954540125}