{"action": [0.018359318375587463, -0.018218103796243668], "reward": 0.6940931532258068}