{"action": [0.699999988079071, 0.019345063716173172], "reward": -2.0926855805550173}