{"action": [0.699999988079071, 0.0007491648430004716], "reward": -3.202921621783744}