{"action": [0.699999988079071, 0.006034288555383682], "reward": -2.707771880163591}