{"action": [0.699999988079071, 0.014461413957178593], "reward": -2.819434693714536}