{"action": [-1.0, -0.000907223904505372], "reward": -0.00013583249454089682}