{"action": [0.699999988079071, 0.019696710631251335], "reward": -2.0833359512647265}