{"action": [0.699999988079071, -0.008580667898058891], "reward": -3.1783837792641068}