{"action": [-0.9111788868904114, -0.0033500033896416426], "reward": 0.6494959157229699}