{"action": [0.699999988079071, 0.00234390189871192], "reward": 0.6851656156082332}