{"action": [-1.0, 0.00565848033875227], "reward": 0.19584163426657195}