{"action": [-1.0, -0.0009093699045479298], "reward": -0.00013617337039032194}