{"action": [0.699999988079071, -0.0017111318884417415], "reward": 0.6731302433356724}