{"action": [-1.0, 0.005595709662884474], "reward": -0.0007974341195057079}