{"action": [0.699999988079071, 0.0033062889706343412], "reward": 0.36555803919617996}