{"action": [0.699999988079071, 0.009255677461624146], "reward": 0.5054243056784901}