{"action": [0.5239736437797546, 0.0023505291901528835], "reward": 0.37057648302216994}