{"action": [0.699999988079071, 0.005386596545577049], "reward": 0.13247035544074923}