{"action": [-1.0, 0.0011963981669396162], "reward": 0.0396762825968623}