{"action": [-1.0, 0.0011808396084234118], "reward": -0.00016651008314714702}