{"action": [-1.0, -0.0009120524046011269], "reward": -0.00013676736069105064}