{"action": [0.699999988079071, 0.001079339999705553], "reward": 0.005589879685618666}