{"action": [0.699999988079071, -0.7108222246170044], "reward": 0.1822932756375621}