{"action": [0.699999988079071, 0.020557066425681114], "reward": 0.0035326908986472692}