{"action": [-1.0, 0.0011819126084446907], "reward": -0.00017692971478301063}