{"action": [0.699999988079071, -0.016562990844249725], "reward": 0.6168759100617033}