{"action": [0.5958886742591858, -0.04028112441301346], "reward": 0.5750901137155455}