{"action": [0.303547739982605, -0.12315277755260468], "reward": 0.36379817888089394}