{"action": [0.699999988079071, -0.37416061758995056], "reward": 0.4689896330720238}