{"action": [0.699999988079071, -0.3697926700115204], "reward": 0.5553522275831969}