{"action": [0.699999988079071, -0.06013417989015579], "reward": 0.481515455309805}