{"action": [0.614013671875, 0.0023544891737401485], "reward": 0.7977744127678082}