{"action": [0.34540849924087524, -0.2004488855600357], "reward": 0.2512149134364718}