{"action": [0.6415011286735535, 0.0018604426877573133], "reward": 0.7669387294514453}