{"action": [0.5751951336860657, 0.0038466774858534336], "reward": 0.8102196729160299}