{"action": [0.699999988079071, 0.004385044798254967], "reward": 0.7399697037401971}