{"action": [0.5406105518341064, 0.004366836044937372], "reward": 0.8030810996409989}