{"action": [0.45036616921424866, 0.007372189313173294], "reward": 0.8623025892312162}