{"action": [0.5176950693130493, 0.00284020253457129], "reward": 0.8647092941051916}