{"action": [0.650565505027771, 0.0036467367317527533], "reward": 0.7682082264267148}