{"action": [0.490317165851593, -8.589625394961331e-06], "reward": 0.8678602230002961}