{"action": [0.5255765914916992, 1.6276824226224562e-06], "reward": 0.8491321171686524}