{"action": [0.5461629629135132, 0.003810466732829809], "reward": 0.8009666906345589}