{"action": [0.699999988079071, 0.003961415495723486], "reward": 0.7241686665227741}