{"action": [0.699999988079071, -0.00017505776486359537], "reward": 0.587352252361904}