{"action": [0.5646499991416931, -0.0033405900467187166], "reward": 0.8196664732798911}