{"action": [0.44720953702926636, -0.005744498688727617], "reward": 0.8595402526636101}