{"action": [0.699999988079071, 0.06596020609140396], "reward": 0.5241955822333045}