{"action": [0.699999988079071, -0.009421835653483868], "reward": 0.6640596058160925}