{"action": [0.699999988079071, 0.09293045103549957], "reward": -0.013939327832604795}