{"action": [0.699999988079071, 0.022502858191728592], "reward": 0.6713845010318725}