{"action": [0.3979761302471161, -0.010725357569754124], "reward": 0.8979767909116496}