{"action": [0.4386212229728699, 0.004253660328686237], "reward": 0.8361890030585128}