{"action": [0.43006980419158936, -0.006078483536839485], "reward": 0.8636295338629356}