{"action": [0.5103086233139038, -0.0035687540657818317], "reward": 0.820374158805865}