{"action": [0.699999988079071, -0.0008408657740801573], "reward": 0.5685359216172847}