{"action": [0.3803016245365143, -0.006953938864171505], "reward": 0.8794119681844894}