{"action": [0.699999988079071, 0.0928904190659523], "reward": -0.01387909163583391}