{"action": [0.6969330906867981, -0.005162507761269808], "reward": 0.7320640085435652}