{"action": [0.3833727240562439, 0.009701442904770374], "reward": 0.8900131352041938}