{"action": [0.33130472898483276, 0.0012922383612021804], "reward": 0.9456069122719267}