{"action": [0.699999988079071, -0.003214888973161578], "reward": 0.6688107189664446}