{"action": [0.46233323216438293, 0.01357718463987112], "reward": 0.8264971497494995}