{"action": [0.5219212770462036, 0.01043970137834549], "reward": 0.811227142117002}