{"action": [0.46033233404159546, -0.004825126845389605], "reward": 0.8609733110339579}