{"action": [0.699999988079071, -0.005487170536071062], "reward": 0.670014646401172}