{"action": [0.5743972659111023, -0.006302969995886087], "reward": 0.7974836315861116}