{"action": [0.699999988079071, -7.512187585234642e-05], "reward": 0.7198252890507519}