{"action": [0.6154258251190186, -0.005380693357437849], "reward": 0.7823291972495718}