{"action": [0.5759500861167908, -0.00011856937635457143], "reward": 0.8626914504556383}