{"action": [0.699999988079071, 0.00011062723206123337], "reward": 0.6165306593925063}