{"action": [0.699999988079071, -0.0005765245296061039], "reward": 0.7172218122615085}