{"action": [0.699999988079071, -0.005368764977902174], "reward": 0.6459371310755732}