{"action": [0.5274327397346497, -0.0037657138891518116], "reward": 0.8047959804034513}