{"action": [0.4518408179283142, -0.007245596963912249], "reward": 0.8590413603037507}