{"action": [0.4252671003341675, 0.007337919436395168], "reward": 0.4641892154866081}