{"action": [0.12533831596374512, 0.012341607362031937], "reward": 0.5053023732883137}