{"action": [0.699999988079071, 0.005462275352329016], "reward": 0.4385680000356562}