{"action": [0.5561298727989197, -0.006165257655084133], "reward": 0.7604237786583907}