{"action": [0.699999988079071, 0.005126554518938065], "reward": 0.36033745209885687}