{"action": [0.17455171048641205, 0.0028593388851732016], "reward": 0.6157282873744606}