{"action": [-1.0, 0.0040451777167618275], "reward": 0.5496503555095061}