{"action": [0.2528311014175415, 0.008145707659423351], "reward": 0.46575018126971957}