{"action": [0.5218245387077332, 0.000279937987215817], "reward": 0.7586564467072803}