{"action": [0.44634202122688293, 0.3219712972640991], "reward": 0.6766526580356733}