{"action": [0.699999988079071, -0.007105091121047735], "reward": 0.2076119991429388}