{"action": [0.48464664816856384, 0.5445200204849243], "reward": 0.6385646272370381}