{"action": [0.6242744326591492, 0.1172957792878151], "reward": 0.6053090804917296}