{"action": [0.4020175337791443, 0.24910230934619904], "reward": 0.5779086264955728}