{"action": [-1.0, 0.0028941610362380743], "reward": 0.5132019687100933}