{"action": [0.699999988079071, -0.007248625159263611], "reward": 0.23124104902532053}