{"action": [0.699999988079071, -0.009772918187081814], "reward": 0.6366536422391234}