{"action": [0.30378401279449463, -0.18280287086963654], "reward": -0.02742043063044548}