{"action": [0.6801329255104065, 0.054280947893857956], "reward": 0.7467914401214211}