{"action": [0.699999988079071, 0.001381876296363771], "reward": 0.6814909796134359}