{"action": [0.643858015537262, -0.00868713017553091], "reward": 0.7081073808909839}