{"action": [0.699999988079071, 9.97006850411708e-07], "reward": 0.6434153701296018}