{"action": [0.699999988079071, -0.014133742079138756], "reward": 0.6359138822136456}