{"action": [0.699999988079071, 0.0028021715115755796], "reward": 0.7879894789900072}