{"action": [0.5954788327217102, -0.1433418095111847], "reward": 0.5694196217158064}