{"action": [0.699999988079071, 0.004641005769371986], "reward": 0.3273885444155036}