{"action": [0.21739113330841064, 0.02340126596391201], "reward": 0.8340209206891428}