{"action": [0.2964717745780945, 0.03516080603003502], "reward": 0.8232509696535811}