{"action": [0.699999988079071, -0.3237323462963104], "reward": 0.39445987138259886}