{"action": [0.22542257606983185, -0.026501238346099854], "reward": 0.8709441199652765}