{"action": [0.4313544034957886, -0.0017780415946617723], "reward": 0.8878029325368363}