{"action": [0.5711013674736023, 0.005789941642433405], "reward": 0.7831186211485455}