{"action": [0.41518062353134155, -0.002838981105014682], "reward": 0.9447069191052707}