{"action": [0.6593250036239624, -0.00018589470710139722], "reward": 0.750415550582868}