{"action": [0.699999988079071, -0.07120358943939209], "reward": 0.6730675194529717}