{"action": [0.44430291652679443, -0.0024797189980745316], "reward": 0.9019481645599648}