{"action": [0.6622008681297302, 0.0010809332598000765], "reward": 0.6940188883247627}