{"action": [0.534474790096283, -0.0017498210072517395], "reward": 0.8581717397305383}