{"action": [0.699999988079071, -7.008311513345689e-07], "reward": 0.7254488070906167}