{"action": [0.699999988079071, 0.008831779472529888], "reward": 0.7235144888422305}