{"action": [0.6989359259605408, 0.014802461490035057], "reward": 0.6598321383488424}