{"action": [0.5583953857421875, 0.0005632147076539695], "reward": 0.8288619682774986}