{"action": [0.4296872615814209, 0.00022390061349142343], "reward": 0.8542361981530497}