{"action": [0.4558763802051544, 0.0014137240359559655], "reward": 0.907224399054634}