{"action": [0.699999988079071, -0.0003786001761909574], "reward": 0.35900360177228124}