{"action": [0.699999988079071, 0.016643453389406204], "reward": 0.5376662573001506}