{"action": [0.49761834740638733, 0.0013715078821405768], "reward": 0.8849153948005192}