{"action": [0.699999988079071, -0.23856620490550995], "reward": 0.5444358570135176}