{"action": [0.699999988079071, 0.028293777257204056], "reward": 0.4904958677579683}