{"action": [0.6256706714630127, 0.006366119720041752], "reward": 0.7708180866497462}