{"action": [0.610101580619812, -0.02878808043897152], "reward": 0.6670935077416349}