{"action": [0.3525506556034088, -0.006336652673780918], "reward": 0.8690207212996609}