{"action": [0.4210912585258484, -0.21100205183029175], "reward": 0.6919691392074512}