{"action": [0.699999988079071, 0.003216099226847291], "reward": 0.6913405447272768}