{"action": [0.5565787553787231, -0.31177812814712524], "reward": 0.756940247723494}