{"action": [0.6577483415603638, 0.0013136928901076317], "reward": 0.805899494397181}