{"action": [0.699999988079071, 0.018149323761463165], "reward": 0.41395590488225786}