{"action": [0.5839378237724304, -0.041788168251514435], "reward": 0.7237080930410899}