{"action": [0.699999988079071, -0.028689296916127205], "reward": 0.602494184909529}