{"action": [0.4814842641353607, -0.011148307472467422], "reward": 0.8398454637169284}