{"action": [0.39985549449920654, -0.15123184025287628], "reward": 0.6193023411619157}