{"action": [0.516852855682373, -0.010043906047940254], "reward": -5.300257929760208}