{"action": [0.5183907747268677, -0.007771581411361694], "reward": -5.341272127877549}