{"action": [0.699999988079071, -0.06206011027097702], "reward": 0.41417521293891607}