{"action": [0.699999988079071, 0.0030682547949254513], "reward": -4.822185342821329}