{"action": [0.5297122001647949, -0.003008628264069557], "reward": -5.006952571489686}