{"action": [0.5154423117637634, -0.009757011197507381], "reward": -5.312703624906133}