{"action": [0.699999988079071, 0.004238766618072987], "reward": 0.8467586468560343}