{"action": [0.525992214679718, -0.0038001711945980787], "reward": 0.8377206395659165}