{"action": [0.4303605556488037, -0.0001270951033802703], "reward": 0.869881344916814}