{"action": [0.699999988079071, 0.02974337711930275], "reward": -0.0044611436294287755}