{"action": [0.699999988079071, 0.028227882459759712], "reward": 0.2213298563299255}