{"action": [0.699999988079071, 0.1726652830839157], "reward": -0.025899792462587355}