{"action": [0.699999988079071, -0.06548874080181122], "reward": 0.10313974650787361}