{"action": [0.699999988079071, -0.06498930603265762], "reward": 0.03539772348838232}