{"action": [0.699999988079071, -0.0072046550922095776], "reward": 0.6156356360238162}