{"action": [0.699999988079071, 0.0014734892174601555], "reward": 0.5084286861794582}