{"action": [0.699999988079071, -0.01658105105161667], "reward": 0.03753727301348097}