{"action": [0.699999988079071, 0.0005565578467212617], "reward": 0.9054530763935374}