{"action": [0.699999988079071, -0.009210842661559582], "reward": 0.27372433639185095}