{"action": [0.699999988079071, -0.01582774706184864], "reward": -1.0504938627563605}