{"action": [0.699999988079071, 0.0010727132903411984], "reward": 0.5801623160514221}