{"action": [0.19901852309703827, 0.00031827183556742966], "reward": -0.023739412796533382}