{"action": [0.699999988079071, 0.023456087335944176], "reward": 0.6948578375772143}