{"action": [0.5810337066650391, 0.012640812434256077], "reward": 0.7819384454436108}