{"action": [0.27883946895599365, 0.00016146028065122664], "reward": 0.8052941386371392}