{"action": [-1.0, -0.0019576936028897762], "reward": -0.00019931899531300091}