{"action": [0.699999988079071, 0.005851253867149353], "reward": 0.4925798758257858}