{"action": [0.0904063954949379, 0.010155804455280304], "reward": 0.49799920477883836}