{"action": [0.699999988079071, 0.0006665061227977276], "reward": 0.5766534229008251}