{"action": [0.1165941134095192, 0.008249245584011078], "reward": 0.7819479584128209}