{"action": [-1.0, -0.0021651755087077618], "reward": -0.00032253646557453477}