{"action": [-1.0, -0.0018541488097980618], "reward": -0.00027453229596040914}