{"action": [-1.0, -0.0019582300446927547], "reward": -0.00027377038974419054}