{"action": [-1.0, -0.0019399890443310142], "reward": -0.0002907583486894338}