{"action": [-1.0, -0.00194481760263443], "reward": -0.00029095981484582317}