{"action": [-1.0, -0.0019442810444161296], "reward": -0.0002914826454925762}