{"action": [-1.0, -0.0019528651610016823], "reward": -0.00029247080910185585}