{"action": [-1.0, -0.0019453541608527303], "reward": -0.0002915793913539135}