{"action": [0.16385577619075775, -0.0044571333564817905], "reward": 0.5168425725649926}