{"action": [0.699999988079071, -0.18883705139160156], "reward": 0.3811277318796823}