{"action": [0.11259563267230988, 0.0022298642434179783], "reward": 0.5111919176932737}