{"action": [0.699999988079071, -0.08292970061302185], "reward": 0.4873618936560277}