{"action": [0.10247598588466644, 0.003359702881425619], "reward": 0.5077788573174927}