{"action": [0.10210654884576797, 0.0034939658362418413], "reward": 0.5148045797659632}