{"action": [0.3299906253814697, -0.0022970372810959816], "reward": 0.9453421125557134}