{"action": [0.05165388807654381, 0.004492863547056913], "reward": 0.5152562193561177}