{"action": [0.3814391493797302, 0.0002781842486001551], "reward": 0.4518145339989857}