{"action": [0.699999988079071, 0.12125945091247559], "reward": -0.018188917636871336}