{"action": [0.699999988079071, 0.7410587072372437], "reward": -0.11115880608558655}