{"action": [0.699999988079071, -0.16407908499240875], "reward": 0.5607314241568929}