{"action": [0.32971101999282837, 0.013367767445743084], "reward": 0.8703479338673358}