{"action": [0.2819893956184387, 0.007656133733689785], "reward": 0.9296460276349223}