{"action": [0.3332540690898895, 0.013617511838674545], "reward": 0.8980232699921836}