{"action": [0.21344353258609772, -0.01648634485900402], "reward": 0.9338951853593074}