{"action": [0.3082968294620514, -0.08507402241230011], "reward": 0.7459037384747192}