{"action": [0.21486793458461761, -0.011990450322628021], "reward": 0.9188264399247859}