{"action": [0.26217445731163025, 0.004068681038916111], "reward": 0.8799960534678326}