{"action": [0.2314225435256958, 0.002857203595340252], "reward": 0.9362284456213037}