{"action": [0.21826478838920593, -0.013416310772299767], "reward": 0.9114136858721045}