{"action": [0.24002307653427124, 0.0008453160990029573], "reward": 0.8887322966095568}