{"action": [0.21235986053943634, -0.03126734867691994], "reward": 0.9083501126852417}