{"action": [0.699999988079071, -0.0006398755358532071], "reward": -0.14805959018648193}