{"action": [0.699999988079071, -0.003877390641719103], "reward": -0.42465566801117965}