{"action": [0.699999988079071, -0.0017672848189249635], "reward": -1.9140572509165923}