{"action": [0.699999988079071, -0.011255371384322643], "reward": -1.8291236775211919}