{"action": [0.699999988079071, -0.004161054268479347], "reward": -0.8493523867865524}