{"action": [0.699999988079071, 0.05597429722547531], "reward": -2.5081478635103123}