{"action": [0.699999988079071, -0.005281196441501379], "reward": 0.0682800732784674}