{"action": [0.6802740693092346, 4.302382421883522e-06], "reward": -3.905540460753029}