{"action": [0.699999988079071, -0.0011610393412411213], "reward": 0.9215124713218628}