{"action": [0.699999988079071, -0.002096607116982341], "reward": 0.920753074885357}