{"action": [0.699999988079071, -0.019318504258990288], "reward": -2.314374792163032}