{"action": [0.23933878540992737, 0.001897625159472227], "reward": 0.8890649526650485}