{"action": [0.699999988079071, -0.07041089236736298], "reward": -0.010427685680844692}