{"action": [-1.0, -0.004815636668354273], "reward": 0.07156028757986503}