{"action": [0.699999988079071, -0.008505319245159626], "reward": -2.013145347334511}