{"action": [0.699999988079071, -0.07184063643217087], "reward": -0.01077341554426967}