{"action": [0.699999988079071, -0.07040680944919586], "reward": -0.01054142692996593}