{"action": [0.21989859640598297, 0.0016401571920141578], "reward": 0.9472917748352865}