{"action": [0.2701767385005951, 0.003976394888013601], "reward": 0.9437376129071258}