{"action": [0.699999988079071, -0.00333365797996521], "reward": 0.5219316881655327}