{"action": [0.6495923399925232, -0.056191686540842056], "reward": 0.6814741431186679}