{"action": [0.19763681292533875, -0.0008327378891408443], "reward": 0.9428698071421682}