{"action": [0.21144768595695496, 0.0007324282778427005], "reward": 0.9121162013586652}