{"action": [0.25414028763771057, -0.0026800737250596285], "reward": 0.9520303610933682}