{"action": [0.26580414175987244, 0.010777264833450317], "reward": 0.9188547170259915}