{"action": [0.23357316851615906, 0.003547940868884325], "reward": 0.9162385266055183}