{"action": [0.34037482738494873, -0.0010709412163123488], "reward": 0.9001574948134323}