{"action": [0.21550405025482178, 6.136983574833721e-05], "reward": 0.9368204899209995}