{"action": [0.2437572479248047, -0.0012163964565843344], "reward": 0.9653968596278271}