{"action": [0.3305194675922394, 0.002256229519844055], "reward": 0.9549082002314658}