{"action": [0.2219725400209427, 0.000225248935748823], "reward": 0.9728217623256198}