{"action": [0.699999988079071, -0.004419110715389252], "reward": 0.3835440316515307}