{"action": [0.5210679173469543, -0.0065416693687438965], "reward": 0.8335496460435725}