{"action": [0.32843101024627686, 0.0037388892378658056], "reward": 0.9041152961454431}