{"action": [0.699999988079071, -0.0013494431041181087], "reward": 0.47793600931809993}