{"action": [0.24410660564899445, -7.426202046190156e-06], "reward": 0.971199055880584}