{"action": [0.2231610268354416, -0.005781164858490229], "reward": 0.9221384861363251}