{"action": [0.24587829411029816, 0.0008449277374893427], "reward": 0.9137236015949306}