{"action": [0.22216589748859406, -2.4176120859920047e-05], "reward": 0.9749271612111648}