{"action": [0.41222310066223145, -0.0015575579600408673], "reward": 0.41987131780664816}