{"action": [0.2497597634792328, -0.08216536045074463], "reward": 0.7126212120419172}