{"action": [0.6372354626655579, -0.5114094614982605], "reward": 0.6046752438810499}