{"action": [0.26637372374534607, -0.10287625342607498], "reward": 0.7883306254325313}