{"action": [0.38664162158966064, -0.0023838537745177746], "reward": 0.55455072289584}