{"action": [0.31111955642700195, -0.0046582091599702835], "reward": 0.6716275979962951}