{"action": [0.2480550855398178, -0.004270094446837902], "reward": 0.9355777806614713}