{"action": [0.6652125716209412, -0.396585077047348], "reward": 0.6721765197655154}