{"action": [0.23227106034755707, -0.10532640665769577], "reward": 0.6610277804058157}