{"action": [0.32799166440963745, -0.0022600130178034306], "reward": 0.9299501375205415}