{"action": [0.6952831745147705, -0.5746089220046997], "reward": 0.4409157960555659}