{"action": [0.38576555252075195, -0.004370494280010462], "reward": 0.9015865652252018}