{"action": [0.4028995931148529, -0.023421552032232285], "reward": 0.804759016993477}