{"action": [0.509242832660675, -0.0531640499830246], "reward": 0.8160519268056096}