{"action": [0.6486481428146362, -0.07164906710386276], "reward": 0.505939165159859}