{"action": [0.416246235370636, -0.1033049002289772], "reward": 0.7101711405303922}