{"action": [0.699999988079071, -0.10290654748678207], "reward": 0.45918214500155324}