{"action": [0.6380820274353027, -0.007343627512454987], "reward": 0.7381536547881035}