{"action": [0.698677122592926, 0.4431314766407013], "reward": 0.4438887737240438}