{"action": [0.699999988079071, -0.002862863475456834], "reward": 0.6532512218496488}