{"action": [0.2676665484905243, -0.011396398767828941], "reward": 0.9191131005689037}