{"action": [0.3624243140220642, 0.21420694887638092], "reward": 0.6634055527363448}