{"action": [0.42541322112083435, -0.0027708131819963455], "reward": 0.8899780448355561}