{"action": [0.699999988079071, -0.40212520956993103], "reward": 0.29863732609660115}