{"action": [0.23004522919654846, 0.0030999178998172283], "reward": 0.9512745041303616}