{"action": [0.20385734736919403, 0.0007292460068129003], "reward": 0.9484009109035061}