{"action": [0.22475695610046387, 0.0025246883742511272], "reward": 0.9527408615990283}