{"action": [0.3161298930644989, 0.01681569032371044], "reward": 0.8891564341039846}