{"action": [0.2990373373031616, -4.1523511754348874e-05], "reward": 0.9540961330782979}