{"action": [0.22826844453811646, 0.005495399236679077], "reward": 0.9401880391401005}