{"action": [0.28495296835899353, 0.0011782736983150244], "reward": 0.9070690774318592}