{"action": [0.35094794631004333, -0.0005616853595711291], "reward": 0.9156208214646926}