{"action": [0.40126872062683105, -0.01649569161236286], "reward": 0.8486747821859595}