{"action": [0.25022950768470764, 0.0022275294177234173], "reward": 0.9561727480307143}