{"action": [0.699999988079071, -0.14873403310775757], "reward": 0.38947624451684887}