{"action": [0.20943529903888702, 0.005911123473197222], "reward": 0.9328938510982115}