{"action": [0.18174585700035095, -0.0035699247382581234], "reward": 0.9467468022190619}