{"action": [0.23919014632701874, 0.00456285523250699], "reward": 0.9438934371802813}