{"action": [0.3448864817619324, -0.004048539791256189], "reward": 0.9268070069376447}