{"action": [0.20978520810604095, 0.0014423276297748089], "reward": 0.9386807600722732}