{"action": [0.21174566447734833, 0.0020294408313930035], "reward": 0.9378777231717773}