{"action": [0.2167447954416275, 0.005899632815271616], "reward": 0.9353622335018079}