{"action": [0.6213058233261108, -0.015635831281542778], "reward": 0.6963748808288757}