{"action": [0.699999988079071, -0.05329866707324982], "reward": 0.670423156391121}