{"action": [0.21349747478961945, 0.0023570628836750984], "reward": 0.9486433675141488}