{"action": [0.3169676661491394, 0.0054787276312708855], "reward": 0.9030669336006523}