{"action": [0.2953985333442688, -0.009488041512668133], "reward": 0.9248008252306432}