{"action": [0.2694748640060425, 0.060063350945711136], "reward": 0.9055922896059886}