{"action": [0.699999988079071, -0.01587015762925148], "reward": 0.6851939706244836}