{"action": [0.24302880465984344, 0.12284686416387558], "reward": 0.5977310111224038}