{"action": [0.20889337360858917, -2.3995818992261775e-05], "reward": 0.8896719945309418}