{"action": [0.5324982404708862, 0.6285257339477539], "reward": 0.3822367345109685}