{"action": [0.3536078929901123, -0.00216963654384017], "reward": 0.9083433283081618}