{"action": [0.5229735374450684, -0.0021216273307800293], "reward": 0.857378018718427}