{"action": [0.14187556505203247, -3.222810119041242e-05], "reward": 0.4760159792025404}