{"action": [0.14657951891422272, 0.004687519744038582], "reward": 0.48310463701845197}