{"action": [-1.0, 0.006850586272776127], "reward": -0.0009423362790719702}