{"action": [-1.0, 0.006853268947452307], "reward": -0.0010259326669058897}