{"action": [0.3248647153377533, -0.002791175153106451], "reward": 0.9307086310771929}