{"action": [0.4363498091697693, -0.014875134453177452], "reward": 0.8500788308312263}