{"action": [-1.0, 0.006848976947367191], "reward": -0.0010258569696297187}