{"action": [-1.0, 0.006850049830973148], "reward": -0.0010051685991832307}