{"action": [0.42642882466316223, 0.0005655884160660207], "reward": 0.8411240078177696}