{"action": [0.6443880796432495, 0.02020270749926567], "reward": 0.7067513124650447}