{"action": [0.699999988079071, 0.0013095459435135126], "reward": 0.6762180523533382}