{"action": [0.1259937584400177, 0.015160162933170795], "reward": 0.45810364339212656}