{"action": [-1.0, 0.005836599040776491], "reward": -0.0008748355027194818}