{"action": [0.699999988079071, 0.006379854865372181], "reward": 0.640769451847581}