{"action": [0.699999988079071, 0.026141531765460968], "reward": 0.37016101358333897}