{"action": [0.699999988079071, 0.009066100232303143], "reward": 0.6438834289053034}