{"action": [0.699999988079071, 0.010180647484958172], "reward": 0.5445583073636908}