{"action": [-1.0, 0.005837671924382448], "reward": -0.0008477510953325337}