{"action": [0.32962051033973694, 0.010836592875421047], "reward": 0.45180122560640024}