{"action": [0.3028465509414673, 0.009787308052182198], "reward": 0.46820699905001906}