{"action": [0.2888779640197754, 0.011635093949735165], "reward": 0.4514741276415867}