{"action": [0.6603001356124878, 0.00037375951069407165], "reward": 0.7999230189738875}