{"action": [0.699999988079071, -0.1278163492679596], "reward": 0.4257048612905202}