{"action": [0.20378686487674713, 0.010910158976912498], "reward": 0.46078276674818747}