{"action": [0.4104859232902527, -0.049930378794670105], "reward": 0.8014801616716768}