{"action": [0.5959993600845337, -0.48800191283226013], "reward": 0.4987043550218405}