{"action": [-1.0, 0.004728186875581741], "reward": -0.0006140495897864254}