{"action": [0.2749255299568176, -0.0029984740540385246], "reward": 0.4418733515564088}