{"action": [0.5829774141311646, -0.014927994459867477], "reward": 0.7535559999241986}