{"action": [0.699999988079071, 0.0007347148493863642], "reward": 0.3493215057369686}