{"action": [0.07503382861614227, -0.008957588113844395], "reward": 0.4350342156167719}