{"action": [-1.0, 0.015265216119587421], "reward": -0.0022873029714069897}