{"action": [-1.0, 0.004722821991890669], "reward": -0.0007074743810591643}