{"action": [0.5546972751617432, -1.1262892485319753e-06], "reward": 0.35575188743690916}