{"action": [-1.0, 0.004737307317554951], "reward": -0.000710342572169826}