{"action": [0.699999988079071, -0.004539365880191326], "reward": 0.7389784672966109}