{"action": [-1.0, 0.004735697992146015], "reward": -0.000710207749006448}