{"action": [-1.0, 0.004731942433863878], "reward": -0.0007097127113763394}