{"action": [-1.0, 0.004735697992146015], "reward": -0.0007097382874775365}