{"action": [0.699999988079071, 0.008247913792729378], "reward": 0.39886021607065225}