{"action": [0.2791370153427124, -0.5918089151382446], "reward": 0.2769408480274579}