{"action": [0.2484908401966095, -0.24502265453338623], "reward": 0.3694647961130329}