{"action": [0.3405068516731262, -0.800000011920929], "reward": 0.19288929197380256}