{"action": [0.699999988079071, -0.36505523324012756], "reward": 0.298937044145201}