{"action": [0.699999988079071, 7.612825811520452e-06], "reward": 0.7225434152371144}