{"action": [0.4965415894985199, 0.004804302006959915], "reward": 0.8434160827439039}