{"action": [0.699999988079071, 5.407691060099751e-05], "reward": 0.6807811019305552}