{"action": [0.699999988079071, -0.010211439803242683], "reward": 0.6948523581986289}