{"action": [0.6512999534606934, 0.010504978708922863], "reward": 0.6978231742059897}