{"action": [0.699999988079071, -0.01010169368237257], "reward": 0.7208323299407406}