{"action": [0.699999988079071, -0.1604018658399582], "reward": 0.5352435620269019}