{"action": [0.699999988079071, -0.6570590734481812], "reward": -0.06840635953985315}