{"action": [0.4101800322532654, 0.0022021832410246134], "reward": 0.928813406498884}