{"action": [0.6121736168861389, 0.006043196655809879], "reward": 0.7671145601498879}