{"action": [0.5327696800231934, -0.015693003311753273], "reward": 0.8180287140331118}