{"action": [-0.08111622184515, 0.036985643208026886], "reward": 0.8092124981032216}