{"action": [0.699999988079071, 0.0016237065428867936], "reward": 0.6542738996754817}