{"action": [0.699999988079071, 0.0036783029790967703], "reward": 0.7500499670088495}