{"action": [0.44978949427604675, -0.0017687211511656642], "reward": 0.9040721440937325}