{"action": [0.699999988079071, 0.0006504587363451719], "reward": 0.5865201440684896}