{"action": [0.699999988079071, 6.223572563612834e-05], "reward": 0.6751688036470149}