{"action": [0.699999988079071, 0.015841124579310417], "reward": 0.5076695420415167}