{"action": [0.6325327754020691, 9.405397577211261e-05], "reward": 0.8187253257393322}