{"action": [0.6116714477539062, -0.0038966313004493713], "reward": 0.8069939691098077}