{"action": [0.5832711458206177, -0.0006798597169108689], "reward": 0.8171891906639605}