{"action": [0.699999988079071, -0.03457515686750412], "reward": 0.6069716518183065}