{"action": [0.699999988079071, 0.009317240677773952], "reward": 0.4107220689197946}