{"action": [0.3301927447319031, 0.001164580462500453], "reward": 0.5465291372336585}