{"action": [0.5714495778083801, 0.007535656914114952], "reward": 0.8101773412150424}