{"action": [0.47341910004615784, 0.006733528338372707], "reward": 0.8689934896266386}