{"action": [0.4082685112953186, 0.0006126230000518262], "reward": 0.4943084756805093}