{"action": [0.10941225290298462, -0.0009329546592198312], "reward": 0.5510231703063373}