{"action": [0.699999988079071, -0.007831540890038013], "reward": 0.4417570645319919}