{"action": [0.5479212999343872, -0.0019273277139291167], "reward": 0.8681512855501432}