{"action": [0.2992513179779053, 0.01173202320933342], "reward": 0.4423432176630395}