{"action": [0.6317046284675598, -0.3147437870502472], "reward": 0.6933683479748088}