{"action": [0.5303894281387329, -0.027710406109690666], "reward": 0.7611520082673213}