{"action": [0.5455670952796936, -0.3916909992694855], "reward": 0.6263526555305213}