{"action": [0.699999988079071, -0.6846235990524292], "reward": 0.24359302348084294}