{"action": [0.5894023180007935, -0.2881871461868286], "reward": 0.6683958797068835}