{"action": [-1.0, 0.008777699433267117], "reward": -0.0013160704620114503}