{"action": [0.506454586982727, 0.00010348307841923088], "reward": 0.8800510952044553}