{"action": [0.699999988079071, 0.007230656687170267], "reward": 0.6687060694211542}