{"action": [0.5878998041152954, 0.005433543119579554], "reward": 0.8076823343620491}