{"action": [-1.0, 0.009302398189902306], "reward": 0.13270786154451236}