{"action": [-1.0, 0.008774480782449245], "reward": -0.0013092781779097931}