{"action": [0.4795157313346863, -0.2528277039527893], "reward": 0.6876739143875655}