{"action": [0.699999988079071, -0.002654647920280695], "reward": 2.4645175793338767e-05}