{"action": [-1.0, 0.00878521054983139], "reward": -0.001237356345129509}