{"action": [0.4179701805114746, 0.0023595632519572973], "reward": 0.9141872275957507}