{"action": [0.5157794952392578, -0.0018710040021687746], "reward": 0.8736560927870606}