{"action": [0.699999988079071, -0.017973635345697403], "reward": 0.5700899060502594}