{"action": [0.43648606538772583, 0.0004933892632834613], "reward": 0.9013655777249882}