{"action": [0.3385874629020691, -0.021390195935964584], "reward": 0.8983346511895812}