{"action": [0.699999988079071, 0.010800437070429325], "reward": 0.6087910280834995}