{"action": [0.3769325017929077, 0.00018648851255420595], "reward": 0.4488120193679095}