{"action": [0.3520762026309967, 0.0001323765463894233], "reward": 0.45625807210353436}