{"action": [0.6660078167915344, -0.006735950242727995], "reward": 0.758545666732486}