{"action": [0.3581531047821045, -0.011185422539710999], "reward": 0.8890885934217595}