{"action": [0.5199165940284729, 0.0008363418164663017], "reward": 0.42181545078186}