{"action": [-0.07598565518856049, 0.0008467680308967829], "reward": 0.5206679234350065}