{"action": [0.699999988079071, 0.008845904842019081], "reward": 0.6047058482122458}