{"action": [0.5727012753486633, 0.0004352650139480829], "reward": 0.3544573890833253}