{"action": [-1.0, 3.004407881235238e-05], "reward": -4.291415599230602e-06}