{"action": [0.40865063667297363, -0.005493251606822014], "reward": 0.8744861017214541}