{"action": [-1.0, 3.004407881235238e-05], "reward": -2.8253593309305624e-06}