{"action": [-1.0, 2.950757698272355e-05], "reward": 2.8103019925994736e-06}