{"action": [-1.0, 3.004407881235238e-05], "reward": -4.3720691115364585e-06}