{"action": [0.699999988079071, -0.00011639904550975189], "reward": 0.39756002775357524}