{"action": [-1.0, -4.8821628297446296e-05], "reward": 0.3081951167542435}