{"action": [-1.0, -2.1460057268996025e-06], "reward": 1.4686058172246696e-06}