{"action": [-1.0, -0.0003878905263263732], "reward": 0.0005175689313532819}