{"action": [-1.0, -0.0003878905263263732], "reward": -5.7648340944932864e-05}