{"action": [-1.0, -0.0014871818711981177], "reward": -0.0002227007197768626}