{"action": [-1.0, -0.0015236639883369207], "reward": 5.458524579270057e-05}