{"action": [0.699999988079071, -0.0009911288507282734], "reward": 0.39766169056241435}