{"action": [-1.0, -0.0014823534293100238], "reward": -0.0002201316810369704}