{"action": [-1.0, -0.0014823534293100238], "reward": -0.00022220575287367432}