{"action": [0.699999988079071, -3.181755528203212e-05], "reward": 0.8173227559223921}