{"action": [-1.0, -0.001492546871304512], "reward": -0.0002236074311865022}