{"action": [0.4429016411304474, -0.00022874462592881173], "reward": 0.8602922582394145}