{"action": [-1.0, -0.0014941564295440912], "reward": -0.0002236989747637847}