{"action": [-1.0, -0.0014909374294802547], "reward": -0.00022177430398170135}