{"action": [-1.0, -0.0014936198713257909], "reward": -0.00022359905633784205}