{"action": [0.699999988079071, 0.6012821793556213], "reward": 0.5124707039371242}