{"action": [-1.0, -0.001514006988145411], "reward": -0.00021968486409970443}