{"action": [0.5407876968383789, -0.0004395551804918796], "reward": 0.8117747877006375}