{"action": [0.699999988079071, 0.6119657158851624], "reward": 0.4638288791895704}