{"action": [-1.0, -0.001506495987996459], "reward": -0.0002254241150993719}