{"action": [0.5821658968925476, -0.0004391113470774144], "reward": 0.8124762241991951}