{"action": [0.699999988079071, -0.001744560431689024], "reward": 0.6481207540748052}