{"action": [0.699999988079071, -0.015817610546946526], "reward": 0.3396825858404111}