{"action": [0.699999988079071, 0.00014391708828043193], "reward": 0.7083942606349515}