{"action": [0.699999988079071, 0.42171111702919006], "reward": 0.2955226083926189}