{"action": [0.5687301158905029, 0.009121188893914223], "reward": 0.8053636736076728}