{"action": [0.699999988079071, 0.00012268871068954468], "reward": 0.7351817802786912}