{"action": [0.699999988079071, 0.0008199996082112193], "reward": 0.547261507451796}