{"action": [0.5115855932235718, 0.0017384914681315422], "reward": 0.7791676325692144}