{"action": [-1.0, -0.0023777743335813284], "reward": 0.3534330254036398}