{"action": [0.45358389616012573, 0.0015678078634664416], "reward": 0.9088523241378814}