{"action": [0.699999988079071, -0.01913621835410595], "reward": 0.6835682654878987}