{"action": [0.48932763934135437, -0.029477890580892563], "reward": 0.8347212482045743}