{"action": [0.699999988079071, -0.01348196156322956], "reward": 0.32799099533970183}