{"action": [0.699999988079071, -0.01588655449450016], "reward": 0.4947654180003235}