{"action": [-1.0, -0.005705155897885561], "reward": 0.17220239990839825}