{"action": [0.699999988079071, -0.0071243587881326675], "reward": 0.7458745029602384}