{"action": [0.5500579476356506, -7.483917579520494e-05], "reward": 0.847220601878206}