{"action": [0.6919205188751221, 0.00014105277659837157], "reward": 0.7119012647728573}