{"action": [0.37956351041793823, -0.002584026427939534], "reward": 0.9294322734538513}