{"action": [0.44951754808425903, -0.0037804606836289167], "reward": 0.8580503655300346}