{"action": [0.4379913806915283, -0.008402311243116856], "reward": 0.8648820547498972}