{"action": [0.5161927938461304, 0.005201669409871101], "reward": 0.375096443298665}