{"action": [0.4427264630794525, 0.017443353310227394], "reward": 0.8079509545759488}