{"action": [0.699999988079071, -0.011372382752597332], "reward": 0.655600095634004}