{"action": [0.49381887912750244, -0.002008714945986867], "reward": 0.8162212521348285}