{"action": [-1.0, -8.42259541968815e-05], "reward": 5.966085435536025e-06}