{"action": [-1.0, -4.292011362849735e-05], "reward": -5.695600667674321e-06}