{"action": [-1.0, -4.238360997987911e-05], "reward": 1.976804678125594e-05}