{"action": [-1.0, -4.238360997987911e-05], "reward": -2.223659422449815e-07}