{"action": [-1.0, -4.184710996923968e-05], "reward": -5.900075831637526e-06}