{"action": [0.699999988079071, -0.012250718660652637], "reward": 0.7097263377074013}