{"action": [0.699999988079071, -0.0021640844643115997], "reward": 0.484165862270319}