{"action": [0.699999988079071, -0.0029958190862089396], "reward": 0.610081375546378}