{"action": [-1.0, -4.3456613639136776e-05], "reward": -6.221840689933242e-06}