{"action": [0.699999988079071, -0.0006461658631451428], "reward": 0.4299854576687074}