{"action": [0.699999988079071, -0.0003542995546013117], "reward": 0.36034021359184976}