{"action": [-1.0, -4.292011362849735e-05], "reward": -1.5103792547232733e-06}