{"action": [0.699999988079071, -0.00013555782788898796], "reward": 0.082215476602762}