{"action": [0.49618077278137207, 0.357866108417511], "reward": 0.6803481183682412}