{"action": [0.6824638843536377, 0.37982800602912903], "reward": 0.604851176128111}