{"action": [0.40665900707244873, 0.07795888930559158], "reward": 0.7364005681711205}