{"action": [0.5603073239326477, -0.010354076512157917], "reward": 0.7615597996451876}