{"action": [0.4612647593021393, 0.04228254780173302], "reward": 0.7860376738196018}