{"action": [0.37187182903289795, 0.0501415953040123], "reward": 0.8017373913212675}