{"action": [0.4606051445007324, -0.015969812870025635], "reward": 0.8358094939721953}