{"action": [0.699999988079071, -0.005299117416143417], "reward": 0.6497841866628317}