{"action": [0.6306585073471069, 0.3627018332481384], "reward": 0.6492493193400128}