{"action": [0.5380752086639404, 0.44583064317703247], "reward": 0.5352891617638197}