{"action": [0.35728076100349426, 0.01445924025028944], "reward": 0.8743182475366248}