{"action": [0.4581708610057831, 0.3849133849143982], "reward": 0.5771736796233181}