{"action": [0.39256978034973145, -0.008604184724390507], "reward": 0.8697958432720441}