{"action": [0.5744019746780396, 0.0005789620336145163], "reward": 0.8044319040576318}