{"action": [0.4187331795692444, 0.1135016605257988], "reward": 0.8361961508250988}