{"action": [0.611903965473175, 0.743943452835083], "reward": 0.34569654793183646}