{"action": [0.4675891399383545, 0.015387778170406818], "reward": 0.8705369736662415}