{"action": [0.4043087959289551, 0.4128524959087372], "reward": 0.7466804019184107}