{"action": [0.699999988079071, -0.004016424063593149], "reward": 0.5480287966352169}