{"action": [0.4133448898792267, 0.16401629149913788], "reward": 0.7662544372620501}