{"action": [0.699999988079071, 0.005604933947324753], "reward": 0.9145674469833999}