{"action": [0.5556656718254089, -5.701176996808499e-05], "reward": 0.8128094011033905}