{"action": [0.699999988079071, 0.0017610128270462155], "reward": 0.920572759510248}