{"action": [0.699999988079071, 0.002368964022025466], "reward": 0.9548215691420694}