{"action": [0.699999988079071, 0.0015500368317589164], "reward": 0.6694384057608633}