{"action": [0.699999988079071, -0.0004000352928414941], "reward": -0.4703290434772651}