{"action": [0.699999988079071, -0.00039069115882739425], "reward": -0.4393400148239054}