{"action": [0.699999988079071, -0.00369447423145175], "reward": -0.5319104637410649}