{"action": [0.699999988079071, -0.0009560191538184881], "reward": -0.19992513844806076}