{"action": [-1.0, -0.011329235509037971], "reward": -0.4589034642106249}