{"action": [0.699999988079071, -0.0004209961916785687], "reward": -0.2495514867410255}