{"action": [0.699999988079071, -0.004273449536412954], "reward": -0.621941048955651}