{"action": [0.07025673985481262, -0.02039211243391037], "reward": 0.45111770889754155}