{"action": [0.699999988079071, -0.006300292909145355], "reward": -1.2907243417266874}