{"action": [0.699999988079071, -0.0001858963951235637], "reward": -0.6026240648355056}