{"action": [-1.0, -0.012187166139483452], "reward": 0.34928076873771585}