{"action": [0.699999988079071, -0.005827224813401699], "reward": 0.14732812116892868}