{"action": [0.699999988079071, 0.007071079220622778], "reward": 0.7993407183685068}