{"action": [0.699999988079071, 0.0013715368695557117], "reward": 0.5365555130635111}