{"action": [0.699999988079071, -0.005592033267021179], "reward": 0.03351732048817017}