{"action": [0.699999988079071, 0.006406858563423157], "reward": 0.6845650027334809}