{"action": [0.4964522123336792, 0.0004259760899003595], "reward": 0.8293166787677989}