{"action": [0.699999988079071, -0.014809690415859222], "reward": 0.3168372313713456}