{"action": [0.699999988079071, 0.007131544873118401], "reward": 0.1890086395685967}