{"action": [0.5879870057106018, 0.002950945869088173], "reward": 0.7790645540237462}