{"action": [0.3242334723472595, 0.0013880275655537844], "reward": 0.9506000311166948}