{"action": [0.3205748498439789, 0.0015055262483656406], "reward": 0.9689280733431905}