{"action": [0.49248480796813965, -0.0019678049720823765], "reward": 0.864692225093628}