{"action": [0.4775489568710327, 0.00212852843105793], "reward": 0.8974904952591428}