{"action": [0.4853943884372711, -0.001876155030913651], "reward": 0.866106427422288}