{"action": [0.47901707887649536, -0.001827330095693469], "reward": 0.8675650864774931}