{"action": [0.320724219083786, 0.0014654981205239892], "reward": 0.9692429794678853}