{"action": [0.4257412552833557, 0.0022826804779469967], "reward": 0.9092758671754116}