{"action": [0.6226045489311218, 0.0018535777926445007], "reward": 0.8182282614846278}