{"action": [0.5075976848602295, -0.007540313992649317], "reward": 0.8377390938622413}