{"action": [0.345255583524704, -0.0008093281066976488], "reward": 0.8889110428242625}