{"action": [0.6208227872848511, 0.017354024574160576], "reward": 0.7433827481202867}