{"action": [0.35076963901519775, -0.00023333245189860463], "reward": 0.9043974494701437}