{"action": [0.6032251715660095, 0.017370078712701797], "reward": 0.7306968106169379}