{"action": [0.4949929416179657, -0.008663882501423359], "reward": 0.8186758309673928}