{"action": [0.41303661465644836, 0.002225514268502593], "reward": 0.8751601211335163}