{"action": [0.3366684317588806, 5.431561294244602e-05], "reward": 0.9388081397315532}