{"action": [0.699999988079071, 0.017155654728412628], "reward": 0.5166067529088116}