{"action": [0.699999988079071, 0.08227262645959854], "reward": -0.011465142827945075}