{"action": [0.573133647441864, -0.00034962824429385364], "reward": 0.8583445971914155}