{"action": [0.5759642124176025, -2.700822369661182e-05], "reward": 0.7932895456837882}