{"action": [0.3593689203262329, 0.0026357437018305063], "reward": 0.9220913431068029}