{"action": [0.556565523147583, 0.010848456993699074], "reward": 0.8087199392052781}