{"action": [0.4231380522251129, -8.504450306645595e-06], "reward": 0.8317934250972985}