{"action": [0.5672720074653625, -0.0010061676148325205], "reward": 0.7926847854803821}