{"action": [0.615002453327179, 0.010385127738118172], "reward": 0.7646248795141742}