{"action": [-0.21554507315158844, 0.008735602721571922], "reward": 0.5082308299883107}