{"action": [0.699999988079071, -0.0030181959737092257], "reward": 0.6836800844940826}