{"action": [0.4789618253707886, 0.002503774594515562], "reward": 0.8914011494151787}