{"action": [0.5629062652587891, -0.0005501869600266218], "reward": 0.8591042382622968}