{"action": [0.5731971263885498, 4.993957554688677e-05], "reward": 0.7814930875573557}