{"action": [0.5080711841583252, -0.0007286219042725861], "reward": 0.8923340944060532}