{"action": [0.699999988079071, -0.002616126323118806], "reward": 0.7304783982997445}