{"action": [0.44312137365341187, 0.007003328297287226], "reward": 0.8862193571823321}