{"action": [0.29955604672431946, 0.002538427012041211], "reward": 0.9391971956227758}