{"action": [0.6779427528381348, -1.0728835597717534e-08], "reward": 0.7252066890371105}