{"action": [0.34679073095321655, 0.0061610788106918335], "reward": 0.9375893830660103}