{"action": [-0.05668755620718002, -0.001155548612587154], "reward": 0.9172987647925221}