{"action": [0.30852407217025757, -0.005653404165059328], "reward": 0.893244507864899}