{"action": [0.699999988079071, -0.0003798473335336894], "reward": 0.9072037216604297}