{"action": [0.3535473048686981, -0.1456798017024994], "reward": 0.8131488721495073}