{"action": [-1.0, -0.011202278546988964], "reward": 0.8404902311666075}