{"action": [0.4111805260181427, -0.0053720623254776], "reward": 0.9075009957436941}