{"action": [0.3764263987541199, -0.07162357121706009], "reward": 0.7407425503848543}