{"action": [0.657859742641449, -0.48560282588005066], "reward": 0.4472187694846409}