{"action": [0.5741382837295532, -0.30452650785446167], "reward": 0.6250553921600087}