{"action": [0.34644994139671326, -0.0043904767371714115], "reward": 0.9372492218343661}