{"action": [0.6383078694343567, -0.24207422137260437], "reward": 0.6092034870619752}