{"action": [0.6707096099853516, -0.36162135004997253], "reward": 0.5661831337773958}