{"action": [0.4809548854827881, -0.023574382066726685], "reward": 0.8328299375326155}