{"action": [0.11524134874343872, -0.004174961242824793], "reward": 0.8143632008853772}