{"action": [0.699999988079071, 0.0003894974652212113], "reward": 0.5955162980702905}