{"action": [0.5737807750701904, -3.64428706234321e-06], "reward": 0.8207584573075795}