{"action": [0.6350662112236023, 0.00745766144245863], "reward": 0.673461031037948}