{"action": [0.699999988079071, 0.013649393804371357], "reward": 0.6415205264535573}