{"action": [0.699999988079071, 0.014341207221150398], "reward": 0.6708524208086442}