{"action": [0.13245020806789398, 0.0010603682603687048], "reward": 0.9490550272018207}