{"action": [0.699999988079071, 0.015978245064616203], "reward": 0.32976451880411606}