{"action": [0.699999988079071, -0.003721365239471197], "reward": 0.651213373519516}