{"action": [0.3363659679889679, 0.0007857745513319969], "reward": 0.447311558757517}