{"action": [0.699999988079071, -0.014615152962505817], "reward": 0.36192799484696714}