{"action": [0.699999988079071, -0.015609766356647015], "reward": 0.019443334378462532}