{"action": [-1.0, -0.0153873972594738], "reward": -0.0022638799390709606}