{"action": [-1.0, -0.015392761677503586], "reward": -0.0022974485278902277}