{"action": [0.4797957241535187, -0.00480413343757391], "reward": 0.3758760742966575}