{"action": [0.428803026676178, -0.006198158487677574], "reward": 0.8920095193556982}