{"action": [-1.0, 0.0035333982668817043], "reward": -0.0005069016141897974}