{"action": [-1.0, 0.003530715825036168], "reward": -0.0005166936606558686}