{"action": [0.4483596682548523, -0.004475935362279415], "reward": 0.8897111112453919}