{"action": [0.341158002614975, -0.004038773011416197], "reward": 0.706174297761952}