{"action": [0.44906169176101685, -0.003973480314016342], "reward": 0.8882129725441276}