{"action": [0.699999988079071, -0.18914806842803955], "reward": 0.4389048693496458}