{"action": [0.699999988079071, -0.2299843579530716], "reward": 0.2999052751784156}