{"action": [0.660392701625824, -0.26846638321876526], "reward": 0.7342163302910677}