{"action": [0.5684641003608704, -0.2775326073169708], "reward": 0.7817629582118705}