{"action": [0.699999988079071, -0.2482088804244995], "reward": 0.5488806899584336}