{"action": [0.4470369219779968, -0.16745920479297638], "reward": 0.6768595398411325}