{"action": [0.44737762212753296, -0.0031951861456036568], "reward": 0.8877074657188962}