{"action": [0.699999988079071, -0.0009119614260271192], "reward": 0.6243450451151927}