{"action": [0.517102062702179, -0.0009492860408499837], "reward": 0.6232006432536158}