{"action": [-1.0, 0.021959003061056137], "reward": -0.003246115121993685}