{"action": [0.6276466250419617, -0.004656130913645029], "reward": 0.8087467652684657}