{"action": [0.699999988079071, 0.019215606153011322], "reward": -0.0022937402308177584}