{"action": [0.699999988079071, 0.0188632532954216], "reward": -0.002827459810253669}