{"action": [0.699999988079071, 0.015154586173593998], "reward": 0.589016694195448}