{"action": [0.4840860962867737, -0.003028884995728731], "reward": 0.8815481276744037}