{"action": [0.699999988079071, 5.957299435976893e-05], "reward": 0.7248165169911998}