{"action": [0.699999988079071, 0.0023340804036706686], "reward": 0.6660591815842928}