{"action": [0.5537494421005249, 1.953583887370769e-05], "reward": 0.8591579330910227}