{"action": [0.5282148122787476, 0.0008847047574818134], "reward": 0.7737086862083018}