{"action": [0.5223814845085144, -0.00048536021495237947], "reward": 0.7031594512856324}