{"action": [0.699999988079071, -0.46691301465034485], "reward": 0.3762421775701816}