{"action": [0.4134056568145752, -0.16991646587848663], "reward": 0.6170425231921379}