{"action": [0.5810835361480713, -0.15380410850048065], "reward": 0.5219299952985509}