{"action": [0.5763877034187317, -0.07393757253885269], "reward": 0.5631268495674469}