{"action": [0.6339895725250244, -0.05336093530058861], "reward": 0.7246372956544372}