{"action": [0.44588613510131836, -0.005711383651942015], "reward": 0.8218606706150433}