{"action": [0.5285931825637817, -0.003704845206812024], "reward": 0.7993933430580011}