{"action": [0.699999988079071, 0.000687361869495362], "reward": 0.7868531224807589}