{"action": [0.6411516666412354, 0.0009328016894869506], "reward": 0.8360201221555718}