{"action": [0.4214470386505127, 0.0004369901434984058], "reward": 0.838359142111163}