{"action": [0.699999988079071, 0.009840940125286579], "reward": 0.6684780910879079}