{"action": [0.6590743660926819, 0.018477220088243484], "reward": 0.7840362726331851}