{"action": [0.684175431728363, 0.800000011920929], "reward": -0.12000000178813934}