{"action": [0.45295241475105286, 0.0073094782419502735], "reward": 0.68237340987167}