{"action": [0.4724980890750885, -0.014272983185946941], "reward": 0.8217313316785687}