{"action": [0.6284931302070618, 0.01211804710328579], "reward": 0.7306050326223398}