{"action": [0.6237589716911316, 0.0012173890136182308], "reward": 0.8175660106949166}