{"action": [0.5861203670501709, 0.0005489132599905133], "reward": 0.8010999836565835}