{"action": [0.5407575964927673, 0.004721779841929674], "reward": 0.8653436500453224}