{"action": [0.49287670850753784, 0.009632211178541183], "reward": 0.8454283339261398}