{"action": [0.4831281900405884, 0.01646455004811287], "reward": 0.7645745909643147}