{"action": [0.4491618871688843, 0.00678719999268651], "reward": 0.8857883217934112}