{"action": [0.4199977517127991, 0.002745748730376363], "reward": 0.8864915724766835}