{"action": [0.6516515612602234, 0.0011645063059404492], "reward": 0.8145858647749387}