{"action": [0.5146894454956055, 0.0006384723237715662], "reward": 0.8828938700615511}