{"action": [0.660477876663208, -0.022886449471116066], "reward": 0.6687766589155357}