{"action": [0.49818480014801025, -0.011579378508031368], "reward": 0.8215995488973534}