{"action": [0.618547260761261, -0.0006884176400490105], "reward": 0.8105341975543665}