{"action": [0.699999988079071, -0.0005179708823561668], "reward": 0.5393735374989266}