{"action": [0.43612104654312134, 0.002721196971833706], "reward": 0.8762848815615514}