{"action": [0.6100755929946899, -0.0034015558194369078], "reward": 0.7370446589282392}