{"action": [0.699999988079071, -0.010760346427559853], "reward": 0.7300494373342369}