{"action": [0.25002598762512207, -0.012652279809117317], "reward": 0.46342978192903894}