{"action": [-1.0, -0.014430277980864048], "reward": -0.002145348446159182}