{"action": [-1.0, -0.014434034004807472], "reward": -0.0021630043972235085}