{"action": [-1.0, -0.01444905623793602], "reward": -0.0021673117646757055}