{"action": [-1.0, -0.014491439796984196], "reward": -0.002168733691688201}