{"action": [0.5742075443267822, -0.028164416551589966], "reward": 0.7580993218419553}