{"action": [-1.0, -0.014547235332429409], "reward": -0.0021808675161052345}