{"action": [-1.0, -0.014535969123244286], "reward": -0.002180058961368508}