{"action": [-1.0, -0.014532214030623436], "reward": -0.0021789064358769435}