{"action": [-1.0, -0.014567086473107338], "reward": -0.0021815824811829984}