{"action": [0.699999988079071, -0.019265910610556602], "reward": 0.1477059334695572}