{"action": [-0.10327424108982086, -0.001524000195786357], "reward": 0.5003782440806558}