{"action": [0.699999988079071, -0.00010185375867877156], "reward": 0.6069042853897381}