{"action": [-0.2016901969909668, -1.0952487173199188e-05], "reward": 0.6231009433587403}