{"action": [0.01512991078197956, -7.170569915615488e-06], "reward": 0.5370979840592174}