{"action": [0.699999988079071, -1.1972128959314432e-05], "reward": 0.7418409620593572}