{"action": [0.699999988079071, 0.000783579598646611], "reward": 0.6210545053071392}