{"action": [0.699999988079071, 0.0032622218132019043], "reward": 0.6295508520687607}