{"action": [0.656636655330658, -0.800000011920929], "reward": -0.12000000178813934}