{"action": [0.5046122670173645, -0.13279886543750763], "reward": 0.6238207151796972}