{"action": [0.699999988079071, -0.010058107785880566], "reward": 0.7342464415547666}