{"action": [0.5765173435211182, -0.015752777457237244], "reward": 0.7780232180400385}