{"action": [0.5955397486686707, -0.016124658286571503], "reward": 0.7556417085231121}