{"action": [0.48111841082572937, -0.014577791094779968], "reward": 0.7885373267613036}