{"action": [0.44577541947364807, -0.0056585813872516155], "reward": 0.7519127234412589}