{"action": [0.699999988079071, -0.009728486649692059], "reward": 0.3901413069105944}