{"action": [0.6221151351928711, -0.005758526735007763], "reward": 0.8022330397666606}