{"action": [0.699999988079071, 0.00013291972572915256], "reward": 0.3668990539404111}