{"action": [0.2858072519302368, -0.00013521344226319343], "reward": 0.4812748974330515}