{"action": [-1.0, -0.000786511052865535], "reward": -0.00010682742587924051}