{"action": [-1.0, -0.000786511052865535], "reward": -0.00011032186807681454}