{"action": [-1.0, -0.0007832920528016984], "reward": -0.00011687347708373969}