{"action": [0.699999988079071, -0.0007902118377387524], "reward": 0.048878363171675834}