{"action": [-1.0, -0.0009732135804370046], "reward": 0.20651459605963224}