{"action": [-1.0, -0.0010284732561558485], "reward": -0.00014323557090149038}