{"action": [-1.0, -0.0010295462561771274], "reward": -0.00015381971625834018}