{"action": [0.699999988079071, -0.0006950002862140536], "reward": 0.25557515917113177}