{"action": [0.699999988079071, -0.0011419231304898858], "reward": 0.20824369134361}