{"action": [0.699999988079071, 0.00035285967169329524], "reward": 0.5987704095582939}