{"action": [-1.0, -0.005067255813628435], "reward": -0.0007598610346741873}