{"action": [0.699999988079071, 0.10755708813667297], "reward": -0.008300898740218134}