{"action": [0.699999988079071, 0.07727927714586258], "reward": 0.45182633925197757}