{"action": [0.6151928305625916, -0.0002023339329753071], "reward": 0.7332416164730773}