{"action": [0.699999988079071, -0.024384010583162308], "reward": 0.6565908329164615}