{"action": [0.699999988079071, -0.019317135214805603], "reward": 0.7120381147449325}