{"action": [0.4528871178627014, -0.005060826428234577], "reward": 0.8619416654743144}