{"action": [0.6536506414413452, 0.001768729300238192], "reward": 0.7650010869814204}