{"action": [0.5828657150268555, 0.0028189197182655334], "reward": 0.8221508499407386}