{"action": [0.6356920599937439, 0.019680151715874672], "reward": 0.7107151937577991}