{"action": [0.699999988079071, 0.017965497449040413], "reward": 0.6602034358943674}