{"action": [0.6302410960197449, 0.01033736765384674], "reward": 0.801203645649568}