{"action": [0.46498072147369385, 0.001546940067782998], "reward": 0.9120174416953601}