{"action": [0.4573362469673157, -1.5345323845394887e-05], "reward": 0.9023222900651638}