{"action": [-0.16757068037986755, -0.014595297165215015], "reward": 0.5227111647966058}