{"action": [0.699999988079071, -0.011444210074841976], "reward": 0.562604752942487}