{"action": [0.5623500943183899, -0.018274495378136635], "reward": 0.3494980260027838}