{"action": [-1.0, -0.012911442667245865], "reward": -0.0018432846601029035}