{"action": [-1.0, -0.012902322225272655], "reward": -0.0013285582022443702}