{"action": [0.699999988079071, 0.005358302034437656], "reward": 0.6760653593561049}