{"action": [0.699999988079071, 0.0044141192920506], "reward": 0.7292718378456275}