{"action": [0.699999988079071, 9.147464879788458e-06], "reward": 0.3225245592163742}