{"action": [0.2863204777240753, 0.002069647889584303], "reward": 0.4385665774164784}