{"action": [-1.0, 0.002840775065124035], "reward": -0.00021258179848879398}