{"action": [0.699999988079071, 0.0022535936441272497], "reward": 0.45723034690294445}