{"action": [0.699999988079071, 7.99632107373327e-06], "reward": 0.7425195364048163}