{"action": [0.699999988079071, 0.0016521341167390347], "reward": 0.7229242852431553}