{"action": [0.6190950870513916, 0.0015411014901474118], "reward": 0.8261885583956925}