{"action": [0.6488598585128784, -0.006362614221870899], "reward": 0.718206928853592}