{"action": [0.699999988079071, -0.017217697575688362], "reward": 0.6334252109880394}