{"action": [0.5869507193565369, -0.015281574800610542], "reward": 0.780767812987737}