{"action": [0.699999988079071, -0.003127946751192212], "reward": 0.6489884702850748}