{"action": [0.5749907493591309, -0.015046576038002968], "reward": 0.7575164802409553}