{"action": [0.699999988079071, 0.4987029433250427], "reward": 0.4556878620300913}