{"action": [0.699999988079071, -0.004511923063546419], "reward": 0.7697750854407208}