{"action": [0.699999988079071, 0.009969998151063919], "reward": -0.0014364647965554415}