{"action": [0.699999988079071, 0.009839596226811409], "reward": -0.0011445247652996139}