{"action": [0.699999988079071, 0.010068071074783802], "reward": -0.0015100743747086271}