{"action": [0.699999988079071, 0.010128423571586609], "reward": -0.0015191213565167814}