{"action": [0.699999988079071, 0.0078034596517682076], "reward": 0.21288487814896412}