{"action": [0.699999988079071, 0.005518396385014057], "reward": 0.17328902819655406}