{"action": [0.699999988079071, 0.0030919420532882214], "reward": 0.27129337745913895}