{"action": [0.699999988079071, 0.0025058845058083534], "reward": 0.23546495121526392}