{"action": [0.699999988079071, 0.0024079473223537207], "reward": 0.3808457828266073}