{"action": [0.699999988079071, 0.00022368395002558827], "reward": 0.20937419024584716}