{"action": [0.699999988079071, 0.00025221233954653144], "reward": 0.17381451953484353}