{"action": [0.699999988079071, -6.0350896092131734e-05], "reward": 0.17495558401746625}