{"action": [0.699999988079071, -9.444415627513081e-05], "reward": 0.15081346596838593}