{"action": [0.699999988079071, -0.009931392967700958], "reward": 0.12679694344623485}