{"action": [0.699999988079071, -0.009926185011863708], "reward": 0.17380045199423022}