{"action": [0.699999988079071, -0.009543169289827347], "reward": 0.17290344599195095}