{"action": [0.699999988079071, -0.007915940135717392], "reward": 0.2613411377624555}