{"action": [0.699999988079071, -0.004059620667248964], "reward": 0.12943563874225872}