{"action": [0.5029938817024231, -0.009441335685551167], "reward": 0.8663076416757386}