{"action": [0.699999988079071, -0.0044462960213422775], "reward": 0.1359552206452843}