{"action": [0.699999988079071, -0.010267685167491436], "reward": 0.10127537958040697}