{"action": [0.6013675928115845, -0.0038490325678139925], "reward": 0.7571944863589909}