{"action": [0.699999988079071, -0.008223126642405987], "reward": 0.20429790264499098}