{"action": [0.699999988079071, -0.006888627074658871], "reward": 0.25583960386201404}