{"action": [0.699999988079071, -0.0037610456347465515], "reward": 0.35914203616757584}