{"action": [0.699999988079071, 0.0011052453191950917], "reward": 0.3283955487856462}