{"action": [0.699999988079071, 0.007237126585096121], "reward": 0.31143241513132125}