{"action": [0.699999988079071, 0.006550012622028589], "reward": 0.3478614600851797}