{"action": [0.699999988079071, 0.007407026365399361], "reward": 0.004892070187104741}