{"action": [0.699999988079071, -0.004902748391032219], "reward": 0.3681122858858457}