{"action": [0.699999988079071, 0.0027925390750169754], "reward": 0.11412599173788457}