{"action": [0.699999988079071, 0.002643481595441699], "reward": 0.1283623969330323}