{"action": [0.699999988079071, 5.896717993891798e-05], "reward": 0.21369051463761599}