{"action": [0.699999988079071, 2.5286908567068167e-05], "reward": 0.15392171691361076}