{"action": [0.699999988079071, -0.0002109726774506271], "reward": 0.1892124380851495}