{"action": [0.699999988079071, -0.003850045148283243], "reward": 0.21339991362574026}