{"action": [0.699999988079071, -0.0037600607611238956], "reward": 0.35844493610081557}