{"action": [0.699999988079071, 0.00014952171477489173], "reward": 0.36240990871275697}