{"action": [0.699999988079071, 0.0003571262932382524], "reward": 0.28898158296645154}