{"action": [0.699999988079071, 0.0007937626214697957], "reward": 0.3593381704923218}