{"action": [0.699999988079071, 0.0014519875403493643], "reward": 0.35151932152281234}