{"action": [0.699999988079071, 0.002532496117055416], "reward": 0.4566220519609669}