{"action": [0.699999988079071, -0.002344783628359437], "reward": 0.3427385320870879}