{"action": [0.699999988079071, -0.00580024067312479], "reward": 0.19593825756318398}