{"action": [0.699999988079071, -0.005797816906124353], "reward": 0.22186554629123592}