{"action": [0.699999988079071, -0.012318264693021774], "reward": 0.14825791159910784}