{"action": [0.699999988079071, -0.004155576229095459], "reward": 0.15678043199887262}