{"action": [0.699999988079071, -0.00825946033000946], "reward": 0.10253931789307628}