{"action": [0.699999988079071, -0.0046999105252325535], "reward": 0.10545583582867644}