{"action": [0.699999988079071, -0.004566993098706007], "reward": 0.13023715086562815}