{"action": [-1.0, 0.0035790009424090385], "reward": -0.0005201202750178213}