{"action": [0.699999988079071, -0.00134652282577008], "reward": 0.16827876962642596}