{"action": [0.699999988079071, -0.00029896863270550966], "reward": 0.3415681740648552}