{"action": [0.699999988079071, 0.00022123527014628053], "reward": 0.33804683381376904}