{"action": [0.699999988079071, 0.0011983461445197463], "reward": 0.32890885426124933}