{"action": [0.699999988079071, 0.015825584530830383], "reward": 0.2793506054029931}