{"action": [0.699999988079071, 0.016510259360074997], "reward": 0.26627153134287657}