{"action": [0.699999988079071, 0.01891344226896763], "reward": 0.2400027420733836}