{"action": [0.699999988079071, 0.0041044349782168865], "reward": 0.4416299874124724}