{"action": [0.699999988079071, -0.0007932311855256557], "reward": 0.28231590238159954}