{"action": [0.699999988079071, -0.012488714419305325], "reward": 0.21667783439031335}