{"action": [0.699999988079071, -0.010267728939652443], "reward": 0.318972881494275}