{"action": [0.699999988079071, -0.004168244544416666], "reward": 0.13903215089230983}