{"action": [0.699999988079071, -0.0012324930867180228], "reward": 0.12770641815544248}