{"action": [0.699999988079071, -0.00040580047061666846], "reward": 0.10515854755365406}