{"action": [0.699999988079071, 0.00023318678722716868], "reward": 0.15074443540842297}