{"action": [0.699999988079071, 4.222518327878788e-05], "reward": 0.1616650089944512}