{"action": [0.699999988079071, 0.0017016412457451224], "reward": 0.21872587505775085}