{"action": [0.699999988079071, 0.002685398096218705], "reward": 0.33065486188299886}