{"action": [0.699999988079071, 0.002923801075667143], "reward": 0.37661366233846905}