{"action": [0.699999988079071, 0.011398938484489918], "reward": 0.14278734620391875}