{"action": [0.699999988079071, 0.009801983833312988], "reward": 0.11628724776580805}