{"action": [0.699999988079071, 0.007668477017432451], "reward": 0.20779291044308737}