{"action": [0.699999988079071, -0.004180040676146746], "reward": 0.12539782669154442}