{"action": [0.699999988079071, -0.007194690406322479], "reward": 0.15545635586128084}