{"action": [0.699999988079071, -0.004313900135457516], "reward": 0.152750834627217}