{"action": [0.699999988079071, -0.0041844784282147884], "reward": 0.1456040954733547}