{"action": [0.699999988079071, -0.004279537592083216], "reward": 0.07075571116601272}