{"action": [0.699999988079071, -0.0014350954443216324], "reward": 0.09939843021147071}