{"action": [0.699999988079071, -0.0014903007540851831], "reward": 0.1508838115940076}