{"action": [0.699999988079071, -0.0014221150195226073], "reward": 0.12684811964975873}