{"action": [0.699999988079071, -0.0028510477859526873], "reward": 0.19638508901250443}