{"action": [0.699999988079071, 0.0004697979020420462], "reward": 0.31378070130944696}