{"action": [0.699999988079071, -0.008693322539329529], "reward": 0.17264322927783907}