{"action": [0.699999988079071, -0.008155659772455692], "reward": 0.19991969750908545}