{"action": [0.699999988079071, -0.006679350044578314], "reward": 0.2663441256506606}