{"action": [0.699999988079071, -0.007923701778054237], "reward": 0.2134508034354371}