{"action": [0.699999988079071, 0.027102740481495857], "reward": 0.4154640759955346}