{"action": [0.699999988079071, 0.163018137216568], "reward": 0.14116239187844073}