{"action": [0.699999988079071, 0.15716031193733215], "reward": 0.16771924601354968}