{"action": [-1.0, 0.15794602036476135], "reward": -0.02319851604620766}