{"action": [0.699999988079071, 0.1474549025297165], "reward": 0.020943087932284783}