{"action": [0.699999988079071, 0.13984858989715576], "reward": 0.06649485337072851}