{"action": [0.699999988079071, 0.1867457628250122], "reward": 0.08835031993390818}