{"action": [0.699999988079071, 0.21433143317699432], "reward": 0.11124651385228046}