{"action": [0.699999988079071, 0.21765530109405518], "reward": 0.07941800676741367}