{"action": [0.699999988079071, 0.01409586239606142], "reward": 0.8928240107288065}