{"action": [0.699999988079071, 0.009567653760313988], "reward": -0.07106433835181658}