{"action": [0.10724758356809616, 0.05764775723218918], "reward": 0.42362791340137}