{"action": [0.699999988079071, -0.009668385609984398], "reward": -0.19623614274087484}