{"action": [0.5989837050437927, -0.008107747882604599], "reward": -1.316723382248183}