{"action": [0.578032374382019, -0.0025477611925452948], "reward": -1.2273566154584115}