{"action": [0.5851082801818848, -0.0023380357306450605], "reward": -1.216960637999161}