{"action": [0.699999988079071, -0.002109052147716284], "reward": 0.1678235881181262}