{"action": [-0.2196231186389923, 0.00030130299273878336], "reward": -1.3342766873850722}