{"action": [0.699999988079071, 0.0003535933792591095], "reward": 0.15203663504576898}