{"action": [-0.15518060326576233, 0.003911913372576237], "reward": 0.9439452190025704}