{"action": [-0.036893248558044434, 0.003849960630759597], "reward": 0.9442614754324462}