{"action": [0.69718998670578, 0.022769657894968987], "reward": 0.606957507904378}