{"action": [0.6421924233436584, 0.013484279625117779], "reward": 0.7109796713265503}