{"action": [0.699999988079071, 0.0181517843157053], "reward": 0.6270290872058345}