{"action": [-1.0, 0.003125298535451293], "reward": 0.3171249845200945}