{"action": [-1.0, 0.0005112858489155769], "reward": -7.633552088629507e-05}