{"action": [-1.0, 0.0005112858489155769], "reward": -7.624025076359805e-05}