{"action": [-1.0, 0.0005123588489368558], "reward": -7.625072201651453e-05}