{"action": [-1.0, 0.0005123588489368558], "reward": -7.648832256238905e-05}