{"action": [-1.0, 0.0005107493489049375], "reward": -7.654065226696682e-05}