{"action": [-1.0, 0.0005107493489049375], "reward": -7.64153970300824e-05}