{"action": [-1.0, 0.0005102128488942981], "reward": -7.626996311584954e-05}