{"action": [-1.0, 0.0005102128488942981], "reward": -7.611165271853347e-05}