{"action": [-1.0, 0.0005102128488942981], "reward": -7.591375981760088e-05}