{"action": [-1.0, 0.0005091398488730192], "reward": -7.573573341251645e-05}