{"action": [-1.0, 0.0005091398488730192], "reward": -7.591341277514153e-05}