{"action": [-1.0, 0.0005091398488730192], "reward": -7.621117979038006e-05}