{"action": [-1.0, 0.0005075303488411009], "reward": -7.587258005592291e-05}