{"action": [-1.0, 0.0005064573488198221], "reward": -7.488748733110837e-05}