{"action": [0.699999988079071, 0.003702127607539296], "reward": 0.1450594769784767}