{"action": [-1.0, 0.0005118223489262164], "reward": -7.664249709037879e-05}