{"action": [-1.0, 0.0005134318489581347], "reward": -7.383237620171267e-05}