{"action": [-1.0, 0.0005128953489474952], "reward": -7.679071684213043e-05}