{"action": [-1.0, 0.0005128953489474952], "reward": -7.669370305488812e-05}