{"action": [-1.0, 0.0005139683489687741], "reward": -7.510868522141203e-05}