{"action": [0.699999988079071, 0.0005226620123721659], "reward": 0.06342724163507517}