{"action": [0.699999988079071, 0.00048345737741328776], "reward": 0.1329488583196866}