{"action": [0.1217915415763855, -0.008043748326599598], "reward": 0.49869995626706054}