{"action": [0.699999988079071, -0.0037194478791207075], "reward": 0.5243805763910916}