{"action": [0.699999988079071, -0.003930550068616867], "reward": 0.43755577194026374}