{"action": [0.07847320288419724, -0.002592836506664753], "reward": 0.5591734576209841}