{"action": [0.1188204288482666, -0.0023375784512609243], "reward": 0.5519773382717421}