{"action": [0.699999988079071, 8.869707926351111e-06], "reward": 0.5611386744873049}