{"action": [0.699999988079071, -0.0005976212560199201], "reward": 0.5598987484917569}