{"action": [0.47905319929122925, -0.3529367446899414], "reward": 0.7701439931044196}