{"action": [0.6043332815170288, -0.5629189610481262], "reward": 0.3502092804762198}