{"action": [0.5052914023399353, 0.800000011920929], "reward": -0.12000000178813934}