{"action": [0.699999988079071, 0.01497274823486805], "reward": -0.0022446824276883223}