{"action": [0.699999988079071, 0.014898600988090038], "reward": -0.00223186799875536}