{"action": [0.699999988079071, 0.0005447845323942602], "reward": 0.6009205889644329}