{"action": [0.5325945615768433, -0.00024689469137229025], "reward": 0.8767006252068651}