{"action": [0.01649162732064724, 0.01984800025820732], "reward": 0.48458463240209765}