{"action": [0.6628236174583435, -0.005518709775060415], "reward": 0.4044172529868924}