{"action": [-1.0, -0.00047748626093380153], "reward": -7.111225392983269e-05}