{"action": [-1.0, -0.00047802276094444096], "reward": -5.9519915709821206e-05}