{"action": [-1.0, -0.00047748626093380153], "reward": -6.995134122850835e-05}