{"action": [-1.0, -0.0004785592609550804], "reward": -6.305232250260457e-05}