{"action": [-1.0, -0.0004769497609231621], "reward": -7.138554348573239e-05}