{"action": [-1.0, -0.0004769497609231621], "reward": -7.15002465941403e-05}