{"action": [-1.0, -0.0004769497609231621], "reward": -7.14785145966076e-05}