{"action": [0.6710779666900635, 0.00017064326675608754], "reward": 0.34734468574972166}