{"action": [0.699999988079071, 0.00025480581098236144], "reward": 0.3739222105810223}