{"action": [0.699999988079071, 0.0029243079479783773], "reward": 0.44440912377274044}