{"action": [0.699999988079071, 0.0018605949589982629], "reward": 0.4440439301087483}