{"action": [0.45667463541030884, -0.2890532314777374], "reward": 0.784656000043818}