{"action": [0.6093945503234863, -0.31128042936325073], "reward": 0.6028722318974756}