{"action": [0.40721917152404785, -0.08973265439271927], "reward": 0.72922806191074}