{"action": [0.4115585684776306, -0.06190549582242966], "reward": 0.779250613655145}