{"action": [0.4454287588596344, -0.017904039472341537], "reward": 0.8467685669323826}