{"action": [0.699999988079071, -0.003126327181234956], "reward": 0.3281419313113484}