{"action": [-1.0, 8.154821261996403e-05], "reward": 0.36990435379926007}