{"action": [-1.0, 0.00047802276094444096], "reward": -7.011184830966341e-05}