{"action": [-1.0, 0.0004769497609231621], "reward": -7.037018772223288e-05}