{"action": [-1.0, 0.00047748626093380153], "reward": -7.14070198887741e-05}