{"action": [-1.0, 0.0004785592609550804], "reward": -7.141764580410815e-05}