{"action": [-1.0, 0.0004769497609231621], "reward": -7.088878135198244e-05}