{"action": [-1.0, 0.00047480373177677393], "reward": -6.997523212245906e-05}