{"action": [-1.0, 0.00047480373177677393], "reward": -7.114145107180716e-05}