{"action": [-1.0, 0.00047480373177677393], "reward": -7.075565694794848e-05}