{"action": [-1.0, 0.00047480373177677393], "reward": -7.10334890402059e-05}