{"action": [-1.0, 0.00048338776105083525], "reward": -7.239280132134037e-05}