{"action": [-1.0, 0.00048338776105083525], "reward": -7.247699573785044e-05}