{"action": [-1.0, 0.00048338776105083525], "reward": -7.227096733137712e-05}