{"action": [0.699999988079071, 0.03000795841217041], "reward": 0.6224607362049233}