{"action": [0.6764475703239441, 0.01972450688481331], "reward": 0.7428520437301664}