{"action": [0.43531534075737, 0.0006268604192882776], "reward": 0.8687674812263841}