{"action": [0.42259281873703003, -0.03748118877410889], "reward": 0.877688982875422}