{"action": [0.699999988079071, -0.4158911108970642], "reward": 0.37040493870420854}