{"action": [-1.0, 0.0004619277024175972], "reward": -6.914597113781462e-05}