{"action": [0.699999988079071, -0.2906941771507263], "reward": 0.37153557619505845}