{"action": [0.4834430515766144, -0.10349342972040176], "reward": 0.6934273136740703}