{"action": [0.40999728441238403, -0.06348001956939697], "reward": 0.7745361447898009}