{"action": [0.6017529964447021, -0.15583331882953644], "reward": 0.5895687952321569}