{"action": [0.699999988079071, -0.059193216264247894], "reward": 0.563950424078109}