{"action": [0.699999988079071, -0.013375593349337578], "reward": 0.8915209745021918}