{"action": [0.699999988079071, 0.0015770543832331896], "reward": 0.5354326267248439}