{"action": [0.699999988079071, 0.0004651466733776033], "reward": 0.014951182602916783}