{"action": [0.699999988079071, -0.0006513930857181549], "reward": 0.8831294637627002}