{"action": [0.699999988079071, -0.00458733132109046], "reward": 0.939783896987553}