{"action": [0.699999988079071, -0.004505010787397623], "reward": 0.9387174726030761}