{"action": [-1.0, -0.0058248331770300865], "reward": 0.7131499790390531}