{"action": [0.5729076266288757, -9.82120109256357e-05], "reward": 0.8534755150354919}