{"action": [0.697618842124939, -0.013176461681723595], "reward": 0.30243063136145626}