{"action": [0.699999988079071, -0.012261779978871346], "reward": 0.36445876745003875}