{"action": [0.699999988079071, -0.0032544450368732214], "reward": 0.46021997185372515}