{"action": [0.699999988079071, -0.0003006281331181526], "reward": 0.007250679426416563}