{"action": [0.699999988079071, -0.0004947482375428081], "reward": 0.9597909807375202}