{"action": [0.699999988079071, 0.0005066897138021886], "reward": 0.9351841783867093}