{"action": [0.699999988079071, 0.0002139369898941368], "reward": 0.9417548070283996}