{"action": [0.699999988079071, 0.005604331847280264], "reward": 0.9327214637642124}