{"action": [-0.3920348584651947, -0.005512627772986889], "reward": 0.29304308747327124}