{"action": [0.5113032460212708, -0.012850905768573284], "reward": 0.7429328224130746}