{"action": [0.6430860757827759, -0.008633543737232685], "reward": 0.7647008329398423}