{"action": [0.5582901835441589, -0.009409960359334946], "reward": 0.7443514830235434}