{"action": [0.5465636849403381, -4.139673910685815e-05], "reward": 0.8081752568950428}