{"action": [0.5262300372123718, -1.7284754676438752e-06], "reward": 0.8480508792440222}