{"action": [0.6688729524612427, 0.800000011920929], "reward": 0.06262678442424251}