{"action": [0.6474301218986511, -0.800000011920929], "reward": 0.1236183388111357}