{"action": [0.699999988079071, -0.5333588719367981], "reward": 0.5019524266016345}