{"action": [0.39799898862838745, -0.03264789283275604], "reward": 0.5831426410403664}