{"action": [0.699999988079071, 0.0039557586424052715], "reward": -0.000586990681515557}