{"action": [0.699999988079071, 0.0040717353112995625], "reward": -0.0006106776449013114}