{"action": [-1.0, -0.00020434839825611562], "reward": 0.5077851110818681}