{"action": [0.6365571618080139, 8.666516464472807e-07], "reward": 0.7891541441470524}