{"action": [0.699999988079071, 0.018172550946474075], "reward": 0.5480831871626907}