{"action": [0.5358148813247681, -0.24546796083450317], "reward": 0.7187526587618301}