{"action": [0.699999988079071, 0.029963012784719467], "reward": 0.6037035963442643}