{"action": [0.6972272396087646, 0.02138017676770687], "reward": 0.7476993401346661}