{"action": [-1.0, 0.0005220354651100934], "reward": 0.30290287200588695}