{"action": [0.5295466780662537, -0.2824247479438782], "reward": 0.7042900981039283}