{"action": [0.699999988079071, -0.01758938655257225], "reward": 0.634347774199729}