{"action": [0.5672472715377808, -0.0033489475026726723], "reward": 0.7791373590095553}