{"action": [0.644744336605072, -1.3908837900089566e-05], "reward": 0.8264237623616899}