{"action": [-1.0, 0.0001398122840328142], "reward": 0.510434683597897}