{"action": [0.6573054194450378, -0.4023526608943939], "reward": -0.06035289913415909}