{"action": [0.699999988079071, 0.01115471962839365], "reward": 0.6627045535399532}