{"action": [0.36581555008888245, 0.000185713404789567], "reward": 0.2831430669238908}