{"action": [0.699999988079071, -0.006923764944076538], "reward": 0.5434662009471384}