{"action": [0.699999988079071, -0.1439400613307953], "reward": 0.28374725303772513}