{"action": [0.5197213292121887, -0.2107498049736023], "reward": 0.5543036830006014}