{"action": [0.699999988079071, -0.3512694537639618], "reward": 0.3895084947337511}