{"action": [0.6205165386199951, -0.20693650841712952], "reward": 0.5647106542368288}