{"action": [0.18061229586601257, -0.0006077327416278422], "reward": 0.4534173233132554}