{"action": [0.699999988079071, 0.0025601896923035383], "reward": 0.20706609138479673}