{"action": [0.6213791370391846, -0.25891876220703125], "reward": 0.42064733701584484}