{"action": [0.6258382201194763, -0.22016403079032898], "reward": 0.42905502457171124}