{"action": [0.31709814071655273, 0.013168166391551495], "reward": 0.46057770106929624}