{"action": [0.5063179135322571, 0.002782015362754464], "reward": 0.4564693681964722}