{"action": [0.5600829124450684, 0.003761142957955599], "reward": 0.34222547551379123}