{"action": [0.24896273016929626, 0.000578623206820339], "reward": 0.4902608301768119}