{"action": [0.18553030490875244, 0.0021542287431657314], "reward": 0.4928813594833353}