{"action": [0.39698660373687744, 0.00181286979932338], "reward": 0.4523794483452644}