{"action": [0.6267868876457214, -0.005356797482818365], "reward": 0.841974820666004}