{"action": [0.699999988079071, -0.0010746594052761793], "reward": 0.7542764137816216}