{"action": [0.699999988079071, 0.017490727826952934], "reward": 0.5826284477748818}