{"action": [0.699999988079071, 0.019112179055809975], "reward": 0.4360385088792567}