{"action": [0.5749059319496155, -0.035681337118148804], "reward": 0.7048242879207138}