{"action": [0.699999988079071, 0.0073579405434429646], "reward": 0.6717164576360198}