{"action": [0.699999988079071, 0.008530271239578724], "reward": 0.4896862973492611}