{"action": [0.699999988079071, 0.006943420507013798], "reward": 0.5260218930596471}