{"action": [0.699999988079071, 0.009293676353991032], "reward": 0.576479203332109}