{"action": [0.699999988079071, 0.0006295704515650868], "reward": 0.7886191736754617}