{"action": [0.699999988079071, 0.001468511065468192], "reward": 0.7077628680184938}