{"action": [-1.0, 8.667051588417962e-06], "reward": 0.4372790789553413}