{"action": [0.699999988079071, 0.001601348165422678], "reward": 0.5663527165825183}