{"action": [0.6185297966003418, -0.019914429634809494], "reward": 0.7093636687719721}