{"action": [0.3955790400505066, -0.0009855552343651652], "reward": 0.9547304804105894}