{"action": [0.6211113929748535, -0.014925247989594936], "reward": 0.7479892312112023}