{"action": [0.6592127680778503, -0.007831146009266376], "reward": 0.4063401716526618}