{"action": [0.699999988079071, -0.006349604111164808], "reward": 0.608748212615298}