{"action": [0.699999988079071, -0.004155984614044428], "reward": 0.7848301692292409}