{"action": [0.43898293375968933, -0.0006813048967160285], "reward": 0.5288147227269994}