{"action": [0.699999988079071, -0.006204398814588785], "reward": 0.6248606560602508}