{"action": [0.699999988079071, 0.0001918304042192176], "reward": 0.5594344365780521}