{"action": [0.699999988079071, 6.11706345807761e-05], "reward": 0.8084097328567599}