{"action": [-0.0742805153131485, 0.001995491562411189], "reward": 0.4550134470289612}