{"action": [0.699999988079071, 0.0036473721265792847], "reward": 0.6641538420117963}