{"action": [0.699999988079071, 0.004529137630015612], "reward": 0.4091486674007447}