{"action": [0.699999988079071, 0.0046095638535916805], "reward": 0.4871336231830786}