{"action": [0.699999988079071, 0.00901440717279911], "reward": 0.32911744412062494}