{"action": [0.699999988079071, 0.001789677538909018], "reward": 0.12009710000813285}