{"action": [0.5105699896812439, -0.008747403509914875], "reward": 0.29917200886061035}