{"action": [-0.6535061001777649, -0.003480947343632579], "reward": 0.42472750004845455}