{"action": [0.699999988079071, -0.007745588198304176], "reward": 0.5095657995012431}