{"action": [-0.741459846496582, 0.002160842064768076], "reward": 0.3308807323941361}