{"action": [0.699999988079071, 4.015404192614369e-05], "reward": 0.3106181900545252}