{"action": [-0.7979422807693481, 0.00024935154942795634], "reward": 0.43788345848425925}