{"action": [0.699999988079071, 0.004052925854921341], "reward": 0.7317423961711378}