{"action": [0.699999988079071, 0.0039812130853533745], "reward": 0.6353657826190071}