{"action": [0.699999988079071, 0.002593344310298562], "reward": 0.6181917723445309}