{"action": [0.2276381403207779, 0.00408463180065155], "reward": 0.8042680176659528}