{"action": [0.699999988079071, 0.008908011950552464], "reward": 0.469134222777985}