{"action": [0.042104195803403854, 0.006570600904524326], "reward": 0.5920153087706246}