{"action": [0.699999988079071, 0.01612582989037037], "reward": 0.26508866447321344}