{"action": [0.699999988079071, 0.009746179915964603], "reward": 0.5568723514064788}