{"action": [0.699999988079071, 0.011621391400694847], "reward": 0.505829257698732}