{"action": [-1.0, 0.011507418937981129], "reward": -0.001633290044899078}