{"action": [0.699999988079071, 0.01157012116163969], "reward": -0.0015889894159569473}