{"action": [0.699999988079071, -0.005780355539172888], "reward": 0.25672139916052655}