{"action": [0.699999988079071, 0.008348297327756882], "reward": 0.7148630842637056}