{"action": [-1.0, -5.4864995036041364e-05], "reward": 0.5302913521910623}