{"action": [-1.0, -1.7467926227254793e-05], "reward": 0.5185614419722689}