{"action": [0.699999988079071, -0.0002591968805063516], "reward": 0.6544975077667653}