{"action": [0.699999988079071, 0.00011508226452860981], "reward": 0.729683575481707}