{"action": [0.699999988079071, -0.0010033383732661605], "reward": 0.35170865166951776}