{"action": [0.4784920811653137, 0.0003164946974720806], "reward": 0.9011260346424376}