{"action": [-0.8569310307502747, 0.0021537402644753456], "reward": 0.3504306187923154}