{"action": [0.6963580250740051, -0.00016988450079225004], "reward": 0.7139790175494791}