{"action": [0.4272788166999817, 0.0029443392995744944], "reward": 0.8997547490391459}