{"action": [0.5534813404083252, -0.00018332141917198896], "reward": 0.872898990467319}