{"action": [0.699999988079071, -0.030578626319766045], "reward": 0.6106015481996818}