{"action": [0.5948321223258972, -0.004307149909436703], "reward": 0.7860840885064685}