{"action": [0.32465100288391113, -0.0011604272294789553], "reward": 0.9389336597847341}