{"action": [0.5137498378753662, 1.452964534109924e-05], "reward": 0.8498151704515615}