{"action": [0.5412585139274597, 0.009603057987987995], "reward": 0.8257677941793037}