{"action": [0.4679217040538788, 0.0036692104768007994], "reward": 0.866476619102382}