{"action": [0.5756564140319824, -0.010921408422291279], "reward": 0.8254696931076382}