{"action": [0.699999988079071, 0.014717004261910915], "reward": 0.5086943124431809}