{"action": [0.699999988079071, 0.015719851478934288], "reward": 0.5734593962467829}