{"action": [0.4522387385368347, -0.010700423270463943], "reward": 0.8696091792085754}