{"action": [0.699999988079071, 0.007557011675089598], "reward": 0.3340215856354384}