{"action": [0.699999988079071, 0.0006621881620958447], "reward": 0.494919415177838}