{"action": [0.699999988079071, -6.204783858265728e-05], "reward": 0.4487821634541392}