{"action": [0.699999988079071, -0.01682436838746071], "reward": 0.6586414423853156}