{"action": [0.4851780831813812, -0.016779592260718346], "reward": 0.8281857102478023}