{"action": [0.39389434456825256, -0.01788840815424919], "reward": 0.87772207344245}