{"action": [0.408584326505661, -7.783120963722467e-05], "reward": 0.45124529479864056}