{"action": [0.2590218782424927, -0.0006466492195613682], "reward": 0.46532087918187043}