{"action": [-1.0, 6.598967593163252e-05], "reward": 0.3393660153490428}