{"action": [-1.0, 0.00012017631524940953], "reward": -1.741738968130561e-05}