{"action": [0.699999988079071, 0.01364850252866745], "reward": 0.5091452171096635}