{"action": [0.24801841378211975, -0.0003850212669931352], "reward": 0.49047845457686096}