{"action": [0.2919710874557495, -0.00033326612901873887], "reward": 0.4828267902892214}