{"action": [0.21113446354866028, -0.013335582800209522], "reward": 0.48304704460226805}