{"action": [0.3259943723678589, -0.00867827981710434], "reward": 0.45768306530253017}