{"action": [0.3770521879196167, -0.011829799972474575], "reward": 0.438598402852042}