{"action": [0.3700435757637024, -0.011520946398377419], "reward": 0.4486763128307869}