{"action": [-1.0, 0.0015773141058161855], "reward": -0.00022451065381611166}