{"action": [0.699999988079071, 0.0015864383894950151], "reward": 0.06769126267573564}