{"action": [-1.0, 0.001770454691722989], "reward": 0.00026954514085232074}