{"action": [-1.0, 0.0017726006917655468], "reward": -9.754419857554156e-05}