{"action": [0.3832213580608368, 0.018216531723737717], "reward": 0.43683723850177963}