{"action": [0.699999988079071, 0.001930209225974977], "reward": 0.26183096321525295}