{"action": [0.699999988079071, 0.001792010385543108], "reward": 0.17210858457986974}