{"action": [0.5958216786384583, 0.008211907930672169], "reward": 0.6405199297433729}