{"action": [0.699999988079071, 0.04502086341381073], "reward": 0.3180818173351393}