{"action": [-1.0, 0.4607017934322357], "reward": -0.06893186445518365}