{"action": [-1.0, 0.4607066214084625], "reward": -0.06907612195480707}