{"action": [-1.0, 0.02188335545361042], "reward": -0.003263066946448721}