{"action": [0.5091908574104309, 0.3526045083999634], "reward": 0.361785449198209}