{"action": [0.699999988079071, 0.13684846460819244], "reward": 0.48650835518901214}