{"action": [0.3212829828262329, 0.0023043276742100716], "reward": 0.8937639561622608}