{"action": [0.4537017345428467, -0.0012976457364857197], "reward": 0.7818886558136511}