{"action": [0.35285478830337524, -0.007343645673245192], "reward": 0.9164224545923714}