{"action": [0.4501742124557495, 0.00011578953126445413], "reward": 0.8888894758601843}