{"action": [0.699999988079071, 0.0022847680374979973], "reward": 0.7787664515190358}