{"action": [0.5780501961708069, 0.0013653305359184742], "reward": 0.8447860205517392}