{"action": [-1.0, 0.014725890941917896], "reward": -0.002208219361655129}