{"action": [0.699999988079071, -0.0003224989341106266], "reward": 0.7293091010745194}