{"action": [0.43790632486343384, -0.015321442857384682], "reward": 0.763151576886086}