{"action": [-1.0, -0.0005366333061829209], "reward": 0.8281472779495546}