{"action": [0.699999988079071, 0.01597094163298607], "reward": 0.18524530257106406}