{"action": [0.699999988079071, 0.012909891083836555], "reward": 0.41952436443931207}