{"action": [0.699999988079071, 0.0025907312519848347], "reward": 0.37391549367494037}