{"action": [0.699999988079071, 0.002240321133285761], "reward": 0.4493494277637115}