{"action": [-1.0, 0.0049304477870464325], "reward": 0.11819437654719575}