{"action": [-1.0, 0.004633762873709202], "reward": -0.0006945594705113177}