{"action": [0.699999988079071, 0.003513873787596822], "reward": 0.4887655434923387}