{"action": [-1.0, 0.001547806547023356], "reward": 0.4319002821543523}