{"action": [0.5720790028572083, 0.0005327581311576068], "reward": 0.7458500867161943}