{"action": [0.699999988079071, 0.0], "reward": 0.02251150859007185}