{"action": [-1.0, -0.013603529892861843], "reward": -0.0020404566596979408}