{"action": [-1.0, -0.013603529892861843], "reward": -0.00204039339380922}