{"action": [-1.0, 0.0007591494941152632], "reward": -0.0001134589033533959}