{"action": [-1.0, 0.0021469141356647015], "reward": -0.0002240456300516354}