{"action": [-1.0, 0.0007079472416080534], "reward": -0.00010607597090081087}