{"action": [-1.0, 0.00074251793557778], "reward": -0.00011110863497064153}