{"action": [-1.0, 0.0007489559939131141], "reward": -0.00011158139993040477}