{"action": [0.699999988079071, -0.0070689707063138485], "reward": 0.7025831709558994}