{"action": [-1.0, 0.000738762435503304], "reward": -0.00011078188782083221}