{"action": [-1.0, 0.0007446639356203377], "reward": -0.00011117236863727236}