{"action": [0.699999988079071, 0.0008109344635158777], "reward": 0.31593904257920363}