{"action": [-1.0, 0.002454604022204876], "reward": -0.0003674156024130406}