{"action": [-1.0, -0.013490327633917332], "reward": -0.0020230062139679097}