{"action": [0.3820152282714844, 0.0010636699153110385], "reward": 0.43575029484222605}