{"action": [0.699999988079071, 0.005861938931047916], "reward": 0.3693675082505336}