{"action": [-1.0, 0.00962108001112938], "reward": -0.001437542573250611}