{"action": [0.29409685730934143, 0.0007484970265068114], "reward": 0.4494810799680636}