{"action": [-1.0, 0.009621616452932358], "reward": -0.0014431339751900844}