{"action": [0.4133431315422058, 0.0006187856197357178], "reward": 0.4468584674353282}