{"action": [-1.0, 0.0096205435693264], "reward": -0.0014421297018084008}