{"action": [0.36185067892074585, 0.00144989846739918], "reward": 0.40009036192527825}