{"action": [0.699999988079071, -0.0036867186427116394], "reward": 0.785250424066738}