{"action": [0.6566900014877319, -0.0033950493671000004], "reward": 0.7821422593944221}