{"action": [0.699999988079071, -0.004020088352262974], "reward": 0.7080184872520318}