{"action": [0.6383469104766846, -0.00549023924395442], "reward": 0.7561128409706458}