{"action": [0.6737290024757385, -0.0008974074153229594], "reward": 0.7445382482217155}