{"action": [0.6216714382171631, -0.011505413800477982], "reward": 0.8083298684544691}