{"action": [0.5832653045654297, -0.005168921779841185], "reward": 0.8417744877294229}