{"action": [0.4184904098510742, -0.0019376679556444287], "reward": 0.9203884156471221}