{"action": [0.501576840877533, -0.28602224588394165], "reward": 0.5517398762074709}