{"action": [0.5856266617774963, -0.4447743892669678], "reward": 0.621658099280567}