{"action": [0.699999988079071, -0.007650637999176979], "reward": 0.6236948572069974}