{"action": [0.4367223381996155, -0.18545740842819214], "reward": 0.6050813596093796}