{"action": [-1.0, 0.04668259620666504], "reward": -0.006964821274185494}