{"action": [0.6625585556030273, 0.04797235131263733], "reward": 0.30605255590922337}