{"action": [0.699999988079071, -0.008428607136011124], "reward": 0.6249700789430408}