{"action": [0.6476165056228638, 0.049357589334249496], "reward": 0.3367519940879449}