{"action": [0.557257354259491, 0.048708099871873856], "reward": 0.3162213000436039}