{"action": [-1.0, 0.0466960109770298], "reward": -0.007004265661616707}