{"action": [-1.0, 0.04678935930132866], "reward": -0.0070181600621566035}