{"action": [-1.0, 0.046751804649829865], "reward": -0.007012614371692452}