{"action": [-1.0, 0.046741075813770294], "reward": -0.007011010569486425}