{"action": [0.699999988079071, 0.04716038703918457], "reward": 0.002884463682012589}