{"action": [0.652717649936676, 0.010411382652819157], "reward": 0.7950366595633254}