{"action": [0.699999988079071, 0.024553602561354637], "reward": 0.5977873668158771}