{"action": [0.699999988079071, 0.006185629405081272], "reward": 0.518206865879254}