{"action": [0.699999988079071, -0.3045615553855896], "reward": 0.4371165642291584}