{"action": [0.5317655205726624, 0.0004934300086461008], "reward": 0.26983782529058803}