{"action": [0.699999988079071, -0.6360961198806763], "reward": 0.3168362994496}