{"action": [0.699999988079071, 4.171218097326346e-05], "reward": 0.3310403702352256}