{"action": [0.6226626634597778, -0.25652724504470825], "reward": 0.5302653082826296}