{"action": [0.699999988079071, 0.04652297869324684], "reward": 0.30911007768393756}