{"action": [0.5006585121154785, 0.18682385981082916], "reward": 0.5511948839488189}