{"action": [0.699999988079071, 0.002836788073182106], "reward": 0.30393507931549874}