{"action": [0.5676210522651672, 0.1662949025630951], "reward": 0.4887719126699153}