{"action": [0.6059026122093201, -0.5771681666374207], "reward": 0.39332346002786245}