{"action": [0.6730031371116638, -0.4421151578426361], "reward": 0.45349278300080587}