{"action": [0.4295293688774109, -0.10586993396282196], "reward": 0.6054553010579142}