{"action": [0.4461665451526642, -0.03938809037208557], "reward": 0.7939438588475932}