{"action": [0.457577645778656, -0.05186702683568001], "reward": 0.7712640520344111}