{"action": [0.582665741443634, 0.012119286693632603], "reward": 0.7257324321997862}