{"action": [0.622892439365387, -0.01863587461411953], "reward": 0.6953853418621446}