{"action": [0.6564387679100037, -0.02339739166200161], "reward": 0.6878166443393735}