{"action": [0.699999988079071, 0.0010830671526491642], "reward": 0.5671750381839222}