{"action": [0.5195597410202026, -0.0891427993774414], "reward": 0.6784747011695617}