{"action": [0.4641607701778412, 0.011429140344262123], "reward": 0.7989360778257679}