{"action": [0.48489129543304443, -0.065483957529068], "reward": 0.7390078282616563}