{"action": [0.47026747465133667, -0.05637853220105171], "reward": 0.7566768883725891}