{"action": [0.699999988079071, -0.055605243891477585], "reward": 0.4697132504985173}