{"action": [0.699999988079071, -0.021852649748325348], "reward": 0.6452187401647854}