{"action": [0.5218707919120789, 0.800000011920929], "reward": 0.044369274345806106}