{"action": [0.5833359956741333, 0.07499482482671738], "reward": 0.5005617008967361}