{"action": [0.6308922171592712, -0.03686141595244408], "reward": 0.6582405249029274}