{"action": [0.6020580530166626, -0.00900685228407383], "reward": 0.7836677763660244}