{"action": [0.4520191550254822, 0.02109711989760399], "reward": 0.5666559722075438}