{"action": [0.4555439352989197, 0.11901140213012695], "reward": 0.7588000324651853}