{"action": [0.6041521430015564, 0.600482702255249], "reward": 0.5220788356930622}