{"action": [0.699999988079071, 0.683631420135498], "reward": 0.49716983958050204}