{"action": [0.5500493049621582, 0.018507976084947586], "reward": 0.7326206716035213}