{"action": [0.5760183334350586, 0.4167092442512512], "reward": 0.7066598844902652}