{"action": [0.477506160736084, -0.020590145140886307], "reward": 0.8310697855231302}