{"action": [0.4622732400894165, 0.33862540125846863], "reward": 0.6992068871697735}