{"action": [0.48778772354125977, -0.01954195462167263], "reward": 0.8338019014883241}