{"action": [0.699999988079071, -0.08310028165578842], "reward": 0.5220107726539652}