{"action": [0.699999988079071, 0.0], "reward": 3.563719443805003e-06}