{"action": [0.6671767830848694, 0.002064373344182968], "reward": 0.7548546596300032}