{"action": [0.4742977023124695, 0.768201470375061], "reward": 0.3406613671085418}