{"action": [-1.0, -0.013548806309700012], "reward": -0.0020322696728708434}