{"action": [0.46301183104515076, 0.24461334943771362], "reward": 0.7973698496772258}