{"action": [-1.0, -0.01354934275150299], "reward": -0.002031625373865106}