{"action": [0.6848567128181458, 0.0008994851959869266], "reward": 0.7342253709933039}