{"action": [0.699999988079071, 0.00036127306520938873], "reward": 0.6669651618326329}