{"action": [0.5079505443572998, 0.0006564828800037503], "reward": 0.8406147156768787}