{"action": [0.5946256518363953, 0.001974712824448943], "reward": 0.7972323895651944}