{"action": [0.699999988079071, 0.011168047785758972], "reward": 0.5105366660133458}