{"action": [0.4598430395126343, 0.001563787809573114], "reward": 0.8383633089281955}