{"action": [0.5315662026405334, 0.001937665045261383], "reward": 0.8465910906387867}