{"action": [0.49232637882232666, 0.0017652335809543729], "reward": 0.8169601988176372}