{"action": [-0.08059729635715485, 0.0034344010055065155], "reward": 0.7445248678392655}