{"action": [0.5692657232284546, -0.010713168419897556], "reward": 0.7437998998641918}