{"action": [0.5679856538772583, 0.003166211536154151], "reward": 0.8183417551176886}