{"action": [0.699999988079071, -0.01492241770029068], "reward": 0.5690216270837618}