{"action": [0.5330477356910706, -0.006669281050562859], "reward": 0.8168893050938}