{"action": [0.573612630367279, -0.0641428530216217], "reward": 0.7362274359314042}