{"action": [-1.0, -0.013430776074528694], "reward": -0.00201460431228242}