{"action": [0.4537743330001831, -0.1403302401304245], "reward": 0.6959957053099239}