{"action": [0.39043474197387695, -0.07142121344804764], "reward": 0.3034726745001118}