{"action": [0.699999988079071, -0.019202670082449913], "reward": 0.33530713908404014}