{"action": [0.41723960638046265, -0.1895471066236496], "reward": 0.6244559034646239}