{"action": [0.699999988079071, 0.04946134611964226], "reward": 0.18459709922965736}