{"action": [0.5362954139709473, -0.05418248847126961], "reward": 0.21181256044550387}