{"action": [0.42095518112182617, -0.19523651897907257], "reward": 0.6111086305417693}