{"action": [0.699999988079071, -0.014011051505804062], "reward": 0.3004609164738814}