{"action": [0.5890372395515442, -0.028144514188170433], "reward": 0.6727003819072921}