{"action": [0.699999988079071, 0.0465063638985157], "reward": 0.43547517561802634}