{"action": [0.699999988079071, 0.08545564860105515], "reward": 0.5390929183043819}