{"action": [0.699999988079071, -0.005614310037344694], "reward": 0.5566323550646174}