{"action": [0.6678061485290527, -0.022431908175349236], "reward": 0.3540591844726377}