{"action": [-1.0, -0.013430776074528694], "reward": -0.002014487007607864}