{"action": [0.699999988079071, 0.013775531202554703], "reward": 0.3187194461536843}