{"action": [0.4079958200454712, -0.0012504358310252428], "reward": 0.7818816956062284}