{"action": [0.4605634808540344, -0.05522475764155388], "reward": 0.7913975336673597}