{"action": [0.6019431352615356, -0.06674650311470032], "reward": 0.6989509853090494}