{"action": [0.6311664581298828, -0.04739266633987427], "reward": 0.6624641874922997}