{"action": [0.43421119451522827, -0.053034864366054535], "reward": 0.8020647762829269}