{"action": [0.5342416763305664, -0.0648355484008789], "reward": 0.7070011814485706}