{"action": [0.4640708267688751, -0.05784110352396965], "reward": 0.7866588442106476}