{"action": [0.699999988079071, -0.047734469175338745], "reward": 0.7518997584892619}