{"action": [0.699999988079071, -0.1209011822938919], "reward": 0.6020744266199497}