{"action": [0.699999988079071, -0.145611971616745], "reward": 0.46522029558706224}