{"action": [0.699999988079071, -0.06002986058592796], "reward": 0.6136318356453304}