{"action": [0.699999988079071, -0.0640752762556076], "reward": 0.5620659829562862}