{"action": [0.699999988079071, -0.02198980562388897], "reward": 0.6940449787514236}