{"action": [0.699999988079071, -0.06873887032270432], "reward": 0.6423826210936111}