{"action": [0.699999988079071, -0.008498966693878174], "reward": 0.8054571536006252}