{"action": [0.6140833497047424, -0.0004971728194504976], "reward": 0.8234855505272987}