{"action": [0.699999988079071, 0.0032175236847251654], "reward": 0.6203067372852583}