{"action": [0.699999988079071, -0.003810132620856166], "reward": 0.8646461723547979}