{"action": [0.699999988079071, -0.010800796560943127], "reward": 0.4429722535703849}