{"action": [0.699999988079071, -0.009190271608531475], "reward": 0.3885181858157861}