{"action": [0.699999988079071, -6.367565674736397e-07], "reward": 0.6374128502752059}