{"action": [0.699999988079071, -0.010722428560256958], "reward": 0.7593383314315753}