{"action": [0.699999988079071, 9.425330063095316e-05], "reward": 0.53229279978316}