{"action": [-1.0, 0.01315286848694086], "reward": -0.0019710006545629118}