{"action": [-1.0, 0.011510101146996021], "reward": 0.16373184728719506}