{"action": [0.565796434879303, 0.008807879872620106], "reward": 0.37449584425992316}