{"action": [0.39262476563453674, 0.005297291558235884], "reward": 0.33804578946201425}