{"action": [0.699999988079071, 0.010153374634683132], "reward": 0.40214795912254064}