{"action": [-1.0, 0.013150722719728947], "reward": -0.001972168145846685}