{"action": [-1.0, 0.01314803957939148], "reward": -0.001972080070132617}