{"action": [0.6316386461257935, 0.008696934208273888], "reward": 0.3202519301428126}