{"action": [0.699999988079071, 0.010528103448450565], "reward": 0.3535734133635733}