{"action": [0.699999988079071, 0.012559373863041401], "reward": 0.12392101021269072}