{"action": [-1.0, 0.012284272350370884], "reward": -0.00184197289319643}