{"action": [0.699999988079071, 0.0005141934379935265], "reward": 0.5901342895106255}