{"action": [0.5894138813018799, 0.007300011347979307], "reward": 0.5451714465414672}