{"action": [0.3971608877182007, 0.006121899466961622], "reward": 0.5682384876954133}