{"action": [0.6903569102287292, -0.0023438213393092155], "reward": 0.8382305524983328}