{"action": [0.6948686838150024, 0.0044796098954975605], "reward": 0.5002587832794853}