{"action": [0.549446165561676, 0.006580101326107979], "reward": 0.569474950888146}