{"action": [0.6552660465240479, -0.00045886062434874475], "reward": 0.7634995753987245}