{"action": [0.699999988079071, -0.007612729445099831], "reward": 0.9277089956355009}