{"action": [0.43926021456718445, 0.00478450208902359], "reward": 0.6085153167485076}