{"action": [0.699999988079071, 0.025881092995405197], "reward": 0.6155631561557481}