{"action": [0.663589596748352, 0.00019615257042460144], "reward": 0.7958024918436307}