{"action": [0.699999988079071, 0.026564378291368484], "reward": 0.7475222056335578}