{"action": [0.6268298625946045, -9.72247107711155e-06], "reward": 0.9020162578904763}