{"action": [0.699999988079071, 0.017921442165970802], "reward": 0.8169571664268684}