{"action": [0.699999988079071, 0.7229024767875671], "reward": 0.3048066462251692}