{"action": [0.5045079588890076, 0.00140530860517174], "reward": 0.3200765346534229}