{"action": [0.699999988079071, -0.0032069142907857895], "reward": 0.482362372605631}