{"action": [0.699999988079071, -0.3850695788860321], "reward": 0.11796722036674}