{"action": [0.699999988079071, -0.2075609266757965], "reward": 0.44600695623013586}