{"action": [0.699999988079071, -0.07658212631940842], "reward": 0.35850101507150717}