{"action": [0.699999988079071, -0.4551011919975281], "reward": 0.14997666023737485}