{"action": [0.699999988079071, -0.02982739917933941], "reward": 0.08438431413734084}