{"action": [0.699999988079071, -0.002158048329874873], "reward": 0.07117317960091764}