{"action": [0.47820448875427246, 0.01867278851568699], "reward": 0.695019738938742}