{"action": [0.39123648405075073, -0.0008155311224982142], "reward": 0.8992270256024384}