{"action": [0.4411793053150177, -0.0013468299293890595], "reward": 0.8862755444284369}