{"action": [0.699999988079071, 1.1920929521291868e-10], "reward": 0.0001048164115627248}