{"action": [0.699999988079071, -0.015500239096581936], "reward": 0.7165094476142466}