{"action": [0.40896356105804443, -0.0017414059257134795], "reward": 0.924462356410629}