{"action": [0.699999988079071, -1.0759830502138357e-06], "reward": 0.6964110659169861}