{"action": [0.5327768921852112, 0.0005353721207939088], "reward": 0.7579748751135025}