{"action": [0.6616962552070618, -0.010030742734670639], "reward": 0.7115856288648349}