{"action": [0.49524468183517456, -0.005219206213951111], "reward": 0.8696379485734606}