{"action": [0.4585024416446686, -0.004277824889868498], "reward": 0.8576930250483369}