{"action": [0.47951728105545044, 0.00013457327440846711], "reward": 0.9851214395302368}