{"action": [0.699999988079071, 0.0002272201090818271], "reward": 0.9861071989103494}