{"action": [0.4917725920677185, 1.4902890143275727e-05], "reward": 0.9905336125944838}