{"action": [0.699999988079071, -0.0017539032269269228], "reward": 0.7224001026910241}