{"action": [0.46079644560813904, -1.2730356502288487e-06], "reward": 0.9427742735645109}