{"action": [0.40695515275001526, 0.00014632886450272053], "reward": 0.9438005527208791}