{"action": [0.3090127110481262, -0.0027522488962858915], "reward": 0.9306650330010343}