{"action": [0.42155921459198, 3.3676667499094037e-07], "reward": 0.9580973337641919}