{"action": [0.5097435116767883, 0.00012461352162063122], "reward": 0.9862393533601659}