{"action": [0.6742512583732605, -0.01993795856833458], "reward": 0.5992298002233911}