{"action": [0.05005485191941261, -0.013347812928259373], "reward": 0.8974731990317195}