{"action": [0.5450118184089661, -0.008553028106689453], "reward": 0.9010773633174842}