{"action": [0.4866707921028137, -0.0051526534371078014], "reward": 0.7854208028401957}