{"action": [0.699999988079071, 0.0432157963514328], "reward": 0.3403278170514321}