{"action": [0.699999988079071, 0.006303499918431044], "reward": 0.34281352168110324}