{"action": [0.5909143686294556, -0.227174773812294], "reward": 0.5203173628785042}