{"action": [0.5844107270240784, -0.19272007048130035], "reward": 0.6321294335926104}