{"action": [0.6622269749641418, 0.000462179072201252], "reward": 0.8608302232238039}