{"action": [0.536917507648468, 0.005129750818014145], "reward": 0.9002941647459519}