{"action": [0.6268377304077148, -0.14946158230304718], "reward": 0.6786597187580693}