{"action": [0.699999988079071, -0.01889984682202339], "reward": 0.61607438209543}