{"action": [0.699999988079071, 0.005268915090709925], "reward": 0.8005797063191946}