{"action": [0.699999988079071, -0.004669749643653631], "reward": 0.56315340496718}