{"action": [0.699999988079071, 0.0041006761603057384], "reward": 0.8834041268209635}