{"action": [0.6648321747779846, -0.0010641617700457573], "reward": 0.9675641224374965}