{"action": [0.699999988079071, -0.020703673362731934], "reward": 0.7254764632801826}