{"action": [0.699999988079071, -0.0004084651009179652], "reward": 0.5595551604990788}