{"action": [0.699999988079071, -0.019840184599161148], "reward": 0.6350580811371983}