{"action": [0.699999988079071, -0.02547701820731163], "reward": 0.6719056033884462}