{"action": [0.28129321336746216, 5.759823397966102e-05], "reward": 0.41009360849687326}