{"action": [-1.0, -0.0037683858536183834], "reward": -0.0005647517439576803}