{"action": [-0.1976262629032135, -0.01681019365787506], "reward": 0.5178477451655732}