{"action": [0.5135575532913208, -0.007455864921212196], "reward": 0.8208774576090035}