{"action": [-1.0, -0.0037662398535758257], "reward": -0.000563862119073233}