{"action": [0.699999988079071, -0.04175028204917908], "reward": 0.4544371626010676}