{"action": [-1.0, -0.004976586904376745], "reward": 0.41992752910604947}