{"action": [0.699999988079071, 0.0052102189511060715], "reward": 0.4317160893539869}