{"action": [-1.0, -0.003465262707322836], "reward": -0.0005176265740658133}