{"action": [-1.0, -0.003767849411815405], "reward": -0.0005635379297340107}