{"action": [-1.0, -0.003465262707322836], "reward": -0.000519261548596057}