{"action": [-1.0, -0.003466335590928793], "reward": -0.0005193714493483453}