{"action": [-1.0, -0.0034620435908436775], "reward": -0.0005160059943547761}