{"action": [0.48606711626052856, 0.014827517792582512], "reward": 0.8072439761657779}