{"action": [0.45092475414276123, 0.014328035525977612], "reward": 0.8076016141883667}