{"action": [0.699999988079071, 0.00010248792386846617], "reward": -1.1442086558864314e-05}