{"action": [-1.0, -0.003436291590332985], "reward": -0.0005150840605828758}