{"action": [0.699999988079071, 0.00010387742077000439], "reward": -1.467588056197023e-05}