{"action": [0.699999988079071, 0.00010247671889374033], "reward": 0.00038989165919955633}