{"action": [-1.0, -0.003444875590503216], "reward": -0.0005145661810625845}