{"action": [0.699999988079071, 0.0011765059316530824], "reward": 0.6746136813328257}