{"action": [0.6633214354515076, 0.004614898469299078], "reward": 0.8072189002724681}