{"action": [0.5866842269897461, 0.0045605674386024475], "reward": 0.8078060101118801}