{"action": [0.699999988079071, 0.003774783806875348], "reward": 0.6074205980179093}