{"action": [0.513847291469574, 0.00045633429544977844], "reward": 0.8382260803962215}