{"action": [0.699999988079071, 0.00010636505612637848], "reward": -1.5920187373537557e-05}