{"action": [0.699999988079071, 0.00010563669638941064], "reward": -1.5694991193972114e-05}