{"action": [0.699999988079071, 0.004700271878391504], "reward": 0.7652240053871755}