{"action": [0.610998272895813, 0.0012187138199806213], "reward": 0.8137568965376536}