{"action": [0.699999988079071, 0.029093969613313675], "reward": 0.6099211656187519}