{"action": [0.3588877022266388, 0.002606217283755541], "reward": 0.9421889771510631}