{"action": [0.699999988079071, 0.0014846071135252714], "reward": 0.6491593210120931}