{"action": [0.699999988079071, 0.00688944524154067], "reward": 0.6246483289929824}