{"action": [0.42056554555892944, 0.0014551097992807627], "reward": 0.9250609548696874}