{"action": [0.699999988079071, -0.0033992521930485964], "reward": 0.8479561571036043}