{"action": [0.699999988079071, -0.005796772427856922], "reward": 0.9318516958079901}