{"action": [0.3915753960609436, 3.8117766507639317e-06], "reward": 0.9272027087121807}