{"action": [0.699999988079071, -0.0032543016131967306], "reward": 0.9332500053028767}