{"action": [0.45474064350128174, -7.0025921559135895e-06], "reward": 0.8658431955825943}