{"action": [0.4397459626197815, 2.4880171622498892e-05], "reward": 0.9023458431831791}