{"action": [0.699999988079071, -0.0008968457113951445], "reward": 0.7537982035851805}