{"action": [0.4947112798690796, 8.965849701780826e-06], "reward": 0.8952911247072647}