{"action": [0.699999988079071, -0.006567679345607758], "reward": 0.9273307430911338}