{"action": [0.5630925297737122, 0.013498492538928986], "reward": 0.8963415195756455}