{"action": [0.699999988079071, 0.0024513592943549156], "reward": -1.517841676275283}