{"action": [0.4235135018825531, 0.006041244603693485], "reward": 0.8188681079990574}