{"action": [0.010255604051053524, 0.001787842600606382], "reward": -0.6913613667240263}