{"action": [0.699999988079071, -0.005036939401179552], "reward": -0.6662877995257775}