{"action": [0.4620431065559387, 0.010789061896502972], "reward": -1.746127054099372}