{"action": [0.46320831775665283, 0.008533964864909649], "reward": -1.866199993635589}