{"action": [0.699999988079071, 0.0007660912815481424], "reward": -1.5698917418878953}