{"action": [0.4554010331630707, 0.01465826015919447], "reward": -1.8546027947685726}