{"action": [0.6121178865432739, -0.00025339931016787887], "reward": 0.8581617161925787}