{"action": [0.699999988079071, 7.497607839468401e-06], "reward": -1.3749721173980702}