{"action": [0.39167413115501404, 0.0005954440566711128], "reward": 0.24265706948775811}