{"action": [0.4830414354801178, -0.09243758022785187], "reward": 0.5964923710193458}