{"action": [0.5852308869361877, 0.06950720399618149], "reward": 0.7281428118060431}