{"action": [0.5430607795715332, 0.0518466979265213], "reward": 0.6367223860467437}