{"action": [0.699999988079071, -0.014179185032844543], "reward": 0.8648581952268569}