{"action": [0.3621402680873871, -0.0010388627415522933], "reward": 0.8842724153246118}