{"action": [0.699999988079071, 0.00042529802885837853], "reward": 0.3810981276482837}