{"action": [0.699999988079071, 0.02153572253882885], "reward": 0.0855651683974765}