{"action": [0.699999988079071, 0.005621544551104307], "reward": 0.18770977784256793}