{"action": [0.699999988079071, 0.0002484791912138462], "reward": 0.002566719709980325}