{"action": [0.699999988079071, 0.0030400333926081657], "reward": 0.294298250139063}