{"action": [0.699999988079071, -0.015617875382304192], "reward": 0.8613919851636401}