{"action": [0.699999988079071, -0.039232075214385986], "reward": 0.8840518428716581}