{"action": [0.699999988079071, -0.01675737276673317], "reward": 0.8581793450712779}