{"action": [-1.0, -0.4388973116874695], "reward": 0.1231936867226992}