{"action": [0.699999988079071, 0.0008332703146152198], "reward": 0.3933397132625892}