{"action": [0.699999988079071, -0.017051925882697105], "reward": 0.38293391322640746}