{"action": [0.699999988079071, -0.00022960234491620213], "reward": 0.1599949233452174}