{"action": [0.699999988079071, -0.0007973458268679678], "reward": 0.2952283620665943}