{"action": [0.699999988079071, 0.006351009476929903], "reward": 0.3735010161878985}