{"action": [0.4158553183078766, -0.009385681711137295], "reward": 0.7713397249095179}