{"action": [0.699999988079071, 0.0021036097314208746], "reward": 0.08158269886341941}