{"action": [0.699999988079071, 0.0023077488876879215], "reward": 0.22185462887153656}