{"action": [0.699999988079071, 0.01346275582909584], "reward": 0.3895206061806941}