{"action": [0.5793986320495605, -0.00845691654831171], "reward": 0.7751377040560599}