{"action": [0.699999988079071, -0.0013642031699419022], "reward": 0.005610607935077359}