{"action": [0.699999988079071, 0.0018475922988727689], "reward": 0.02317769679817731}