{"action": [0.699999988079071, 0.00111960934009403], "reward": 0.050214765873735516}