{"action": [0.699999988079071, -0.004740219563245773], "reward": 0.04499102888006354}