{"action": [0.699999988079071, -0.010180714540183544], "reward": 0.09956739849409987}