{"action": [0.699999988079071, -0.004780748393386602], "reward": 0.0158205567837486}