{"action": [0.699999988079071, -0.019214080646634102], "reward": 0.0009560611150651087}