{"action": [0.699999988079071, -0.02226502075791359], "reward": 0.029901253045016618}