{"action": [0.699999988079071, -0.004574052058160305], "reward": 0.7249503331375626}