{"action": [0.699999988079071, -0.01058376207947731], "reward": 0.09018272384368219}