{"action": [0.699999988079071, -0.0034447067882865667], "reward": 0.258212762403374}