{"action": [0.699999988079071, -0.0039635710418224335], "reward": 0.004479516968240028}