{"action": [0.699999988079071, -0.014869073405861855], "reward": 0.2702670983945952}