{"action": [0.699999988079071, -0.016526132822036743], "reward": 0.27542957416467756}