{"action": [0.699999988079071, -0.0039331745356321335], "reward": 0.4027305250997702}