{"action": [0.699999988079071, -0.003343554213643074], "reward": 0.2141360058172085}