{"action": [0.699999988079071, -0.016009259968996048], "reward": 0.2736115510797686}