{"action": [0.699999988079071, -0.03969371318817139], "reward": 0.25472146212209257}