{"action": [0.699999988079071, 0.0013357119169086218], "reward": 0.01822499736320516}