{"action": [0.699999988079071, -0.009605716913938522], "reward": 0.23141534481338055}