{"action": [0.699999988079071, 0.029126262292265892], "reward": 0.22954214356133007}