{"action": [0.699999988079071, 0.01835283450782299], "reward": 0.12534012252767654}