{"action": [0.699999988079071, -0.004574353341013193], "reward": 0.29804825382944017}