{"action": [0.699999988079071, 0.00026375323068350554], "reward": 0.11573321458596268}