{"action": [0.699999988079071, 0.022534627467393875], "reward": 0.4222496395041641}