{"action": [0.699999988079071, 0.0021265794057399035], "reward": 0.20153508775857223}