{"action": [0.699999988079071, 0.0004916817997582257], "reward": 0.273584935533492}