{"action": [0.699999988079071, 0.006840117741376162], "reward": 0.14992336399580738}