{"action": [0.699999988079071, -0.007546448614448309], "reward": 0.3547125487325156}