{"action": [0.699999988079071, 0.00274758436717093], "reward": 0.2949053474743162}