{"action": [0.699999988079071, -0.0045701623894274235], "reward": 0.18564730559604775}