{"action": [0.699999988079071, -0.002860600594431162], "reward": 0.13686952814048353}