{"action": [0.699999988079071, -0.0065580857917666435], "reward": 0.137343869618432}