{"action": [0.699999988079071, -0.0008166363113559783], "reward": 0.0047108649996369266}