{"action": [0.699999988079071, -0.0034698224626481533], "reward": 0.4144058689475581}