{"action": [0.699999988079071, -0.006319042760878801], "reward": 0.33573829777145525}