{"action": [0.699999988079071, -0.01090928353369236], "reward": 0.25889646348566353}