{"action": [0.699999988079071, -0.00747077539563179], "reward": 0.33885541717956336}