{"action": [0.699999988079071, -0.005318335257470608], "reward": 0.2129574554071295}