{"action": [0.699999988079071, -0.005682127550244331], "reward": 0.31235034953320495}