{"action": [0.699999988079071, -0.004480942618101835], "reward": 0.287081410229929}