{"action": [0.699999988079071, -0.0020467524882405996], "reward": 0.38980786353461916}