{"action": [0.699999988079071, -0.0009218671475537121], "reward": 0.007220238551942129}