{"action": [0.699999988079071, -0.0015395747032016516], "reward": 0.5005927718510014}