{"action": [0.699999988079071, -0.00200063269585371], "reward": 0.39867989255290487}