{"action": [0.699999988079071, -0.0018656597239896655], "reward": 0.3313977839814205}