{"action": [0.699999988079071, -0.0017209310317412019], "reward": 0.3198869463144378}