{"action": [0.699999988079071, -0.0041932715103030205], "reward": 0.17823552387613562}