{"action": [0.699999988079071, -0.0047871023416519165], "reward": 0.17117345304893145}