{"action": [0.699999988079071, -0.0017049554735422134], "reward": 0.3238637068767393}