{"action": [0.699999988079071, -0.0022323429584503174], "reward": 0.130406648601056}