{"action": [0.699999988079071, -0.007161908317357302], "reward": 0.04013629309894247}