{"action": [0.699999988079071, 0.0011930792825296521], "reward": 0.17255622663019798}