{"action": [0.699999988079071, 0.004300620406866074], "reward": 0.07081469999221911}