{"action": [0.699999988079071, 0.002202160656452179], "reward": 0.28547661910329575}