{"action": [0.699999988079071, 0.009271473623812199], "reward": 0.006495336974104418}