{"action": [0.699999988079071, 4.574090417008847e-05], "reward": 0.379418802123625}