{"action": [0.699999988079071, 0.00011130941129522398], "reward": 0.28623167790769827}