{"action": [0.699999988079071, 0.0008892750483937562], "reward": 0.3586590715856159}