{"action": [-1.0, 0.005646140780299902], "reward": -0.0008316363240250244}