{"action": [0.699999988079071, 0.006178838200867176], "reward": 9.417377887703104e-05}