{"action": [0.6740420460700989, 0.0032138729002326727], "reward": 0.6780024140534534}