{"action": [0.699999988079071, -0.007356601767241955], "reward": 0.37059786167781733}