{"action": [0.5525792241096497, 0.0017179332207888365], "reward": 0.8930758407721002}