{"action": [0.699999988079071, 0.00010693544027162716], "reward": 0.5520303280771929}