{"action": [0.699999988079071, 0.0018048021011054516], "reward": 0.6407487836733405}