{"action": [0.699999988079071, 0.00010694718366721645], "reward": 0.0005174297866582585}