{"action": [0.699999988079071, -0.01056341640651226], "reward": 0.0885809522380298}