{"action": [0.699999988079071, 0.006765971425920725], "reward": 0.49324525788094664}