{"action": [0.699999988079071, 0.000108696760435123], "reward": 4.920614261767201e-06}