{"action": [0.699999988079071, 0.00010863805073313415], "reward": -1.625743467993836e-05}