{"action": [0.3816225230693817, -0.007173032499849796], "reward": 0.8628607094559546}