{"action": [0.699999988079071, -0.0016875979490578175], "reward": 0.7459903138887702}