{"action": [0.46704089641571045, -0.009307117201387882], "reward": 0.8678408502690456}