{"action": [-1.0, 0.0002414256305200979], "reward": -2.7929005474873603e-05}