{"action": [0.6375268697738647, -0.002152350265532732], "reward": 0.680542828739825}