{"action": [0.699999988079071, -0.0037152469158172607], "reward": 0.6408800447587519}