{"action": [0.699999988079071, -0.0021574802231043577], "reward": 0.5853970829425469}