{"action": [0.699999988079071, -0.0005913134082220495], "reward": 0.08350701828047595}