{"action": [0.699999988079071, 0.0012046154588460922], "reward": 0.7698067877628093}