{"action": [0.699999988079071, -0.005277112126350403], "reward": 0.9336324559104618}