{"action": [0.699999988079071, -0.00638070423156023], "reward": 0.8989654981907678}