{"action": [0.699999988079071, -0.007502543739974499], "reward": 0.8841183251209229}