{"action": [0.699999988079071, 0.0048999846912920475], "reward": 0.12804434005529175}