{"action": [0.699999988079071, -0.003978166729211807], "reward": 0.6754663305240067}