{"action": [0.699999988079071, -0.004409864079207182], "reward": 0.6763902487400865}