{"action": [0.6448322534561157, 0.011469501070678234], "reward": 0.9104173850967467}