{"action": [0.664878785610199, 0.003029110375791788], "reward": 0.9429553688719366}