{"action": [0.6931197643280029, 0.0013278461992740631], "reward": -1.025783993873943}