{"action": [0.5811340808868408, 0.012390561401844025], "reward": 0.902518569636734}