{"action": [0.6244294047355652, 0.004927238915115595], "reward": 0.9375712615632225}