{"action": [0.699999988079071, 0.0014706678921356797], "reward": 0.9278230919469015}