{"action": [0.699999988079071, 0.0019865205977112055], "reward": -0.6643035854921095}