{"action": [0.699999988079071, 0.00924860779196024], "reward": 0.7361512370149965}