{"action": [0.28131434321403503, -0.004927705507725477], "reward": 0.4874542099658423}