{"action": [0.4258649945259094, -0.002062680898234248], "reward": 0.6867730032969831}