{"action": [0.699999988079071, -0.18523724377155304], "reward": 0.7857307174936936}