{"action": [0.4812066853046417, -0.20228099822998047], "reward": 0.9245873124161977}