{"action": [-1.0, -0.006576970685273409], "reward": -0.0009774971369807264}