{"action": [0.2049056887626648, -0.0012462921440601349], "reward": 0.7345415851948043}