{"action": [0.5786699652671814, -0.14521582424640656], "reward": 0.9519479253868256}