{"action": [0.699999988079071, -0.003030225867405534], "reward": 0.5978877753243752}