{"action": [0.699999988079071, -0.035518188029527664], "reward": 0.9358190330664117}