{"action": [0.6359398365020752, -0.00852020364254713], "reward": 0.7454817121018108}