{"action": [0.5875274538993835, -0.16603246331214905], "reward": 0.9191715196072543}