{"action": [0.5313887596130371, -0.11434279382228851], "reward": 0.910507738443108}