{"action": [0.699999988079071, -0.060007061809301376], "reward": 0.8852943924754616}