{"action": [0.699999988079071, -0.15659809112548828], "reward": 0.7731570664634777}