{"action": [0.699999988079071, -0.06259220093488693], "reward": 0.8852266055480931}