{"action": [0.699999988079071, -0.1663554310798645], "reward": 0.5168711276559894}