{"action": [0.4795536398887634, -0.13274745643138885], "reward": 0.8368269727677963}