{"action": [0.5365164279937744, -0.15125718712806702], "reward": 0.8791141220544708}