{"action": [0.699999988079071, 0.0002572429075371474], "reward": 0.8691813369439714}