{"action": [0.699999988079071, -0.07921186834573746], "reward": 0.7503616200798165}