{"action": [0.699999988079071, -0.03088737651705742], "reward": 0.5596801023905825}