{"action": [0.699999988079071, -0.05960080027580261], "reward": 0.7508044811607147}