{"action": [0.699999988079071, -0.03324046730995178], "reward": 0.7208678809556313}