{"action": [0.699999988079071, -0.03262405842542648], "reward": 0.7921857951249632}