{"action": [0.699999988079071, 0.00046357340761460364], "reward": 0.9445661683354551}