{"action": [0.699999988079071, 0.004619210958480835], "reward": 0.005473912655359149}