{"action": [-1.0, 0.00024035263049881905], "reward": -3.588286409124196e-05}