{"action": [0.699999988079071, -0.005611878354102373], "reward": -1.4950529666168721}