{"action": [0.699999988079071, 0.001374092767946422], "reward": -0.5203645722503051}