{"action": [-1.0, 0.00024035263049881905], "reward": -3.5830021839988105e-05}