{"action": [0.699999988079071, -0.004555490333586931], "reward": -0.8233644606280963}