{"action": [0.699999988079071, -0.0026729595847427845], "reward": -0.5609266366458615}