{"action": [0.699999988079071, 0.0038002326618880033], "reward": -0.26562410824251514}