{"action": [0.699999988079071, -0.007623414508998394], "reward": -3.1258068712172533}