{"action": [0.699999988079071, -0.0004489400889724493], "reward": -1.936333909439388}