{"action": [0.699999988079071, -0.021643245592713356], "reward": -2.8049126463116325}