{"action": [-1.0, 0.00024035263049881905], "reward": -3.593445289878124e-05}