{"action": [0.699999988079071, -0.0005095642991364002], "reward": -1.9945247594964606}