{"action": [0.4454500377178192, 0.0027415689546614885], "reward": -1.8894417491577056}