{"action": [0.699999988079071, 0.001131830969825387], "reward": -2.1425870747593514}