{"action": [0.699999988079071, -0.0006259233923628926], "reward": -2.0570056568423927}