{"action": [0.699999988079071, 7.608850137330592e-05], "reward": -0.9254776710974519}