{"action": [0.699999988079071, 0.002075611613690853], "reward": 0.9103070661803653}