{"action": [0.5516067743301392, -0.0006013441598042846], "reward": -1.493838233351827}