{"action": [0.699999988079071, 0.014301746152341366], "reward": 0.43537377708907093}