{"action": [0.699999988079071, 0.00044121601968072355], "reward": 0.49293212250154356}