{"action": [0.5749980807304382, -0.0005972595536150038], "reward": -0.1843920882259614}