{"action": [0.699999988079071, 0.03571903333067894], "reward": 0.7877601664044728}