{"action": [0.699999988079071, 0.004677784629166126], "reward": 0.9425080060544603}