{"action": [0.699999988079071, -0.007486119866371155], "reward": -0.5753102389704959}