{"action": [0.699999988079071, -0.020941423252224922], "reward": 0.7427178896033689}