{"action": [0.699999988079071, -0.02188011072576046], "reward": 0.3120632179157274}