{"action": [0.699999988079071, 0.0012532691471278667], "reward": 0.10847070632286043}