{"action": [0.6955385804176331, -0.004721024539321661], "reward": -0.8893555104864044}