{"action": [0.699999988079071, -1.271845121664228e-06], "reward": 0.001626331111346181}