{"action": [0.699999988079071, 0.005219418089836836], "reward": -0.5026832149193067}