{"action": [0.6966757774353027, -1.6212482023547636e-08], "reward": 0.8187792194891116}