{"action": [0.5050774216651917, -0.0019325739704072475], "reward": 0.8597287944997113}