{"action": [0.699999988079071, 0.006132945418357849], "reward": 0.05906336232073866}