{"action": [0.46839115023612976, -0.003168665338307619], "reward": 0.8769480173850729}