{"action": [0.699999988079071, -0.0012701904634013772], "reward": 0.7221901098687332}