{"action": [0.699999988079071, -1.3551532902056351e-05], "reward": 0.8006829336090537}