{"action": [0.4859495759010315, -1.4522671335726045e-05], "reward": 0.8520080436991072}