{"action": [0.4441968500614166, 0.006031995639204979], "reward": 0.6701924306406071}