{"action": [0.5759872794151306, 0.02864644303917885], "reward": 0.7888466411009749}