{"action": [-1.0, 0.0002414256305200979], "reward": -3.491646915553096e-05}