{"action": [-1.0, 0.00024196213053073734], "reward": -3.621539640595865e-05}