{"action": [0.699999988079071, 0.00658141216263175], "reward": 0.8168726711897049}