{"action": [0.699999988079071, 0.012088969349861145], "reward": 0.7899988710261109}