{"action": [0.699999988079071, 0.00397743983194232], "reward": 0.876385920810261}