{"action": [0.5340399146080017, 0.00260021910071373], "reward": 0.922696161346567}