{"action": [0.6806410551071167, 0.005643807351589203], "reward": 0.9253548734681089}