{"action": [0.699999988079071, -0.19188210368156433], "reward": -0.02878231555223465}