{"action": [0.699999988079071, -0.06148577108979225], "reward": 0.5437324388416327}