{"action": [0.1953831911087036, -0.049849867820739746], "reward": 0.8352186219433008}