{"action": [0.5626639127731323, -0.415459007024765], "reward": 0.4591473688312743}