{"action": [0.699999988079071, -0.08471249043941498], "reward": -0.012706873565912246}