{"action": [0.699999988079071, -0.29102951288223267], "reward": -0.0436544269323349}