{"action": [0.699999988079071, -0.10645182430744171], "reward": 0.7528763257886192}