{"action": [-1.0, 0.0002430351305520162], "reward": -3.585584943328124e-05}