{"action": [-1.0, 0.0002430351305520162], "reward": -3.617473576189343e-05}