{"action": [-1.0, 0.0002430351305520162], "reward": -3.481381262873634e-05}