{"action": [0.699999988079071, -0.16897501051425934], "reward": -0.3058447127312207}