{"action": [0.699999988079071, 0.013560169376432896], "reward": -0.5049170605323275}