{"action": [0.699999988079071, 0.008243014104664326], "reward": -0.417186334870754}