{"action": [0.699999988079071, 0.006570153404027224], "reward": -0.6440174054320542}