{"action": [0.699999988079071, 0.014536677859723568], "reward": -0.42728714893090475}