{"action": [0.699999988079071, 0.002240725327283144], "reward": -0.0410393401852702}