{"action": [0.699999988079071, 5.1502098358469084e-05], "reward": 0.8881659899038562}