{"action": [0.699999988079071, 0.018664153292775154], "reward": -0.41801487436976575}