{"action": [0.699999988079071, 0.002219925867393613], "reward": 0.38114621930013015}