{"action": [0.699999988079071, 0.00014225715131033212], "reward": -1.5802744662968131}