{"action": [0.6638792157173157, -0.00023233008687384427], "reward": -4.794753154968764}