{"action": [0.699999988079071, -0.0006092158146202564], "reward": -4.495141627954902}