{"action": [0.5351957082748413, -0.002701842226088047], "reward": -1.210643431246039}