{"action": [0.6549435257911682, -0.00024028020561672747], "reward": -4.720566833884961}