{"action": [0.10508564859628677, -0.000804413459263742], "reward": -3.7331697538647988}