{"action": [0.5491229891777039, -0.0042775943875312805], "reward": -1.5409102544805087}