{"action": [-1.0, 0.0002446446451358497], "reward": -3.587448501253163e-05}