{"action": [0.6300984621047974, -0.007117046974599361], "reward": -0.9548147224564867}