{"action": [0.49982938170433044, 0.0008979662670753896], "reward": -1.7250729285046034}