{"action": [0.6528221368789673, 0.0049890074878931046], "reward": -0.9969251012458695}