{"action": [0.6914232969284058, -0.014419235289096832], "reward": -0.7075050795262596}