{"action": [-1.0, 0.0002446446451358497], "reward": -2.6845623155018392e-05}