{"action": [0.699999988079071, 0.0089726522564888], "reward": -0.5896059361161813}