{"action": [0.699999988079071, -1.1145830285386182e-05], "reward": -0.7221287618201168}