{"action": [0.6814665198326111, -0.0018623631913214922], "reward": -0.7862184900252833}