{"action": [-1.0, 0.00024518114514648914], "reward": -3.6359747849909524e-05}