{"action": [0.699999988079071, 0.0014796194154769182], "reward": -0.03874716439829254}