{"action": [0.699999988079071, 0.00044720512232743204], "reward": -0.7016689459341305}