{"action": [0.3930586576461792, 0.00017944484716281295], "reward": -0.9104150585424178}