{"action": [0.699999988079071, 0.02266889065504074], "reward": -0.48838065433978}