{"action": [0.699999988079071, -0.0063363052904605865], "reward": -0.2785354450920917}