{"action": [0.6927056312561035, -0.003304862417280674], "reward": -0.8002959928603504}