{"action": [0.699999988079071, -0.0034110189881175756], "reward": -0.6125741173388102}