{"action": [-1.0, 0.01036037877202034], "reward": -0.0015245904527677997}