{"action": [0.48452848196029663, 0.042077142745256424], "reward": 0.35108594870015836}