{"action": [-1.0, 0.00024518114514648914], "reward": -3.674675789996846e-05}