{"action": [-1.0, 0.010365206748247147], "reward": -0.0015545734160169306}