{"action": [0.5129125714302063, 0.007644847966730595], "reward": 0.8603869324430573}