{"action": [-1.0, 0.02604074217379093], "reward": 0.682431212598299}