{"action": [0.699999988079071, 0.0017324223881587386], "reward": 0.441553769046658}