{"action": [0.699999988079071, -0.004563971422612667], "reward": 0.8142277865062593}