{"action": [-1.0, 0.010355549864470959], "reward": -0.0015531778048018423}