{"action": [0.699999988079071, -0.002456424990668893], "reward": 0.7377059133540774}