{"action": [0.699999988079071, -0.00043718761298805475], "reward": 0.7544631709793369}