{"action": [-1.0, 0.010338918305933475], "reward": -0.0015503895186732698}