{"action": [-1.0, 0.010336772538721561], "reward": -0.0015502750531085302}