{"action": [0.699999988079071, -0.004716841503977776], "reward": 0.736600854365315}