{"action": [0.699999988079071, 0.003176376922056079], "reward": 0.36402357488759823}