{"action": [0.699999988079071, -0.6202093958854675], "reward": 0.14476573930581854}