{"action": [0.699999988079071, -1.3613766896014567e-06], "reward": 3.0991671766733013e-06}