{"action": [0.699999988079071, -1.3346722198548377e-06], "reward": 0.00036825499973928066}