{"action": [0.699999988079071, -0.004360320046544075], "reward": 0.8343629782892769}