{"action": [0.699999988079071, -0.004499435890465975], "reward": 0.8540205978214577}