{"action": [0.699999988079071, 0.005154817830771208], "reward": 0.93943386156024}