{"action": [0.519657552242279, 9.33135743252933e-05], "reward": 0.9042760277514401}