{"action": [0.699999988079071, -0.006130223162472248], "reward": 0.5311655012951169}