{"action": [-1.0, 0.00024357164511457086], "reward": -3.540899205140413e-05}