{"action": [0.699999988079071, -0.0046130698174238205], "reward": 0.6226968783402596}