{"action": [0.699999988079071, -0.026231417432427406], "reward": 0.5203378400881258}