{"action": [0.699999988079071, 0.016315555199980736], "reward": 0.699366867310625}