{"action": [0.699999988079071, 0.011920931749045849], "reward": 0.9061582674248243}