{"action": [0.699999988079071, -0.0007240898557938635], "reward": 0.9705590809689187}