{"action": [0.699999988079071, 7.2763032221701e-05], "reward": 0.8759533735756823}