{"action": [0.699999988079071, 0.002028238959610462], "reward": 0.38981939370720875}