{"action": [0.699999988079071, 0.0059289936907589436], "reward": 0.9138173920079581}