{"action": [0.699999988079071, 0.0011547935428097844], "reward": 0.559771782691399}