{"action": [0.699999988079071, -0.0002989224449265748], "reward": -0.09084050091800877}