{"action": [0.699999988079071, -0.010610864497721195], "reward": 0.8643121265076168}