{"action": [0.699999988079071, 0.0002918990212492645], "reward": 0.19570382017445026}