{"action": [0.699999988079071, 0.006532385479658842], "reward": 0.5217402937747984}