{"action": [0.699999988079071, 0.02738375961780548], "reward": 0.43765906746714367}