{"action": [0.699999988079071, 0.025003792718052864], "reward": 0.5480901688687854}