{"action": [0.699999988079071, 0.0011109684128314257], "reward": 0.5626886414149272}