{"action": [0.699999988079071, -0.004009355790913105], "reward": -0.46533163682698414}