{"action": [0.699999988079071, -0.014477374032139778], "reward": 0.7951996109252739}