{"action": [-1.0, -2.314180164830759e-05], "reward": 0.7343757048101098}