{"action": [0.699999988079071, -0.0001571764296386391], "reward": 0.2900940253103911}