{"action": [0.24068984389305115, 0.00019706565944943577], "reward": 0.5164889143916299}