{"action": [0.699999988079071, -0.0020227464847266674], "reward": 0.9046093844245624}