{"action": [0.280232310295105, -1.0301887414243538e-05], "reward": 0.4874320524367792}