{"action": [0.699999988079071, -0.009251776151359081], "reward": 0.8817951405298183}