{"action": [0.699999988079071, -0.024824349209666252], "reward": 0.8713545570890412}