{"action": [0.699999988079071, 0.014077886007726192], "reward": 0.8233381631390957}