{"action": [0.699999988079071, -0.030911533161997795], "reward": 0.7485656573077366}