{"action": [0.699999988079071, -0.00030947389313951135], "reward": -1.6689120323462134}