{"action": [0.699999988079071, -0.0002490114711690694], "reward": -2.020750412436477}