{"action": [0.699999988079071, -0.0078054675832390785], "reward": 0.8166091681810396}