{"action": [0.699999988079071, 0.0023445512633770704], "reward": 0.21768827470048216}