{"action": [0.699999988079071, 0.0008548990590497851], "reward": -0.36199605519670486}