{"action": [0.699999988079071, 0.003528774715960026], "reward": -0.9734969162743504}