{"action": [0.699999988079071, -5.925893447056296e-07], "reward": 0.6215139127580103}