{"action": [0.699999988079071, 0.008892149664461613], "reward": -1.233411185683004}