{"action": [0.699999988079071, 0.002071106107905507], "reward": 0.5441153245176059}