{"action": [0.699999988079071, -0.0006814376101829112], "reward": 0.9143964411834409}