{"action": [0.6725985407829285, -0.0002994082460645586], "reward": 0.8155071491888737}