{"action": [0.699999988079071, -0.019706839695572853], "reward": 0.5593837148907175}