{"action": [0.699999988079071, -0.009622183628380299], "reward": 0.4895441121303611}