{"action": [0.699999988079071, -0.0114783039316535], "reward": 0.5953076725779726}