{"action": [0.3777570128440857, 0.00015219491615425795], "reward": 0.9374850864430813}