{"action": [0.699999988079071, -0.031966034322977066], "reward": 0.5321276857080594}