{"action": [0.699999988079071, 0.0006002083537168801], "reward": 0.47265027060963}