{"action": [0.699999988079071, -0.010103898122906685], "reward": 0.6005351205693829}