{"action": [0.6488886475563049, -0.07094676792621613], "reward": 0.8108769758733013}