{"action": [0.5620430707931519, -0.0009160068002529442], "reward": 0.8753098750296427}