{"action": [0.699999988079071, -0.05265740305185318], "reward": 0.5877031620054062}