{"action": [0.37993526458740234, 0.0016542893135920167], "reward": 0.9520207107759293}