{"action": [0.699999988079071, -0.045841384679079056], "reward": 0.6087382444366997}