{"action": [0.6498655676841736, -0.041432470083236694], "reward": 0.5891488658665872}