{"action": [0.32841038703918457, -0.027568219229578972], "reward": 0.8696736053568793}