{"action": [0.5851864814758301, -0.800000011920929], "reward": 0.06666508366701311}