{"action": [0.4210065007209778, -0.03438393026590347], "reward": 0.8412085128419294}