{"action": [0.5336878299713135, 0.0008869603043422103], "reward": 0.8400358709821528}