{"action": [0.40742743015289307, 0.0021364064887166023], "reward": 0.9022697528156047}