{"action": [0.6080126762390137, -0.800000011920929], "reward": 0.27419969253895793}