{"action": [0.699999988079071, 0.0031049761455506086], "reward": 0.5068607778412845}