{"action": [0.699999988079071, 0.008977068588137627], "reward": 0.6005916856456922}