{"action": [0.37674498558044434, 0.013014374300837517], "reward": 0.9255217278904808}