{"action": [0.5403973460197449, 0.008568422868847847], "reward": 0.7373627652933215}