{"action": [0.699999988079071, 0.006425758823752403], "reward": 0.647126017006377}