{"action": [0.699999988079071, 0.04392024129629135], "reward": 0.3566967551070799}