{"action": [0.699999988079071, 0.062200821936130524], "reward": 0.6603719251026878}