{"action": [0.4986971616744995, 0.028924033045768738], "reward": 0.8733131920934719}