{"action": [0.6371797323226929, 0.03862318769097328], "reward": 0.6993649798473722}