{"action": [0.36873769760131836, 0.02201743796467781], "reward": 0.8946130475322531}