{"action": [0.690616250038147, 0.0319250263273716], "reward": 0.7170919138873882}