{"action": [0.6029651761054993, 0.0390850305557251], "reward": 0.7479874187018806}