{"action": [0.699999988079071, 0.05527574568986893], "reward": 0.5711797434225364}