{"action": [0.6412063241004944, 0.031995005905628204], "reward": 0.7001366108001131}