{"action": [0.5824266672134399, 0.024956483393907547], "reward": 0.7724294094257731}