{"action": [0.699999988079071, 0.03581395372748375], "reward": 0.7183180788050747}