{"action": [0.5045124292373657, 0.039904240518808365], "reward": 0.7376906019426543}