{"action": [0.699999988079071, 0.0015221779467538], "reward": 0.21717383980876476}