{"action": [0.699999988079071, 0.0019084037048742175], "reward": 0.05574872058288265}