{"action": [0.699999988079071, 0.00034833443351089954], "reward": 0.1823689243633482}