{"action": [0.36937403678894043, 0.02845427393913269], "reward": 0.8703911039554912}