{"action": [0.699999988079071, 0.0017362846992909908], "reward": 0.0395106325314845}