{"action": [0.5010933876037598, 7.353752152994275e-05], "reward": 0.8580856845677713}