{"action": [0.699999988079071, 0.0015487101627513766], "reward": 0.22756801896233086}