{"action": [0.699999988079071, 0.00028558087069541216], "reward": 0.22568576368544963}