{"action": [0.43418747186660767, 0.02637898363173008], "reward": 0.8397717690030394}