{"action": [0.699999988079071, 0.00032780837500467896], "reward": 0.19361491306516634}