{"action": [0.699999988079071, 0.0014448579167947173], "reward": 0.20054007760008485}