{"action": [0.699999988079071, 0.000641126127447933], "reward": 0.08564448399575313}