{"action": [0.699999988079071, 0.0005679316236637533], "reward": 0.02710272873216948}