{"action": [0.699999988079071, 0.00023429641441907734], "reward": 0.18738660337709476}