{"action": [0.699999988079071, -0.0005050923791714013], "reward": 0.7826650814517296}