{"action": [0.699999988079071, 0.00020839422359131277], "reward": 0.2507970601916893}