{"action": [0.699999988079071, 0.000527174852322787], "reward": 0.15483598706526056}