{"action": [0.699999988079071, 0.0005628531216643751], "reward": 0.01231438587340831}