{"action": [0.699999988079071, 0.00030462301219813526], "reward": 0.09967494915215272}