{"action": [0.699999988079071, -0.0004151301400270313], "reward": 0.009802390675698377}