{"action": [0.699999988079071, -0.00042559910798445344], "reward": 0.032407059571177406}