{"action": [0.699999988079071, -0.0007031952263787389], "reward": 0.11140113688186015}