{"action": [0.699999988079071, 9.667456470197067e-05], "reward": 0.061750313352704436}