{"action": [0.699999988079071, 9.145224612439051e-05], "reward": 0.027347470444242915}