{"action": [0.699999988079071, -0.0009226825786754489], "reward": 0.0582126363481805}