{"action": [0.699999988079071, -0.004735914058983326], "reward": 0.2326105369036294}