{"action": [0.699999988079071, -0.0028932078275829554], "reward": 0.11151104106377611}