{"action": [0.699999988079071, -0.004632691387087107], "reward": 0.12958911918026328}