{"action": [0.699999988079071, -0.004807701800018549], "reward": 0.11735852128065188}