{"action": [0.699999988079071, -0.008070352487266064], "reward": 0.12701019328194876}