{"action": [0.699999988079071, -0.005061164032667875], "reward": 0.15559621758383688}