{"action": [0.699999988079071, -0.0046533080749213696], "reward": 0.15702118966974385}