{"action": [0.5214236378669739, -0.0031998560298234224], "reward": 0.8503158060591647}