{"action": [0.699999988079071, -0.0002221145696239546], "reward": 0.1489386643484654}