{"action": [0.699999988079071, -0.00023403407249134034], "reward": 0.16054156791080784}