{"action": [0.37574106454849243, -6.244836549740285e-05], "reward": -9.367254824610427e-06}