{"action": [0.425912082195282, 0.29601526260375977], "reward": 0.5736909178889825}