{"action": [0.699999988079071, -0.0008367518312297761], "reward": 0.14452516702071636}