{"action": [0.699999988079071, -0.0020107938908040524], "reward": 0.14483320171496397}