{"action": [0.699999988079071, -0.00046879309229552746], "reward": 0.08530475083727211}