{"action": [0.699999988079071, -0.00027334882179275155], "reward": 0.12890997055470563}