{"action": [0.699999988079071, -0.00025076474412344396], "reward": 0.14514851873235804}