{"action": [0.699999988079071, -0.0015457012923434377], "reward": 0.044023221301193745}