{"action": [0.699999988079071, -0.00256329495459795], "reward": 0.030376066964997263}