{"action": [0.699999988079071, -0.0036003636196255684], "reward": 0.11959489416378366}