{"action": [0.699999988079071, -0.26948273181915283], "reward": 0.3975743112377262}