{"action": [0.699999988079071, -0.0008663522894494236], "reward": 0.12514351292458392}