{"action": [0.699999988079071, 0.004345805384218693], "reward": 0.03210891299759064}