{"action": [0.699999988079071, 0.001573454705066979], "reward": 0.24237805192975934}