{"action": [0.699999988079071, 0.0006727962754666805], "reward": 0.11825863035794922}