{"action": [0.699999988079071, 0.0005861529498361051], "reward": 0.10635469176203871}