{"action": [0.6076927781105042, -0.0009684383403509855], "reward": 0.883963010785428}