{"action": [-0.8121862411499023, -0.05074320361018181], "reward": 0.5349903653007322}