{"action": [0.6729077696800232, -0.04524131491780281], "reward": 0.3387944582505322}