{"action": [0.3052370846271515, -0.018586717545986176], "reward": 0.37717006007161524}