{"action": [0.41436365246772766, 0.01793534681200981], "reward": 0.3993437360000568}