{"action": [0.24532827734947205, 0.01265048235654831], "reward": 0.4168567603968855}