{"action": [-1.0, 0.032169159501791], "reward": -0.004809440697138005}