{"action": [-1.0, 0.03216969594359398], "reward": -0.004815452070370548}