{"action": [0.699999988079071, 0.04460860788822174], "reward": 0.36117040987323157}