{"action": [0.699999988079071, 0.021188193932175636], "reward": 0.4435595555885968}