{"action": [0.699999988079071, 0.020444702357053757], "reward": 0.476049655553375}