{"action": [0.699999988079071, 0.005287983920425177], "reward": 0.49042101018832773}