{"action": [0.699999988079071, -0.00020671659149229527], "reward": 0.6306048774417042}