{"action": [0.699999988079071, -0.00028895962168462574], "reward": 0.6371584383021212}