{"action": [0.551504373550415, -0.011657332070171833], "reward": 0.788194464893829}