{"action": [0.6394115090370178, -0.004362320527434349], "reward": 0.7741480102756583}