{"action": [0.435671329498291, -0.00806310586631298], "reward": 0.4292299875668162}