{"action": [0.699999988079071, -0.004376307129859924], "reward": 0.09602984239402798}