{"action": [0.699999988079071, -0.00029893970349803567], "reward": 0.29249181171085387}