{"action": [0.4801732301712036, 3.821194331976585e-05], "reward": 0.43931356656840537}