{"action": [0.699999988079071, -5.946754754404537e-06], "reward": 0.3439462774751127}