{"action": [0.5974357724189758, 0.0015516701387241483], "reward": 0.40004209840786126}