{"action": [-1.0, 0.0027774677146226168], "reward": -0.000232467899741776}