{"action": [-1.0, 0.002802683273330331], "reward": 0.0002868681580207308}