{"action": [-1.0, 0.0027812232729047537], "reward": -0.00041711774278472603}