{"action": [-1.0, 0.0027812232729047537], "reward": -0.0004171079344580449}