{"action": [0.699999988079071, 0.020823877304792404], "reward": 0.893115199120172}