{"action": [0.699999988079071, 0.005430145654827356], "reward": 0.26808122754394575}