{"action": [0.699999988079071, -0.02396014705300331], "reward": -0.0032106196038887715}