{"action": [0.4182630181312561, 0.007113500498235226], "reward": 0.8873388267647626}