{"action": [0.699999988079071, -0.024010956287384033], "reward": -0.0035963700376018576}