{"action": [0.699999988079071, -0.02421995997428894], "reward": -0.0036329136962885544}