{"action": [0.699999988079071, -0.12553350627422333], "reward": 0.03358213719052216}