{"action": [0.699999988079071, -0.13703002035617828], "reward": 0.09000154220973364}