{"action": [0.699999988079071, -0.16928303241729736], "reward": 0.09011877025934119}