{"action": [0.699999988079071, -0.0757254883646965], "reward": 0.061634607588920066}