{"action": [0.699999988079071, -0.08834990113973618], "reward": 0.05102503432135936}