{"action": [0.699999988079071, 0.2708559036254883], "reward": 0.07244971890404127}