{"action": [0.699999988079071, 0.289756715297699], "reward": 0.09824663398442626}