{"action": [0.699999988079071, 0.3429260551929474], "reward": 0.020039952229260173}