{"action": [0.699999988079071, 0.22798550128936768], "reward": 0.06266751027305659}