{"action": [0.699999988079071, 0.11863881349563599], "reward": 0.11800527388466478}