{"action": [0.699999988079071, 0.08481341600418091], "reward": 0.10902765788011408}