{"action": [0.699999988079071, -0.003901492105796933], "reward": 0.9215471629093631}