{"action": [0.699999988079071, 0.027691392228007317], "reward": 0.28483681482075507}