{"action": [0.699999988079071, 0.03571202605962753], "reward": 0.23294887061335945}