{"action": [0.699999988079071, 0.002876227255910635], "reward": 0.23055576158764057}