{"action": [0.699999988079071, -8.628966838841734e-07], "reward": 0.20688536400902413}