{"action": [0.699999988079071, -0.005277290474623442], "reward": 0.11566174026829748}