{"action": [0.699999988079071, -0.012300698086619377], "reward": 0.10088748453583986}