{"action": [0.699999988079071, -0.012339413166046143], "reward": 0.1386314122766138}