{"action": [0.699999988079071, -0.008536888286471367], "reward": 0.1906572382924821}