{"action": [0.699999988079071, -0.008357437327504158], "reward": 0.12500869659681596}