{"action": [0.699999988079071, -0.004444214981049299], "reward": 0.11212240044326988}