{"action": [0.699999988079071, -0.00016837996372487396], "reward": 0.09116883689624136}