{"action": [0.699999988079071, -0.008256843313574791], "reward": 0.9286687948136108}