{"action": [0.699999988079071, -0.0001903913071146235], "reward": 0.12775274633579947}