{"action": [0.699999988079071, -0.0005668402300216258], "reward": 0.17342221327690982}