{"action": [0.699999988079071, 0.00018658812041394413], "reward": 0.24935992090254108}