{"action": [0.699999988079071, -0.009607169777154922], "reward": 0.885210846452388}