{"action": [0.699999988079071, 0.03862888738512993], "reward": 0.13572156683636563}