{"action": [0.699999988079071, 0.06531687825918198], "reward": 0.19138864054033458}