{"action": [0.699999988079071, 0.05713309720158577], "reward": 0.16916417360300345}