{"action": [0.6422132849693298, -0.006163202691823244], "reward": 0.9260397544261941}