{"action": [0.699999988079071, 0.32020312547683716], "reward": 0.11207240831725993}