{"action": [0.699999988079071, 0.2644690275192261], "reward": -0.006584090098387264}