{"action": [0.699999988079071, 0.24393272399902344], "reward": -0.018227236161796494}