{"action": [0.699999988079071, 0.2270180583000183], "reward": 0.04414742438928055}