{"action": [0.699999988079071, 0.15638932585716248], "reward": 0.15107138507278162}