{"action": [0.699999988079071, 0.21873430907726288], "reward": 0.07309059896265266}