{"action": [0.699999988079071, 0.14216692745685577], "reward": 0.2276918929268227}