{"action": [0.6440751552581787, -0.003300874959677458], "reward": 0.9224593807588594}