{"action": [0.699999988079071, 0.13407261669635773], "reward": 0.25798646204745906}