{"action": [0.699999988079071, 0.1203325092792511], "reward": 0.21815383778290517}