{"action": [0.699999988079071, 0.1526309996843338], "reward": 0.014687903616713491}