{"action": [-1.0, 0.06675472110509872], "reward": -0.00992951239176195}