{"action": [0.699999988079071, 0.06330534815788269], "reward": 0.056542591895930194}