{"action": [0.699999988079071, 0.056735895574092865], "reward": 0.030205948202190726}