{"action": [0.699999988079071, 0.056946221739053726], "reward": 0.025079424075116277}