{"action": [0.699999988079071, 0.027002794668078423], "reward": 0.22763947666151096}