{"action": [0.5645015835762024, 0.2904198169708252], "reward": 0.8107814987857607}