{"action": [0.6282984018325806, 0.28837811946868896], "reward": 0.7626325601078311}