{"action": [0.699999988079071, 0.0008760442142374814], "reward": 0.11100191589643688}