{"action": [0.699999988079071, 0.0009695322951301932], "reward": 0.09794796829836927}