{"action": [0.699999988079071, -1.4808894775342196e-05], "reward": 0.24028118091395506}