{"action": [0.699999988079071, -0.00217913999222219], "reward": 0.10432368207496619}