{"action": [0.699999988079071, -0.0022606011480093002], "reward": 0.15232731249805162}