{"action": [0.45986753702163696, 0.2797953188419342], "reward": 0.5520671020242738}