{"action": [0.699999988079071, -0.0026519079692661762], "reward": 8.605704165875219e-05}