{"action": [-1.0, -0.0023198320996016264], "reward": -0.0003185416652679719}