{"action": [0.6633877754211426, 0.29586464166641235], "reward": 0.6521318406470209}