{"action": [0.699999988079071, -0.0018061023438349366], "reward": 0.1911751037127732}