{"action": [0.699999988079071, 0.0018293913453817368], "reward": 0.09920911667412727}