{"action": [0.699999988079071, 0.009012097492814064], "reward": 0.10494221379902396}