{"action": [0.699999988079071, 0.3900375962257385], "reward": 0.732230381715539}