{"action": [0.699999988079071, 0.00496833398938179], "reward": 0.15863450248564745}