{"action": [0.699999988079071, 0.004613430704921484], "reward": 0.1814035867809645}