{"action": [0.699999988079071, 0.004782925359904766], "reward": 0.17014475974014048}