{"action": [0.699999988079071, 0.005319772753864527], "reward": 0.22579687241261703}