{"action": [0.4931879937648773, 0.16967396438121796], "reward": 0.622677004912659}