{"action": [0.699999988079071, 0.004125203005969524], "reward": 0.20162424455447966}