{"action": [0.699999988079071, 0.004729565232992172], "reward": 0.2065821989091346}