{"action": [0.699999988079071, 0.0021051461808383465], "reward": 0.38344709778404973}