{"action": [0.699999988079071, 0.0030016337987035513], "reward": 0.3323070541274756}