{"action": [0.699999988079071, 0.001422314322553575], "reward": 0.4480087344449417}