{"action": [0.699999988079071, 0.0008757720934227109], "reward": 0.48501970243184706}