{"action": [0.699999988079071, 0.0015317017678171396], "reward": 0.4383407344815985}