{"action": [0.699999988079071, -0.000314868928398937], "reward": 0.2349812160911645}