{"action": [0.699999988079071, 6.486117854365148e-06], "reward": 0.0017142499715032662}