{"action": [0.699999988079071, 0.0015397453680634499], "reward": 0.1357273312871661}