{"action": [0.699999988079071, 0.0020251173991709948], "reward": 0.19959009322028112}