{"action": [0.699999988079071, 0.029711822047829628], "reward": 0.1757242762760731}