{"action": [0.699999988079071, 0.04406657814979553], "reward": 0.19390412000184973}