{"action": [0.699999988079071, 3.90710229112301e-05], "reward": 0.6167904919319902}