{"action": [0.5136572122573853, -5.288720217322407e-07], "reward": 0.9388095421862376}