{"action": [0.699999988079071, -0.0013388096122071147], "reward": 0.709403174248005}