{"action": [0.5062045454978943, 0.800000011920929], "reward": 0.49348874601702014}