{"action": [0.699999988079071, 0.19485019147396088], "reward": 0.6417483605525238}