{"action": [0.699999988079071, 0.13488762080669403], "reward": 0.8076653525860941}