{"action": [0.5066425204277039, 0.017387714236974716], "reward": 0.5763858835327174}