{"action": [0.455431193113327, -0.005835842806845903], "reward": 0.7266124356099888}