{"action": [0.490803062915802, -0.035491038113832474], "reward": 0.737613478388318}