{"action": [0.46202126145362854, -0.027298880741000175], "reward": 0.8133316986386168}