{"action": [0.5723221302032471, -0.02072782628238201], "reward": 0.7844688469520651}