{"action": [0.5135428309440613, -0.017537884414196014], "reward": 0.8136006943410515}