{"action": [0.46098220348358154, -0.014940815046429634], "reward": 0.8366830033686415}