{"action": [0.35510390996932983, -0.006841796915978193], "reward": 0.8798625041277683}