{"action": [0.699999988079071, 0.19560885429382324], "reward": 0.5548316886512662}