{"action": [0.699999988079071, -0.007087908685207367], "reward": 0.7111577458517363}