{"action": [0.4509848356246948, -0.0032523018307983875], "reward": 0.8227965609746307}