{"action": [0.6232720613479614, -0.23618493974208832], "reward": 0.6040518294895224}