{"action": [0.3906528353691101, -0.18607357144355774], "reward": 0.7916144332072361}