{"action": [0.699999988079071, 0.17398297786712646], "reward": 0.5688295687457328}