{"action": [0.699999988079071, 0.15288712084293365], "reward": 0.5990131395657656}