{"action": [0.4665113091468811, -0.27720069885253906], "reward": 0.709448771259649}