{"action": [0.6787487864494324, -0.548937201499939], "reward": 0.43610913873281404}