{"action": [0.6650809645652771, -0.4632141888141632], "reward": 0.5155952159452741}