{"action": [0.699999988079071, -0.18528977036476135], "reward": 0.5945492893909518}