{"action": [0.4260689914226532, -0.22026321291923523], "reward": 0.6536182098985103}