{"action": [0.5243062973022461, -0.23576907813549042], "reward": 0.6447270137934457}