{"action": [0.699999988079071, -0.4925018846988678], "reward": 0.297324953390255}