{"action": [0.5865494012832642, -0.09362456947565079], "reward": 0.6515483457511765}