{"action": [0.4416610896587372, -0.03992525115609169], "reward": 0.7031374286600631}