{"action": [0.699999988079071, 0.4090830683708191], "reward": 0.3085439729796347}