{"action": [0.699999988079071, 0.018388012424111366], "reward": -0.002569367209267638}