{"action": [0.699999988079071, 0.018515005707740784], "reward": -0.0027765463081442167}