{"action": [0.699999988079071, 0.0019050644477829337], "reward": 0.6902103845247827}