{"action": [0.39449459314346313, -0.000601611624006182], "reward": 0.8959010361784046}