{"action": [0.3618433177471161, -0.0028285053558647633], "reward": 0.9310120092727114}