{"action": [0.3623960316181183, -0.0025372945237904787], "reward": 0.9298071884149955}