{"action": [0.3350585699081421, -0.0006385326269082725], "reward": 0.9510131261686812}