{"action": [0.27340221405029297, -0.00041436159517616034], "reward": 0.9544062836418804}