{"action": [0.32726579904556274, -0.00023222496383823454], "reward": 0.9579390563268683}