{"action": [0.3483673930168152, -0.003841412253677845], "reward": 0.932339542413827}