{"action": [0.41290879249572754, 0.001262994366697967], "reward": 0.9152967578381501}