{"action": [0.36874282360076904, 0.0020792458672076464], "reward": 0.9377901245551434}