{"action": [0.38714486360549927, 0.016046613454818726], "reward": 0.8448904915907738}