{"action": [0.3686414957046509, 0.006382311694324017], "reward": 0.857546672917731}