{"action": [0.3998655676841736, 0.009478563442826271], "reward": 0.8727440114823394}