{"action": [0.4420287609100342, 0.005360444542020559], "reward": 0.8626303536324551}