{"action": [0.4797177016735077, 0.0013007010566070676], "reward": 0.8434148827591333}