{"action": [0.3006332218647003, 3.233811730751768e-05], "reward": 0.9607440514631068}