{"action": [0.6086440086364746, 0.07625552266836166], "reward": 0.8909167480164053}