{"action": [0.5489501953125, -8.045751019380987e-05], "reward": 0.8529039685115978}