{"action": [0.6205757856369019, -0.0016930639976635575], "reward": 0.8511103554789443}