{"action": [0.6455320715904236, -0.0021806778386235237], "reward": 0.6798484065162715}