{"action": [0.5751778483390808, 0.029878554865717888], "reward": 0.8705692973964324}