{"action": [0.3979979157447815, 0.0015329747693613172], "reward": 0.9160327959721448}