{"action": [0.3910539746284485, 0.0016913947183638811], "reward": 0.9219258389678925}