{"action": [0.376347154378891, 0.0018959016306325793], "reward": 0.9327479059645243}