{"action": [0.35272353887557983, 0.002556663239374757], "reward": 0.9474081510164886}