{"action": [0.4026213586330414, 0.0037164478562772274], "reward": 0.8881722012053778}