{"action": [0.3840686082839966, 0.003521594451740384], "reward": 0.8883896094398154}