{"action": [0.37790408730506897, 0.00645395228639245], "reward": 0.8760753784582817}