{"action": [0.49395787715911865, 0.003495868993923068], "reward": 0.8206994180707534}