{"action": [0.38055330514907837, -0.01631881296634674], "reward": 0.8423027929889553}