{"action": [0.36197754740715027, -0.011644074693322182], "reward": 0.9025526598875837}