{"action": [0.35703402757644653, -0.010418500751256943], "reward": 0.9121414915694268}