{"action": [0.699999988079071, -0.011838301084935665], "reward": 0.8692537050294115}