{"action": [0.699999988079071, -0.014397182501852512], "reward": 0.8913341021688606}