{"action": [0.699999988079071, -0.017385974526405334], "reward": 0.8209006849949135}