{"action": [0.37553176283836365, -0.0020534731447696686], "reward": 0.8663687117865245}