{"action": [0.335845023393631, -0.002269973047077656], "reward": 0.8722811766553398}