{"action": [0.4875335991382599, -0.002461352152749896], "reward": 0.8311886507719989}