{"action": [0.6273486018180847, -0.800000011920929], "reward": -0.12000000178813934}