{"action": [0.4913393259048462, -0.800000011920929], "reward": -0.12000000178813934}