{"action": [0.699999988079071, -0.0021059049759060144], "reward": 0.006136840707854676}