{"action": [0.699999988079071, -0.0020333558786660433], "reward": -0.00021719841508328224}