{"action": [0.699999988079071, 0.03405638411641121], "reward": 0.4463266261850615}