{"action": [0.4867367744445801, -0.3252004086971283], "reward": 0.6923516206957675}