{"action": [0.3251054883003235, -0.800000011920929], "reward": 0.6718473731349105}