{"action": [0.25685110688209534, -0.004361115861684084], "reward": 0.7798828247618905}