{"action": [0.699999988079071, 0.01143326424062252], "reward": 0.6157716098206595}