{"action": [0.699999988079071, 0.005530829541385174], "reward": 0.7095336070066588}