{"action": [0.699999988079071, 0.009835341945290565], "reward": 0.5957960150008218}