{"action": [0.699999988079071, 0.02022508531808853], "reward": 0.5861185736775022}