{"action": [0.699999988079071, -0.00020925718126818538], "reward": 0.6845195506773396}