{"action": [0.699999988079071, 0.00023135483206715435], "reward": 0.4466672247948067}