{"action": [0.699999988079071, 0.00026713748229667544], "reward": 0.48849184105879484}