{"action": [0.699999988079071, -8.453458576695994e-05], "reward": 0.8188431357264184}