{"action": [0.699999988079071, 0.0002934990916401148], "reward": 0.5292884971522541}