{"action": [0.46272629499435425, 0.009014452807605267], "reward": 0.65891314640245}