{"action": [0.699999988079071, 0.00018764841661322862], "reward": 0.9458736942636049}