{"action": [0.699999988079071, 0.0018981200410053134], "reward": -1.091856236913366}