{"action": [0.699999988079071, 0.0017326995730400085], "reward": -0.8742261995140461}