{"action": [0.699999988079071, 0.0052741095423698425], "reward": -1.7756844251124346}