{"action": [0.699999988079071, 0.006217604037374258], "reward": -2.4547919593023346}