{"action": [-0.7632520198822021, 0.005892535205930471], "reward": -2.027397927683706}