{"action": [0.1391691416501999, 1.1926114893867634e-05], "reward": 0.5015776345317423}