{"action": [0.3447350561618805, -0.00017064101120922714], "reward": 0.9650705097147332}