{"action": [0.34382694959640503, -0.00024873780785128474], "reward": 0.967392841188884}