{"action": [0.4524737000465393, -0.003372329520061612], "reward": 0.9473841746889057}