{"action": [0.5268310308456421, 0.006139739882200956], "reward": 0.9314504096758807}