{"action": [0.699999988079071, -0.013970333151519299], "reward": 0.7517124357224132}