{"action": [0.699999988079071, -0.014054255560040474], "reward": 0.750739030905826}