{"action": [0.3277723491191864, -0.014742803759872913], "reward": 0.6320247865203319}