{"action": [0.5064652562141418, 0.004609351046383381], "reward": 0.9191954832584919}