{"action": [0.699999988079071, 4.51630367024336e-05], "reward": 0.6658136112195726}