{"action": [0.42543157935142517, 0.005075251683592796], "reward": 0.9270491792704941}