{"action": [0.09377139806747437, -0.08733578771352768], "reward": 0.922532193188176}