{"action": [0.18184241652488708, 0.014664790593087673], "reward": 0.6874129794758728}