{"action": [0.3088409900665283, 0.015343083068728447], "reward": 0.4495687742066837}