{"action": [-1.0, 0.03176983445882797], "reward": 0.6406677670990553}