{"action": [0.699999988079071, 0.007120422087609768], "reward": 0.6316762884384104}