{"action": [0.699999988079071, -0.001238025026395917], "reward": 0.7239873121105291}