{"action": [0.4290924668312073, -0.014515144750475883], "reward": 0.893571340861523}