{"action": [0.533774197101593, -0.01123583223670721], "reward": 0.9141954811826178}