{"action": [0.699999988079071, -0.000633325835224241], "reward": 0.7111840853268554}