{"action": [0.699999988079071, 1.0787486644403543e-05], "reward": 0.6120881044291606}