{"action": [0.699999988079071, 0.011687370017170906], "reward": 0.7840349961647474}