{"action": [0.5903862714767456, -0.0025068912655115128], "reward": 0.7623426334428131}