{"action": [0.699999988079071, 0.0003665115509647876], "reward": 0.8692501580363057}