{"action": [0.3917068541049957, -0.00023631154908798635], "reward": 0.9619860537302001}