{"action": [0.4182467460632324, -1.3471364582073875e-05], "reward": 0.9827959430629675}