{"action": [0.001622319221496582, -0.00015227889525704086], "reward": 0.8423449226926575}