{"action": [0.699999988079071, -0.08816145360469818], "reward": 0.8377754502702296}