{"action": [0.639180600643158, -0.003317788941785693], "reward": 0.9454853896721411}