{"action": [0.6476349830627441, -0.07401026785373688], "reward": 0.856524164970643}