{"action": [0.699999988079071, 0.0003200950741302222], "reward": 0.97007107787083}