{"action": [0.4450666308403015, 0.011900212615728378], "reward": 0.9051737812202567}