{"action": [0.699999988079071, -0.02040860988199711], "reward": 0.5993553669232498}