{"action": [0.699999988079071, -0.02249164693057537], "reward": 0.47511465638066497}