{"action": [0.5090456604957581, -0.04854917898774147], "reward": 0.9017781077871347}