{"action": [0.658698320388794, -0.0051438529044389725], "reward": 0.7639531662704727}