{"action": [0.699999988079071, -0.42816057801246643], "reward": 0.34363937901271313}