{"action": [0.699999988079071, -0.17989256978034973], "reward": 0.3727084416148609}