{"action": [0.6872198581695557, -0.05992830917239189], "reward": 0.874317025461843}