{"action": [0.3200382590293884, -0.4257354736328125], "reward": 0.8465694789668319}