{"action": [0.699999988079071, -0.7709841728210449], "reward": 0.7712623162073715}