{"action": [0.424289345741272, -0.06116500869393349], "reward": 0.7579059478902663}