{"action": [0.49209582805633545, -0.05340344458818436], "reward": 0.7372489969909739}