{"action": [0.699999988079071, 0.003895396366715431], "reward": 0.9372487074539331}