{"action": [-1.0, -0.000411496585002169], "reward": 0.0008938928939487338}