{"action": [0.699999988079071, -0.00039945697062648833], "reward": 0.10925826588262844}