{"action": [0.699999988079071, -0.15313313901424408], "reward": 0.448005869733902}