{"action": [0.699999988079071, -0.0023118192330002785], "reward": 0.011109914801304377}