{"action": [0.699999988079071, -0.42599132657051086], "reward": 0.4537592987732839}