{"action": [0.699999988079071, -0.003948022145777941], "reward": 0.3699374017171675}