{"action": [0.4775536358356476, -0.005378597881644964], "reward": 0.41067832499999946}