{"action": [0.6133657693862915, -0.0045081195421516895], "reward": 0.3756889250816336}