{"action": [0.2945118844509125, -0.001578593160957098], "reward": 0.5535006803539176}