{"action": [0.26468053460121155, -0.0013521509245038033], "reward": 0.558240767734018}