{"action": [0.699999988079071, -0.03294656425714493], "reward": 0.710245784343948}