{"action": [0.699999988079071, 0.03812104091048241], "reward": 0.4322063420282039}