{"action": [0.699999988079071, 0.004398810211569071], "reward": 0.551636077334708}