{"action": [0.699999988079071, 0.00229606032371521], "reward": 0.5869806139415414}