{"action": [0.699999988079071, 0.0029140145052224398], "reward": 0.5546880826108708}