{"action": [0.699999988079071, 0.014349739998579025], "reward": -0.001959863580541754}