{"action": [0.699999988079071, 0.014216306619346142], "reward": 0.19556208791288276}