{"action": [0.584313690662384, 0.0028757352847605944], "reward": 0.8469248296664774}