{"action": [0.5438876748085022, -0.0005951115163043141], "reward": 0.7926102843203079}