{"action": [0.567274272441864, 0.0004418469325173646], "reward": 0.8233708270272235}