{"action": [0.5153969526290894, -0.00014950741024222225], "reward": 0.8611386460347921}