{"action": [0.5392380356788635, -0.0011373510351404548], "reward": 0.8569509606992176}