{"action": [0.43742525577545166, 0.010785791091620922], "reward": 0.6476133154765092}