{"action": [0.45199817419052124, -0.006479537580162287], "reward": 0.8713778145152699}