{"action": [0.44175970554351807, 0.018778719007968903], "reward": 0.6768958817612116}