{"action": [0.4219723343849182, -0.015814539045095444], "reward": 0.9063589763211053}