{"action": [0.5517449378967285, -0.005856961477547884], "reward": 0.8008309904570136}