{"action": [0.699999988079071, 0.7808422446250916], "reward": 0.47530475074591927}