{"action": [0.699999988079071, 0.605172872543335], "reward": 0.47638163573623726}