{"action": [0.4514356851577759, 0.800000011920929], "reward": -0.02426675635244982}