{"action": [0.699999988079071, 0.09435786306858063], "reward": 0.31853772846398637}