{"action": [0.5242869257926941, -0.1373942643404007], "reward": 0.5793854057548856}