{"action": [0.4131733179092407, -0.0994371697306633], "reward": 0.7296166927571232}