{"action": [0.43396610021591187, -0.10658083856105804], "reward": 0.7117822529888714}