{"action": [0.37655550241470337, -0.057413846254348755], "reward": 0.783252310381034}