{"action": [0.42546457052230835, -0.02997528202831745], "reward": 0.7977993365069965}