{"action": [-0.03836575523018837, -0.02619422785937786], "reward": 0.43403517398380986}