{"action": [-1.0, 0.004000690765678883], "reward": -0.0005999200714126053}