{"action": [-1.0, 0.0040033734403550625], "reward": -0.0006003436057179586}