{"action": [-1.0, 0.004031808115541935], "reward": -0.0006046776295815256}