{"action": [-1.0, 0.004033953882753849], "reward": -0.0006048707883058402}