{"action": [0.699999988079071, 0.004705341532826424], "reward": 0.10765667724849354}