{"action": [0.699999988079071, 0.02456934191286564], "reward": 0.49288384286726966}