{"action": [-0.2541540265083313, 0.023679284378886223], "reward": 0.5259491976198577}