{"action": [0.699999988079071, 0.02598796784877777], "reward": 0.5079546213967202}