{"action": [0.651437520980835, 0.09456238150596619], "reward": 0.8658802826458513}