{"action": [0.699999988079071, 0.03854355961084366], "reward": 0.4598300661559914}