{"action": [0.699999988079071, 0.0016493188450112939], "reward": 0.6960017310943143}