{"action": [0.37237071990966797, 4.8672933189664036e-05], "reward": 0.9455555095274162}