{"action": [0.37894225120544434, -0.0002444254932925105], "reward": 0.953522273396995}