{"action": [0.699999988079071, 0.11793772131204605], "reward": 0.722914831452799}