{"action": [0.3793923258781433, -0.0013092763256281614], "reward": 0.9435677457001966}