{"action": [0.379382848739624, -0.0014330631820484996], "reward": 0.9423882751399721}