{"action": [0.379442036151886, -0.0009258745121769607], "reward": 0.9472944107452536}