{"action": [0.6199572682380676, -0.005841547157615423], "reward": 0.7880257025526662}