{"action": [0.4780406355857849, -0.003232498886063695], "reward": 0.8246541552316026}