{"action": [0.49717146158218384, -0.0012755837524309754], "reward": 0.8126116761734762}