{"action": [0.699999988079071, 0.12829871475696564], "reward": 0.03107007920330057}