{"action": [0.699999988079071, 0.11783763021230698], "reward": -0.017581660382132564}