{"action": [0.6407136917114258, 0.002847089432179928], "reward": 0.7252192391078196}