{"action": [0.6802046895027161, 0.004139901604503393], "reward": 0.6968544476011729}