{"action": [0.5585305690765381, 0.029248086735606194], "reward": 0.8544718157073027}