{"action": [0.5060673356056213, 4.351855750428513e-06], "reward": 0.8245849138849847}