{"action": [0.561278223991394, -0.010699022561311722], "reward": 0.7913874610089021}