{"action": [0.48950904607772827, -0.004958499688655138], "reward": 0.8566930535671196}