{"action": [0.5137137770652771, -0.005627947859466076], "reward": 0.8468644871420197}