{"action": [0.634358823299408, -0.002631872659549117], "reward": 0.7211131680884905}