{"action": [0.699999988079071, -0.011126411147415638], "reward": 0.5502358507806129}