{"action": [0.699999988079071, -0.011066208593547344], "reward": 0.596452898096011}