{"action": [0.5947936773300171, -0.00486651761457324], "reward": 0.8304481335936915}