{"action": [0.49759289622306824, -0.000879452156368643], "reward": 0.8548288383094502}