{"action": [0.5750668048858643, 0.0003946865617763251], "reward": 0.8358454412835079}