{"action": [0.5594453811645508, 0.00049624964594841], "reward": 0.8504023284539902}