{"action": [0.699999988079071, 0.003469995455816388], "reward": 0.6929118892758399}