{"action": [0.4733113646507263, 0.0030086960177868605], "reward": 0.8908431364621804}