{"action": [0.45737987756729126, 0.002903694286942482], "reward": 0.8956847160143199}