{"action": [0.699999988079071, 0.007637776434421539], "reward": 0.7011050466087899}