{"action": [0.5106927752494812, 0.003545716404914856], "reward": 0.8190364849307825}