{"action": [0.5809416174888611, 0.002402892103418708], "reward": 0.7712842359482848}