{"action": [0.699999988079071, 0.006723844446241856], "reward": 0.743371054924975}