{"action": [0.4903887212276459, 0.0004658083780668676], "reward": 0.8059500402086256}