{"action": [0.45799463987350464, -3.969664248870686e-05], "reward": 0.9014497238286187}