{"action": [0.5991883873939514, -0.0008481501718051732], "reward": 0.8054351550547719}