{"action": [0.6509377956390381, -0.0015994334826245904], "reward": 0.8984800036239198}