{"action": [0.5504994988441467, -0.013432921841740608], "reward": 0.8093797152991954}