{"action": [-0.592606782913208, -0.0227485541254282], "reward": 0.6323995888245435}