{"action": [0.5974315404891968, -0.018199773505330086], "reward": 0.8855405445318678}