{"action": [-0.0962294191122055, -0.029353631660342216], "reward": 0.47757562248503455}