{"action": [0.08406446874141693, -0.031269852072000504], "reward": 0.44230977384174636}