{"action": [0.3208501935005188, -0.012402928434312344], "reward": 0.43549763344125847}