{"action": [-1.0, -0.004354781936854124], "reward": -0.0006530117771673232}