{"action": [0.39167553186416626, 0.022231733426451683], "reward": 0.4272964535733111}