{"action": [0.41612520813941956, 0.01811790093779564], "reward": 0.39706674350675175}