{"action": [0.43742674589157104, 0.017052292823791504], "reward": 0.4272171486413785}