{"action": [0.5018095374107361, 0.017764698714017868], "reward": 0.3976939451991123}