{"action": [0.48602527379989624, 0.009124540723860264], "reward": 0.3996379655840611}