{"action": [0.3957940638065338, 0.0004089534922968596], "reward": 0.407943947617149}