{"action": [0.4167385697364807, -0.011038495227694511], "reward": 0.5251191455949414}