{"action": [-1.0, -0.00012124931527068838], "reward": -1.6905163077668565e-05}