{"action": [-1.0, -0.00012554132263176143], "reward": -1.8542427712198076e-05}