{"action": [-1.0, -0.00012554132263176143], "reward": -1.8522851746173534e-05}