{"action": [-1.0, -0.00012446832261048257], "reward": -1.8622893092809852e-05}