{"action": [-1.0, -0.000125004822621122], "reward": -1.8464798233698444e-05}