{"action": [-1.0, -0.00016792016685940325], "reward": -2.1777503276416718e-05}