{"action": [-1.0, -0.00012393182259984314], "reward": -1.816226362932103e-05}