{"action": [-1.0, -0.00012285882257856429], "reward": -1.6356775481690023e-05}