{"action": [-1.0, -0.00012285882257856429], "reward": -1.7975019032036404e-05}