{"action": [-1.0, -0.00011749380792025477], "reward": -1.6077670548418097e-05}