{"action": [-1.0, -0.0003232471353840083], "reward": -4.8224367144479245e-05}