{"action": [0.672947108745575, -0.00526953861117363], "reward": 0.6694908828998517}