{"action": [-1.0, -0.00011856680794153363], "reward": -1.746834340010966e-05}