{"action": [-1.0, -0.00011856680794153363], "reward": -1.7426765105956003e-05}