{"action": [-1.0, -0.0001196398152387701], "reward": -1.6010178920303192e-05}