{"action": [0.699999988079071, -0.0006074105040170252], "reward": 0.343059911061424}