{"action": [0.699999988079071, -0.003893461776897311], "reward": 0.4630850489140787}