{"action": [0.699999988079071, -0.005924091674387455], "reward": 0.4914584717366238}