{"action": [0.699999988079071, -0.005771035794168711], "reward": 0.45830126082923306}