{"action": [0.699999988079071, -0.005679874215275049], "reward": 0.6020179631452227}