{"action": [0.699999988079071, -0.010415640659630299], "reward": 0.502489743023878}