{"action": [0.699999988079071, -0.006811240687966347], "reward": 0.48644525110143216}