{"action": [0.699999988079071, -0.0009028592612594366], "reward": 0.5638218015459187}