{"action": [0.699999988079071, -0.004379865247756243], "reward": 0.5308059618818357}