{"action": [0.699999988079071, 0.6083046197891235], "reward": 0.31176960127317344}