{"action": [0.6367136240005493, 0.800000011920929], "reward": -0.12000000178813934}