{"action": [0.699999988079071, 0.11611323803663254], "reward": -0.017303093682339152}