{"action": [0.5040426850318909, 0.0068740458227694035], "reward": 0.7800250314594389}