{"action": [0.4704618752002716, 0.0036729006096720695], "reward": 0.8088743989294688}