{"action": [0.40769946575164795, -0.0003294175839982927], "reward": 0.8319572984078363}