{"action": [0.5332109928131104, -0.006037384737282991], "reward": 0.7196619616952391}