{"action": [0.699999988079071, -0.0013638585805892944], "reward": 0.6976372067749924}