{"action": [0.699999988079071, -0.00042913947254419327], "reward": 0.7301146919718577}