{"action": [0.6394850611686707, -0.1166936457157135], "reward": 0.8132458248361953}