{"action": [0.699999988079071, -0.11149665713310242], "reward": 0.7780376961860358}