{"action": [0.699999988079071, 0.01599840074777603], "reward": 0.3944611470387235}