{"action": [0.545398473739624, 0.0183778814971447], "reward": 0.35894373612058816}