{"action": [-1.0, 0.011790691874921322], "reward": -0.0017684367942868299}