{"action": [-1.0, 0.011796056292951107], "reward": -0.0017689324754337217}