{"action": [-1.0, 0.011788008734583855], "reward": -0.0017681269653740147}