{"action": [-1.0, 0.011798202060163021], "reward": -0.0017696558284131733}