{"action": [0.587956428527832, -0.16286194324493408], "reward": 0.7997819114947178}