{"action": [0.699999988079071, 0.010346408933401108], "reward": 0.454301264833558}