{"action": [0.2786042094230652, 0.004083017352968454], "reward": 0.6311865310137942}