{"action": [0.699999988079071, 0.00022942680516280234], "reward": 0.5927786805755335}