{"action": [0.699999988079071, -3.657395382106188e-07], "reward": 0.5314866578021071}