{"action": [0.699999988079071, -0.000903231673873961], "reward": 0.6055168430815479}