{"action": [0.0788610652089119, -0.010298676788806915], "reward": 0.469994114229255}