{"action": [0.699999988079071, -0.0075817229226231575], "reward": 0.6472151059018049}