{"action": [0.699999988079071, -0.10075229406356812], "reward": 0.7139830449335307}