{"action": [0.5160964131355286, -0.0050529176369309425], "reward": 0.8837778566951388}