{"action": [0.49769702553749084, -0.800000011920929], "reward": -0.12000000178813934}