{"action": [0.699999988079071, -1.0756253914223635e-06], "reward": 0.041811038773826054}