{"action": [0.699999988079071, -1.08170513613004e-06], "reward": 7.682846310528278e-06}