{"action": [0.699999988079071, -0.0007969291764311492], "reward": 0.7373064341449753}