{"action": [0.699999988079071, -0.00039288782863877714], "reward": 0.7224389271054464}