{"action": [0.5217812657356262, 0.000650973292067647], "reward": 0.8692400402598525}