{"action": [0.5726202726364136, 0.800000011920929], "reward": 0.41236540432818775}