{"action": [0.699999988079071, 0.2909005582332611], "reward": 0.6612977126528421}