{"action": [0.699999988079071, 0.03395650535821915], "reward": 0.7417546247825824}