{"action": [0.6731771230697632, 0.19788534939289093], "reward": 0.8655449183732313}