{"action": [0.581771969795227, 0.1903228908777237], "reward": 0.8823324275821263}