{"action": [0.5899868011474609, -0.0033631636761128902], "reward": 0.7501718588856434}