{"action": [0.5266710519790649, -0.004222216084599495], "reward": 0.8635361470296992}