{"action": [0.34608834981918335, -0.001969244796782732], "reward": 0.9469141491563464}