{"action": [0.6895577907562256, -0.0006060432642698288], "reward": 0.7235966454690885}