{"action": [0.41314780712127686, -0.00018489484500605613], "reward": 0.8735553504241059}