{"action": [0.699999988079071, -0.013753741979598999], "reward": 0.16892186323782013}