{"action": [0.6536589860916138, 0.020031554624438286], "reward": 0.20867683580505314}