{"action": [0.49569401144981384, 0.2293672412633896], "reward": 0.5516087088918863}