{"action": [0.699999988079071, 0.17819012701511383], "reward": 0.36028516245990966}