{"action": [0.699999988079071, 0.43487849831581116], "reward": 0.354252997589712}