{"action": [0.5602700710296631, -0.003931035287678242], "reward": 0.264480495055407}