{"action": [0.6255003213882446, -0.042926959693431854], "reward": 0.15817925010095704}