{"action": [0.699999988079071, -0.05158275365829468], "reward": 0.3771491371156045}