{"action": [0.6017513275146484, -0.0035903602838516235], "reward": 0.7068062011347843}