{"action": [0.44546449184417725, 0.000907407549675554], "reward": 0.9091967588274559}