{"action": [0.4864334464073181, 0.13413698971271515], "reward": 0.84668169198793}