{"action": [0.47919484972953796, 0.007295952644199133], "reward": 0.849004613114866}