{"action": [0.46534264087677, 0.00596911134198308], "reward": 0.8357496186375979}