{"action": [0.37085455656051636, 0.008187436498701572], "reward": 0.9118883117296962}