{"action": [0.464974045753479, 0.020217368379235268], "reward": 0.8016070157937173}