{"action": [0.699999988079071, 0.032252244651317596], "reward": 0.5032114188766854}