{"action": [0.42611151933670044, 0.003054100088775158], "reward": 0.8492212268261953}