{"action": [0.4949672222137451, 0.06781231611967087], "reward": 0.7816435929890583}