{"action": [0.699999988079071, -0.0019050684059038758], "reward": 0.7066320456361688}