{"action": [0.6467536091804504, -0.000747949699871242], "reward": 0.7989006359661415}