{"action": [0.699999988079071, -0.0001688680931692943], "reward": 0.7331108477857718}