{"action": [0.414802223443985, 0.003906859550625086], "reward": 0.8533242527881413}