{"action": [0.699999988079071, 0.006705639883875847], "reward": 0.6784047861708247}