{"action": [0.6813018321990967, 0.04489290341734886], "reward": 0.8296725178057385}