{"action": [0.699999988079071, 0.016427764669060707], "reward": 0.6754254040462924}