{"action": [0.699999988079071, 0.009377128444612026], "reward": 0.6485085908836513}