{"action": [0.5437090396881104, -0.023990748450160027], "reward": 0.2801676968008928}