{"action": [0.3813958168029785, -0.018020164221525192], "reward": 0.37032829857939403}