{"action": [0.6245447993278503, -0.011630606837570667], "reward": 0.3534424606501019}