{"action": [0.6831322908401489, -0.00014613138046115637], "reward": 0.3879511900204489}