{"action": [0.699999988079071, 0.03692742437124252], "reward": 0.8135122042628392}