{"action": [0.4168822169303894, 0.08363769203424454], "reward": 0.7189781739319681}