{"action": [0.699999988079071, -0.012261960655450821], "reward": 0.7015208519108332}