{"action": [0.699999988079071, 0.046717360615730286], "reward": 0.32254220577758147}