{"action": [0.14398613572120667, 0.020601952448487282], "reward": 0.4696609533565987}