{"action": [0.3639190196990967, 0.03103667125105858], "reward": 0.4447287930522527}