{"action": [0.699999988079071, 0.005638147704303265], "reward": 0.413726328247128}