{"action": [0.6736357808113098, 0.0007862901547923684], "reward": 0.631870724310269}