{"action": [0.5552211403846741, -0.0005356533220037818], "reward": 0.7800037300750658}