{"action": [0.564034104347229, -0.0021906967740505934], "reward": 0.7794786990417003}