{"action": [0.4733370244503021, -0.00393294170498848], "reward": 0.8728984083740684}