{"action": [0.6001428365707397, 0.09786523878574371], "reward": 0.46613334208610685}