{"action": [0.5031390190124512, -0.002447430044412613], "reward": 0.8315805268042007}