{"action": [0.4100801646709442, -1.7765820302884094e-05], "reward": 0.7896255621568283}