{"action": [0.699999988079071, 0.4943026602268219], "reward": 0.45631330137836534}