{"action": [0.699999988079071, -0.018698561936616898], "reward": 0.5816703817148544}