{"action": [0.699999988079071, -0.06006316840648651], "reward": 0.2270513081273467}