{"action": [0.699999988079071, -0.043976791203022], "reward": 0.3678060047525991}