{"action": [0.699999988079071, -0.029337454587221146], "reward": 0.4774538458373386}