{"action": [0.699999988079071, -0.005137926433235407], "reward": 0.5122293045878775}