{"action": [0.699999988079071, -0.19141381978988647], "reward": 0.5754894500479091}