{"action": [0.6180514693260193, -0.18121404945850372], "reward": 0.6715064690748572}