{"action": [0.1951979398727417, 0.06488970667123795], "reward": 0.8039801832330552}