{"action": [0.699999988079071, -0.24843694269657135], "reward": 0.21864041477117893}