{"action": [0.699999988079071, 0.132242813706398], "reward": 0.4113543619698281}