{"action": [0.5024107694625854, 0.0422169491648674], "reward": 0.7792210640592155}