{"action": [0.699999988079071, 0.16722527146339417], "reward": 0.37075892898869683}