{"action": [0.699999988079071, 0.004379558842629194], "reward": 0.6308009294575282}