{"action": [0.699999988079071, 0.0027298014611005783], "reward": 0.7224121955928626}