{"action": [0.4294130802154541, -0.07917214184999466], "reward": 0.935747837946288}