{"action": [0.5092039108276367, -0.23993365466594696], "reward": 0.7317294922155504}