{"action": [0.699999988079071, -0.7887117266654968], "reward": 0.270641507460008}