{"action": [0.699999988079071, -0.5285300016403198], "reward": 0.27323632615444593}