{"action": [0.699999988079071, -0.22925487160682678], "reward": -0.03438823074102402}