{"action": [0.3754490613937378, -0.12416572868824005], "reward": 0.6111625063070212}