{"action": [0.6005516648292542, -0.10744833201169968], "reward": 0.6337527103670889}