{"action": [0.6020336151123047, -0.09652165323495865], "reward": 0.6638195188886483}