{"action": [0.4331502318382263, -0.025921519845724106], "reward": 0.8267858732435509}