{"action": [0.6355841755867004, -0.0012398890685290098], "reward": 0.7131143508321558}