{"action": [0.47246798872947693, -0.006151890382170677], "reward": 0.7806948186456236}