{"action": [0.699999988079071, -5.365610036278667e-07], "reward": 0.5530580274064187}