{"action": [0.6509755849838257, -0.0008426379063166678], "reward": 0.713117322782508}