{"action": [0.699999988079071, -0.00045030421460978687], "reward": 0.5814986535269622}