{"action": [0.699999988079071, -0.1411999762058258], "reward": 0.6020567880817862}