{"action": [0.4359356760978699, -0.11915498971939087], "reward": 0.8210715189863175}