{"action": [0.5173646807670593, -0.095000721514225], "reward": 0.7879495023650274}