{"action": [0.3756170868873596, -0.1072383001446724], "reward": 0.8552897722536243}