{"action": [0.5783885717391968, -0.20840469002723694], "reward": 0.6137005570470495}