{"action": [0.699999988079071, -0.17626573145389557], "reward": 0.603609041973142}