{"action": [0.4640396535396576, -0.09418551623821259], "reward": 0.8074707960940247}