{"action": [0.45857954025268555, -0.09279760718345642], "reward": 0.8075024574504501}