{"action": [0.4197906255722046, -0.10235157608985901], "reward": 0.8349911956167452}