{"action": [0.6993300318717957, -0.1396975964307785], "reward": 0.6256321637876952}