{"action": [0.699999988079071, -0.07342671602964401], "reward": 0.47767208961073554}