{"action": [0.699999988079071, -0.06797589361667633], "reward": 0.46932899845119463}