{"action": [0.6942858695983887, -0.00964362919330597], "reward": 0.8090910733304892}