{"action": [0.699999988079071, -0.010218022391200066], "reward": 0.5945717386976255}