{"action": [0.699999988079071, 0.2285931259393692], "reward": -0.034266564204577805}