{"action": [0.699999988079071, 0.05197135731577873], "reward": 0.5280310096049361}