{"action": [0.4751771092414856, 0.011644654907286167], "reward": 0.7170542387608013}