{"action": [0.48449045419692993, -0.010304233990609646], "reward": 0.742399024615598}