{"action": [0.4221345782279968, -0.025083910673856735], "reward": 0.8211335589118536}