{"action": [0.6937735080718994, -0.048928745090961456], "reward": 0.6736969815905801}