{"action": [0.6956158876419067, -0.04562423750758171], "reward": 0.6785359910604891}