{"action": [0.5457984209060669, -0.017282206565141678], "reward": 0.7583674350958343}