{"action": [0.5088149309158325, 0.12697044014930725], "reward": 0.7345007836278354}