{"action": [0.6672043204307556, 0.654148519039154], "reward": 0.37569793847072475}