{"action": [0.5577406287193298, 0.800000011920929], "reward": -0.05920677890088029}