{"action": [0.5303826332092285, 0.800000011920929], "reward": -0.12000000178813934}