{"action": [0.5765877366065979, -0.012098447419703007], "reward": 0.8511921478381149}