{"action": [0.6683539152145386, 0.27257221937179565], "reward": 0.5487867788104137}