{"action": [0.59476238489151, 0.21670560538768768], "reward": 0.6274229977628155}