{"action": [0.6025837659835815, 0.19336317479610443], "reward": 0.4407188961779714}