{"action": [0.4363270103931427, 0.11802804470062256], "reward": 0.7648782907713351}