{"action": [0.39091557264328003, 0.1348540186882019], "reward": 0.7639768621701162}