{"action": [0.3699083924293518, 0.1376613825559616], "reward": 0.7221340795979077}