{"action": [0.42545682191848755, 0.10966012626886368], "reward": 0.7793631505752876}