{"action": [0.4375207722187042, 0.2688685953617096], "reward": 0.5852234608102604}