{"action": [0.3952266275882721, 0.1581028401851654], "reward": 0.7239974581840223}