{"action": [0.4828948974609375, 0.27383479475975037], "reward": 0.5756139374344521}