{"action": [0.474953830242157, 0.11993735283613205], "reward": 0.7476284463421063}