{"action": [0.39961329102516174, 0.13669446110725403], "reward": 0.761596361692281}