{"action": [0.37891697883605957, 0.1511981040239334], "reward": 0.7513581027272885}