{"action": [0.699999988079071, 0.4311079680919647], "reward": 0.6894668143243892}