{"action": [0.699999988079071, -0.03092154674232006], "reward": 0.5589961350694922}