{"action": [0.40265393257141113, -0.003565283492207527], "reward": 0.8794387082891553}