{"action": [0.699999988079071, -0.018750613555312157], "reward": 0.701623313228051}