{"action": [0.699999988079071, -1.0844469215953723e-06], "reward": 1.3513475892569782e-07}