{"action": [0.046212371438741684, 0.0008771770517341793], "reward": 0.5063034869862709}