{"action": [0.05640879273414612, 0.0009555279393680394], "reward": 0.5051837326358981}