{"action": [0.36583369970321655, 0.0026594270020723343], "reward": 0.46470876670227507}