{"action": [-1.0, 0.0006743822596035898], "reward": 4.740888500339993e-05}