{"action": [-1.0, 0.0006749187596142292], "reward": -4.575670195844459e-05}