{"action": [-1.0, 0.0006894043181091547], "reward": -0.0001032462664345815}