{"action": [-1.0, 0.0024442323483526707], "reward": -0.0003665500419980418}