{"action": [-1.0, 0.0006942328182049096], "reward": -0.00010385530097364301}