{"action": [0.699999988079071, -0.04122314229607582], "reward": 0.26488528754879803}