{"action": [0.3780987858772278, -0.03279358521103859], "reward": 0.49231558024916894}