{"action": [-1.0, 0.0006867218180559576], "reward": -0.0001027749206214825}