{"action": [-1.0, 0.0006883313180878758], "reward": -0.0001027813294467278}