{"action": [0.5169042348861694, -0.018021244555711746], "reward": 0.4089649777760814}