{"action": [0.699999988079071, 0.00027137339930050075], "reward": 0.7558189937213418}