{"action": [0.511410653591156, -0.0004959588986821473], "reward": 0.7802176670606259}