{"action": [0.5098241567611694, -0.010118573904037476], "reward": 0.802725672680512}