{"action": [0.4171663522720337, -0.013584583066403866], "reward": 0.8483579501316398}