{"action": [0.699999988079071, -0.04631245881319046], "reward": 0.406214406286064}