{"action": [0.5025978088378906, -0.002383387880399823], "reward": 0.39518475476604353}