{"action": [0.38151711225509644, -0.0012342804111540318], "reward": 0.4216034246017837}