{"action": [-1.0, -4.3993113649776205e-05], "reward": 0.1831881893520475}