{"action": [-1.0, -3.433609163039364e-05], "reward": -3.4550648253137803e-06}