{"action": [-1.0, -3.487259164103307e-05], "reward": -5.131397561364243e-06}