{"action": [-1.0, -3.487259164103307e-05], "reward": -4.761442606234103e-06}