{"action": [-1.0, -3.487259164103307e-05], "reward": -4.768470102478904e-06}