{"action": [-1.0, -0.013545051217079163], "reward": -0.002031749811173312}