{"action": [-1.0, -3.755509897018783e-05], "reward": -4.663075663372317e-06}