{"action": [-1.0, -3.755509897018783e-05], "reward": -5.507321969931097e-06}