{"action": [-1.0, -3.755509897018783e-05], "reward": -4.8664676896948236e-06}