{"action": [-1.0, 9.28147419472225e-05], "reward": 7.331570971354105e-05}