{"action": [-1.0, 3.272658432251774e-05], "reward": 0.2105820220603545}