{"action": [0.699999988079071, 9.422153380000964e-05], "reward": 0.002258456292289408}