{"action": [-1.0, 9.227824193658307e-05], "reward": 2.5105872019729366e-06}