{"action": [-1.0, 9.013223461806774e-05], "reward": -1.272996064029766e-05}