{"action": [-1.0, 9.013223461806774e-05], "reward": -1.0001760134251798e-05}