{"action": [-1.0, 0.00032458335044793785], "reward": 0.0002880112229674322}