{"action": [-1.0, 0.00037018596776761115], "reward": -3.1238938511317125e-05}