{"action": [0.3559873700141907, -0.006807263940572739], "reward": 0.8715308085249016}