{"action": [0.37994256615638733, 0.015529141761362553], "reward": 0.8000569546030594}