{"action": [0.46621668338775635, -0.0018095101695507765], "reward": 0.8305065860809796}