{"action": [0.5119671821594238, 0.016389289870858192], "reward": 0.7867580817142279}