{"action": [0.3653604984283447, 0.020936885848641396], "reward": 0.8155930474828601}