{"action": [0.5405408143997192, 0.01687469333410263], "reward": 0.7645535226874465}