{"action": [0.39901283383369446, 0.0036795781925320625], "reward": 0.8070267259393534}