{"action": [0.4594871401786804, -0.007887450978159904], "reward": 0.7631734819534279}