{"action": [0.38630226254463196, -0.007824797183275223], "reward": 0.8182240850264412}