{"action": [0.699999988079071, -0.3992704153060913], "reward": 0.4220596176336714}