{"action": [0.5575646758079529, -0.012686187401413918], "reward": 0.7758342533327701}