{"action": [-0.03518711403012276, -0.0313691608607769], "reward": 0.637706325323392}