{"action": [-0.031329188495874405, -0.045895807445049286], "reward": 0.6244639978877039}