{"action": [0.48659786581993103, -0.0030375991482287645], "reward": 0.8259621286868768}