{"action": [0.4794459342956543, -0.012068061158061028], "reward": 0.7485988866290668}