{"action": [0.3076435327529907, -0.6905013918876648], "reward": 0.23942442449946424}