{"action": [-1.0, -0.46009179949760437], "reward": -0.06901363771593551}