{"action": [-1.0, -0.45955905318260193], "reward": -0.06893380747707165}