{"action": [-1.0, -0.4599013328552246], "reward": -0.06898505451713849}