{"action": [-1.0, -0.4601829946041107], "reward": -0.0690272724859731}