{"action": [-1.0, -0.4599233567714691], "reward": -0.06898832005538758}