{"action": [0.699999988079071, -0.1433621495962143], "reward": 0.35492336630225046}