{"action": [-0.35035091638565063, -0.03239310160279274], "reward": 0.4553659041115824}