{"action": [0.699999988079071, -0.4200538396835327], "reward": 0.1863702889108566}