{"action": [0.699999988079071, -0.46934446692466736], "reward": 0.0012221270554433339}