{"action": [0.699999988079071, 0.0], "reward": 2.6873396011123276e-06}