{"action": [0.699999988079071, 0.0], "reward": 2.5048810126372763e-06}