{"action": [0.699999988079071, 0.0], "reward": 7.785497286296535e-05}