{"action": [0.699999988079071, -0.00045747001422569156], "reward": 0.6702235868754124}