{"action": [0.5665495991706848, -0.00019863867782987654], "reward": 0.869952844347599}