{"action": [0.46023863554000854, -0.0009723046678118408], "reward": 0.7871600824535875}