{"action": [0.5616288185119629, 6.467079947469756e-05], "reward": 0.8275807150710087}