{"action": [0.3581617474555969, -0.0024036832619458437], "reward": 0.9477202352399091}