{"action": [0.699999988079071, -0.2808629870414734], "reward": 0.32203003404308644}