{"action": [0.4700663089752197, -0.0013168973382562399], "reward": 0.9227594886798206}