{"action": [0.4017302393913269, -0.0011427175486460328], "reward": 0.9398715701143553}