{"action": [0.3574865460395813, -0.002461780561134219], "reward": 0.9476884547247111}