{"action": [0.699999988079071, 5.854606570210308e-05], "reward": 0.6604459674560186}