{"action": [0.4278302490711212, 3.554910290404223e-05], "reward": 0.9085997191871741}