{"action": [0.699999988079071, 4.973792965756729e-05], "reward": 0.6088030933387526}