{"action": [0.41986608505249023, -0.03329036757349968], "reward": 0.846886950597465}