{"action": [0.699999988079071, -0.05365666002035141], "reward": 0.3413852002938746}