{"action": [0.699999988079071, -0.06028112396597862], "reward": 0.22941940239612035}