{"action": [0.5653976202011108, -0.02777133136987686], "reward": 0.6762713683218697}