{"action": [0.699999988079071, -0.06255501508712769], "reward": 0.17450951048563715}