{"action": [0.699999988079071, -0.04816960170865059], "reward": 0.39571669908709867}