{"action": [0.699999988079071, -0.06975576281547546], "reward": 0.31083728282050915}