{"action": [0.699999988079071, -0.207271009683609], "reward": 0.42605168998762216}