{"action": [0.699999988079071, -0.059278909116983414], "reward": 0.6356512085910277}