{"action": [0.41383346915245056, -0.03225108981132507], "reward": 0.8358318980769933}