{"action": [0.3806823194026947, -0.03439325466752052], "reward": 0.8566820667953705}