{"action": [0.699999988079071, -0.01803039386868477], "reward": 0.7789906220270733}