{"action": [0.371139794588089, -0.02997458167374134], "reward": 0.8635240990355115}