{"action": [0.37309518456459045, -0.03465503454208374], "reward": 0.831636321527597}