{"action": [0.39415210485458374, -0.0288507342338562], "reward": 0.8629914981024778}