{"action": [0.5044049620628357, -0.0322083979845047], "reward": 0.8357619483662115}