{"action": [0.699999988079071, -0.04295112192630768], "reward": 0.3957379608448539}