{"action": [0.3963972330093384, -0.030855463817715645], "reward": 0.8475265587204446}