{"action": [0.3675416111946106, -0.029991228133440018], "reward": 0.8661785668175599}