{"action": [0.699999988079071, -0.03439958766102791], "reward": 0.5565456531936878}