{"action": [0.4970589578151703, -0.04870356619358063], "reward": 0.7529225004148512}