{"action": [0.36927446722984314, -0.03789312765002251], "reward": 0.8589895159145886}