{"action": [0.5436841249465942, -0.045418210327625275], "reward": 0.7708993719280383}