{"action": [0.6020194292068481, -0.04154885932803154], "reward": 0.6688976041050154}