{"action": [0.3150654137134552, -0.025653481483459473], "reward": 0.8952826642096097}