{"action": [0.2935637831687927, -0.03634925186634064], "reward": 0.8671881758761363}