{"action": [0.5226714015007019, -0.030296238139271736], "reward": 0.7952177152836081}