{"action": [0.4101697504520416, -0.03791889548301697], "reward": 0.7794019488112957}