{"action": [0.5603032112121582, -0.038383565843105316], "reward": 0.7130827891356948}