{"action": [0.6770455241203308, -0.02755090408027172], "reward": 0.7700267978590383}