{"action": [0.5915486216545105, -0.030089344829320908], "reward": 0.8205772290953576}