{"action": [0.699999988079071, -0.03757621720433235], "reward": 0.7379481354247819}