{"action": [0.699999988079071, -0.14519920945167542], "reward": 0.3083928615693622}