{"action": [0.5726974606513977, -0.024550018832087517], "reward": 0.8222802709310659}