{"action": [0.699999988079071, -0.07246379554271698], "reward": 0.45899928175027765}