{"action": [0.6110252737998962, -0.02579266019165516], "reward": 0.7891639989461233}