{"action": [0.40713781118392944, -0.025567322969436646], "reward": 0.8363373737402672}