{"action": [0.699999988079071, -0.04707125574350357], "reward": 0.6213976049139274}