{"action": [0.34206026792526245, -0.029040390625596046], "reward": 0.8762550607934123}