{"action": [0.31225526332855225, -0.04566346853971481], "reward": 0.8282933032054219}