{"action": [0.5323889255523682, -0.0323721282184124], "reward": 0.7619426576255791}