{"action": [0.33980393409729004, -0.02989518828690052], "reward": 0.8755769453360337}