{"action": [0.5556963682174683, -0.03135218471288681], "reward": 0.7222880547200589}