{"action": [0.699999988079071, -0.18910475075244904], "reward": 0.41294841040768926}