{"action": [0.5773078799247742, 0.0028274678625166416], "reward": -4.922525866213935}