{"action": [0.699999988079071, 0.006832868326455355], "reward": -1.8444936409711152}