{"action": [0.6524385213851929, 0.0034146602265536785], "reward": -4.424105634095072}