{"action": [0.6066166758537292, -0.021834956482052803], "reward": -4.713776826909432}