{"action": [0.699999988079071, 0.006127463653683662], "reward": -2.975830311593402}