{"action": [0.6687641739845276, -0.037118732929229736], "reward": -4.0446751815252435}