{"action": [0.5175639390945435, -0.025821641087532043], "reward": -4.620128845073859}