{"action": [0.4633343815803528, -0.024198876693844795], "reward": -5.14177151358524}