{"action": [0.5921897292137146, -0.0313587449491024], "reward": -4.873615323136355}