{"action": [0.699999988079071, -0.14952817559242249], "reward": 0.46104596402321113}