{"action": [0.5635984539985657, -0.0328681617975235], "reward": -4.900174023472318}