{"action": [0.5421298146247864, -0.04144204035401344], "reward": -4.650698574956448}