{"action": [0.5466790795326233, -0.02891678735613823], "reward": -4.517457170655725}