{"action": [0.5369485020637512, -0.027491705492138863], "reward": -5.1868550414115235}