{"action": [0.512752115726471, -0.03649185597896576], "reward": -4.151994979759218}