{"action": [0.5572792887687683, 0.017204124480485916], "reward": -4.650151102733402}