{"action": [0.5773191452026367, 0.02797829732298851], "reward": -4.364853528213742}