{"action": [0.5210227966308594, -0.0299676526337862], "reward": -4.854185522146037}