{"action": [0.5930444002151489, -0.0024073272943496704], "reward": -5.439685476217953}