{"action": [0.49391114711761475, -0.012521868571639061], "reward": -5.0494841669649295}