{"action": [0.5590565800666809, -0.011488116346299648], "reward": -4.687597750474499}