{"action": [0.5086503624916077, -0.0019317645346745849], "reward": -5.560332765091186}