{"action": [0.5523395538330078, -0.004621147643774748], "reward": -5.141885587065508}