{"action": [0.49312251806259155, -0.0014958094106987119], "reward": -5.613272764433392}