{"action": [0.5713009238243103, -0.0017079678364098072], "reward": -5.140401559256259}