{"action": [0.5244429707527161, -0.002416274743154645], "reward": -5.1712095427159515}