{"action": [0.699999988079071, -0.0018587334780022502], "reward": 0.7365469188985216}