{"action": [0.699999988079071, 0.00042277819011360407], "reward": 0.5404661053554733}