{"action": [0.699999988079071, 0.00028297692188061774], "reward": 0.5800252134423332}