{"action": [0.011866987682878971, 0.08944132179021835], "reward": 0.7083943447543256}