{"action": [0.699999988079071, -0.007434783969074488], "reward": 0.7983178733000995}