{"action": [0.3341970443725586, -0.1651311069726944], "reward": 0.38791029216495465}