{"action": [0.699999988079071, -0.0016699203988537192], "reward": 0.7188771469474384}