{"action": [0.699999988079071, -0.0006900423904880881], "reward": -3.004132427088511}