{"action": [0.699999988079071, -0.0004490851715672761], "reward": -2.490418456880614}