{"action": [0.699999988079071, -0.0005496253143064678], "reward": -2.6960959266850684}