{"action": [0.699999988079071, -0.0002064943255390972], "reward": -3.806131468476261}