{"action": [0.699999988079071, 2.0445346308406442e-05], "reward": -0.212911402648349}