{"action": [0.699999988079071, -0.0005013822810724378], "reward": -2.5929133574782925}