{"action": [0.699999988079071, -0.00012695943587459624], "reward": -1.5138178214207734}