{"action": [0.699999988079071, -0.006023203954100609], "reward": -0.579119750945362}