{"action": [-1.0, -0.13385120034217834], "reward": -0.02007725283928082}