{"action": [0.699999988079071, 2.2661208276986144e-05], "reward": -2.38356636995172}