{"action": [0.699999988079071, 0.0009942475007846951], "reward": -2.257401872171403}