{"action": [0.286774218082428, 0.007219819817692041], "reward": -2.5590587589479408}