{"action": [0.699999988079071, -0.0005407219287008047], "reward": -1.8743750280905997}