{"action": [0.699999988079071, 0.005826510954648256], "reward": -2.2387631661880714}