{"action": [0.699999988079071, -0.013733681291341782], "reward": -0.3904156584698375}