{"action": [0.6366046667098999, 0.03944084793329239], "reward": -4.6044113994683835}