{"action": [0.699999988079071, -0.0011424727272242308], "reward": -3.778888040988761}