{"action": [0.699999988079071, 0.0011699761962518096], "reward": -4.1763530975355305}