{"action": [0.5898702144622803, 0.0375860296189785], "reward": -4.3755212052379875}