{"action": [0.699999988079071, 0.07735348492860794], "reward": -3.114082847854175}