{"action": [0.699999988079071, 0.0], "reward": 6.759652335216425e-08}