{"action": [0.6727067232131958, 0.03392176702618599], "reward": -3.712301215093475}