{"action": [0.699999988079071, 0.03262566030025482], "reward": -3.3781621530630446}