{"action": [0.699999988079071, 0.0], "reward": 5.851856581258934e-06}