{"action": [0.655425488948822, 0.010770943947136402], "reward": -4.076016993122181}