{"action": [0.699999988079071, 0.030609212815761566], "reward": -3.4435120417441984}