{"action": [0.699999988079071, 0.028076862916350365], "reward": -3.3377858995885523}