{"action": [0.6322131156921387, 0.03581869602203369], "reward": -3.80490128808616}