{"action": [0.699999988079071, 0.024332156404852867], "reward": -3.4852895556353998}