{"action": [0.6644242405891418, 0.028581639751791954], "reward": -4.091760859851534}