{"action": [0.619687557220459, -0.6420506834983826], "reward": 0.6773416826042588}