{"action": [0.6874504089355469, -0.004752339329570532], "reward": -3.892529204460496}