{"action": [0.6552638411521912, -0.004458623006939888], "reward": -4.744867848080623}