{"action": [0.6763784289360046, -0.0024086530320346355], "reward": -4.489019799191872}