{"action": [0.5780684947967529, 1.4536082744598389e-05], "reward": -5.02617890752836}