{"action": [0.3781561851501465, -0.00471460772678256], "reward": 0.2514533333415718}