{"action": [0.6123539209365845, -0.00748729333281517], "reward": -4.651897244468056}