{"action": [0.691444456577301, -2.7814687200589105e-05], "reward": -4.229507949188759}