{"action": [0.699999988079071, 0.056630685925483704], "reward": -2.778964006820153}