{"action": [0.699999988079071, 0.04629257321357727], "reward": -3.6148362615958}