{"action": [0.6911962628364563, 0.04899182915687561], "reward": -3.546054843157153}