{"action": [0.699999988079071, 0.044960059225559235], "reward": -3.6125215188954543}