{"action": [0.699999988079071, 0.08587900549173355], "reward": -2.6015646658531946}