{"action": [0.6933636665344238, 0.0772378221154213], "reward": -3.164667328786763}