{"action": [0.6657786965370178, 0.023671403527259827], "reward": -3.6409606384758084}