{"action": [0.699999988079071, 0.03203440457582474], "reward": -3.321654245544379}