{"action": [0.6903058886528015, 0.026382286101579666], "reward": -3.808461934566886}