{"action": [0.686808168888092, 0.05087296664714813], "reward": -3.687595327935699}