{"action": [0.6788485646247864, 0.0494130440056324], "reward": -3.650196703298827}