{"action": [0.5678244233131409, 0.03008221462368965], "reward": -4.830825591686967}