{"action": [0.5534276366233826, -0.01714157871901989], "reward": -4.851618341836027}