{"action": [0.649413526058197, 0.018953057006001472], "reward": -4.436628404559593}