{"action": [0.5972199440002441, -0.006385930348187685], "reward": -4.950166037993388}