{"action": [0.631382405757904, 0.0026072172913700342], "reward": -3.978572964116708}