{"action": [0.6714837551116943, 0.01172824576497078], "reward": -4.092013690425136}