{"action": [0.6585677862167358, -0.006108567584306002], "reward": -3.8753406941490103}