{"action": [0.628065824508667, -0.0025577712804079056], "reward": -4.5621349195129515}