{"action": [0.6454885005950928, -0.005674163810908794], "reward": -3.9977426048462674}