{"action": [0.6420679688453674, -0.003649418707937002], "reward": -4.418610128175987}