{"action": [0.699999988079071, 0.0887288898229599], "reward": 0.3446001026121434}