{"action": [-0.06388621777296066, -5.690551915904507e-05], "reward": -4.405763104226492}