{"action": [0.3861563801765442, 0.013273300603032112], "reward": -2.2595758151582013}