{"action": [0.1694188117980957, 0.001659773988649249], "reward": -3.4035589830695887}