{"action": [0.6505651473999023, 0.16204342246055603], "reward": -0.5834391385218337}