{"action": [0.6532209515571594, 0.12966910004615784], "reward": -0.7338702981322706}