{"action": [0.699999988079071, -1.0821819387274445e-06], "reward": 0.4669034359242535}