{"action": [0.5210344195365906, -8.904701826395467e-05], "reward": 0.8731577285585341}