{"action": [-0.17348216474056244, 0.10695701837539673], "reward": 0.6422035833374882}