{"action": [0.35442298650741577, 0.10488762706518173], "reward": 0.7421517778474328}