{"action": [0.5461406111717224, 0.09895496070384979], "reward": 0.7123463470471816}