{"action": [0.5408157706260681, -0.0015128556406125426], "reward": 0.8275943681957048}