{"action": [0.699999988079071, 0.0], "reward": 0.0038371656896230765}