{"action": [0.699999988079071, -2.6702938527023434e-08], "reward": 0.8396464242341467}