{"action": [0.699999988079071, 0.0016819327138364315], "reward": 0.8445794636329046}