{"action": [0.3910079300403595, 0.0004230452177580446], "reward": 0.9025954430724233}