{"action": [0.699999988079071, 0.003989667631685734], "reward": 0.7893936239225391}