{"action": [0.699999988079071, 0.0043175858445465565], "reward": 0.521719205447609}