{"action": [0.699999988079071, 0.0015896179247647524], "reward": -0.4291519348643946}