{"action": [0.699999988079071, 0.0017683124169707298], "reward": 0.8572130091219149}