{"action": [0.41042473912239075, -0.0038070667069405317], "reward": 0.9018197525914157}