{"action": [0.699999988079071, 0.00010218167153652757], "reward": 0.8689101222846687}