{"action": [0.699999988079071, 5.0588190788403153e-05], "reward": -1.2314781916800228}