{"action": [-1.0, 0.020171379670500755], "reward": -0.0028951765149255433}