{"action": [-1.0, 0.020170843228697777], "reward": -0.0029682025057834872}