{"action": [0.3291341960430145, -1.3448843674268574e-05], "reward": -2.8061218275457422}