{"action": [0.28411775827407837, 4.074925527675077e-05], "reward": -2.86236594623754}