{"action": [0.699999988079071, -0.00518712867051363], "reward": -0.6388185377331422}