{"action": [0.19007371366024017, 0.007820412516593933], "reward": -3.2827130842825554}