{"action": [0.27349853515625, 7.102834933903068e-05], "reward": -2.8836328291041022}