{"action": [0.699999988079071, 0.0029520378448069096], "reward": -1.6207744707771894}