{"action": [0.699999988079071, 0.016966085880994797], "reward": -3.4160782942050467}