{"action": [0.699999988079071, 0.004878202453255653], "reward": -3.4126330207013944}