{"action": [0.699999988079071, -0.0008966804016381502], "reward": -2.9236772231919685}