{"action": [0.699999988079071, -0.001386749092489481], "reward": -2.635290083657755}