{"action": [0.699999988079071, -0.00798571016639471], "reward": -2.566020340824913}