{"action": [0.699999988079071, -0.0026476546190679073], "reward": -1.7217745473084722}