{"action": [0.6619631052017212, 0.029775802046060562], "reward": -3.948888088912954}