{"action": [0.6070694327354431, 0.02320145256817341], "reward": -4.715692230649584}