{"action": [0.6690070033073425, 0.027115343138575554], "reward": -4.3888064835088265}