{"action": [0.6285861134529114, 0.03381387144327164], "reward": -3.5573224169182214}