{"action": [0.6173331141471863, 0.008552413433790207], "reward": -4.119950399911644}