{"action": [0.6340650916099548, 0.029438458383083344], "reward": -4.188348001274525}