{"action": [0.623837947845459, 0.008005932904779911], "reward": -4.241812019498945}