{"action": [0.699999988079071, 0.06909321248531342], "reward": -3.1294631082719273}