{"action": [0.6694133281707764, 0.027994954958558083], "reward": -4.220120080922206}