{"action": [0.699999988079071, -0.0013125812401995063], "reward": 0.8020711785418368}