{"action": [0.5996456742286682, 0.047843124717473984], "reward": -3.987651440239208}