{"action": [0.699999988079071, 0.00014260559692047536], "reward": 0.34203892919227985}