{"action": [0.699999988079071, 0.02602524124085903], "reward": -3.5656779067247166}