{"action": [0.5917897820472717, 0.027882425114512444], "reward": -4.540484272400244}