{"action": [0.6065146327018738, -0.0033195216674357653], "reward": -4.705186689021916}