{"action": [0.699999988079071, -0.13285093009471893], "reward": 0.6176168548168292}