{"action": [0.49337607622146606, -0.00033359802910126746], "reward": -6.0876871171498905}