{"action": [0.5477198958396912, -0.0023801694624125957], "reward": -5.198602744733062}