{"action": [0.6447204351425171, -0.024274500086903572], "reward": -4.355470037761195}