{"action": [0.5916857123374939, 0.025697030127048492], "reward": -4.851431733961868}