{"action": [0.5231010913848877, 0.032750826328992844], "reward": -4.864272155606172}