{"action": [0.5476838946342468, 0.02333364635705948], "reward": -4.534354497793163}