{"action": [0.4583059549331665, 0.0072905756533145905], "reward": -5.628155867595276}