{"action": [0.47560441493988037, 0.03334822505712509], "reward": -5.352568491082161}