{"action": [0.5393931865692139, 0.03907168656587601], "reward": -4.124143078487791}