{"action": [0.5066699385643005, 0.028895150870084763], "reward": -5.381755393363327}