{"action": [0.5099725723266602, 0.029596704989671707], "reward": -5.361270480866484}