{"action": [0.5715218186378479, 0.010146941989660263], "reward": -3.2371113418804924}