{"action": [0.5252736806869507, 0.00677872821688652], "reward": -3.749314030888255}