{"action": [0.5177968740463257, 0.07280056923627853], "reward": -2.224697856674963}