{"action": [0.5535212159156799, -0.2569792866706848], "reward": -0.03854689300060272}