{"action": [0.699999988079071, 0.01113052200525999], "reward": -2.783743428251057}