{"action": [0.5294325947761536, 0.03198893368244171], "reward": -4.16338337042995}