{"action": [0.6151930689811707, -0.006176284048706293], "reward": -4.653789323913849}