{"action": [0.5372012257575989, -0.20983615517616272], "reward": -0.03147542327642441}