{"action": [0.6066737771034241, -0.005351362284272909], "reward": -4.554184765283657}