{"action": [0.699999988079071, 0.010634256526827812], "reward": -2.7634908732413317}