{"action": [0.699999988079071, 0.07351952791213989], "reward": -3.1217760565208375}