{"action": [0.5781275629997253, 4.65980247099651e-06], "reward": -5.026419560237525}