{"action": [0.6432400345802307, -0.008989641442894936], "reward": -4.482376750610356}