{"action": [0.5805490016937256, -1.3619166566058993e-05], "reward": -4.921089267140253}