{"action": [0.311372846364975, 0.008400818333029747], "reward": -2.7286534393675965}