{"action": [0.5267006158828735, 0.0032075645867735147], "reward": -5.904628373849434}