{"action": [0.05902887135744095, 0.0001143878762377426], "reward": -3.836716317490768}