{"action": [0.33313530683517456, 0.03020516224205494], "reward": -2.647987740957597}