{"action": [0.009503780864179134, 0.00023059779778122902], "reward": -4.03172099581518}