{"action": [0.34518539905548096, 0.10765127837657928], "reward": -2.2804683351716872}