{"action": [0.5035018920898438, 0.006617500446736813], "reward": -5.508429963023112}