{"action": [0.5731672644615173, 0.0003682017559185624], "reward": -5.347976398670814}