{"action": [0.35411661863327026, 0.06642310321331024], "reward": -2.60027167354551}