{"action": [0.612482488155365, 0.1466047316789627], "reward": -0.9986121242188348}