{"action": [0.699999988079071, -0.3218747079372406], "reward": 0.3252484881740669}