{"action": [0.15499727427959442, 0.08730501681566238], "reward": 0.7946674723564544}