{"action": [0.699999988079071, -1.3709077428813998e-08], "reward": 0.5981628192904658}