{"action": [0.699999988079071, -3.280639703007182e-06], "reward": 0.7216513088110718}