{"action": [0.5493538975715637, -0.002637093421071768], "reward": 0.8474933628933993}