{"action": [0.49867579340934753, -0.002521527698263526], "reward": 0.8767068320936275}