{"action": [0.6026713848114014, 9.996467997552827e-05], "reward": 0.8208669850620414}