{"action": [0.6698746085166931, -0.0004409481189213693], "reward": 0.7816570328914569}