{"action": [0.5063658356666565, 0.00038349092938005924], "reward": 0.878568399940225}