{"action": [0.6406275629997253, -0.0049420553259551525], "reward": 0.7711464509572772}