{"action": [0.699999988079071, 0.010921962559223175], "reward": 0.5421495612044596}