{"action": [0.6559563875198364, -0.0003905952034983784], "reward": 0.767652118240761}