{"action": [0.6291782855987549, -0.0032415431924164295], "reward": 0.7874206733897456}