{"action": [0.699999988079071, 0.0004732699890155345], "reward": 0.714265030273908}