{"action": [0.6670196652412415, 0.00016952111036516726], "reward": 0.8108535142726586}