{"action": [0.6852492690086365, -0.010167249478399754], "reward": 0.7269708314828566}