{"action": [0.699999988079071, -0.011572042480111122], "reward": 0.6655324635055813}