{"action": [0.699999988079071, -0.015834148973226547], "reward": 0.4955883785076489}