{"action": [0.699999988079071, 0.0002612826065160334], "reward": 0.7765350330551455}