{"action": [0.699999988079071, -0.024203026667237282], "reward": 0.6430222273616982}