{"action": [0.699999988079071, -0.013125450350344181], "reward": 0.6094708048235498}