{"action": [0.699999988079071, 0.00035486952401697636], "reward": 0.7432331606307532}