{"action": [0.6348822116851807, -0.011964719742536545], "reward": 0.7395963823161098}