{"action": [0.699999988079071, -0.01325992215424776], "reward": 0.6005233644701343}