{"action": [0.4483475983142853, -8.017480286071077e-05], "reward": 0.8638386993358965}