{"action": [0.699999988079071, -0.00011396992340451106], "reward": 0.6973792426360087}