{"action": [0.5776287913322449, -0.0012862557778134942], "reward": 0.8446995014371053}