{"action": [0.5985612869262695, -0.004476318135857582], "reward": 0.6876956381446628}