{"action": [0.5737869143486023, 0.003371488768607378], "reward": 0.8150513765827639}