{"action": [0.4893009662628174, -0.00010615885548759252], "reward": 0.8280831658629892}