{"action": [0.699999988079071, 0.0016471454873681068], "reward": 0.5815279336647913}