{"action": [0.6519162654876709, -0.00023208808852359653], "reward": 0.7126767809378507}