{"action": [0.5580937266349792, -0.00011271155381109565], "reward": 0.8135312964351298}