{"action": [0.43311238288879395, 0.0040394337847828865], "reward": 0.8937894587464571}