{"action": [0.699999988079071, -0.0018716896884143353], "reward": 0.8825085230621007}