{"action": [0.6117541193962097, 0.0001341011084150523], "reward": 0.8051681863396499}