{"action": [0.4795467257499695, 0.003689155215397477], "reward": 0.8321526902003697}