{"action": [0.6765578389167786, 5.7208955695386976e-05], "reward": 0.7547425823321434}