{"action": [0.45343542098999023, 0.0019827322103083134], "reward": 0.8870014729561527}