{"action": [0.5992798209190369, 0.00038824527291581035], "reward": 0.7880944665418651}