{"action": [0.5521258115768433, -0.0017585883615538478], "reward": 0.8578765673506901}