{"action": [0.699999988079071, -0.0028222035616636276], "reward": 0.6054321889921174}