{"action": [0.699999988079071, -0.0003117952437605709], "reward": -2.3408140409805425}