{"action": [0.699999988079071, 7.949685823405161e-05], "reward": -0.8679891872463432}