{"action": [0.699999988079071, -0.00222457991912961], "reward": 0.6493950511345081}