{"action": [0.699999988079071, -0.002856014994904399], "reward": -0.22823128803434142}