{"action": [0.699999988079071, 0.009396521374583244], "reward": 0.8313795340251466}