{"action": [0.699999988079071, 0.034978270530700684], "reward": 0.5682755683328062}