{"action": [0.699999988079071, 0.014398843981325626], "reward": 0.6382079468858048}