{"action": [0.699999988079071, 0.03052600845694542], "reward": 0.526048710435053}