{"action": [0.699999988079071, 0.03502201288938522], "reward": 0.8637170483388578}