{"action": [0.699999988079071, 0.0286109559237957], "reward": 0.5599282279107699}