{"action": [0.699999988079071, 0.016225984320044518], "reward": 0.6023177572229839}