{"action": [0.699999988079071, 0.030436405912041664], "reward": 0.7671820302869871}