{"action": [0.699999988079071, 0.034451521933078766], "reward": 0.7606896746560968}