{"action": [0.527573823928833, -0.08693939447402954], "reward": 0.7777445624652654}