{"action": [0.699999988079071, 0.02688003145158291], "reward": 0.037549510165593145}