{"action": [0.699999988079071, 0.09412744641304016], "reward": 0.5090729869010651}