{"action": [0.699999988079071, 0.025077171623706818], "reward": 0.8201088234451859}