{"action": [0.699999988079071, 0.01925758272409439], "reward": 0.9054997169449813}