{"action": [0.699999988079071, 0.02483762800693512], "reward": 0.8137296447534288}