{"action": [0.699999988079071, 0.03367733582854271], "reward": -0.8638339694083466}