{"action": [0.699999988079071, 0.03023282065987587], "reward": -0.5373322647612759}