{"action": [0.699999988079071, 0.026401186361908913], "reward": -0.20323591577544847}