{"action": [0.699999988079071, 0.028219768777489662], "reward": -0.8676875739682746}