{"action": [0.699999988079071, 0.03598584607243538], "reward": -0.9370459258711745}