{"action": [0.699999988079071, 0.025779182091355324], "reward": -0.36704381302818284}