{"action": [0.699999988079071, 0.027814049273729324], "reward": -0.9690874483868891}