{"action": [0.699999988079071, 0.03587450832128525], "reward": -0.42488205897745307}