{"action": [0.699999988079071, 0.029252883046865463], "reward": -0.7689159622077363}