{"action": [0.699999988079071, 0.026964357122778893], "reward": -1.1473511567450867}