{"action": [0.699999988079071, 0.04911021888256073], "reward": -0.7716512079870657}