{"action": [0.699999988079071, 0.029762955382466316], "reward": -2.8621962380881545}