{"action": [0.699999988079071, 0.03137749060988426], "reward": -1.577197751418122}