{"action": [0.699999988079071, 0.03699325770139694], "reward": -2.3332843510290644}