{"action": [0.699999988079071, 0.024117207154631615], "reward": -2.175348211768732}