{"action": [0.6271024346351624, 1.076221451512538e-06], "reward": -4.932903649903923}