{"action": [0.699999988079071, 0.011016717180609703], "reward": -3.7159136519881057}