{"action": [0.699999988079071, 0.12468523532152176], "reward": -2.892989086744175}