{"action": [0.699999988079071, 0.029952900484204292], "reward": -3.472827314846921}