{"action": [0.6698609590530396, 0.0006029634387232363], "reward": -4.468947541630784}