{"action": [0.699999988079071, -9.771109034772962e-06], "reward": 0.7180067699088479}