{"action": [0.699999988079071, 0.06161656230688095], "reward": -2.950157450315847}