{"action": [0.681114673614502, -0.001769631402567029], "reward": -4.692472725648757}