{"action": [0.5880162715911865, 1.0756253914223635e-06], "reward": -5.273983586011263}