{"action": [0.6005236506462097, 0.0016484425868839025], "reward": -4.947333775089409}