{"action": [0.6974607706069946, 0.04297385364770889], "reward": -3.618150278083995}