{"action": [0.5596255660057068, 0.02442255988717079], "reward": -4.682258912627821}