{"action": [0.6939071416854858, 0.060982152819633484], "reward": -3.364401957519131}