{"action": [0.5882160067558289, 0.0014507889281958342], "reward": -4.96304264459223}