{"action": [0.6396963000297546, 0.028383251279592514], "reward": -4.301340493363936}