{"action": [0.699999988079071, -0.18083809316158295], "reward": 0.4538979616944458}