{"action": [0.699999988079071, -0.19162118434906006], "reward": 0.42247607014379934}