{"action": [0.5844779014587402, 0.02708057500422001], "reward": -4.803535328690053}