{"action": [0.699999988079071, -1.471132054575719e-05], "reward": 0.765427283436239}