{"action": [0.6042484641075134, 0.03755898028612137], "reward": -4.411270577266426}