{"action": [0.699999988079071, -1.0986328788931132e-06], "reward": 3.647446634940012e-06}