{"action": [0.699999988079071, -0.061324506998062134], "reward": 0.4874041852190258}