{"action": [0.699999988079071, -0.04930449649691582], "reward": 0.6100186297485203}