{"action": [0.46287697553634644, -0.0258761178702116], "reward": 0.8244901622452812}