{"action": [0.4333953857421875, -0.008234379813075066], "reward": 0.8966515127211235}