{"action": [0.6502193808555603, -0.07793709635734558], "reward": 0.5311095980329215}