{"action": [0.699999988079071, -0.08903750777244568], "reward": 0.5480220243043844}