{"action": [0.699999988079071, -0.016926981508731842], "reward": 0.7084637800986859}