{"action": [0.699999988079071, -0.024251339957118034], "reward": 0.3159898773047619}