{"action": [0.3002614974975586, -0.008161506615579128], "reward": 0.9446295273565685}