{"action": [0.699999988079071, -0.024837901815772057], "reward": 0.6846062130000296}