{"action": [0.5021331906318665, -0.02046104148030281], "reward": 0.8725778737138452}