{"action": [0.699999988079071, -0.012863966636359692], "reward": 0.756774004580095}