{"action": [0.3525336980819702, -0.013687343336641788], "reward": 0.9266939602845589}