{"action": [0.5509743094444275, -0.019750352948904037], "reward": 0.7836407738027438}