{"action": [0.42732685804367065, -0.017590180039405823], "reward": 0.8005067207785189}