{"action": [0.699999988079071, -0.03571145981550217], "reward": 0.6347246184937071}