{"action": [0.48420387506484985, -0.003655295819044113], "reward": 0.8704540627988179}