{"action": [0.699999988079071, -0.028889093548059464], "reward": 0.768491061060187}