{"action": [0.699999988079071, -0.06117849051952362], "reward": 0.5179611376866726}