{"action": [0.4438228905200958, -0.027674978598952293], "reward": 0.8400570272227146}