{"action": [0.6272221803665161, -0.014895349740982056], "reward": 0.7997125981214994}