{"action": [0.43683385848999023, -0.0789852887392044], "reward": 0.8521571242907315}