{"action": [0.5362443327903748, -0.01648981310427189], "reward": 0.719865448594837}