{"action": [0.6027393341064453, -0.03455076739192009], "reward": 0.7698153092390168}