{"action": [0.5324336290359497, -0.014925523661077023], "reward": 0.8336323372555244}