{"action": [0.6946731209754944, -0.026568200439214706], "reward": 0.7761286383992052}