{"action": [0.6195006966590881, -0.04007059708237648], "reward": 0.739266159325077}