{"action": [0.3523435592651367, -0.020488906651735306], "reward": 0.861675373172938}