{"action": [0.699999988079071, -0.03746863454580307], "reward": 0.6118166685534869}