{"action": [0.699999988079071, -0.19029593467712402], "reward": 0.4004712325276688}