{"action": [0.699999988079071, -0.043420884758234024], "reward": 0.7658333156074221}