{"action": [0.699999988079071, -0.011542577296495438], "reward": 0.6544043484490161}