{"action": [0.699999988079071, -0.029142852872610092], "reward": 0.8812896324124438}