{"action": [0.6305957436561584, -0.09654177725315094], "reward": 0.794211999862343}