{"action": [0.699999988079071, -0.2056133896112442], "reward": 0.2825881584808122}