{"action": [0.699999988079071, -0.0212875884026289], "reward": 0.6526993397913703}