{"action": [0.699999988079071, -0.00818548258394003], "reward": 0.7902900215852626}