{"action": [0.699999988079071, -0.03435078263282776], "reward": 0.43805663095724245}