{"action": [0.699999988079071, -0.05417696759104729], "reward": -1.0176009227620202}