{"action": [0.699999988079071, 0.0066266246140003204], "reward": -0.45731617669575403}