{"action": [0.699999988079071, 0.0064280228689312935], "reward": 0.9190084424755031}