{"action": [0.699999988079071, 0.000980864861048758], "reward": 0.9407699684343043}