{"action": [0.027003953233361244, 0.08165353536605835], "reward": 0.9081400062308488}