{"action": [0.699999988079071, -0.03933287784457207], "reward": 0.852278016405895}