{"action": [0.699999988079071, 0.001868642633780837], "reward": -0.12995452576730918}