{"action": [0.5374913811683655, -1.0525662219151855e-05], "reward": -5.791236949498758}