{"action": [0.699999988079071, -0.0028734703082591295], "reward": -3.790106377280235}