{"action": [0.699999988079071, -0.0021011405624449253], "reward": -0.03118121602724983}