{"action": [0.699999988079071, -0.0010522353695705533], "reward": -1.0608338819132712}