{"action": [0.699999988079071, -0.007984788157045841], "reward": -3.334039064489955}