{"action": [0.699999988079071, -0.006090885028243065], "reward": -3.9536423258372064}