{"action": [0.699999988079071, 0.007519081700593233], "reward": 0.18994704146342953}