{"action": [0.699999988079071, 0.0007162440451793373], "reward": 0.7988415725334296}