{"action": [0.699999988079071, -0.0004741251468658447], "reward": -0.1850032588037378}