{"action": [0.4761471152305603, -0.001766820321790874], "reward": 0.8288212241925424}