{"action": [0.699999988079071, -0.007482294458895922], "reward": 0.02361064160495625}