{"action": [0.699999988079071, 0.00642569363117218], "reward": -0.2798403568207321}