{"action": [0.699999988079071, -0.012392899952828884], "reward": 0.5744070625719927}