{"action": [0.699999988079071, -0.002744084456935525], "reward": 0.7799857744449182}