{"action": [0.699999988079071, -0.008328329771757126], "reward": 0.17360758852082794}