{"action": [0.699999988079071, 0.01023120153695345], "reward": 0.9302767122406372}