{"action": [0.699999988079071, -0.0006037346320226789], "reward": 0.22279686175356256}