{"action": [0.699999988079071, -0.008283482864499092], "reward": 0.9137517868726237}