{"action": [0.699999988079071, -0.0018753778422251344], "reward": 0.25383396510675593}