{"action": [0.699999988079071, -0.0015786986332386732], "reward": -0.3321634655220047}