{"action": [0.699999988079071, -0.008449283428490162], "reward": 0.9185415655026715}