{"action": [0.699999988079071, 0.04165450111031532], "reward": -0.0057743723263423445}