{"action": [0.23553967475891113, 0.0035481553059071302], "reward": 0.3156429097307481}