{"action": [0.4364579916000366, -0.16422855854034424], "reward": 0.8682144515864089}