{"action": [-1.0, 0.0016352563397958875], "reward": -0.00012132521652700293}