{"action": [0.39995408058166504, 0.0005047483136877418], "reward": 0.8790058025094233}