{"action": [0.40485846996307373, -0.10223831236362457], "reward": 0.7820106730993734}