{"action": [0.699999988079071, 0.0014972368953749537], "reward": 0.8375817439081702}