{"action": [0.4793231785297394, 0.800000011920929], "reward": 0.3203869476075579}