{"action": [0.3204505443572998, -0.004201855044811964], "reward": 0.9033867750466994}