{"action": [0.678899347782135, 0.0001067898265318945], "reward": 0.7255564606638184}