{"action": [0.699999988079071, 4.651905328501016e-06], "reward": 0.5504072264715167}