{"action": [0.6034532785415649, -0.20652298629283905], "reward": 0.7714968977878807}