{"action": [0.3316107988357544, -0.0014458830701187253], "reward": 0.9026498513125826}