{"action": [0.5810439586639404, -0.19209299981594086], "reward": 0.6441582830600896}