{"action": [0.6159858703613281, 0.4067007303237915], "reward": 0.6389042535230707}