{"action": [0.6341854929924011, 3.235906478948891e-05], "reward": 0.6695941970543365}