{"action": [0.699999988079071, -0.0008292865823023021], "reward": 0.6798684359065527}