{"action": [0.699999988079071, 0.0004858389438595623], "reward": 0.5504459353412896}