{"action": [0.5348495841026306, 0.800000011920929], "reward": 0.06977177205264944}