{"action": [0.47084659337997437, 0.2794479429721832], "reward": 0.6846319218213663}