{"action": [0.6329890489578247, -0.20459723472595215], "reward": 0.7356375199319751}