{"action": [0.699999988079071, -0.0005300149787217379], "reward": 0.14719211852439212}