{"action": [0.699999988079071, -0.000612656120210886], "reward": 0.0710033123113893}