{"action": [0.699999988079071, -0.0005153832607902586], "reward": 0.4792181474504811}