{"action": [0.699999988079071, -3.784954515140271e-06], "reward": -0.2636652386274893}