{"action": [0.5243538618087769, -0.013717632740736008], "reward": 0.6674926147177139}