{"action": [-0.12416815757751465, -0.0058839330449700356], "reward": 0.4593958612332857}