{"action": [0.699999988079071, -0.009221884422004223], "reward": 0.8305320367674188}