{"action": [-1.0, -0.0051970891654491425], "reward": -0.0007478261886227771}