{"action": [0.699999988079071, -0.014131125062704086], "reward": 0.45558414804028274}