{"action": [-1.0, -0.005009313579648733], "reward": -0.0007507654629359491}