{"action": [0.6573252081871033, -0.3245684802532196], "reward": 0.7495310755884984}