{"action": [-1.0, -0.005192797165364027], "reward": -0.0007786903190836301}