{"action": [-1.0, -0.00520674604922533], "reward": -0.0007709353269641772}