{"action": [-1.0, -0.005157387815415859], "reward": -0.0007705699125195224}