{"action": [-1.0, -0.0187794491648674], "reward": -0.0028134230992093987}