{"action": [-1.0, -0.005260932724922895], "reward": -0.0007890182204091684}