{"action": [0.4952230751514435, 0.012054900638759136], "reward": 0.7666834206528048}