{"action": [0.699999988079071, -0.001638525165617466], "reward": 0.4081809607760672}