{"action": [0.699999988079071, -0.004915801342576742], "reward": 0.025625920731286344}