{"action": [0.4126609265804291, -0.00260075181722641], "reward": 0.4640278407142502}