{"action": [0.699999988079071, -0.00024361515534110367], "reward": 0.5544671664404295}