{"action": [0.5532026886940002, 2.069175025098957e-06], "reward": 0.857896031400498}