{"action": [0.4084951877593994, -0.004467023070901632], "reward": 0.46425134746091157}