{"action": [0.699999988079071, -0.0006359770777635276], "reward": 0.5112633428729754}