{"action": [0.699999988079071, -0.0020214093383401632], "reward": 0.4862206920562065}