{"action": [0.669737696647644, 0.004086250904947519], "reward": 0.7046123905121133}