{"action": [0.5619276165962219, 0.004905305802822113], "reward": 0.7145302704410892}