{"action": [0.4506836533546448, -0.0193400289863348], "reward": 0.820795206432656}