{"action": [0.699999988079071, 0.0001080418805941008], "reward": 0.3621407752915941}