{"action": [0.6140784621238708, 0.012907854281365871], "reward": 0.7484607072300461}