{"action": [0.5488601326942444, -0.006383378989994526], "reward": 0.7456212281720289}