{"action": [0.699999988079071, 0.012325367890298367], "reward": 0.6580716359060578}