{"action": [0.5615370273590088, -0.005427496042102575], "reward": 0.759349204931906}