{"action": [0.5836386680603027, 0.305749773979187], "reward": 0.7356476731402678}