{"action": [0.699999988079071, 0.010320818983018398], "reward": 0.6935354011607512}