{"action": [0.6571283340454102, 0.01212496217340231], "reward": 0.7561061591973447}