{"action": [0.699999988079071, 0.01976177655160427], "reward": 0.5992357670532512}