{"action": [0.39902549982070923, 0.0015930375084280968], "reward": 0.8557949608985996}