{"action": [0.699999988079071, 0.013017897494137287], "reward": 0.7120588948599224}