{"action": [0.3918418884277344, 0.0029528571758419275], "reward": 0.8749217876210061}