{"action": [0.5327019095420837, -0.00018221705977339298], "reward": 0.3628047711249613}