{"action": [0.699999988079071, -0.04621868208050728], "reward": 0.6265880304425178}