{"action": [0.699999988079071, -0.005291749723255634], "reward": 0.5455608191385097}