{"action": [0.5248801708221436, -0.11555588990449905], "reward": 0.7884031227145459}