{"action": [0.3598971366882324, -0.03266088292002678], "reward": 0.7917132877489115}