{"action": [0.09918591380119324, -0.0029959259554743767], "reward": 0.505830783737307}