{"action": [0.5884125232696533, -0.2014482617378235], "reward": 0.7608090424011811}