{"action": [-1.0, 0.0036922027356922626], "reward": -0.0005459276605451508}