{"action": [-1.0, 0.003611727384850383], "reward": -0.0005416584905193975}