{"action": [0.48599451780319214, 0.004942761734127998], "reward": 0.9077105527281649}