{"action": [0.29225990176200867, 0.001566900871694088], "reward": 0.47032252514520334}