{"action": [0.699999988079071, 0.003594748442992568], "reward": 0.017165070919214487}