{"action": [0.5241998434066772, 0.004175422713160515], "reward": 0.3002630705578247}