{"action": [0.6479804515838623, 0.0032161821145564318], "reward": 0.35882471642001446}