{"action": [0.6681852340698242, -0.000355774158379063], "reward": 0.39443639310489215}