{"action": [-1.0, -7.457369792973623e-05], "reward": -1.0410445901276298e-05}