{"action": [-1.0, -7.725620525889099e-05], "reward": -1.0423669466305578e-05}