{"action": [0.3060076832771301, -0.0005573472590185702], "reward": 0.46817162946774377}