{"action": [-1.0, -7.403719064313918e-05], "reward": -1.0274723544017481e-05}