{"action": [-1.0, -7.457369792973623e-05], "reward": -1.0635310269606835e-05}