{"action": [-1.0, -5.4186642955755815e-05], "reward": -7.558127371455247e-06}