{"action": [0.6910866498947144, -0.0005116431857459247], "reward": 0.7541879191547561}