{"action": [0.699999988079071, -0.0009274561889469624], "reward": 0.6522039409166128}