{"action": [0.699999988079071, -0.0011368978302925825], "reward": 0.5956035359730562}