{"action": [-1.0, -0.00021780288079753518], "reward": 2.6479507700873206e-05}