{"action": [0.6258519887924194, -0.00042119764839299023], "reward": 0.7865389521562272}