{"action": [-1.0, -4.8285128286806867e-05], "reward": -7.098767257211766e-06}