{"action": [0.562099039554596, -0.26025155186653137], "reward": 0.7204969197978067}