{"action": [0.4390350878238678, 0.004418719559907913], "reward": 0.8338383892327816}