{"action": [0.47378164529800415, 0.0057845339179039], "reward": 0.811836603517694}