{"action": [0.5418740510940552, -0.00018015812383964658], "reward": 0.802526773836636}