{"action": [0.699999988079071, 0.012291454710066319], "reward": 0.5605720387460175}