{"action": [0.4435853362083435, 0.0013552109012380242], "reward": 0.8354863181530968}