{"action": [0.699999988079071, 0.02622341737151146], "reward": 0.6329678116151846}