{"action": [0.49037396907806396, -2.1628558897646144e-05], "reward": 0.8149892721131301}