{"action": [0.521828293800354, 7.964050746522844e-05], "reward": 0.7551435775036445}