{"action": [0.499984472990036, -0.001189443632028997], "reward": 0.8226489010076884}