{"action": [0.4073415994644165, 0.0017800529021769762], "reward": 0.8717801694883983}