{"action": [0.5599913597106934, 0.0012138752499595284], "reward": 0.7701307733593749}