{"action": [0.39090198278427124, 0.0019157748902216554], "reward": 0.8791022247367029}