{"action": [0.5161903500556946, -0.00014302378986030817], "reward": 0.8156243851934558}