{"action": [0.5672016143798828, 0.0006034536054357886], "reward": 0.770646813151722}