{"action": [0.4428883194923401, -0.0013722378062084317], "reward": 0.8564703929176544}