{"action": [0.6311166882514954, 0.003159213811159134], "reward": 0.7266576606247865}