{"action": [0.699999988079071, -0.3644750714302063], "reward": 0.5299854077951188}