{"action": [0.3108906149864197, -0.2510596811771393], "reward": 0.7829081913367396}