{"action": [0.31667399406433105, -0.002184635493904352], "reward": 0.9093876740434914}