{"action": [-0.0406041219830513, 0.01290859654545784], "reward": 0.4909365085262341}