{"action": [-1.0, 0.007862964645028114], "reward": -0.0011789051188188808}