{"action": [-1.0, 0.00786457397043705], "reward": -0.001179513170581985}