{"action": [0.699999988079071, -0.4117063581943512], "reward": -0.06175595372915268}