{"action": [-1.0, 0.00786457397043705], "reward": -0.0011790548484823576}