{"action": [-1.0, 0.007866183295845985], "reward": -0.0011755561480826754}