{"action": [-1.0, 0.007867793552577496], "reward": -0.0011796786932095856}