{"action": [0.699999988079071, 0.007743477821350098], "reward": 0.08855693373665113}