{"action": [0.6744319200515747, 0.005860813893377781], "reward": 0.3677896584066126}