{"action": [-1.0, 0.007871012203395367], "reward": -0.001180275077278384}