{"action": [0.699999988079071, 0.007868544198572636], "reward": 0.053486878698145286}