{"action": [0.16579262912273407, -0.46397268772125244], "reward": 0.3175559025174738}