{"action": [0.23037117719650269, -0.800000011920929], "reward": 0.10781028341593958}