{"action": [-1.0, -0.22696101665496826], "reward": -0.03403067761523619}