{"action": [0.325076699256897, -0.14681842923164368], "reward": 0.8806132685138113}