{"action": [-1.0, -0.22542555630207062], "reward": -0.03173435951559802}