{"action": [-1.0, -0.22696369886398315], "reward": -0.034042697059528906}