{"action": [-1.0, -0.22694867849349976], "reward": -0.034016973862385745}