{"action": [0.3626761734485626, -0.3676132559776306], "reward": 0.24823705997613343}