{"action": [0.3842982053756714, 0.029370618984103203], "reward": 0.8392891980399974}