{"action": [-1.0, -0.22704418003559113], "reward": -0.034056440587035934}