{"action": [-1.0, -0.22687464952468872], "reward": -0.03403070840165544}