{"action": [-1.0, -0.226942241191864], "reward": -0.034023918036839434}