{"action": [-1.0, -0.22695082426071167], "reward": -0.034042278702628624}