{"action": [-1.0, -0.22703184187412262], "reward": -0.0340540283862806}