{"action": [-1.0, -0.2270372062921524], "reward": -0.034055457155147635}