{"action": [-1.0, -0.22688698768615723], "reward": -0.03403021817372947}