{"action": [-1.0, -0.22694438695907593], "reward": -0.034037620631044097}