{"action": [0.699999988079071, -0.0036901149433106184], "reward": 0.6411456351871979}