{"action": [0.699999988079071, -0.22900128364562988], "reward": -0.011126992804037832}