{"action": [0.699999988079071, -0.10805673897266388], "reward": 0.341530828380089}