{"action": [-1.0, -0.2269497513771057], "reward": -0.03403995436038808}