{"action": [-1.0, 0.037159696221351624], "reward": -0.0055737316318782955}