{"action": [0.33196669816970825, -0.0008808510610833764], "reward": 0.3778713961052697}