{"action": [0.6284285187721252, 0.005626658909022808], "reward": 0.34247406614189047}