{"action": [-1.0, 0.037151649594306946], "reward": -0.005571969486561802}