{"action": [-1.0, 0.037162914872169495], "reward": -0.005572561396573385}