{"action": [-1.0, 0.037162378430366516], "reward": -0.00557391582549662}