{"action": [0.36202114820480347, 0.0008584822062402964], "reward": 0.31787911987627254}