{"action": [0.699999988079071, 0.03895314037799835], "reward": 0.15659868609169322}