{"action": [-1.0, 0.03717418387532234], "reward": -0.00556258422534999}