{"action": [-1.0, 0.0371752567589283], "reward": -0.0055754240004654955}