{"action": [-1.0, 0.03718169406056404], "reward": -0.005574765979422286}