{"action": [-1.0, 0.04353601485490799], "reward": 0.26610235224671963}