{"action": [-1.0, 0.04247910901904106], "reward": -0.0063420543636391585}