{"action": [0.699999988079071, 0.06590097397565842], "reward": 0.44684609595323527}