{"action": [0.699999988079071, 0.019838858395814896], "reward": 0.39667447864158456}