{"action": [-1.0, 0.04249037429690361], "reward": -0.006372775848539562}