{"action": [-1.0, 0.042491983622312546], "reward": -0.0063708787109133585}