{"action": [0.699999988079071, 0.25454065203666687], "reward": -0.038180824127277635}