{"action": [0.699999988079071, 0.03554854169487953], "reward": 0.4870273207228614}