{"action": [0.699999988079071, 0.24207916855812073], "reward": -0.03607901522979141}