{"action": [0.699999988079071, 0.046332262456417084], "reward": 0.5004882910824877}