{"action": [-1.0, 0.04248715564608574], "reward": -0.0063719863110532375}