{"action": [0.699999988079071, 0.017063632607460022], "reward": 0.4541195253128807}