{"action": [0.699999988079071, 0.001048545935191214], "reward": 0.4611846041550833}