{"action": [0.699999988079071, -0.1295149326324463], "reward": 0.5534516595601026}