{"action": [0.699999988079071, -0.06845170259475708], "reward": 0.5617983360785009}