{"action": [0.699999988079071, -0.0947398692369461], "reward": -0.01421086731228657}