{"action": [0.4756837487220764, 0.011936469934880733], "reward": 0.4159465129055301}