{"action": [0.6888936758041382, 0.800000011920929], "reward": 0.3430417630035648}