{"action": [0.699999988079071, 0.03659053146839142], "reward": 0.5423542265064756}