{"action": [0.5272239446640015, 0.02319209650158882], "reward": 0.7472219067085453}