{"action": [0.699999988079071, 0.00794083159416914], "reward": 0.6049926048123623}