{"action": [0.3263118863105774, -0.27707481384277344], "reward": 0.4798183827452722}