{"action": [-1.0, -0.0055479612201452255], "reward": -0.0008306785659570009}