{"action": [0.25132039189338684, -0.12654586136341095], "reward": 0.37149152894956483}