{"action": [-1.0, 0.003106879536062479], "reward": 0.0003405676409622613}