{"action": [0.3672139644622803, -0.01492342073470354], "reward": 0.35214930010478335}