{"action": [-1.0, -0.005548497661948204], "reward": -0.0008321139201814143}