{"action": [0.3428402543067932, -0.14332278072834015], "reward": 0.7217384397163792}