{"action": [-1.0, -0.01795317977666855], "reward": -0.002692790739184318}