{"action": [-1.0, -0.005572103429585695], "reward": -0.0008356646068956782}