{"action": [-1.0, -0.0055527896620333195], "reward": -0.0008327062372022025}