{"action": [0.6824663877487183, 0.009994394145905972], "reward": 0.7145501573420475}