{"action": [0.699999988079071, 0.03578242287039757], "reward": 0.42980049869196296}