{"action": [0.36861085891723633, 0.011299042031168938], "reward": 0.5162104120227938}