{"action": [0.5813630819320679, 0.008478117175400257], "reward": 0.7522159624210999}