{"action": [-1.0, 0.0030891750939190388], "reward": -0.00046319012450542343}