{"action": [0.6011711955070496, 0.00739532895386219], "reward": 0.41614615042662584}