{"action": [-1.0, -0.0055780052207410336], "reward": -0.0008365653644653775}