{"action": [0.699999988079071, 0.0043771518394351006], "reward": 0.47643072040889184}