{"action": [0.3973061740398407, -0.0012493605026975274], "reward": 0.40177224199869566}