{"action": [0.423895001411438, 0.016398249194025993], "reward": 0.5793240247179493}