{"action": [0.699999988079071, 0.02403963729739189], "reward": 0.4943559581807514}