{"action": [0.699999988079071, -0.015995442867279053], "reward": -0.0023968462550110823}