{"action": [0.699999988079071, -0.016700297594070435], "reward": -0.002167549061206975}