{"action": [0.684752881526947, 0.800000011920929], "reward": 0.4089945078848623}