{"action": [0.699999988079071, -0.010795033536851406], "reward": 0.570557973437298}