{"action": [0.5253944396972656, -0.800000011920929], "reward": -0.12000000178813934}