{"action": [0.699999988079071, -0.01590755581855774], "reward": -0.0023815665081588274}