{"action": [0.699999988079071, -0.0011874847114086151], "reward": 0.6296279272319986}