{"action": [0.699999988079071, -0.0002321808278793469], "reward": 0.6864790120853941}