{"action": [0.699999988079071, -3.2441616895084735e-06], "reward": 0.53019981735719}