{"action": [0.699999988079071, 0.0028487981762737036], "reward": 0.19063760233008595}