{"action": [-1.0, -0.0038300836458802223], "reward": 0.2463463802472311}