{"action": [0.37546655535697937, -4.782444375450723e-05], "reward": 0.752857299918316}