{"action": [-1.0, -0.005091398488730192], "reward": -0.000733307565119558}