{"action": [0.589304506778717, 1.4023721632838715e-05], "reward": 0.6810016411270174}