{"action": [-1.0, -0.005083887372165918], "reward": -0.0003758699894535621}