{"action": [-1.0, -0.005058135371655226], "reward": -0.000758659821324173}