{"action": [0.28224918246269226, -0.0003597437171265483], "reward": 0.730020126610099}