{"action": [-1.0, -0.005055452696979046], "reward": -0.0007577663198710165}