{"action": [-1.0, -0.005086033139377832], "reward": -0.0007617836220717996}