{"action": [-1.0, -0.0050763762556016445], "reward": -0.0007609042951119215}