{"action": [0.699999988079071, -0.0008124393643811345], "reward": 0.7399531586044247}