{"action": [-1.0, -0.005053306929767132], "reward": -0.0007575131929460368}