{"action": [-1.0, -0.005061890929937363], "reward": -0.0007571207394937037}