{"action": [-1.0, -0.005061354488134384], "reward": -0.0007587331928599303}