{"action": [0.26480790972709656, -0.09125493466854095], "reward": 0.47938123610040584}