{"action": [0.4432007670402527, -0.004452795255929232], "reward": 0.4661045580908114}