{"action": [0.4199422597885132, -0.0024022385478019714], "reward": 0.5561859292452074}