{"action": [0.699999988079071, -0.0013147242134436965], "reward": 0.38308021122336705}