{"action": [0.699999988079071, -0.00518925441429019], "reward": 0.05906725929703605}