{"action": [0.5792567729949951, -0.004320347681641579], "reward": 0.4846264538625333}