{"action": [0.4708855152130127, 0.0069111925549805164], "reward": 0.8659904101429523}