{"action": [0.5463682413101196, 0.008892951533198357], "reward": -0.0013339427299797534}