{"action": [0.5612631440162659, 0.009983557276427746], "reward": 0.46997402808258104}