{"action": [0.5459146499633789, 0.005568855442106724], "reward": 0.8191165987059903}