{"action": [0.47673025727272034, 0.006180403754115105], "reward": 0.8128885346031971}