{"action": [0.5268142819404602, 5.174451871425845e-05], "reward": 0.7721991067502261}