{"action": [0.46585318446159363, -0.010856367647647858], "reward": 0.7937732413756164}