{"action": [0.699999988079071, 0.015034827403724194], "reward": 0.637935952091485}