{"action": [0.699999988079071, -0.019180573523044586], "reward": 0.6009399968624336}