{"action": [0.47764575481414795, -0.001605939120054245], "reward": 0.853322506302214}