{"action": [0.42792820930480957, -0.0010391786927357316], "reward": 0.894751116146738}