{"action": [0.5889551043510437, 0.005035289563238621], "reward": 0.778017116469001}