{"action": [0.699999988079071, 0.07798582315444946], "reward": 0.45958305350525935}