{"action": [0.49454063177108765, 0.10643685609102249], "reward": 0.6845449025742394}