{"action": [0.6719381213188171, 0.16448833048343658], "reward": 0.5387613435805423}