{"action": [0.699999988079071, 0.20787441730499268], "reward": 0.515879607171981}