{"action": [0.5513641238212585, 0.32576367259025574], "reward": 0.6591581864472223}