{"action": [0.6799207329750061, 0.2066258192062378], "reward": 0.7707148470894183}