{"action": [0.4992660582065582, 0.32040706276893616], "reward": 0.6305610631215283}