{"action": [0.6009094715118408, -0.005689799319952726], "reward": 0.20961413498670728}