{"action": [0.699999988079071, -0.1196480467915535], "reward": 0.4884225411810426}