{"action": [0.699999988079071, -0.15239626169204712], "reward": 0.446895746741895}