{"action": [0.699999988079071, -0.10181602835655212], "reward": 0.5635906566990744}