{"action": [0.5388209819793701, -0.040103912353515625], "reward": 0.712227302789423}