{"action": [0.38123875856399536, -0.010766224935650826], "reward": 0.8445771189079614}