{"action": [0.699999988079071, 0.0030410951003432274], "reward": 0.7737262615843011}