{"action": [0.6378726959228516, 0.003739412408322096], "reward": 0.8437265205687207}