{"action": [0.699999988079071, 0.017151284962892532], "reward": 0.4561645993706582}