{"action": [0.699999988079071, -0.00031940924236550927], "reward": 0.6940397132958657}