{"action": [0.3525996208190918, -0.006577388383448124], "reward": 0.9263630194078799}