{"action": [0.5513462424278259, -0.017571458593010902], "reward": 0.8087001274746559}