{"action": [0.4842378497123718, 0.0035517923533916473], "reward": 0.8201193478123044}