{"action": [0.699999988079071, 0.016085868701338768], "reward": 0.6287132540991344}