{"action": [0.6507571339607239, 0.008053257130086422], "reward": 0.7142561293158465}