{"action": [0.6182605028152466, -0.0001945322146639228], "reward": 0.6739655011244441}