{"action": [0.699999988079071, -0.00423470651730895], "reward": 0.6463972688490316}