{"action": [0.6416834592819214, 0.011644341982901096], "reward": 0.676992325157632}