{"action": [0.4716188907623291, 0.15787248313426971], "reward": 0.7012652382779526}