{"action": [0.461331844329834, 0.15654362738132477], "reward": 0.7116347286921644}