{"action": [0.4420333504676819, 0.1313014030456543], "reward": 0.7637402528746968}