{"action": [0.605531632900238, 0.19720031321048737], "reward": 0.6204671255697602}