{"action": [0.5238717198371887, 0.1395331174135208], "reward": 0.703707965832763}