{"action": [0.5266421437263489, 0.18508149683475494], "reward": 0.6102960017951112}