{"action": [0.620101809501648, 0.18701402842998505], "reward": 0.6281157371889289}