{"action": [0.5932169556617737, 0.19535687565803528], "reward": 0.6107524810753532}