{"action": [0.5983302593231201, 0.15942059457302094], "reward": 0.6776617241403085}