{"action": [0.5805920958518982, 0.1481194943189621], "reward": 0.6978159204264955}