{"action": [0.4990537166595459, 0.1346200406551361], "reward": 0.7429996622544165}