{"action": [0.5734652876853943, 0.16984836757183075], "reward": 0.6362142354024185}