{"action": [0.561616837978363, 0.12365446239709854], "reward": 0.7257783281717478}