{"action": [0.6256678104400635, 0.13965322077274323], "reward": 0.6767656271528933}