{"action": [0.4176710247993469, -0.010208404622972012], "reward": 0.8884241998219379}