{"action": [0.6413888335227966, -3.3378608765843865e-09], "reward": 0.856011701258547}