{"action": [0.010094037279486656, 0.0772014930844307], "reward": 0.8467127662768885}