{"action": [0.699999988079071, 0.7647894620895386], "reward": 0.35237841976995915}