{"action": [0.5581379532814026, 0.800000011920929], "reward": 0.0637487954206535}