{"action": [0.46593034267425537, -0.2993176281452179], "reward": 0.32199564946889236}