{"action": [0.4812436103820801, -0.012300251983106136], "reward": 0.44930075185856305}