{"action": [0.6106896996498108, -0.1975352168083191], "reward": 0.324171165349806}