{"action": [0.5205074548721313, -0.004744397476315498], "reward": 0.8235900675488033}