{"action": [0.47970038652420044, -0.0036222520284354687], "reward": 0.860219687333479}