{"action": [0.5761104226112366, 0.04073505848646164], "reward": 0.7240402754073126}