{"action": [0.5849424004554749, 0.05143913999199867], "reward": 0.7056087106733091}