{"action": [0.5417210459709167, 0.0003963072376791388], "reward": 0.7326297125656157}