{"action": [0.6308136582374573, 0.001627654768526554], "reward": 0.7464666352014356}