{"action": [0.699999988079071, -0.00737069733440876], "reward": 0.5592711189847501}