{"action": [0.699999988079071, -0.007966835983097553], "reward": 0.6763087451707429}