{"action": [0.6335605382919312, -0.004393455106765032], "reward": 0.7398375666716476}