{"action": [-1.0, -0.0032101343385875225], "reward": 0.7667161802599088}