{"action": [0.699999988079071, -0.0005877220537513494], "reward": 0.30622327548500516}