{"action": [-1.0, -0.00035033540916629136], "reward": -4.390033219446869e-05}