{"action": [0.432856947183609, -0.0028254217468202114], "reward": 0.8646696385221092}