{"action": [-1.0, -0.0003438974090386182], "reward": -4.946115360351242e-05}