{"action": [0.08136849850416183, 0.06117534637451172], "reward": -0.008134410090274243}