{"action": [0.5371919870376587, 5.161761578165169e-07], "reward": 0.9093119157154566}