{"action": [-1.0, -0.0003433609090279788], "reward": -5.129834855352014e-05}