{"action": [-1.0, -0.00033853237982839346], "reward": -5.0580477563213496e-05}