{"action": [0.5065382122993469, -0.0032415350433439016], "reward": 0.8398269295612572}