{"action": [-1.0, -0.00034014187986031175], "reward": -5.067258701084535e-05}