{"action": [-1.0, -0.0010907429968938231], "reward": -0.0001612218896601892}