{"action": [-1.0, -0.00033853237982839346], "reward": -5.059044635746486e-05}