{"action": [-1.0, -0.00033853237982839346], "reward": -5.060455020749873e-05}