{"action": [-1.0, -0.00033853237982839346], "reward": -5.060438661992685e-05}