{"action": [-1.0, -0.00033853237982839346], "reward": -5.058153329155163e-05}