{"action": [-1.0, -0.0003422879090066999], "reward": -5.0477811284654885e-05}