{"action": [-1.0, -0.00034282440901733935], "reward": -5.120398014147477e-05}