{"action": [-1.0, -0.00034282440901733935], "reward": -5.121317671245988e-05}