{"action": [-1.0, -0.00034282440901733935], "reward": -5.1205783535615684e-05}