{"action": [0.699999988079071, -0.0001643006835365668], "reward": 0.25766393156002504}