{"action": [0.5813788771629333, 0.004052054602652788], "reward": 0.8264281295847086}