{"action": [0.6146326661109924, 0.00386397959664464], "reward": 0.806812428674983}