{"action": [0.5380805730819702, 0.000608880422078073], "reward": 0.8027520587526823}