{"action": [0.45978593826293945, 0.005436886567622423], "reward": 0.8733727133645963}