{"action": [0.46349382400512695, 0.005636847577989101], "reward": 0.8718120525576196}