{"action": [0.46605825424194336, 0.005871717818081379], "reward": 0.7542942166587349}