{"action": [0.4647379517555237, 0.005790149327367544], "reward": 0.8759114459097386}