{"action": [0.5169821977615356, -0.521256148815155], "reward": 0.3902970610284094}