{"action": [0.5942319631576538, -0.5277693867683411], "reward": 0.5459789614652377}