{"action": [0.531105637550354, -0.4374092221260071], "reward": -0.06561138331890105}