{"action": [0.6002336740493774, -0.5864033699035645], "reward": 0.507151094601745}