{"action": [0.5582665801048279, -0.009629846550524235], "reward": 0.7917115466237767}