{"action": [0.6415149569511414, -0.41047582030296326], "reward": 0.3682895244571607}