{"action": [0.5642707943916321, -0.4493465721607208], "reward": 0.22686650907651862}