{"action": [0.6550109386444092, -0.22695967555046082], "reward": 0.535260072924237}