{"action": [0.699999988079071, -0.04865046218037605], "reward": 0.5742102036692768}