{"action": [0.5466510057449341, -0.002795098815113306], "reward": 0.7506077258312485}