{"action": [-0.2524019777774811, -0.002544151386246085], "reward": 0.5725291603661483}