{"action": [0.699999988079071, -0.0002965274325106293], "reward": 0.5053672864588679}