{"action": [0.699999988079071, -2.048528222076129e-05], "reward": 0.46187666152738555}