{"action": [0.28851836919784546, -0.006145631894469261], "reward": 0.37739960406507467}