{"action": [0.699999988079071, -0.01648116670548916], "reward": 0.559592071068674}