{"action": [0.6930420398712158, -0.07237987965345383], "reward": 0.6711300057782843}