{"action": [0.6295334100723267, -0.021690867841243744], "reward": 0.7827815913027357}