{"action": [0.4925002455711365, 0.011200197041034698], "reward": 0.7703750553678655}