{"action": [0.699999988079071, 0.02138684317469597], "reward": 0.6259474534190905}