{"action": [0.49882176518440247, -0.800000011920929], "reward": 0.6238298263859702}