{"action": [0.6479341983795166, -0.800000011920929], "reward": 0.355591776247165}