{"action": [0.5772620439529419, -0.800000011920929], "reward": 0.5462546263072419}