{"action": [0.699999988079071, 1.0955334346363088e-06], "reward": 0.5944392660805117}