{"action": [0.699999988079071, -0.0007374761044047773], "reward": 0.7888872258315052}