{"action": [0.4428027868270874, -0.00026222720043733716], "reward": 0.8985935101203633}