{"action": [0.5258601307868958, -1.62625315169862e-06], "reward": 0.823959013901142}