{"action": [0.31182023882865906, 0.0003382538561709225], "reward": 0.9787685279754251}