{"action": [0.47435006499290466, 0.00804949551820755], "reward": 0.8718128747815579}