{"action": [0.3640431761741638, 0.007729106117039919], "reward": 0.9187315098530863}