{"action": [0.46713894605636597, 0.001348585356026888], "reward": 0.8685550296962045}