{"action": [0.5582687258720398, 0.011104821227490902], "reward": 0.7953201337661361}