{"action": [0.6085935235023499, -4.848659045819659e-06], "reward": 0.7243916697858652}