{"action": [0.5769335627555847, -0.016458984464406967], "reward": 0.7462446578876524}