{"action": [0.5886232256889343, -0.01612885296344757], "reward": 0.7846203889269381}