{"action": [0.4469258487224579, -0.0147560341283679], "reward": 0.8215439388405035}