{"action": [0.5784658193588257, -0.0009139027097262442], "reward": 0.8279462580818875}