{"action": [0.41974174976348877, 0.004896571394056082], "reward": 0.8550690324219967}