{"action": [0.3767273426055908, 0.11805951595306396], "reward": 0.8154939124487219}