{"action": [0.32731395959854126, 0.0888807624578476], "reward": 0.8424262955751345}