{"action": [0.6361011862754822, 0.14022327959537506], "reward": 0.6626536703007462}