{"action": [0.5855086445808411, -0.0010116995545104146], "reward": 0.8261027579243566}