{"action": [0.5341953039169312, 0.11791690438985825], "reward": 0.7399160769078913}