{"action": [0.5937079191207886, 0.12723085284233093], "reward": 0.702038958463382}