{"action": [0.353981077671051, 0.05981564521789551], "reward": 0.8403701115289777}