{"action": [0.3538774251937866, 0.04930223897099495], "reward": 0.8631986761822494}