{"action": [0.4078478515148163, 0.023550769314169884], "reward": 0.8594512414550975}