{"action": [-1.0, -0.0004216529487166554], "reward": 0.8902855957776751}