{"action": [0.387081116437912, 0.024691542610526085], "reward": 0.8756073348914}