{"action": [0.038762420415878296, -0.0011551962234079838], "reward": 0.48756900625594835}