{"action": [0.3854343593120575, 0.04137027636170387], "reward": 0.8197324861511607}