{"action": [0.5997241735458374, 0.04765051230788231], "reward": 0.7078943939639323}