{"action": [0.6710631251335144, 0.06051856651902199], "reward": 0.6704830155790173}