{"action": [0.699999988079071, -0.0016717378748580813], "reward": 0.24013181084685772}