{"action": [0.699999988079071, -0.0073899258859455585], "reward": 0.16302432523031715}