{"action": [-1.0, -0.00629208842292428], "reward": 0.27824774734516466}