{"action": [-1.0, -0.007719718851149082], "reward": 0.0009617739393208958}