{"action": [0.699999988079071, -0.025235747918486595], "reward": 0.0038287155439110814}