{"action": [0.699999988079071, -0.00784863531589508], "reward": 0.06286403323535991}