{"action": [-1.0, -0.008317381143569946], "reward": -0.0009730836131880017}