{"action": [-1.0, -0.008023914881050587], "reward": -0.0006421269093711159}