{"action": [0.699999988079071, -0.0084490105509758], "reward": 0.07348654253268339}