{"action": [0.699999988079071, -0.008121248334646225], "reward": 0.009923657845651792}