{"action": [0.699999988079071, 0.011151356622576714], "reward": 0.40770459620217825}