{"action": [0.699999988079071, -0.012345153838396072], "reward": 0.21492295747644008}