{"action": [0.2970030605792999, 0.09030117839574814], "reward": 0.7591035642463938}