{"action": [0.32438045740127563, 0.10290646553039551], "reward": 0.7334285096916984}