{"action": [0.4505864977836609, 0.11357501894235611], "reward": 0.6730848787114102}