{"action": [0.5976487994194031, -6.347692760755308e-06], "reward": 0.7699677107985587}