{"action": [0.699999988079071, -2.9148101020837203e-05], "reward": 0.18603308352150777}