{"action": [0.087254099547863, -0.4879150092601776], "reward": 0.37667136680516505}