{"action": [0.15234778821468353, -0.6315446496009827], "reward": 0.1857070228445379}