{"action": [0.24488596618175507, -0.46823543310165405], "reward": 0.29451240086885944}