{"action": [0.2873130738735199, -0.5291581749916077], "reward": 0.2690972046572703}