{"action": [0.6952102184295654, -0.45129314064979553], "reward": 0.5411291553912324}