{"action": [0.39158159494400024, -0.1869155466556549], "reward": 0.647710888576494}