{"action": [0.43316665291786194, 0.0008641324820928276], "reward": 0.851785774053072}