{"action": [0.406145304441452, 0.0015141379553824663], "reward": 0.8698898915679378}