{"action": [0.699999988079071, -0.00029097043443471193], "reward": 0.502331635078772}