{"action": [0.699999988079071, 4.997074483981123e-06], "reward": 0.39463273563695456}