{"action": [0.699999988079071, -0.00039375387132167816], "reward": 0.5306006273901214}