{"action": [0.699999988079071, 0.0003919544105883688], "reward": 0.004572752093206605}