{"action": [0.39363622665405273, 0.0004463069490157068], "reward": 0.4621789976135512}