{"action": [-1.0, 0.00048499726108275354], "reward": 1.696437400388141e-05}