{"action": [-1.0, 0.0004860702611040324], "reward": 6.742654492697571e-07}