{"action": [-1.0, 0.0004860702611040324], "reward": -7.015119447436958e-05}