{"action": [0.699999988079071, 0.000495841377414763], "reward": 0.07878919038158937}