{"action": [0.699999988079071, 7.541525701526552e-05], "reward": -1.1312288552289828e-05}