{"action": [0.699999988079071, 1.2631297067855485e-05], "reward": 0.7568548791305382}