{"action": [-1.0, -0.00862694252282381], "reward": 0.1595016102379251}