{"action": [0.699999988079071, -0.012624011375010014], "reward": 0.20903864478942225}