{"action": [0.49216392636299133, -0.0032051820307970047], "reward": 0.8580225375054046}