{"action": [0.50594562292099, -0.003614065470173955], "reward": 0.8319909833927857}