{"action": [0.37483033537864685, 0.007715768180787563], "reward": 0.8976281256911127}