{"action": [0.37765151262283325, 0.008792150765657425], "reward": 0.9283904556987779}