{"action": [0.699999988079071, 0.002874636324122548], "reward": 0.6163419237473957}