{"action": [0.4368959963321686, 0.0014278515009209514], "reward": 0.7990476604466957}