{"action": [0.699999988079071, -0.011683170683681965], "reward": 0.5309370055134615}