{"action": [0.699999988079071, -0.018024418503046036], "reward": 0.5105150499377613}