{"action": [0.699999988079071, -0.011205763556063175], "reward": 0.5933020243618388}