{"action": [0.699999988079071, -0.006354955490678549], "reward": 0.37942157979177726}