{"action": [0.6464024782180786, 0.0014579229755327106], "reward": 0.803061725552539}