{"action": [0.42901676893234253, 0.006580849643796682], "reward": 0.8699651853608964}