{"action": [0.699999988079071, 0.008014261722564697], "reward": 0.6903776634799964}