{"action": [0.4609169363975525, 0.24686114490032196], "reward": 0.6910995112944889}