{"action": [0.699999988079071, 0.27943649888038635], "reward": 0.2631278366169117}