{"action": [0.5835173726081848, 0.06722401827573776], "reward": 0.6351352707183648}