{"action": [0.4200994372367859, -0.004740286618471146], "reward": 0.8372997514700462}