{"action": [0.42338624596595764, -0.003914142958819866], "reward": 0.8360465557157809}