{"action": [0.17254409193992615, -0.004446565173566341], "reward": 0.5665391993110274}