{"action": [0.699999988079071, -0.001078750821761787], "reward": 0.5720186893632646}