{"action": [0.699999988079071, 0.011509934440255165], "reward": 0.6796903756990542}