{"action": [0.699999988079071, 0.0036940963473170996], "reward": 0.9102481250532428}