{"action": [0.699999988079071, 0.00014532428758684546], "reward": 0.4387124592878532}