{"action": [0.699999988079071, -3.1311996281147e-05], "reward": -1.0298576053430086}