{"action": [0.699999988079071, -0.00011121761781396344], "reward": -0.8550396387103223}