{"action": [0.6214633584022522, -0.001570299151353538], "reward": -5.191921488128441}