{"action": [0.699999988079071, -0.00447187339887023], "reward": -4.19760842979425}