{"action": [0.6122133135795593, -9.14054544409737e-05], "reward": -4.980020030022288}