{"action": [0.6437625885009766, 0.002479668939486146], "reward": 0.3635367300115218}