{"action": [0.699999988079071, 0.0012223029043525457], "reward": 0.9335691595607347}