{"action": [-1.0, 0.0015295064076781273], "reward": 0.454455250477812}