{"action": [0.699999988079071, 0.005922561511397362], "reward": 0.3348395605813098}