{"action": [-0.364139199256897, 0.0018917544512078166], "reward": 0.33752251597528476}