{"action": [0.699999988079071, 0.003243853570893407], "reward": 0.5264135850717607}