{"action": [0.699999988079071, 0.00346763851121068], "reward": 0.3757112502413058}