{"action": [0.699999988079071, 0.0017304207431152463], "reward": 0.7520478497442884}