{"action": [0.6390947699546814, 0.19272929430007935], "reward": 0.46943044743482515}