{"action": [0.699999988079071, 0.1951707899570465], "reward": 0.5750125818570221}