{"action": [0.3018569350242615, 0.4283469319343567], "reward": 0.31003459156153856}