{"action": [-1.0, 0.3231305181980133], "reward": -0.04843082906269456}