{"action": [-1.0, 0.3181565999984741], "reward": -0.04617285907575915}