{"action": [-1.0, 0.3234121799468994], "reward": -0.048505803819884466}