{"action": [-1.0, 0.3230886459350586], "reward": -0.048419008918606836}