{"action": [-1.0, 0.3234626054763794], "reward": -0.04851887044805493}