{"action": [-1.0, 0.3238397538661957], "reward": -0.04857559569946414}