{"action": [-1.0, 0.3249486982822418], "reward": -0.048741925112350384}