{"action": [-1.0, 0.3249486982822418], "reward": -0.0487416842712534}