{"action": [-1.0, 0.3249486982822418], "reward": -0.04874213698367249}