{"action": [-1.0, 0.32537147402763367], "reward": -0.04880538771292124}