{"action": [-1.0, 0.3258017599582672], "reward": -0.04886944404294978}