{"action": [-1.0, 0.3258022964000702], "reward": -0.04887003145332386}