{"action": [-1.0, 0.3258022964000702], "reward": -0.048870168484471115}