{"action": [-1.0, 0.32546213269233704], "reward": -0.0488190109204058}