{"action": [-1.0, 0.32558929920196533], "reward": -0.04883816611300433}