{"action": [-1.0, 0.32551416754722595], "reward": -0.048827005393916864}