{"action": [-1.0, 0.3256021738052368], "reward": -0.04883811322456644}