{"action": [0.4085082411766052, -2.948004475911148e-05], "reward": 0.9521509145299585}