{"action": [-1.0, -0.008439703844487667], "reward": -0.0012655785691185319}