{"action": [-1.0, 0.3256032466888428], "reward": -0.04884032198625052}