{"action": [0.699999988079071, 0.32881802320480347], "reward": -0.0054079891919191145}