{"action": [0.699999988079071, 0.10658657550811768], "reward": 0.20982013576805403}