{"action": [0.699999988079071, 0.11102480441331863], "reward": 0.054735151638196665}