{"action": [0.45933249592781067, 0.02211945503950119], "reward": 0.4188805338445627}