{"action": [-1.0, -0.004005519673228264], "reward": -0.0006008142618742197}