{"action": [-1.0, -0.0039733294397592545], "reward": -0.0005957791186289937}