{"action": [-1.0, -0.004020541440695524], "reward": -0.000602226275488296}