{"action": [-1.0, -0.008432192727923393], "reward": -0.00126459144610666}