{"action": [-1.0, -0.004020541440695524], "reward": -0.0006030158059204567}