{"action": [0.699999988079071, 0.1985054761171341], "reward": -0.028754571692093667}