{"action": [0.699999988079071, 0.20419834554195404], "reward": -0.030483507800697293}