{"action": [0.699999988079071, -0.001133530167862773], "reward": 0.46707812055441134}