{"action": [0.699999988079071, -0.0030474867671728134], "reward": 0.5007112840318213}