{"action": [0.699999988079071, -0.012881780043244362], "reward": 0.611693553268733}