{"action": [0.699999988079071, -0.010006602853536606], "reward": 0.3328390533186288}