{"action": [0.699999988079071, -0.01528145931661129], "reward": 0.3601371853048669}