{"action": [-1.0, -0.008432192727923393], "reward": -0.001264714585171747}