{"action": [0.10334066301584244, -0.007224303670227528], "reward": 0.47147576314036693}