{"action": [-1.0, -0.012167314998805523], "reward": -0.0016645417018440003}