{"action": [-1.0, -0.012197359465062618], "reward": -0.0018284415928837062}