{"action": [-1.0, -0.01219682302325964], "reward": -0.0018293237220011424}