{"action": [-1.0, -0.01221452746540308], "reward": -0.0018316008208889437}