{"action": [-1.0, -0.012222575023770332], "reward": -0.0018332779874862153}