{"action": [-1.0, -0.012189848348498344], "reward": -0.001826548328953593}