{"action": [-1.0, -0.012189311906695366], "reward": -0.0018283240037225421}