{"action": [-1.0, -0.01216141413897276], "reward": -0.0018240211022855363}