{"action": [-1.0, -0.042443905025720596], "reward": -0.0063662432174659955}