{"action": [-1.0, -0.04245773330330849], "reward": -0.006368465451233537}