{"action": [-1.0, -0.01220004167407751], "reward": -0.0018276727778785392}