{"action": [-1.0, -0.012213454581797123], "reward": -0.0018317047866544666}