{"action": [0.699999988079071, -0.012395764701068401], "reward": 0.03952222913749211}