{"action": [0.699999988079071, -0.003980366978794336], "reward": 0.5004970923012247}