{"action": [0.699999988079071, 0.004857818130403757], "reward": 0.4763112596250458}