{"action": [-0.02529292181134224, 0.005281462334096432], "reward": 0.5020955694656984}