{"action": [0.01815534196794033, 0.005511143710464239], "reward": 0.4354018313563281}