{"action": [0.699999988079071, 0.003639252856373787], "reward": 0.42567241546089263}