{"action": [0.13382087647914886, 0.0005343584343791008], "reward": 0.4721223732251277}