{"action": [0.699999988079071, -0.00015038769925013185], "reward": 0.4650021959066839}