{"action": [0.699999988079071, 0.0027438534889370203], "reward": 0.4882379907323688}