{"action": [0.699999988079071, 0.4410351514816284], "reward": 0.24758676904394017}