{"action": [0.699999988079071, 0.5600304007530212], "reward": 0.4725234504711606}