{"action": [0.3580898642539978, 0.20516926050186157], "reward": 0.46682513787757685}