{"action": [-1.0, -0.008446142077445984], "reward": -0.0012666695843275794}