{"action": [-1.0, 0.01891811192035675], "reward": -0.0027385377282859516}