{"action": [-1.0, 0.018912747502326965], "reward": -0.0018357272227988435}