{"action": [-1.0, 0.018915429711341858], "reward": -0.0028296520878428664}