{"action": [-1.0, 0.018913820385932922], "reward": -0.0028366778794355033}