{"action": [-1.0, 0.018909528851509094], "reward": -0.0028359960608284004}