{"action": [-1.0, 0.018912747502326965], "reward": -0.00283686139432494}