{"action": [-1.0, 0.018922405317425728], "reward": -0.002838337292958626}