{"action": [-1.0, 0.018922405317425728], "reward": -0.002838304788866848}