{"action": [-1.0, 0.018922405317425728], "reward": -0.00283832517506674}