{"action": [-1.0, 0.018902016803622246], "reward": -0.0028283687421019553}