{"action": [-1.0, 0.018898798152804375], "reward": -0.0028345147285601066}