{"action": [-1.0, 0.01890362799167633], "reward": -0.002835429135084503}