{"action": [-1.0, 0.018881630152463913], "reward": -0.002832154448738064}