{"action": [-1.0, 0.0188719742000103], "reward": -0.0028306174463976668}