{"action": [0.699999988079071, 0.019136037677526474], "reward": 0.022468380856340175}