{"action": [0.00850328803062439, -0.09789255261421204], "reward": 0.31259046576420685}