{"action": [0.699999988079071, 0.018211036920547485], "reward": 0.24991141025377883}