{"action": [0.699999988079071, 0.033639971166849136], "reward": 0.38917637032192265}