{"action": [0.3139854669570923, 0.004814549814909697], "reward": 0.5774263665723688}