{"action": [0.0800076425075531, 0.009507179260253906], "reward": 0.4768920819350024}