{"action": [0.10555348545312881, 0.0083148879930377], "reward": 0.47240509947108866}