{"action": [0.034427814185619354, 5.035698450228665e-06], "reward": 0.48296485304682774}