{"action": [0.699999988079071, -0.0068196398206055164], "reward": 0.4846518125098078}