{"action": [0.6891288161277771, -0.012627942487597466], "reward": 0.7333843119545366}