{"action": [0.699999988079071, -0.020207975059747696], "reward": 0.5604183700694935}