{"action": [0.699999988079071, 0.5128017067909241], "reward": 0.14074608404560146}