{"action": [0.699999988079071, 0.6710655093193054], "reward": 0.4971505137376224}