{"action": [0.35003042221069336, 0.021171128377318382], "reward": 0.8494656085378267}