{"action": [0.42056888341903687, -0.008384536020457745], "reward": 0.8076866718466523}