{"action": [0.699999988079071, -0.01226063072681427], "reward": 0.3778346962036844}