{"action": [-0.07251743972301483, -0.004165076185017824], "reward": 0.4723652005151486}