{"action": [-1.0, 0.0055227456614375114], "reward": -0.0008115303546902556}