{"action": [-1.0, 0.005537767428904772], "reward": -0.0008296822221084315}