{"action": [-1.0, 0.005537230987101793], "reward": -0.0008303919613577238}