{"action": [0.5292816162109375, 0.020301030948758125], "reward": 0.5220131541421981}