{"action": [0.41198188066482544, 0.012751422822475433], "reward": 0.48584985352720433}