{"action": [0.13757821917533875, 0.0057756234891712666], "reward": 0.6746781425481602}