{"action": [0.2518601417541504, -0.008913638070225716], "reward": 0.8822321931553475}