{"action": [-0.9510865211486816, -0.032146669924259186], "reward": 0.6342691857389156}