{"action": [0.28760889172554016, -0.010053243488073349], "reward": 0.553125491321632}