{"action": [0.4365633428096771, -0.01902904361486435], "reward": 0.8172505257630318}