{"action": [0.5008301734924316, 7.994598854565993e-05], "reward": 0.8175847892025289}