{"action": [0.699999988079071, 0.010326048359274864], "reward": -0.0015465758837580922}