{"action": [0.699999988079071, 0.009543992578983307], "reward": 0.47253538545904794}