{"action": [0.4952714741230011, 0.006914832163602114], "reward": 0.789556413821475}