{"action": [0.49123719334602356, 0.006647429428994656], "reward": 0.7947935686508999}