{"action": [0.37332719564437866, 0.006918929982930422], "reward": 0.8806103697764494}