{"action": [0.38108012080192566, 0.007717667613178492], "reward": 0.8737327536822482}