{"action": [0.39727237820625305, 0.003286143997684121], "reward": 0.8596383145646584}