{"action": [0.45822906494140625, 0.003217684803530574], "reward": 0.8202105685002968}