{"action": [0.4805755317211151, -0.000585992936976254], "reward": 0.8333255939233182}