{"action": [0.4309651553630829, -0.000863953900989145], "reward": 0.8272182520461829}