{"action": [0.3715912401676178, -0.010554219596087933], "reward": 0.8630824117816013}