{"action": [0.4847414791584015, -0.011675950139760971], "reward": 0.778917644679241}