{"action": [0.46230974793434143, -0.0044463761150836945], "reward": 0.8053832713096233}