{"action": [0.699999988079071, -0.025802595540881157], "reward": 0.36743494267196364}