{"action": [0.699999988079071, -0.018521219491958618], "reward": 0.4740816385449224}