{"action": [0.3754388391971588, -0.004667577799409628], "reward": 0.8900373673930692}