{"action": [0.47204142808914185, -0.008028577081859112], "reward": 0.8325165858534666}