{"action": [0.3604122996330261, -0.003422192996367812], "reward": 0.8454335336982859}