{"action": [0.45442065596580505, -0.01967255398631096], "reward": 0.812081043297489}