{"action": [0.4946478009223938, -0.3230702579021454], "reward": 0.7057281281136853}