{"action": [0.5621352195739746, -0.2707366943359375], "reward": 0.6720031110760055}