{"action": [0.4874350130558014, -0.6351422071456909], "reward": 0.5467858393903431}