{"action": [0.5667945742607117, -0.800000011920929], "reward": 0.43151056498490864}