{"action": [0.5706027150154114, -0.020157935097813606], "reward": 0.6594692425434088}