{"action": [-0.017102308571338654, 0.000954942312091589], "reward": 0.4699631804120394}