{"action": [0.699999988079071, 4.7855734010227025e-05], "reward": 0.48379220660349004}