{"action": [0.27735432982444763, 0.004929110873490572], "reward": 0.4211597829431967}