{"action": [0.33304333686828613, 0.0037068442907184362], "reward": 0.4007295621504271}