{"action": [-1.0, 0.010841620154678822], "reward": -0.0015462753057855925}