{"action": [-1.0, 0.010853960178792477], "reward": -0.0016265306951537193}