{"action": [-1.0, 0.010860934853553772], "reward": -0.0016288937449447703}