{"action": [-1.0, 0.010869518853724003], "reward": -0.0016302251604626353}