{"action": [-1.0, 0.010858251713216305], "reward": -0.0016285825812394675}