{"action": [-1.0, 0.01086147129535675], "reward": -0.0016291409694795494}