{"action": [-1.0, 0.01086147129535675], "reward": -0.0016289638674216141}