{"action": [-1.0, 0.010878639295697212], "reward": -0.0016315978924435514}