{"action": [0.699999988079071, -0.008511194959282875], "reward": 0.011997246301675032}