{"action": [-1.0, 0.010899025946855545], "reward": -0.00163440334213709}