{"action": [-1.0, 0.01090600062161684], "reward": -0.0014716576559869999}