{"action": [0.699999988079071, 0.010969419032335281], "reward": 0.007188139865680114}