{"action": [0.699999988079071, -0.00749860517680645], "reward": 0.16376608168815338}