{"action": [0.699999988079071, 0.007111087907105684], "reward": 0.6019049282124833}