{"action": [0.699999988079071, 0.007462392095476389], "reward": 0.6010036165605641}