{"action": [0.699999988079071, -0.006973916664719582], "reward": 0.3400988709225497}