{"action": [0.699999988079071, 0.0036247707903385162], "reward": 0.6133290160482919}