{"action": [0.699999988079071, -0.007070289924740791], "reward": 0.3942532707479903}