{"action": [0.699999988079071, -0.031174257397651672], "reward": 0.21423053673468861}