{"action": [0.5179342031478882, -0.5623999238014221], "reward": 0.5728155145468963}