{"action": [0.5668635964393616, -0.5762757062911987], "reward": 0.5873501840207825}