{"action": [0.3584810495376587, -0.4139307141304016], "reward": 0.5422001453177032}