{"action": [0.4616585671901703, -0.4509466290473938], "reward": 0.28599438387115045}