{"action": [0.699999988079071, -0.12838128209114075], "reward": 0.5052849615849906}