{"action": [0.699999988079071, -0.12060147523880005], "reward": 0.5219826530388352}