{"action": [0.699999988079071, -0.006124342326074839], "reward": 0.4537446408418997}