{"action": [0.699999988079071, -0.0008051359327509999], "reward": 0.6020101352603386}