{"action": [0.5426011085510254, 0.0002974502567667514], "reward": 0.8029958903802745}