{"action": [0.699999988079071, -0.00482331495732069], "reward": 0.45375781944508}