{"action": [0.699999988079071, -0.004288362804800272], "reward": 0.4536601207926979}