{"action": [0.4510863125324249, -0.004158881027251482], "reward": 0.3874011822509946}