{"action": [0.5853717923164368, 0.040943872183561325], "reward": 0.7247132384356749}