{"action": [0.6331909894943237, -0.0017306251684203744], "reward": 0.4021808955213188}