{"action": [0.699999988079071, -0.00640384154394269], "reward": 0.0389679898542051}