{"action": [0.699999988079071, -0.00628739083185792], "reward": -0.0009423632562328523}