{"action": [0.699999988079071, -0.0060178181156516075], "reward": -0.0008997740235934708}