{"action": [0.699999988079071, -0.00623122975230217], "reward": -0.0009329687577540543}