{"action": [0.699999988079071, -0.0008532016654498875], "reward": 0.6735306582228484}