{"action": [0.699999988079071, -2.7553200197871774e-05], "reward": 0.4353491684464002}