{"action": [0.42817750573158264, 0.0001851003326009959], "reward": 0.9084433917471328}