{"action": [0.699999988079071, 0.0004876668390352279], "reward": 0.6763906744703855}