{"action": [0.5010862946510315, 0.00018423915025778115], "reward": 0.8797127183887627}