{"action": [0.581733763217926, 0.00018857503891922534], "reward": 0.8375512293044548}