{"action": [0.43287622928619385, -0.0003359434485901147], "reward": 0.8129131905035366}