{"action": [0.699999988079071, -0.0014219919685274363], "reward": 0.6052126224095061}