{"action": [0.30927783250808716, -0.0008533162763342261], "reward": 0.9012122310655146}