{"action": [0.3632882237434387, -0.24752016365528107], "reward": 0.8496900947292826}