{"action": [0.4284094572067261, -0.35326772928237915], "reward": 0.777851953860155}