{"action": [0.699999988079071, -0.5119871497154236], "reward": 0.3845833537662245}