{"action": [0.699999988079071, -0.14813920855522156], "reward": 0.4567852282115551}