{"action": [0.47449469566345215, -0.0006515283021144569], "reward": 0.7608148392352996}