{"action": [0.699999988079071, 0.003880071686580777], "reward": 0.9043818135381029}