{"action": [0.699999988079071, 0.004250966943800449], "reward": 0.4261981377042251}