{"action": [0.699999988079071, 0.0002400159282842651], "reward": 0.4197422041557567}