{"action": [0.699999988079071, -0.00024136633146554232], "reward": -1.969961109251017}