{"action": [0.699999988079071, -0.011389152146875858], "reward": -0.02062629032231095}