{"action": [0.699999988079071, -0.012303924188017845], "reward": 0.2339886888106123}