{"action": [0.699999988079071, -0.0010773746762424707], "reward": 0.9091176845655978}