{"action": [0.699999988079071, 0.003119278931990266], "reward": 0.9009226401851628}