{"action": [0.699999988079071, 0.012261396273970604], "reward": 0.7551444018397067}