{"action": [0.699999988079071, -4.8918009269982576e-05], "reward": -0.6663283828280667}