{"action": [0.699999988079071, -0.00010129266593139619], "reward": -1.097216960190594}