{"action": [0.699999988079071, 0.00019196646462660283], "reward": -1.5663059858953385}