{"action": [0.699999988079071, 0.0002094637748086825], "reward": -1.4143593484169286}