{"action": [0.699999988079071, -0.012895290739834309], "reward": 0.6597955367814351}