{"action": [0.4471365213394165, 7.31295676814625e-06], "reward": 0.3992035658103017}