{"action": [-1.0, -0.0007886570529080927], "reward": 0.3405582927898557}