{"action": [0.699999988079071, -0.01252945326268673], "reward": 0.7506932965575823}