{"action": [0.6198009252548218, 0.008660982362926006], "reward": 0.7571721651400448}