{"action": [0.5931998491287231, 0.008584486320614815], "reward": 0.739601053637823}