{"action": [0.4781953990459442, 0.005924541037529707], "reward": 0.7364585701238204}