{"action": [0.429546058177948, -0.2611559331417084], "reward": 0.7080718764885379}