{"action": [0.4342665672302246, -0.24543246626853943], "reward": 0.6921092436858196}