{"action": [0.699999988079071, -0.4987187385559082], "reward": 0.32521772962093315}