{"action": [0.6860925555229187, -0.12394077330827713], "reward": 0.3359517172964517}