{"action": [-1.0, -0.01826089806854725], "reward": -0.0027101814317963}