{"action": [-1.0, -0.018581725656986237], "reward": -0.002786788854907895}