{"action": [-1.0, -0.01855168305337429], "reward": -0.0027823901232502256}