{"action": [-1.0, -0.01855168305337429], "reward": -0.002782492066048936}