{"action": [0.22803165018558502, 0.005726850125938654], "reward": 0.39635085793369085}