{"action": [0.699999988079071, -0.002547132782638073], "reward": 0.006859931637559758}