{"action": [-1.0, 0.011499907821416855], "reward": -0.0017216257846906745}