{"action": [-1.0, 0.011523514054715633], "reward": -0.0017281382504801572}