{"action": [-1.0, 0.011268138885498047], "reward": -0.0016891350371065726}