{"action": [-1.0, 0.011255263350903988], "reward": -0.0016880542976535377}