{"action": [-1.0, 0.011268675327301025], "reward": -0.0016901456063138428}