{"action": [-1.0, 0.011333592236042023], "reward": -0.0016994577272161514}