{"action": [0.699999988079071, 0.012033761478960514], "reward": 0.2818255865461581}