{"action": [-1.0, 0.02274766005575657], "reward": -0.0034119748118457863}