{"action": [-1.0, 0.022760536521673203], "reward": -0.003413996900433728}