{"action": [-1.0, 0.02279755473136902], "reward": -0.0034193389257179533}