{"action": [-1.0, 0.022777168080210686], "reward": -0.00341650568213468}