{"action": [-1.0, 0.02281901426613331], "reward": -0.003422686375995357}