{"action": [-1.0, 0.022819550707936287], "reward": -0.0034227538961757818}