{"action": [0.5865926742553711, 0.01377025991678238], "reward": 0.4005914774634036}