{"action": [-1.0, 0.003201304003596306], "reward": -0.00038604379277920207}