{"action": [-1.0, 0.0030210395343601704], "reward": -0.0004490979254584282}