{"action": [0.699999988079071, -0.29160502552986145], "reward": 0.5686323292343688}