{"action": [0.699999988079071, 0.06979124993085861], "reward": -0.00561119224919342}