{"action": [0.592613160610199, 0.012159276753664017], "reward": 0.7268757460886216}