{"action": [0.32916420698165894, -0.33960697054862976], "reward": 0.6324545507768874}