{"action": [0.699999988079071, 0.004484354052692652], "reward": 0.6509146815322316}