{"action": [0.2438696026802063, 0.004912113770842552], "reward": 0.44894795135452764}