{"action": [-1.0, 0.0010896343737840652], "reward": -0.0001634447273930141}