{"action": [-1.0, 0.001091780373826623], "reward": -0.0001636584674544658}