{"action": [-1.0, 0.0010901708155870438], "reward": -0.00016320651485030423}