{"action": [-1.0, 0.0010912438156083226], "reward": -0.00016364841639520083}