{"action": [0.699999988079071, 0.0010475472081452608], "reward": 0.320659461307896}