{"action": [0.699999988079071, 0.000807781470939517], "reward": 0.40059939024679275}