{"action": [0.5130035281181335, 0.000533360056579113], "reward": 0.5502415805620876}