{"action": [-1.0, -0.1205918937921524], "reward": 0.5455381663854241}