{"action": [0.699999988079071, 0.0007807136280462146], "reward": 0.4534213984186597}