{"action": [0.35563644766807556, 0.00022833675029687583], "reward": 0.5363773943189356}