{"action": [0.3080339729785919, 0.0006805383018217981], "reward": 0.45700205989311404}