{"action": [0.24950753152370453, 8.144565799739212e-05], "reward": 0.5152843585216507}