{"action": [0.27951478958129883, 0.0002906809386331588], "reward": 0.4512599803964765}