{"action": [0.3195432126522064, 0.0003286517458036542], "reward": 0.4491658555412671}