{"action": [0.28803616762161255, 0.00027237314498052], "reward": 0.42948211060162844}