{"action": [0.2049812376499176, 0.0004309782525524497], "reward": 0.49164795054776855}