{"action": [0.699999988079071, 0.000455092842457816], "reward": 0.39729702439672077}