{"action": [0.4428201913833618, 0.00041887725819833577], "reward": 0.48890612207729267}