{"action": [0.699999988079071, 3.195029421476647e-05], "reward": 0.523693590000159}