{"action": [0.699999988079071, 0.0002491414488758892], "reward": 0.6140811184007859}