{"action": [0.699999988079071, 6.046009002602659e-05], "reward": 0.6399367231361274}