{"action": [0.3630223870277405, 0.5625632405281067], "reward": -0.084384486079216}