{"action": [-1.0, 0.004539411514997482], "reward": 0.13194206618077978}