{"action": [0.3940163850784302, 0.07845402508974075], "reward": 0.05148444405100269}