{"action": [-0.3122867941856384, 0.2688749134540558], "reward": 0.04366390976318536}