{"action": [-0.05659615248441696, -0.800000011920929], "reward": 0.01657850517171071}