{"action": [0.699999988079071, -0.0989866778254509], "reward": 0.4455013253605327}