{"action": [-1.0, -0.3803349733352661], "reward": 0.09340574035670945}