{"action": [-1.0, -0.32348620891571045], "reward": -0.048522799249118426}