{"action": [-1.0, -0.2858482301235199], "reward": -0.04287703173934697}