{"action": [-1.0, -0.32380595803260803], "reward": -0.048570661438835414}