{"action": [0.699999988079071, 0.0032853693701326847], "reward": 0.6072426091835945}