{"action": [0.699999988079071, -5.747139221057296e-05], "reward": 0.4170083586690552}