{"action": [-1.0, 0.01333069521933794], "reward": 0.7603804394437019}