{"action": [0.699999988079071, 0.01917959749698639], "reward": 0.6545444783495115}