{"action": [0.4567253589630127, -0.07376608997583389], "reward": 0.7929292742672432}