{"action": [0.42770326137542725, -0.3574278652667999], "reward": 0.6690434219261979}