{"action": [0.4590204656124115, -0.7398103475570679], "reward": 0.4105967477352926}