{"action": [0.40005993843078613, -0.7444458603858948], "reward": 0.3558440229140639}