{"action": [0.699999988079071, -0.3216526508331299], "reward": 0.3120954163538376}