{"action": [0.311521053314209, -0.20291872322559357], "reward": 0.3256485220066308}