{"action": [-1.0, -0.0362873449921608], "reward": 0.2094218510021275}