{"action": [-1.0, -0.02930692583322525], "reward": -0.004395175107058571}