{"action": [0.699999988079071, -0.02845146507024765], "reward": 0.25197228218860823}