{"action": [0.699999988079071, -0.0027348578441888094], "reward": 0.5182571784850504}