{"action": [0.699999988079071, -0.0001480288483435288], "reward": 0.4250377871604321}