{"action": [0.699999988079071, 0.0035550063475966454], "reward": 0.6612511246986555}