{"action": [-1.0, -0.006492203567177057], "reward": -0.0009709235346407744}