{"action": [-1.0, -0.006502396892756224], "reward": -0.000975131855676974}