{"action": [-1.0, -0.006501860450953245], "reward": -0.0009747248992092173}