{"action": [-1.0, -0.006495422683656216], "reward": -0.000974065884551741}