{"action": [-1.0, -0.006495422683656216], "reward": -0.0009741845550283064}