{"action": [-1.0, -0.006501860450953245], "reward": -0.000974774495214543}