{"action": [-1.0, -0.006502396892756224], "reward": -0.0009753072994830903}