{"action": [-1.0, -0.00649756845086813], "reward": -0.0009742067934545022}