{"action": [-1.0, -0.006483619567006826], "reward": -0.000972192537326848}