{"action": [-1.0, -0.006493812892585993], "reward": -0.000972515012614536}