{"action": [0.19937989115715027, -0.001742029096931219], "reward": 0.4636730475288104}