{"action": [0.699999988079071, -0.003909406252205372], "reward": 0.239655142892603}