{"action": [-1.0, -0.006492740008980036], "reward": -0.0009737875103542354}