{"action": [0.3521793484687805, -2.725899321376346e-06], "reward": 0.9492078168365627}