{"action": [-1.0, 2.8434575142455287e-05], "reward": -4.171036229720697e-06}