{"action": [0.20367130637168884, 6.032514647813514e-05], "reward": 0.4599973569459041}