{"action": [-1.0, 2.8434575142455287e-05], "reward": -4.163698423826505e-06}