{"action": [0.699999988079071, 6.020065779210881e-09], "reward": 0.4199812819187638}