{"action": [-1.0, 0.09547686576843262], "reward": -0.01431842445170009}