{"action": [-1.0, 2.7898073312826455e-05], "reward": -3.6847759831458537e-06}