{"action": [0.699999988079071, 0.005624463316053152], "reward": -0.0008424207034658965}