{"action": [0.699999988079071, 0.001949317753314972], "reward": 0.9028319455639482}