{"action": [0.699999988079071, 0.027222592383623123], "reward": 0.20292702907128712}