{"action": [0.33121615648269653, -0.0003760896797757596], "reward": 0.392108727748582}