{"action": [0.3746980130672455, -0.00011730277765309438], "reward": 0.4090350382121609}