{"action": [-1.0, -0.008091513998806477], "reward": -0.0012101623709861284}