{"action": [0.699999988079071, 0.06621348857879639], "reward": 0.35908034345994744}