{"action": [-1.0, -0.008115120232105255], "reward": -0.0012029320221094038}