{"action": [0.699999988079071, 0.09714271128177643], "reward": 0.1525419209022867}