{"action": [0.34659522771835327, 0.001475315191783011], "reward": 0.40785828776153366}