{"action": [-1.0, -0.008089368231594563], "reward": -0.0012128133241903192}