{"action": [-1.0, -0.026041273027658463], "reward": -0.0038948393675019826}