{"action": [-1.0, -0.0080722002312541], "reward": -0.0012106603472861457}