{"action": [0.5502288937568665, 1.3605892490886617e-05], "reward": 0.817322269348904}