{"action": [0.699999988079071, -0.008440916426479816], "reward": 0.01111817482368402}