{"action": [0.699999988079071, -0.015572356060147285], "reward": 0.37375771447971395}