{"action": [0.699999988079071, 0.0008254906861111522], "reward": 0.6675136247089211}