{"action": [0.42998337745666504, -0.0004986025742255151], "reward": 0.8826212225308409}