{"action": [0.699999988079071, 0.0009398816036991775], "reward": 0.958482656833276}