{"action": [0.699999988079071, 0.0008183257887139916], "reward": 0.9734826320605359}