{"action": [0.699999988079071, 0.0010777234565466642], "reward": 0.7553019986097148}