{"action": [0.699999988079071, 0.001513966592028737], "reward": 0.8561477432013546}