{"action": [0.699999988079071, 0.0008005404961295426], "reward": 0.8453852242570177}