{"action": [0.5995321869850159, 2.9323220587684773e-05], "reward": 0.8048915708794083}