{"action": [0.49728280305862427, 0.0004470920830499381], "reward": 0.8941480971158159}