{"action": [0.699999988079071, -0.0033503056038171053], "reward": 0.9176685694238066}