{"action": [0.699999988079071, -0.0033399781677871943], "reward": 0.5639238164615301}