{"action": [-0.04825964942574501, 0.07689177244901657], "reward": 0.9132033770012179}