{"action": [0.699999988079071, -0.0010692528448998928], "reward": 0.9567639469330143}