{"action": [0.699999988079071, -0.002627558307722211], "reward": 0.546929716645483}