{"action": [0.699999988079071, -0.0026267031207680702], "reward": 0.9359524442997526}