{"action": [0.699999988079071, -0.018648726865649223], "reward": 0.5535836524033625}