{"action": [0.699999988079071, 0.012016256339848042], "reward": -1.6240695368488436}