{"action": [0.699999988079071, 0.012043513357639313], "reward": -1.4277544670755518}