{"action": [0.699999988079071, 0.0014207622734829783], "reward": -1.215342461967976}