{"action": [0.699999988079071, 0.013540614396333694], "reward": -0.9553295369444076}