{"action": [-1.0, 0.078885018825531], "reward": -0.011832164456498045}