{"action": [0.699999988079071, -0.0009524597553536296], "reward": -2.7202501970904254}