{"action": [0.699999988079071, 0.005509248003363609], "reward": -1.891829157234287}