{"action": [0.699999988079071, 0.005204393994063139], "reward": -1.388283885179891}