{"action": [-0.11532425880432129, -0.006652623414993286], "reward": 0.4837407129206095}