{"action": [0.538277804851532, -0.011292314156889915], "reward": 0.4407665402843861}