{"action": [-0.0031142644584178925, -0.006844318471848965], "reward": 0.5452814294941399}