{"action": [-1.0, -0.009435450658202171], "reward": 0.14093205818564603}