{"action": [0.699999988079071, -0.008966219611465931], "reward": 0.08308034008292901}