{"action": [-1.0, -0.02919422835111618], "reward": 0.27791416874146097}