{"action": [0.41047897934913635, 0.2596428096294403], "reward": 0.6964707606939777}