{"action": [0.0022644177079200745, -0.006630438845604658], "reward": 0.5441357031720045}