{"action": [-1.0, 0.078885018825531], "reward": -0.01183254990042059}