{"action": [-1.0, -0.002735972637310624], "reward": 0.8583323709702867}