{"action": [0.699999988079071, 0.07350249588489532], "reward": 0.35311238324533695}