{"action": [0.699999988079071, -0.0007315617403946817], "reward": 0.6931356988630659}