{"action": [0.6925665736198425, -0.47911208868026733], "reward": 0.5756730541765192}