{"action": [0.699999988079071, -0.36045220494270325], "reward": 0.5896502863851016}