{"action": [0.699999988079071, 0.055462613701820374], "reward": 0.35524188095497816}