{"action": [0.699999988079071, -0.0007052620057947934], "reward": 0.6477500263131646}