{"action": [0.6003591418266296, -0.14164412021636963], "reward": 0.6092818064820743}