{"action": [0.4777403473854065, 0.008973155170679092], "reward": 0.837152272371502}