{"action": [0.6657872200012207, -0.09494876861572266], "reward": 0.5863195887043924}