{"action": [0.4553873836994171, 0.018521051853895187], "reward": 0.8063531849034676}