{"action": [0.5228773355484009, -0.0004476016038097441], "reward": 0.7785394775373025}