{"action": [0.4228767156600952, 0.02004082128405571], "reward": 0.8411715778459942}