{"action": [0.699999988079071, 0.03139953687787056], "reward": 0.42305029950774214}