{"action": [0.08954811841249466, -0.0009378503891639411], "reward": 0.6047072249367677}