{"action": [0.47602763772010803, -0.005598236341029406], "reward": 0.7993593639152334}