{"action": [0.015540270134806633, -0.0007039423799142241], "reward": 0.6434516911968889}