{"action": [0.28513509035110474, -0.022876819595694542], "reward": 0.45694069920942393}