{"action": [0.42053964734077454, 5.230710485193413e-06], "reward": 0.9105961669662753}