{"action": [-0.2689063549041748, -0.01304223109036684], "reward": 0.49323385423065874}