{"action": [0.26537054777145386, -0.021056221798062325], "reward": 0.4600580860897749}