{"action": [-0.7227584719657898, -0.010163514874875546], "reward": 0.583232312162715}