{"action": [0.4729919135570526, -0.0005969213671050966], "reward": 0.8903596537585898}