{"action": [0.4267100691795349, -0.0014201856683939695], "reward": 0.9177009294554591}