{"action": [0.5061259865760803, 0.0036226296797394753], "reward": 0.8115918629182325}