{"action": [0.41624313592910767, -2.1194729924900457e-05], "reward": 0.9138714446706374}