{"action": [0.3685064911842346, -0.018747657537460327], "reward": 0.42845637904130107}