{"action": [0.39642035961151123, 0.0005767454858869314], "reward": 0.9447329331319329}