{"action": [0.699999988079071, 3.0839979444863275e-05], "reward": 0.6456241532550557}