{"action": [0.46355074644088745, 0.00018714227189775556], "reward": 0.93259424437769}