{"action": [-1.0, -0.017618170008063316], "reward": -0.002642688236254908}