{"action": [0.699999988079071, -0.0037095199804753065], "reward": 0.5606641229247084}