{"action": [0.699999988079071, -1.1512036053318297e-06], "reward": 0.3842213802687195}