{"action": [-0.9970943331718445, 0.00029710616217926145], "reward": 0.8166013461257919}