{"action": [0.6989311575889587, 0.010144760832190514], "reward": 0.7451236576662242}