{"action": [0.42022833228111267, 0.002621787367388606], "reward": 0.42922147623787965}