{"action": [0.5295153260231018, 0.3935525119304657], "reward": 0.6752400127992755}