{"action": [0.6944523453712463, 0.003819116158410907], "reward": 0.3303758336477128}