{"action": [0.699999988079071, 0.03510166332125664], "reward": 0.6752202468872459}