{"action": [-1.0, 0.0030988322105258703], "reward": -0.0004647318338479531}