{"action": [-1.0, 0.0016233206260949373], "reward": -1.6837606261283053e-05}