{"action": [0.31358659267425537, 0.003649182850494981], "reward": 0.4382180295410101}