{"action": [-1.0, 0.0030999050941318274], "reward": -0.0004645278477607506}