{"action": [0.699999988079071, 0.003134217346087098], "reward": 0.03827187026165739}