{"action": [0.699999988079071, 0.0033142955508083105], "reward": 0.08582179315359942}