{"action": [0.12531661987304688, 0.12641586363315582], "reward": 0.4433551633567822}