{"action": [0.699999988079071, -1.0967252883631318e-08], "reward": 0.0005721789527601354}