{"action": [0.48526787757873535, 0.30838319659233093], "reward": 0.43544646409950993}