{"action": [0.3259756565093994, 0.020709428936243057], "reward": 0.6916182189878908}