{"action": [0.699999988079071, 0.0023327316157519817], "reward": 0.15424117561023706}