{"action": [0.3125242590904236, 0.024322865530848503], "reward": 0.6895683085401797}