{"action": [-0.013616993092000484, 0.012313596904277802], "reward": 0.539553185235445}