{"action": [-0.08749054372310638, 0.09494143724441528], "reward": 0.5065718637202349}