{"action": [0.06077625975012779, 2.7543426767806523e-05], "reward": 0.45186945962339464}