{"action": [-1.0, -0.02655145525932312], "reward": -0.003980550650096649}