{"action": [-1.0, -0.02655145525932312], "reward": -0.0039826026872187255}