{"action": [-1.0, -0.026567550376057625], "reward": -0.0039849287091727375}