{"action": [0.6703381538391113, -0.0002871807082556188], "reward": 0.762740545213897}