{"action": [0.699999988079071, -0.008049613796174526], "reward": 0.7425657603012212}