{"action": [0.5415872931480408, 0.0065584927797317505], "reward": 0.8183173593314633}