{"action": [-1.0, 0.0005531329661607742], "reward": 0.28078620533077586}