{"action": [0.37954801321029663, 0.15329143404960632], "reward": 0.5780257331060259}