{"action": [-1.0, 0.00039593802648596466], "reward": -5.921573047471963e-05}