{"action": [-1.0, 0.00039593802648596466], "reward": -5.930747609765786e-05}