{"action": [0.4411129355430603, 0.2332180291414261], "reward": 0.6627385553347561}