{"action": [-1.0, 0.00039593802648596466], "reward": -5.560282245948943e-05}