{"action": [0.485434889793396, -0.08604253828525543], "reward": 0.5547317777748906}