{"action": [-1.0, 0.00039593802648596466], "reward": -5.916292929271594e-05}