{"action": [-1.0, 0.00039593802648596466], "reward": -5.913761425648584e-05}