{"action": [-1.0, 0.00039593802648596466], "reward": -5.921695213981072e-05}