{"action": [-1.0, 0.00039593802648596466], "reward": -5.919904026720819e-05}