{"action": [-1.0, 0.0003954015264753252], "reward": -5.9048105073948214e-05}