{"action": [0.699999988079071, -0.010390616953372955], "reward": 0.48067339502319906}