{"action": [-0.07566338032484055, 0.5430636405944824], "reward": 0.27416938871264684}