{"action": [0.699999988079071, -0.011847473680973053], "reward": 0.5356464205611017}