{"action": [0.4560275673866272, 0.3561255633831024], "reward": 0.7258413804331844}