{"action": [0.699999988079071, -0.024298951029777527], "reward": 0.31234273554185166}