{"action": [0.6095889806747437, 0.017803383991122246], "reward": 0.653062267481584}