{"action": [0.699999988079071, 0.19382843375205994], "reward": 0.42254396941366723}