{"action": [0.41011908650398254, 0.800000011920929], "reward": -0.12000000178813934}