{"action": [0.699999988079071, -0.026167461648583412], "reward": 0.452097304476791}