{"action": [0.699999988079071, 1.0805130159496912e-06], "reward": -1.1986350214843534e-07}