{"action": [0.699999988079071, -0.0006336783990263939], "reward": 0.2130827052016139}