{"action": [0.699999988079071, -0.01680764928460121], "reward": 0.6381646373918606}