{"action": [0.699999988079071, -0.0005630162777379155], "reward": 0.1345152209170958}