{"action": [0.5976880788803101, -0.007200857158750296], "reward": 0.7980476186515928}