{"action": [0.699999988079071, -0.0008573425584472716], "reward": 0.2736509591169783}