{"action": [0.699999988079071, -0.00046133380965329707], "reward": 0.07484805039240068}