{"action": [0.699999988079071, -0.0003242607053834945], "reward": 0.07719911712732423}