{"action": [0.699999988079071, -0.00672754505649209], "reward": 0.07140289496837143}