{"action": [0.699999988079071, -0.005781926214694977], "reward": 0.08388919383370634}