{"action": [0.699999988079071, -1.1297404853394255e-05], "reward": 0.059095963305384656}