{"action": [0.699999988079071, -0.00279710884205997], "reward": 0.07567351570731225}