{"action": [0.699999988079071, -0.0014442772371694446], "reward": 0.04073176288475528}