{"action": [0.699999988079071, 0.47903114557266235], "reward": 0.005459340184997927}