{"action": [0.699999988079071, 0.03146511688828468], "reward": 0.1636637911823713}