{"action": [0.699999988079071, 0.187507763504982], "reward": 0.07189401772910267}