{"action": [0.699999988079071, 0.07365062832832336], "reward": 0.2222065076187847}