{"action": [0.699999988079071, 0.18243873119354248], "reward": 0.18893973873959888}