{"action": [0.699999988079071, 0.07872619479894638], "reward": 0.17717639010221112}