{"action": [0.699999988079071, 0.2909480631351471], "reward": 0.09694386789248574}