{"action": [0.29158854484558105, 0.042105115950107574], "reward": 0.1842677844437302}