{"action": [0.699999988079071, 0.3628970980644226], "reward": 0.07039323189142531}