{"action": [0.699999988079071, 0.13456717133522034], "reward": 0.13472686298621772}