{"action": [0.699999988079071, 0.14069733023643494], "reward": 0.09358446444894289}