{"action": [0.699999988079071, 0.17951872944831848], "reward": 0.09242857046434434}