{"action": [0.699999988079071, 0.00890578143298626], "reward": 0.023612059413860655}