{"action": [0.699999988079071, 0.04241534322500229], "reward": 0.20201208600177095}