{"action": [0.699999988079071, 0.01431091595441103], "reward": 0.16102834830665907}