{"action": [0.699999988079071, 0.03290978819131851], "reward": 0.2569143169089885}