{"action": [0.699999988079071, 0.010607114993035793], "reward": 0.046271948455467414}