{"action": [0.4687463641166687, -0.017851589247584343], "reward": 0.13581171359593927}