{"action": [0.699999988079071, 0.008636657148599625], "reward": 0.0691732779074564}