{"action": [0.699999988079071, 0.008875716477632523], "reward": 0.09202079628646918}