{"action": [0.699999988079071, 0.009502477943897247], "reward": 0.04896072583408882}