{"action": [0.699999988079071, 0.0027735265903174877], "reward": 0.15288775063226856}