{"action": [0.699999988079071, 0.002711106091737747], "reward": 0.17554511246465732}