{"action": [0.699999988079071, 0.006878742948174477], "reward": 0.20652742627563028}