{"action": [0.699999988079071, 0.01141485758125782], "reward": 0.1661645695137704}