{"action": [0.699999988079071, -0.00045219153980724514], "reward": 0.16702015496060843}