{"action": [0.699999988079071, -0.0030782376416027546], "reward": 0.17445985726339197}