{"action": [0.699999988079071, -0.004534623585641384], "reward": 0.09912800463082773}