{"action": [0.699999988079071, -0.005056305322796106], "reward": 0.11111435252365258}