{"action": [0.699999988079071, -0.0013922727666795254], "reward": 0.21336775042954043}