{"action": [0.699999988079071, -0.0034340783022344112], "reward": 0.2227413395004572}