{"action": [0.699999988079071, -0.08066733181476593], "reward": 0.6664096765121719}