{"action": [0.699999988079071, -0.0042214831337332726], "reward": 0.1614340023565363}