{"action": [0.699999988079071, -0.0034592305310070515], "reward": 0.19669733437200132}