{"action": [0.699999988079071, -0.004222323186695576], "reward": 0.25011763371116086}