{"action": [0.699999988079071, -0.00702618807554245], "reward": 0.179868989045995}