{"action": [0.699999988079071, 0.0005259435856714845], "reward": 0.23130136555066427}