{"action": [0.699999988079071, -3.500300590530969e-05], "reward": 0.18180086883970592}