{"action": [0.699999988079071, -0.003071035258471966], "reward": 0.08518042678557589}