{"action": [0.699999988079071, 0.0005427573923952878], "reward": 0.2445488032315339}