{"action": [0.699999988079071, 0.0017483371775597334], "reward": 0.11213646035832928}