{"action": [0.699999988079071, 0.0005041375407017767], "reward": 0.19160642033212544}