{"action": [0.699999988079071, 0.0004958549397997558], "reward": 0.18131544714909242}