{"action": [0.699999988079071, 0.023716285824775696], "reward": 0.44217197631198396}