{"action": [0.699999988079071, -0.008697647601366043], "reward": 0.3251374402615072}