{"action": [0.699999988079071, 0.21170873939990997], "reward": 0.07613080152003471}