{"action": [0.699999988079071, 0.21431055665016174], "reward": 0.11889591532844879}