{"action": [0.699999988079071, -0.00042469147592782974], "reward": 0.4272454300841508}