{"action": [0.699999988079071, 0.2552620768547058], "reward": 0.04187589530225339}