{"action": [0.699999988079071, 0.16221749782562256], "reward": 0.13623777627608538}