{"action": [0.699999988079071, 0.19173763692378998], "reward": 0.12219677681429592}