{"action": [0.699999988079071, -0.0018015832174569368], "reward": 0.4060245273065593}