{"action": [0.699999988079071, -0.007078274618834257], "reward": 0.21252876042496208}