{"action": [0.699999988079071, -0.007687445264309645], "reward": 0.36082079712636134}