{"action": [0.699999988079071, 0.05198041349649429], "reward": 0.1645019990365306}