{"action": [0.699999988079071, 0.05906592309474945], "reward": 0.1675425021481643}