{"action": [0.699999988079071, 0.21312226355075836], "reward": 0.09120891948138313}