{"action": [0.699999988079071, 0.14180991053581238], "reward": 0.21553121063076677}