{"action": [0.699999988079071, 0.0198490209877491], "reward": 0.04077317252615728}