{"action": [0.699999988079071, 0.5289101004600525], "reward": 0.10774744223832593}