{"action": [0.699999988079071, 0.016901977360248566], "reward": 0.13987780221935517}