{"action": [0.699999988079071, 0.002168649807572365], "reward": 0.6169844301680492}