{"action": [0.699999988079071, 0.11989855766296387], "reward": 0.21876266868434932}