{"action": [0.699999988079071, 0.005071747116744518], "reward": 0.34434042053949504}