{"action": [0.699999988079071, 2.7649879484670237e-05], "reward": 0.40355775780575487}