{"action": [0.699999988079071, 0.0022051851265132427], "reward": 0.4192220433290611}