{"action": [0.699999988079071, -0.0022552148438990116], "reward": 0.2074460296887156}