{"action": [0.699999988079071, -0.004774599336087704], "reward": 0.30281036288647406}