{"action": [0.699999988079071, -4.02347395720426e-05], "reward": 0.4781954981352753}