{"action": [0.699999988079071, -0.002049003029242158], "reward": 0.16122699089401454}