{"action": [0.699999988079071, -0.0019138827919960022], "reward": 0.23577319055923143}