{"action": [0.699999988079071, -0.0007148691220209002], "reward": 0.2671492849588499}