{"action": [0.6498500108718872, 0.02751496061682701], "reward": 0.7511194603460284}