{"action": [0.699999988079071, 0.0017236042767763138], "reward": 0.2732093602476157}