{"action": [0.699999988079071, 0.003254170762374997], "reward": 0.2710075556479638}