{"action": [0.699999988079071, 0.006042303051799536], "reward": 0.12223662651454417}