{"action": [0.699999988079071, 0.007512856274843216], "reward": 0.2572575922063374}