{"action": [0.699999988079071, 0.006178281269967556], "reward": 0.13894312893496483}