{"action": [0.699999988079071, 0.00329748191870749], "reward": 0.3667496622988439}