{"action": [0.699999988079071, 0.010399352759122849], "reward": 0.13250660614606116}