{"action": [0.699999988079071, -0.00019948235421907157], "reward": 0.25767697894983776}