{"action": [0.418781578540802, 0.0025707946624606848], "reward": 0.8935661687827223}