{"action": [0.699999988079071, -0.00020767455862369388], "reward": 0.21156081337104274}