{"action": [0.699999988079071, 0.00010029202530859038], "reward": 0.11379955668436438}