{"action": [0.699999988079071, 0.00011645651102298871], "reward": 0.08854791115172869}