{"action": [0.699999988079071, 0.0007555509801022708], "reward": 0.060294724339469856}