{"action": [0.699999988079071, 0.0006630650022998452], "reward": 0.1218133591352761}