{"action": [0.699999988079071, 0.0010711028007790446], "reward": 0.11900457563396075}