{"action": [0.699999988079071, 0.0005897841183468699], "reward": 0.18055111692069942}