{"action": [0.699999988079071, 0.0005546382162719965], "reward": 0.1383330091004449}