{"action": [0.699999988079071, 0.0005292328423820436], "reward": 0.1984743503950433}