{"action": [0.699999988079071, 0.0006584186921827495], "reward": 0.13436406130285702}