{"action": [0.699999988079071, 0.0006371064228005707], "reward": 0.12869299747585605}