{"action": [0.699999988079071, 3.4706950827967376e-05], "reward": 0.11190515576505378}