{"action": [0.699999988079071, -0.0008916882798075676], "reward": 0.24426045317139428}