{"action": [-1.0, -1.502203940617619e-05], "reward": 0.00012644712303252388}