{"action": [0.40955060720443726, -0.009695956483483315], "reward": 0.7984597359782519}