{"action": [0.699999988079071, -4.3592277506832033e-05], "reward": 0.14127867988491685}