{"action": [0.699999988079071, -5.931645500822924e-05], "reward": 0.09844455827255254}