{"action": [0.699999988079071, -0.0011599051067605615], "reward": 0.2942381863480482}