{"action": [-1.0, -1.8777549485093914e-05], "reward": 0.00012668677912320268}