{"action": [0.699999988079071, 0.003104481380432844], "reward": 0.24817765344215395}