{"action": [0.699999988079071, 1.0719298870753846e-06], "reward": 0.014673983836951942}