{"action": [0.699999988079071, 0.002644298365339637], "reward": 0.22687234364075548}