{"action": [0.699999988079071, 0.001169772120192647], "reward": 0.18676122583964067}