{"action": [0.38181817531585693, -0.008526114746928215], "reward": 0.9035540935888021}