{"action": [0.699999988079071, -6.675739960826377e-09], "reward": 0.13311195287936914}