{"action": [0.699999988079071, 0.003584585851058364], "reward": 0.16240033696317738}