{"action": [0.699999988079071, 0.004986964166164398], "reward": 0.12510769466046567}