{"action": [0.699999988079071, 0.0010884631192311645], "reward": 0.062339199829549184}