{"action": [0.699999988079071, 0.0009028100757859647], "reward": 0.09172563291101692}