{"action": [0.699999988079071, -0.003218133468180895], "reward": 0.3209795275972585}