{"action": [0.699999988079071, -0.0028146528638899326], "reward": 0.29748590535713176}