{"action": [0.699999988079071, 0.0013678886462002993], "reward": 0.2773370258590188}