{"action": [0.557337760925293, 0.008021172136068344], "reward": 0.6869534857671139}