{"action": [0.699999988079071, -0.0028722735587507486], "reward": 0.28276444704427284}