{"action": [0.699999988079071, -0.0036626190412789583], "reward": 0.2651980052153803}