{"action": [0.699999988079071, 0.0016739267157390714], "reward": 0.21368871002999296}