{"action": [0.699999988079071, -0.00022549879213329405], "reward": 0.25956099492717966}