{"action": [0.699999988079071, -0.001416150014847517], "reward": 0.4159506169002228}