{"action": [0.5124132633209229, 0.0002527244796510786], "reward": 0.8112691431563033}