{"action": [0.699999988079071, -0.006509091705083847], "reward": 0.30660659451952404}