{"action": [0.699999988079071, -0.007122363429516554], "reward": 0.4458155815238046}