{"action": [0.699999988079071, -0.006195815745741129], "reward": 0.3182989924440828}