{"action": [0.699999988079071, -0.0014487344305962324], "reward": 0.09253346525693558}