{"action": [0.699999988079071, -0.006270266603678465], "reward": 0.3867539970276436}