{"action": [0.699999988079071, -0.001626795856282115], "reward": 0.3506343657251281}