{"action": [0.699999988079071, -0.0012369286268949509], "reward": 0.2792532858603429}