{"action": [0.699999988079071, -0.001723889959976077], "reward": 0.3390908811686097}