{"action": [0.699999988079071, -0.006349675357341766], "reward": 0.3754714297113662}