{"action": [0.699999988079071, -0.00023442250676453114], "reward": 0.16094063975222717}