{"action": [0.699999988079071, -0.00016581577074248344], "reward": 0.14565467358041964}