{"action": [0.699999988079071, 0.008446743711829185], "reward": 0.16833918360130404}