{"action": [0.699999988079071, 0.0018395236693322659], "reward": 0.6830399370601256}