{"action": [0.699999988079071, 0.001261640340089798], "reward": 0.1304394050474475}