{"action": [0.699999988079071, 0.010434558615088463], "reward": 0.13343105737733463}