{"action": [0.699999988079071, -0.001658299588598311], "reward": 0.24830206958856474}