{"action": [0.699999988079071, 0.010779437609016895], "reward": 0.0764104336906878}