{"action": [0.5333966016769409, 0.0010392253752797842], "reward": 0.9104851560255498}