{"action": [0.699999988079071, -9.312594193033874e-05], "reward": 0.16093098959345617}