{"action": [0.699999988079071, 4.762208482134156e-05], "reward": 0.12205183931584085}