{"action": [0.699999988079071, 4.472255750442855e-05], "reward": 0.11130094254761902}