{"action": [0.699999988079071, -0.00013227653107605875], "reward": 0.1658112689409062}