{"action": [0.699999988079071, -6.84425831423141e-05], "reward": 0.10420566857115034}