{"action": [0.699999988079071, -0.0011862869141623378], "reward": 0.1303014808751958}