{"action": [0.699999988079071, 4.808104131370783e-05], "reward": 0.1502806479493311}