{"action": [0.699999988079071, 0.0002251937985420227], "reward": 0.16906647286799603}