{"action": [0.699999988079071, -0.0008041237597353756], "reward": 0.21708998832455054}