{"action": [0.699999988079071, -0.17567910254001617], "reward": 0.11577454901944567}