{"action": [0.699999988079071, -0.16053304076194763], "reward": 0.14983645280542826}