{"action": [0.699999988079071, -0.11060793697834015], "reward": 0.08779419546176799}