{"action": [0.699999988079071, -0.10904301702976227], "reward": 0.15368812019945857}