{"action": [0.6278712153434753, 0.004312878008931875], "reward": 0.8100707244923798}