{"action": [0.699999988079071, -0.11591928452253342], "reward": 0.123595151257819}