{"action": [0.699999988079071, -0.2841687500476837], "reward": 0.035370034350140786}