{"action": [0.699999988079071, -0.2274787425994873], "reward": 0.07824974785340989}