{"action": [0.699999988079071, 8.76769408932887e-05], "reward": 0.6818817015744939}