{"action": [0.699999988079071, -0.1753322184085846], "reward": 0.12883521209107868}