{"action": [0.699999988079071, -0.2738504409790039], "reward": 0.0869837549319996}