{"action": [0.699999988079071, -0.1853727400302887], "reward": 0.12319264708093583}