{"action": [0.699999988079071, 0.00024750351440161467], "reward": 0.6146235962949642}