{"action": [0.699999988079071, -0.15650761127471924], "reward": 0.16076078202754987}