{"action": [0.699999988079071, -0.018217001110315323], "reward": 0.20241052006501176}