{"action": [0.699999988079071, -4.4860240450361744e-05], "reward": 0.6482851248350711}