{"action": [-0.8180558085441589, 0.002290368312969804], "reward": 0.7038921381629307}