{"action": [0.3028488755226135, -0.0003520504978951067], "reward": 0.930701300110362}