{"action": [0.6717081069946289, 0.0023087940644472837], "reward": 0.7141010980479253}