{"action": [0.699999988079071, -0.020430274307727814], "reward": 0.1751448816735946}