{"action": [0.40510401129722595, 0.00415889173746109], "reward": 0.4484441552173615}