{"action": [0.699999988079071, -0.0030672005377709866], "reward": 0.26838572921328646}