{"action": [-1.0, 0.0022522329818457365], "reward": 0.10650607406210541}