{"action": [0.699999988079071, -0.0005153939127922058], "reward": 0.5017996121328668}