{"action": [0.699999988079071, 0.0024214296136051416], "reward": 0.0008019348604474218}