{"action": [0.580502986907959, -0.004610734526067972], "reward": 0.8341564793162058}