{"action": [0.42539098858833313, -0.003853427479043603], "reward": 0.9073580289523577}