{"action": [0.48908179998397827, 0.800000011920929], "reward": 0.16235834842406133}