{"action": [0.374524861574173, 0.0033893154468387365], "reward": 0.45234357816634746}