{"action": [-1.0, 0.0023815296590328217], "reward": -0.00032242147005599097}