{"action": [0.6707474589347839, 0.1373043656349182], "reward": 0.5531918907852855}