{"action": [0.699999988079071, 0.0020537818782031536], "reward": 0.20056194041981706}