{"action": [0.6369805932044983, -0.08941851556301117], "reward": 0.4775711944508157}