{"action": [0.699999988079071, 0.001449600444175303], "reward": 0.34681406427796485}