{"action": [0.699999988079071, -0.029085470363497734], "reward": 0.37734730586577014}