{"action": [0.699999988079071, 0.27066001296043396], "reward": 0.35208201498241753}