{"action": [0.699999988079071, 0.016953224316239357], "reward": 0.8450931139784067}