{"action": [0.699999988079071, 0.06515762954950333], "reward": 0.49268244535434585}