{"action": [0.699999988079071, 0.007337483111768961], "reward": 0.6740831177761148}