{"action": [0.699999988079071, 0.08310157805681229], "reward": 0.7876624144770382}