{"action": [0.699999988079071, 0.06463800370693207], "reward": 0.80105776217686}