{"action": [0.699999988079071, 0.05143356695771217], "reward": 0.8451861855460615}