{"action": [0.699999988079071, 0.08253952860832214], "reward": 0.7393201835399242}