{"action": [0.699999988079071, 0.09029478579759598], "reward": 0.7128174613556785}