{"action": [0.5957186222076416, 0.055626194924116135], "reward": 0.8428368617280063}