{"action": [0.699999988079071, -0.004268246702849865], "reward": 0.03339172471675298}