{"action": [0.49310141801834106, -0.0006830421625636518], "reward": 0.9303695589967436}