{"action": [0.699999988079071, -0.004423902370035648], "reward": 0.015960126570545373}