{"action": [0.6059865355491638, 0.00013667435268871486], "reward": 0.8956612431566447}