{"action": [-1.0, -0.0010496183531358838], "reward": 0.9399824674090534}