{"action": [0.3386443257331848, -0.00020798685727640986], "reward": 0.7635484133141627}