{"action": [0.6357993483543396, 0.0026908935979008675], "reward": 0.8454059438749502}