{"action": [0.6690457463264465, 0.0036451087798923254], "reward": 0.8398517582325462}