{"action": [0.699999988079071, -0.004186137579381466], "reward": 0.027227480630194423}