{"action": [0.699999988079071, 0.006661992520093918], "reward": 0.6291754527417434}