{"action": [-1.0, -0.008616749197244644], "reward": -0.0003721267192659639}