{"action": [-1.0, -0.008636599406599998], "reward": -0.001115848547969986}