{"action": [0.699999988079071, -0.008806330151855946], "reward": 0.06918717272232872}