{"action": [0.699999988079071, -3.2157113309949636e-05], "reward": 0.5672185545042032}