{"action": [0.699999988079071, 0.02103734388947487], "reward": 0.8776982914440848}