{"action": [0.699999988079071, 0.04997900128364563], "reward": 0.7968984421060614}