{"action": [0.699999988079071, 0.050634320825338364], "reward": 0.7934685756157738}