{"action": [0.699999988079071, 0.014336798340082169], "reward": 0.840405244905393}