{"action": [0.699999988079071, 0.011358234100043774], "reward": 0.8394410957863705}