{"action": [0.699999988079071, 0.03600744530558586], "reward": 0.5380655297386855}