{"action": [0.699999988079071, 0.008689198642969131], "reward": 0.6388861483689033}