{"action": [0.699999988079071, 0.014779417775571346], "reward": 0.7673254954506771}