{"action": [0.699999988079071, 0.005436972714960575], "reward": 0.6267287937029087}