{"action": [0.699999988079071, 0.008138618431985378], "reward": 0.6042941047322993}