{"action": [0.699999988079071, 0.00860009714961052], "reward": 0.870200770430978}