{"action": [0.6909415125846863, 0.008359906263649464], "reward": 0.9124170262218173}