{"action": [0.699999988079071, -0.004905558656901121], "reward": 0.7290680209164571}