{"action": [0.699999988079071, -0.0031918869353830814], "reward": 0.9146581849798597}