{"action": [0.699999988079071, -0.0036367836873978376], "reward": 0.9284247279506167}