{"action": [0.699999988079071, -0.0022422056645154953], "reward": 0.9265490455023092}