{"action": [0.699999988079071, -0.00013875836157239974], "reward": 0.9609884590548602}