{"action": [0.699999988079071, 0.004904935602098703], "reward": 0.7002822123724722}