{"action": [-1.0, 0.0006341446423903108], "reward": -9.503426435074171e-05}