{"action": [-1.0, 0.0006346811424009502], "reward": -9.381869311702427e-05}