{"action": [-1.0, 0.0006352176424115896], "reward": -9.390340364959931e-05}