{"action": [-1.0, 0.000635754142422229], "reward": -9.502082860234799e-05}