{"action": [-1.0, 0.0006362906424328685], "reward": -9.461384066461282e-05}