{"action": [-1.0, 0.0006336081423796713], "reward": -8.094196841667953e-05}