{"action": [0.38046911358833313, 0.005479291081428528], "reward": 0.800282114244213}