{"action": [-1.0, 0.0006362906424328685], "reward": -9.532327077217101e-05}