{"action": [-1.0, 0.0006368271424435079], "reward": -9.370386917618569e-05}