{"action": [-1.0, 0.0006341446423903108], "reward": -9.493231398929534e-05}