{"action": [-1.0, 0.0006341446423903108], "reward": -9.473679818139004e-05}