{"action": [0.5234225988388062, 0.006395795848220587], "reward": 0.8389657710677257}