{"action": [-1.0, 0.0006341446423903108], "reward": -9.502882714343267e-05}