{"action": [-1.0, 0.0006368271424435079], "reward": -9.35988376784967e-05}