{"action": [-1.0, 0.0006421922007575631], "reward": -9.621957731135894e-05}