{"action": [0.699999988079071, 0.3557538390159607], "reward": 0.24757801247077246}