{"action": [0.36329880356788635, -0.001218258636072278], "reward": 0.8920825945694384}