{"action": [-1.0, 0.006562485359609127], "reward": -0.0009841703267267352}