{"action": [0.5824457406997681, -0.0005616781418211758], "reward": 0.5985553023070309}