{"action": [0.699999988079071, -1.2810950465791393e-05], "reward": 0.26264397830846503}