{"action": [0.568800151348114, -0.0005141358124092221], "reward": 0.5142385759384076}