{"action": [0.699999988079071, 0.006613073870539665], "reward": -0.0003463315553897976}