{"action": [0.699999988079071, -1.360845908493502e-05], "reward": -1.7737091845448105e-06}