{"action": [0.25234368443489075, 0.002927233465015888], "reward": 0.9105132150745876}