{"action": [0.3754369616508484, 2.056896482827142e-05], "reward": 0.9620315886969063}