{"action": [0.34532982110977173, 0.0068018678575754166], "reward": 0.43086140072909035}