{"action": [0.40966013073921204, -1.9470462575554848e-06], "reward": 0.909626610814285}