{"action": [0.38285714387893677, 1.3372241483011749e-05], "reward": 0.9614553911870279}