{"action": [0.4441545307636261, 5.462539047584869e-05], "reward": 0.9078141264639779}