{"action": [-1.0, 0.003082247218117118], "reward": 0.83442503492814}