{"action": [0.699999988079071, 0.013993834145367146], "reward": 0.5942368293771729}