{"action": [0.23710361123085022, 0.0027586789801716805], "reward": 0.465624454203593}