{"action": [0.699999988079071, 0.005056110210716724], "reward": 0.00020874559206806762}