{"action": [-1.0, 0.0050404309295117855], "reward": -0.0007558189213851724}