{"action": [-1.0, 0.00503613892942667], "reward": -0.0007551437855108505}