{"action": [0.27318140864372253, 0.0022002316545695066], "reward": 0.4723453852984652}