{"action": [0.6137595772743225, -0.0010518974158912897], "reward": 0.8455057083877336}