{"action": [0.5116844177246094, -0.000513134291395545], "reward": 0.8980188812460126}