{"action": [0.5708728432655334, -0.0005965246818959713], "reward": 0.8197046716380183}