{"action": [0.41088008880615234, -1.104951024899492e-06], "reward": 0.8903736076895928}