{"action": [0.5152878761291504, -0.0035750148817896843], "reward": 0.8185889736920017}