{"action": [0.699999988079071, -0.0104362852871418], "reward": 0.6724135299541882}