{"action": [0.535702645778656, -0.0005577871925197542], "reward": 0.8472706555618911}