{"action": [0.5014950037002563, 0.0003812803770415485], "reward": 0.3266187444008458}