{"action": [0.6446332931518555, 0.800000011920929], "reward": -0.12000000178813934}