{"action": [0.4487765431404114, -0.009143413044512272], "reward": 0.8692495545509848}