{"action": [0.4985765218734741, 0.15925997495651245], "reward": 0.8357935776175281}