{"action": [0.4284968376159668, -0.007039471995085478], "reward": 0.8832375354382558}