{"action": [0.43739211559295654, -0.007147604133933783], "reward": 0.8733716203269487}