{"action": [0.414922833442688, -0.006873205304145813], "reward": 0.8222979076074252}