{"action": [0.699999988079071, 0.20758335292339325], "reward": 0.5820684338819878}