{"action": [0.5738798975944519, 0.800000011920929], "reward": -0.12000000178813934}