{"action": [0.5994905233383179, 0.011962481774389744], "reward": 0.7388929890745186}