{"action": [0.699999988079071, 0.012592809274792671], "reward": 0.8487086688019075}