{"action": [0.21621523797512054, 0.08649133145809174], "reward": 0.8926236549545753}