{"action": [0.37270280718803406, -0.03675935044884682], "reward": 0.48314876752292396}