{"action": [0.41668418049812317, 0.010460649617016315], "reward": 0.8759850608939713}