{"action": [0.48956403136253357, -0.11335476487874985], "reward": 0.6781116693155927}