{"action": [0.4176052212715149, 6.981253591220593e-06], "reward": 0.792565332299668}