{"action": [0.4244961738586426, -0.12466998398303986], "reward": 0.6647063503617807}