{"action": [0.4475048780441284, 0.011801167391240597], "reward": 0.8526553751736278}