{"action": [0.4811806082725525, 0.008458061143755913], "reward": 0.8078194738261695}