{"action": [0.3983720541000366, 0.00904789287596941], "reward": 0.8920603161107127}