{"action": [0.40335869789123535, 0.1589449942111969], "reward": 0.6990933819477592}