{"action": [0.49252578616142273, -0.048959605395793915], "reward": 0.7646961630236402}