{"action": [0.5041582584381104, -0.04561340808868408], "reward": 0.7606131430150637}