{"action": [0.4201069474220276, -0.033202171325683594], "reward": 0.8245632522695061}