{"action": [0.4946253299713135, 0.005115597043186426], "reward": 0.8203900418648665}