{"action": [0.37728351354599, -0.025805868208408356], "reward": 0.874035079070678}