{"action": [0.4321136474609375, -0.028246643021702766], "reward": 0.8291396520116073}