{"action": [0.3623812198638916, -0.03270643576979637], "reward": 0.8363125846875099}