{"action": [0.3801618814468384, -0.026730649173259735], "reward": 0.8682905183301012}