{"action": [0.4970017671585083, -0.03265618532896042], "reward": 0.782168022286725}