{"action": [0.4694232940673828, -0.03144015744328499], "reward": 0.7965242155089229}