{"action": [0.4256897270679474, -0.03729221224784851], "reward": 0.8101645785389548}