{"action": [0.43581902980804443, -0.02795475162565708], "reward": 0.8446375711429918}