{"action": [0.4445648789405823, -0.03975314274430275], "reward": 0.787204588017999}