{"action": [0.4439811706542969, 0.08234406262636185], "reward": 0.770724889171223}