{"action": [0.38429152965545654, -0.026556843891739845], "reward": 0.8666183071057211}