{"action": [0.4329931437969208, -0.03102504089474678], "reward": 0.8204917246234478}