{"action": [0.487511545419693, -0.02748509682714939], "reward": 0.8044528647709791}