{"action": [0.4538968801498413, -0.029370630159974098], "reward": 0.8125050643400725}