{"action": [0.5151262879371643, -0.041836198419332504], "reward": 0.7826251546166786}