{"action": [0.6215660572052002, -0.051985908299684525], "reward": 0.6845233106426524}