{"action": [0.4160621464252472, -0.02035892754793167], "reward": 0.8661131401911489}