{"action": [0.5137237310409546, -0.041632313281297684], "reward": 0.7537596953955613}