{"action": [0.4097336530685425, -0.021460480988025665], "reward": 0.8306265459366576}