{"action": [0.5733374953269958, -0.01668592169880867], "reward": 0.7384502577825078}