{"action": [0.5050954222679138, -0.04098772630095482], "reward": 0.7674575137689689}