{"action": [0.40042251348495483, -0.028135500848293304], "reward": 0.862663584142504}