{"action": [0.4115123450756073, -0.033850811421871185], "reward": 0.8308937072497328}