{"action": [0.6030844449996948, -0.03905315697193146], "reward": 0.7653738082911095}