{"action": [0.5356859564781189, -0.034772634506225586], "reward": 0.7950007258795396}