{"action": [0.675011396408081, -0.06860749423503876], "reward": 0.598807177966776}