{"action": [0.37939953804016113, -0.021250255405902863], "reward": 0.8901585473104815}