{"action": [0.699999988079071, 0.02983737178146839], "reward": 0.510248866387197}