{"action": [0.5894558429718018, -0.0192812979221344], "reward": 0.7919486658776642}