{"action": [0.4889269173145294, -0.02842678874731064], "reward": 0.7507030721547348}