{"action": [0.47976234555244446, -0.023982927203178406], "reward": 0.8201928723487361}