{"action": [0.40661224722862244, -0.031176108866930008], "reward": 0.842293413164999}