{"action": [0.699999988079071, 0.004804642405360937], "reward": 0.37090720697656376}