{"action": [0.46152713894844055, -0.024571971967816353], "reward": 0.8270792238832311}