{"action": [0.5802686214447021, -0.046732425689697266], "reward": 0.7131259465155786}