{"action": [0.5026050806045532, -0.026368098333477974], "reward": 0.8047081210755977}