{"action": [0.59744793176651, -0.05082282796502113], "reward": 0.7156393633185888}