{"action": [0.6092447638511658, -0.03368256986141205], "reward": 0.6982652793414004}