{"action": [0.699999988079071, 0.002349740592762828], "reward": 0.5114600668413616}