{"action": [0.699999988079071, -0.0021243803203105927], "reward": 0.7737655165919706}