{"action": [0.5711410641670227, -0.03143015131354332], "reward": 0.7633840878710936}