{"action": [0.6558135151863098, -0.03503779321908951], "reward": 0.7045071439883035}