{"action": [0.4515318274497986, -0.03728194907307625], "reward": 0.8224145362224491}