{"action": [0.5980694890022278, -0.027507426217198372], "reward": 0.7397480264435888}