{"action": [0.5627947449684143, -0.005893418565392494], "reward": 0.7631798644465656}