{"action": [0.6116410493850708, -0.010464600287377834], "reward": 0.808353883957695}