{"action": [0.4378531277179718, 0.002877539722248912], "reward": 0.8927396558957905}