{"action": [0.49481064081192017, -0.005470845848321915], "reward": 0.8326779776115614}