{"action": [0.699999988079071, -0.0022474282886832952], "reward": 0.6871112806001166}