{"action": [0.4848673343658447, -0.005779726896435022], "reward": 0.8021965543085434}