{"action": [0.3773127794265747, 0.0018820518162101507], "reward": 0.9378476366749794}