{"action": [0.5373334884643555, -0.011843746528029442], "reward": 0.7962660020492819}