{"action": [0.5910310745239258, 0.00021627747628372163], "reward": 0.8368130342008318}