{"action": [0.5240380764007568, -0.006989713292568922], "reward": 0.832394258853295}