{"action": [0.46690651774406433, 3.5581583688326646e-06], "reward": 0.9113014512140523}