{"action": [0.406482458114624, -0.0019363939063623548], "reward": 0.9233436922899402}