{"action": [0.47861602902412415, -0.006876980420202017], "reward": 0.8634811742402394}