{"action": [0.699999988079071, 0.0004109170404262841], "reward": 0.6750144147270472}