{"action": [0.5937592387199402, 2.868670162570197e-05], "reward": 0.8163372356206765}