{"action": [0.4738742709159851, 0.004346149042248726], "reward": 0.8446929051985045}