{"action": [0.4917275309562683, 0.005792409647256136], "reward": 0.835614933527529}