{"action": [0.48774453997612, 9.052467066794634e-05], "reward": 0.8307227330157778}