{"action": [0.699999988079071, -0.019872594624757767], "reward": 0.5994402586547909}