{"action": [0.699999988079071, -0.022535087540745735], "reward": 0.6062855988575885}