{"action": [0.5521146655082703, -0.036683421581983566], "reward": 0.7803683047237086}