{"action": [0.4827834963798523, -0.037056226283311844], "reward": 0.7954182418508982}