{"action": [0.4793311357498169, -0.001891958061605692], "reward": 0.8589857293774112}