{"action": [0.40231192111968994, 0.800000011920929], "reward": -0.04023561110776652}