{"action": [0.699999988079071, -1.2155755939602386e-06], "reward": 0.014134427633276223}