{"action": [0.5561269521713257, -0.00012302506365813315], "reward": 0.860880234098225}