{"action": [0.48803722858428955, -0.0001020801646518521], "reward": 0.8490503340185415}