{"action": [0.4245433807373047, -0.0008834366453811526], "reward": 0.8944022078131052}