{"action": [0.699999988079071, -0.0029723369516432285], "reward": 0.7310817779294567}