{"action": [0.45745325088500977, 9.102791227633134e-05], "reward": 0.9268260204653926}