{"action": [0.699999988079071, -0.002439343836158514], "reward": 0.6921320924798917}