{"action": [0.699999988079071, -1.225946675731393e-06], "reward": 0.008077193872325054}