{"action": [0.699999988079071, -1.0923147328867344e-06], "reward": 0.5120056205744201}