{"action": [0.37465977668762207, 0.800000011920929], "reward": -0.12000000178813934}