{"action": [0.699999988079071, 0.0021380847319960594], "reward": 0.06630767402765414}