{"action": [0.699999988079071, -0.050111182034015656], "reward": 0.6505693289622896}