{"action": [0.699999988079071, -0.00023560045519843698], "reward": -0.2720863163867146}