{"action": [0.699999988079071, -0.040259331464767456], "reward": 0.25514225657765366}