{"action": [0.699999988079071, -0.0514431968331337], "reward": 0.27147782542162896}