{"action": [0.699999988079071, 0.16444635391235352], "reward": -1.6186261800006836}