{"action": [0.699999988079071, -0.00018204873776994646], "reward": 0.8520349319816659}