{"action": [0.699999988079071, -0.00024410038895439357], "reward": 0.9472918323293804}