{"action": [0.699999988079071, -0.0002513187937438488], "reward": 0.87640874427515}