{"action": [0.699999988079071, -0.08013858646154404], "reward": 0.6200125992619705}