{"action": [0.699999988079071, -0.033544860780239105], "reward": 0.7317016728633314}