{"action": [0.699999988079071, -0.01660807803273201], "reward": -1.0652369372342079}