{"action": [0.699999988079071, -0.05053594708442688], "reward": -0.21906930532695762}