{"action": [0.699999988079071, -0.0348847322165966], "reward": 0.4612034740142023}