{"action": [0.699999988079071, -0.03692137449979782], "reward": 0.7998422104046867}