{"action": [0.699999988079071, -0.017074041068553925], "reward": -1.2306014006208397}