{"action": [0.699999988079071, -0.07998831570148468], "reward": 0.6417004976252328}