{"action": [0.699999988079071, -0.01587352529168129], "reward": -0.7816885864665886}