{"action": [0.5597417950630188, -0.021536914631724358], "reward": -5.102957208753305}