{"action": [0.55259770154953, -0.02162809483706951], "reward": -5.174689568992251}