{"action": [0.6147429943084717, -0.045167226344347], "reward": -4.188756658202222}