{"action": [0.699999988079071, -0.02858467772603035], "reward": -3.0253007131998837}