{"action": [0.6042067408561707, -0.021767955273389816], "reward": -4.6822983797572615}