{"action": [0.699999988079071, -0.02369128167629242], "reward": -1.834154761441016}