{"action": [0.699999988079071, -0.16289235651493073], "reward": -3.86148252264308}