{"action": [0.5323411226272583, -0.02332029491662979], "reward": -5.584852875160863}