{"action": [0.6951628923416138, -0.021632958203554153], "reward": -4.333815876038497}