{"action": [-1.0, -0.0013256949605420232], "reward": -0.0001978870217514674}