{"action": [0.6826393008232117, 0.36815154552459717], "reward": 0.5593572277802892}