{"action": [0.658784031867981, -0.035508230328559875], "reward": -3.9930228765100164}