{"action": [0.6295168399810791, -0.04152862727642059], "reward": -3.6535742706433454}