{"action": [0.6107546091079712, -0.03363523259758949], "reward": -4.15475855546436}