{"action": [0.6737463474273682, -3.1927764212014154e-05], "reward": -4.210109161978564}