{"action": [0.6369274258613586, -0.006145630497485399], "reward": -4.2096869604015685}