{"action": [0.6602024435997009, 0.00011072933557443321], "reward": -4.15888023242735}