{"action": [-1.0, -0.0013273045187816024], "reward": -0.00019904818915937434}