{"action": [0.699999988079071, -0.04332026466727257], "reward": -2.7828242191072596}