{"action": [0.699999988079071, 0.019254466518759727], "reward": -1.6634217432024905}