{"action": [0.699999988079071, 0.012424591928720474], "reward": -2.5761690452596477}