{"action": [0.699999988079071, -0.0052848095074296], "reward": -3.3233684336962726}