{"action": [0.6321930885314941, -0.027598105370998383], "reward": -4.482237903231016}