{"action": [0.6833415627479553, -0.030330799520015717], "reward": -3.9253822488445325}