{"action": [0.5626853704452515, -0.017786087468266487], "reward": -5.024464498939537}