{"action": [0.699999988079071, -0.04150278866291046], "reward": -3.477411185500453}