{"action": [0.5636991262435913, -0.01921127177774906], "reward": -5.189281558294511}