{"action": [0.600768506526947, -0.025119397789239883], "reward": -4.309506507642234}