{"action": [0.6647673845291138, -0.010474888607859612], "reward": -3.94107188813689}