{"action": [0.699999988079071, -0.024325421079993248], "reward": -2.8483747992204593}