{"action": [0.6502038240432739, -0.020610293373465538], "reward": -4.312888859318034}