{"action": [0.699999988079071, -0.024407008662819862], "reward": -3.2818938007177465}