{"action": [0.699999988079071, -0.03790917247533798], "reward": -3.276227877362716}