{"action": [0.6276251077651978, -0.022745830938220024], "reward": -4.227340074421218}