{"action": [0.6925607323646545, 0.628087043762207], "reward": 0.6575815312951845}