{"action": [0.6982257962226868, -0.013318084180355072], "reward": -4.014455553256028}