{"action": [0.5957599878311157, -0.025401664897799492], "reward": -4.410544631523495}