{"action": [0.699999988079071, -0.022448863834142685], "reward": -4.017819468044036}