{"action": [0.6233553886413574, -0.022286366671323776], "reward": -4.5247300930856635}