{"action": [0.699999988079071, -0.02628212422132492], "reward": -2.584070216975456}