{"action": [0.699999988079071, -0.02763180062174797], "reward": -2.455850453161062}