{"action": [0.699999988079071, -0.002724152524024248], "reward": -4.535564598849853}