{"action": [0.699999988079071, 0.015335083939135075], "reward": -2.586055560791535}