{"action": [0.699999988079071, 0.01557292602956295], "reward": -2.173094219494422}