{"action": [0.699999988079071, 0.00036948060733266175], "reward": -2.795324274141749}