{"action": [0.699999988079071, -0.0006835584063082933], "reward": -3.8130476185201494}