{"action": [0.6789005994796753, -1.1668790875773993e-06], "reward": -3.6295588708676845}