{"action": [0.6260442733764648, -0.0011538725811988115], "reward": -4.877965637168506}