{"action": [0.699999988079071, 0.0027762893587350845], "reward": -3.8570206211629885}