{"action": [0.699999988079071, 0.01474406011402607], "reward": -3.3313592396905167}