{"action": [0.5698399543762207, -0.0012497256975620985], "reward": -5.771161377377158}