{"action": [0.699999988079071, -0.0024519271682947874], "reward": -3.153125287273492}