{"action": [0.699999988079071, 0.0023779214825481176], "reward": -2.9377272426583865}