{"action": [0.699999988079071, 0.005239412188529968], "reward": -2.472325630260279}