{"action": [0.699999988079071, 0.0011226580245420337], "reward": -4.222692217292308}