{"action": [0.699999988079071, 0.00015307575813494623], "reward": -3.7699021164133404}