{"action": [0.6403921246528625, -4.654470831155777e-05], "reward": -5.076022076448118}