{"action": [0.699999988079071, -0.004806761164218187], "reward": -3.1133607298775177}