{"action": [0.5473494529724121, -0.0019596803467720747], "reward": -5.832094402794271}