{"action": [0.5544050931930542, -0.0004859522159676999], "reward": -5.830062139527825}