{"action": [0.5117666125297546, 2.081453885693918e-06], "reward": -5.785778324963209}