{"action": [0.699999988079071, -0.015122266486287117], "reward": 0.4250996685341112}