{"action": [0.699999988079071, -0.0017506626900285482], "reward": 0.6205387489108952}