{"action": [0.699999988079071, 0.019461119547486305], "reward": 0.5148651747052643}