{"action": [0.699999988079071, -3.7338734273362206e-06], "reward": 0.44473458778223807}