{"action": [0.6133251190185547, -0.003928068093955517], "reward": 0.7881286894171157}