{"action": [0.699999988079071, 0.002279497915878892], "reward": 0.6567858650940877}