{"action": [0.699999988079071, -1.217363774230762e-06], "reward": 0.005552152761106574}