{"action": [0.47946497797966003, -5.01627910125535e-05], "reward": 0.8424997053485004}