{"action": [0.5334022045135498, 0.00024288904387503862], "reward": 0.7842859751253702}