{"action": [0.6559430360794067, 0.0028782091103494167], "reward": 0.7673328640279905}