{"action": [0.4407315254211426, -5.83223118155729e-05], "reward": 0.9685010593569446}