{"action": [0.456012099981308, -1.992374745896086e-05], "reward": 0.8413299838867461}