{"action": [0.699999988079071, 0.016066810116171837], "reward": 0.5782580482547387}