{"action": [0.6058937311172485, 0.001233949908055365], "reward": 0.8004314298684764}