{"action": [0.4529397785663605, 0.010428855195641518], "reward": 0.8925727528717606}