{"action": [0.43527889251708984, 0.0004069444548804313], "reward": 0.8384986043264951}