{"action": [0.5952928066253662, 0.001406436669640243], "reward": 0.7797870041637033}