{"action": [0.4443979561328888, 0.0005727413226850331], "reward": 0.947251806167915}