{"action": [0.5292586088180542, -0.0071908715181052685], "reward": 0.8684557327810153}