{"action": [0.699999988079071, -0.03260691463947296], "reward": 0.26326461548102836}