{"action": [0.38561004400253296, 0.08877100050449371], "reward": 0.7000610588046932}