{"action": [0.5235323309898376, 0.0016585065750405192], "reward": 0.9028028969144715}