{"action": [0.699999988079071, -0.010955460369586945], "reward": 0.5714919116626481}