{"action": [0.5651162266731262, 0.008281715214252472], "reward": 0.8264321866654178}