{"action": [0.6271678805351257, -0.009079783223569393], "reward": 0.7256694254444432}