{"action": [0.699999988079071, -0.005713378079235554], "reward": 0.6253877114916743}