{"action": [0.42602813243865967, -0.01857472024857998], "reward": 0.8727654019006074}