{"action": [0.2908453345298767, -0.01674308441579342], "reward": 0.917463595992611}