{"action": [0.699999988079071, -0.023922450840473175], "reward": 0.6308002436223761}