{"action": [0.699999988079071, -0.024784773588180542], "reward": 0.6206207591518181}