{"action": [0.5756176114082336, -0.015058915130794048], "reward": 0.7346772672866684}