{"action": [0.44274014234542847, -0.013385312631726265], "reward": 0.7704662178312072}