{"action": [0.4731029272079468, -0.013221320696175098], "reward": 0.8991626302847893}