{"action": [0.699999988079071, -0.03537589684128761], "reward": 0.6967247264034017}