{"action": [0.699999988079071, -0.027278032153844833], "reward": 0.41644335359272966}