{"action": [0.699999988079071, -0.03402665629982948], "reward": 0.6877805730772916}