{"action": [0.699999988079071, -0.0535588264465332], "reward": 0.38821495431460895}