{"action": [0.2843368947505951, -0.015298474580049515], "reward": 0.9257617674768334}