{"action": [0.699999988079071, -0.019930722191929817], "reward": 0.7405283710501467}