{"action": [0.699999988079071, -0.036361243575811386], "reward": 0.5347852795334567}