{"action": [0.699999988079071, -0.05526968836784363], "reward": 0.5450682173258906}