{"action": [0.6949743032455444, -0.012386617250740528], "reward": 0.7270819565327458}