{"action": [0.450793594121933, 0.07543104141950607], "reward": 0.8072285456749373}