{"action": [0.6223405599594116, -0.011860499158501625], "reward": 0.811759353339413}