{"action": [0.4920268654823303, -0.020733902230858803], "reward": 0.8822772877997159}