{"action": [0.33444714546203613, 0.002487726043909788], "reward": 0.9345218368556347}