{"action": [0.5098932385444641, -1.6809641238069162e-05], "reward": 0.8663355394111754}