{"action": [0.39024949073791504, -0.0003754405479412526], "reward": 0.9131001118905867}