{"action": [0.30462074279785156, -0.01042967289686203], "reward": 0.7661336122343253}