{"action": [0.699999988079071, -0.0145145608112216], "reward": 0.530572502042886}