{"action": [0.699999988079071, -0.014240870252251625], "reward": 0.4823055938335301}