{"action": [0.42483747005462646, -0.010896077379584312], "reward": 0.8519898300643465}