{"action": [0.3745613098144531, -0.010845924727618694], "reward": 0.8703101655539568}