{"action": [0.5125417113304138, -0.016181007027626038], "reward": 0.7274870558271815}