{"action": [0.699999988079071, 0.0016104403184726834], "reward": 0.5837642656302772}