{"action": [0.699999988079071, 0.008460131473839283], "reward": 0.5962185628164884}