{"action": [0.3563110828399658, 0.0414942130446434], "reward": 0.822016126573515}