{"action": [0.699999988079071, 0.004041032399982214], "reward": 0.30498418054097676}