{"action": [0.699999988079071, 0.001096825348213315], "reward": 0.1435441658810469}