{"action": [0.699999988079071, 0.0010303835151717067], "reward": 0.21898546217333617}