{"action": [0.699999988079071, 0.000976883340626955], "reward": 0.404416000211225}