{"action": [0.5817789435386658, 5.511838389793411e-05], "reward": 0.8052019701130737}