{"action": [0.699999988079071, -0.005024926271289587], "reward": 0.6248037105076812}