{"action": [0.6562894582748413, -0.003928324207663536], "reward": 0.7467745774137249}