{"action": [0.5590113401412964, -0.0038043439853936434], "reward": 0.8717509374177117}