{"action": [0.4357394576072693, -2.619645238155499e-05], "reward": 0.9119567915826675}