{"action": [0.432781457901001, -1.9723360310308635e-05], "reward": 0.9133437305000661}