{"action": [0.5960959196090698, 0.010513512417674065], "reward": 0.8397224480231037}