{"action": [0.699999988079071, 0.012026187963783741], "reward": 0.7200323402041482}