{"action": [0.699999988079071, 0.04361224174499512], "reward": 0.6473594876008008}