{"action": [0.699999988079071, 0.0053838943131268024], "reward": 0.583108188083553}