{"action": [0.40231698751449585, 0.03271578997373581], "reward": 0.7641141450756563}