{"action": [0.699999988079071, 0.00032704215846024454], "reward": 0.5556917890720849}