{"action": [0.699999988079071, 7.03637510923727e-07], "reward": 0.01364711834912877}