{"action": [0.699999988079071, 6.934445195838634e-07], "reward": 0.025504085276806605}