{"action": [0.699999988079071, 0.0006890429649502039], "reward": 0.5228134039903147}