{"action": [0.699999988079071, 0.002799919107928872], "reward": 0.4413625573590209}