{"action": [0.699999988079071, 0.0002379787474637851], "reward": 0.5327771095980415}