{"action": [0.431043803691864, -6.136093361419626e-06], "reward": 0.9445815296289215}