{"action": [0.699999988079071, -0.004580480977892876], "reward": 0.6583223394820297}