{"action": [0.4499704837799072, -0.006845973432064056], "reward": 0.8904446227155435}