{"action": [0.40474528074264526, -0.006593562662601471], "reward": 0.9023426879374264}