{"action": [0.699999988079071, -0.02260684035718441], "reward": 0.6768670384668167}