{"action": [0.699999988079071, -0.023055745288729668], "reward": 0.6478022326099641}