{"action": [0.45566636323928833, -0.006337412167340517], "reward": 0.7918232186463784}