{"action": [0.5723369717597961, -0.005961915478110313], "reward": 0.8061939453804484}