{"action": [0.4488672614097595, -0.004282750189304352], "reward": 0.8185611440900259}