{"action": [0.5338392853736877, 0.800000011920929], "reward": 0.586381958001817}