{"action": [0.444328248500824, 0.800000011920929], "reward": -0.12000000178813934}