{"action": [0.5192667841911316, 0.11515688896179199], "reward": 0.5720815347811707}