{"action": [0.467829167842865, -0.002320630708709359], "reward": 0.8869828585154007}