{"action": [0.699999988079071, -0.2078496366739273], "reward": 0.7055359515442945}