{"action": [0.5091904401779175, -0.013971569947898388], "reward": 0.7752316872445807}