{"action": [0.4472143054008484, -0.02574087306857109], "reward": 0.7616455546938736}