{"action": [0.5676140189170837, -0.0036508890334516764], "reward": 0.7582468646965557}