{"action": [0.4185677766799927, -0.004807533696293831], "reward": 0.8387454131246216}