{"action": [0.4508269429206848, -0.0002226237702416256], "reward": 0.8336297177958273}