{"action": [0.42211049795150757, -0.001153656980022788], "reward": 0.9237987059848448}