{"action": [0.356153666973114, -0.00540862837806344], "reward": 0.9293872552921447}