{"action": [0.3568628430366516, -0.005605025682598352], "reward": 0.9287954530097238}