{"action": [0.699999988079071, 0.00581210944801569], "reward": 0.574065377645056}