{"action": [0.699999988079071, 0.022963549941778183], "reward": 0.6091863766150823}