{"action": [0.6446176171302795, -0.0007357902941294014], "reward": 0.7910394293099317}