{"action": [0.6791126132011414, -0.004406448919326067], "reward": 0.7317952040200597}