{"action": [0.699999988079071, -0.005522723309695721], "reward": 0.6686524320017758}