{"action": [0.5494710206985474, -0.06940244138240814], "reward": 0.7829130965427107}