{"action": [0.6110389232635498, -0.05388406291604042], "reward": 0.7592769420746179}