{"action": [0.5062231421470642, -0.0786113366484642], "reward": 0.7902624407483296}