{"action": [0.6981968283653259, -0.20845037698745728], "reward": 0.5981107337948903}