{"action": [0.44070911407470703, -0.14128278195858002], "reward": 0.7597910455564723}