{"action": [0.699999988079071, -0.19500868022441864], "reward": 0.5963020271510596}