{"action": [0.4794316589832306, -0.15888671576976776], "reward": 0.6601968676400726}