{"action": [0.5780299305915833, -0.1526741087436676], "reward": 0.37850367290989384}