{"action": [0.458010196685791, -0.14372244477272034], "reward": 0.6542747560930836}