{"action": [0.699999988079071, -0.21068024635314941], "reward": 0.5552003144757466}