{"action": [0.49068742990493774, -0.1461251974105835], "reward": 0.741024416758148}