{"action": [0.6095300316810608, -0.16740627586841583], "reward": 0.6742903370245146}