{"action": [0.4461836814880371, -0.14080484211444855], "reward": 0.7600008403092385}