{"action": [0.5501559972763062, -0.15605470538139343], "reward": 0.713166940199381}