{"action": [0.6423699855804443, -0.19287854433059692], "reward": 0.6432207734311463}