{"action": [0.42000269889831543, -0.0883132666349411], "reward": 0.32585383627522246}