{"action": [0.556670069694519, -0.1622408628463745], "reward": 0.6752123525114256}