{"action": [0.4670536518096924, -0.01427045464515686], "reward": 0.7002914394802303}