{"action": [0.547054648399353, -0.014549829997122288], "reward": 0.6931611194296583}