{"action": [0.6009359359741211, -0.008496560156345367], "reward": 0.7384870385838175}