{"action": [0.699999988079071, -0.5235793590545654], "reward": 0.3301316476448731}