{"action": [0.5235902667045593, -0.33023324608802795], "reward": 0.032633372445441365}