{"action": [0.5803125500679016, 0.017128245905041695], "reward": 0.15857680400359722}