{"action": [0.29341307282447815, 0.14455518126487732], "reward": 0.5061889131432995}