{"action": [0.6159691214561462, 0.06216932088136673], "reward": 0.6052290131168739}