{"action": [0.3234415054321289, 0.14866399765014648], "reward": 0.6067312303950418}