{"action": [0.6696973443031311, 2.5552502847858705e-05], "reward": 0.6591887072313206}