{"action": [0.6798962354660034, -0.016610853374004364], "reward": 0.6729257513981112}