{"action": [0.699999988079071, -0.04347247630357742], "reward": 0.5855513983285362}