{"action": [0.699999988079071, -0.13087879121303558], "reward": 0.6127049181626818}