{"action": [0.699999988079071, -0.021228289231657982], "reward": 0.7060199893252598}