{"action": [0.6134995222091675, -0.014662021771073341], "reward": 0.7863267808488517}