{"action": [0.4713945984840393, -0.004260331392288208], "reward": 0.8173931244603194}