{"action": [0.6439663171768188, -0.002302663866430521], "reward": 0.644897807337119}