{"action": [0.6234301924705505, 0.18588802218437195], "reward": 0.5479594423703886}