{"action": [0.699999988079071, -0.0003818936238531023], "reward": 0.4797440173838174}