{"action": [0.5602430105209351, 0.2885996103286743], "reward": 0.6576849420032432}