{"action": [0.41953492164611816, 0.089434415102005], "reward": 0.7767894868597094}