{"action": [0.4218199849128723, 0.07050696760416031], "reward": 0.7493939311688755}