{"action": [0.5388365983963013, -0.2037583440542221], "reward": 0.5585730533173996}