{"action": [0.699999988079071, -0.6645774841308594], "reward": 0.24633021377976655}