{"action": [0.5065054297447205, 0.07017812132835388], "reward": 0.7310504194245279}