{"action": [0.4740472435951233, 0.06100021302700043], "reward": 0.7664305895796513}