{"action": [0.5176629424095154, -0.4912276566028595], "reward": 0.7021154599084848}