{"action": [0.40259408950805664, -0.4076235890388489], "reward": 0.25918808203733823}