{"action": [0.5427958965301514, 0.005943471100181341], "reward": 0.7419409093702932}