{"action": [0.699999988079071, 0.780671238899231], "reward": 0.35294611893631717}