{"action": [0.5914266109466553, 0.4114111363887787], "reward": 0.4898443740435877}