{"action": [0.3926818370819092, 0.07800470292568207], "reward": 0.6631497167418557}