{"action": [0.6275409460067749, 0.09539547562599182], "reward": 0.6111318138018225}