{"action": [0.48524796962738037, 0.0017131904605776072], "reward": 0.7521599739604412}