{"action": [0.38479647040367126, 0.005572498310357332], "reward": 0.7317420578697783}