{"action": [0.699999988079071, -0.01588716357946396], "reward": 0.6496884047964667}