{"action": [0.4506360590457916, -0.033563271164894104], "reward": 0.7417630531786237}