{"action": [0.699999988079071, 0.05602017417550087], "reward": 0.044029038570920394}