{"action": [0.699999988079071, 0.008749322965741158], "reward": 0.07576213906705104}