{"action": [0.699999988079071, 0.020747967064380646], "reward": 0.06946820625760651}