{"action": [0.699999988079071, -0.0010841175680980086], "reward": 0.05467217412580568}