{"action": [0.699999988079071, -0.05551344156265259], "reward": 0.08879049778262825}