{"action": [-1.0, -0.026893742382526398], "reward": -0.0029436123197191114}