{"action": [0.699999988079071, -0.02966722659766674], "reward": 0.09462258023743743}