{"action": [0.699999988079071, -0.031659938395023346], "reward": 0.02664898593910625}