{"action": [0.699999988079071, -0.023765843361616135], "reward": 0.07188150568037932}