{"action": [0.699999988079071, -0.029652686789631844], "reward": 0.10696261622153573}