{"action": [0.699999988079071, -0.015376023948192596], "reward": 0.1423862312618862}