{"action": [0.699999988079071, -0.0050983489491045475], "reward": 0.13997523601237377}