{"action": [0.699999988079071, -0.006622476503252983], "reward": 0.11753117706240741}