{"action": [0.699999988079071, -0.0010027101961895823], "reward": 0.12989942546874203}