{"action": [0.699999988079071, -0.0009600385674275458], "reward": 0.1187449945635436}