{"action": [0.699999988079071, -0.0008215801208280027], "reward": 0.17652482687493096}