{"action": [0.699999988079071, -0.0011034577619284391], "reward": 0.14277207575289586}