{"action": [0.699999988079071, -0.002051087561994791], "reward": 0.1928649614687257}