{"action": [0.699999988079071, -0.0018818153766915202], "reward": 0.22434901867802676}