{"action": [-1.0, -0.026947392150759697], "reward": -0.004041110009403942}