{"action": [0.699999988079071, -0.0011800265638157725], "reward": 0.21720133534595581}