{"action": [0.699999988079071, -0.0011826225090771914], "reward": 0.24349035416395032}