{"action": [0.699999988079071, -9.282541577704251e-05], "reward": 0.08451105701803079}