{"action": [-1.0, -0.026947928592562675], "reward": -0.00404188410174862}