{"action": [0.699999988079071, 1.2312888429732993e-05], "reward": 0.10825194269975068}