{"action": [0.699999988079071, 2.5409815862076357e-05], "reward": 0.1204541259149866}