{"action": [0.699999988079071, -1.0813474773385678e-06], "reward": 7.749079219125841e-05}