{"action": [0.699999988079071, 4.287206684239209e-05], "reward": 0.0577281924953614}