{"action": [0.699999988079071, 0.00017124986334238201], "reward": 0.07948340417702343}