{"action": [0.699999988079071, 0.00040952005656436086], "reward": 0.12254379885618771}