{"action": [0.699999988079071, 8.582801092416048e-05], "reward": 0.1406087117256261}