{"action": [0.699999988079071, 0.0017086726147681475], "reward": 0.11444591435458033}