{"action": [0.699999988079071, 0.00025295725208707154], "reward": 0.17899765906303844}