{"action": [0.699999988079071, 0.0002533602819312364], "reward": 0.15766018965139558}