{"action": [0.699999988079071, 0.0006919886218383908], "reward": 0.17415248972318298}