{"action": [0.699999988079071, 0.006509597413241863], "reward": 0.1940813881062353}