{"action": [0.699999988079071, 0.011892743408679962], "reward": 0.11701563332497299}