{"action": [0.699999988079071, 0.01024258229881525], "reward": 0.0672288401237058}