{"action": [0.699999988079071, 0.011960867792367935], "reward": 0.10748844457782049}