{"action": [0.699999988079071, 0.015396500937640667], "reward": 0.17324640367586677}