{"action": [0.699999988079071, 0.012922258116304874], "reward": 0.1867050236007829}