{"action": [0.699999988079071, 0.02019994705915451], "reward": 0.10102597352365954}