{"action": [0.699999988079071, 0.02007102034986019], "reward": 0.08870095472906933}