{"action": [0.699999988079071, 0.01663978397846222], "reward": 0.15031382583528086}