{"action": [0.699999988079071, 0.02015422284603119], "reward": 0.050817275110794}