{"action": [0.699999988079071, 0.019942719489336014], "reward": 0.12668179919168243}