{"action": [0.699999988079071, 0.029513701796531677], "reward": 0.06807352028014284}