{"action": [0.699999988079071, 0.025251219049096107], "reward": 0.14506404764817338}