{"action": [0.699999988079071, 0.04359213635325432], "reward": 0.06622034325864364}