{"action": [0.699999988079071, 0.04382171481847763], "reward": 0.05818063228456348}