{"action": [0.699999988079071, 0.04729904234409332], "reward": 0.10989192104278997}