{"action": [0.699999988079071, 0.0615793839097023], "reward": 0.0226694349147835}