{"action": [0.699999988079071, 0.07151322066783905], "reward": 0.1460723627055797}