{"action": [0.699999988079071, 0.06796231865882874], "reward": 0.24075807321463713}