{"action": [0.699999988079071, 0.05984220653772354], "reward": 0.21193111818615118}