{"action": [0.699999988079071, 0.05889075994491577], "reward": 0.19208511861090885}