{"action": [0.699999988079071, 0.060186415910720825], "reward": 0.22162803330529413}