{"action": [0.699999988079071, 0.064661905169487], "reward": 0.2645938549387916}