{"action": [0.699999988079071, 0.09037165343761444], "reward": 0.1715925373063999}