{"action": [0.699999988079071, 0.07950398325920105], "reward": 0.24930429372416252}