{"action": [0.699999988079071, 0.07539211958646774], "reward": 0.16755864793384365}