{"action": [0.699999988079071, 0.06983232498168945], "reward": 0.15724100782956446}