{"action": [0.699999988079071, 0.009675268083810806], "reward": 0.09512963963355597}