{"action": [0.699999988079071, 0.0016415980644524097], "reward": 0.0677927102975214}