{"action": [0.699999988079071, 0.002744584809988737], "reward": 0.1087262413755702}