{"action": [0.699999988079071, -0.051333654671907425], "reward": 0.16777097056140808}