{"action": [0.699999988079071, -0.05304226651787758], "reward": 0.17708526691206822}