{"action": [0.699999988079071, -0.06709972769021988], "reward": 0.19319617646136114}