{"action": [0.699999988079071, -0.06881456077098846], "reward": 0.17982285750417698}