{"action": [0.699999988079071, -0.046580132097005844], "reward": 0.16375588909500588}