{"action": [0.699999988079071, -0.049836356192827225], "reward": 0.09601304137256553}