{"action": [0.699999988079071, -0.053708191961050034], "reward": 0.06460697009220467}