{"action": [0.42579352855682373, -0.0013813035329803824], "reward": 0.9078641894084277}