{"action": [0.4939015209674835, -0.0413181446492672], "reward": 0.3206967692477078}