{"action": [0.5012007355690002, -0.14423653483390808], "reward": 0.6960300918874139}