{"action": [0.5006771087646484, -0.11887884140014648], "reward": 0.7062846462323282}