{"action": [0.699999988079071, -0.10061558336019516], "reward": 0.8358267516898271}