{"action": [0.699999988079071, -0.11937277764081955], "reward": 0.8084917986119173}