{"action": [0.49798744916915894, -0.024767186492681503], "reward": 0.47569074950382656}