{"action": [0.699999988079071, -0.1862519383430481], "reward": 0.4318310004806312}