{"action": [0.699999988079071, -0.1452314704656601], "reward": 0.04939632178652509}