{"action": [0.699999988079071, -0.1893095225095749], "reward": 0.21485086828467154}