{"action": [0.699999988079071, -0.00818703044205904], "reward": -0.35858888511488446}