{"action": [0.699999988079071, 0.003507473273202777], "reward": -1.5879363802224267}