{"action": [0.699999988079071, 0.0014022813411429524], "reward": -1.409037429548049}