{"action": [0.699999988079071, 0.0008888690499588847], "reward": -1.2960340004490785}