{"action": [0.699999988079071, 0.008309802040457726], "reward": -1.9457065262359976}