{"action": [0.699999988079071, 0.009086665697395802], "reward": -2.2073684427978946}