{"action": [0.545633852481842, -0.012686816975474358], "reward": 0.5165591209510157}