{"action": [0.699999988079071, -0.11880053579807281], "reward": -0.16539878603835415}