{"action": [0.530468225479126, -0.010790664702653885], "reward": 0.5144246597527237}