{"action": [0.699999988079071, 0.02531573362648487], "reward": -0.50625214958737}