{"action": [0.47297823429107666, -0.009929689578711987], "reward": 0.5611513632521249}