{"action": [0.699999988079071, 0.03262200951576233], "reward": -0.6392512744632463}