{"action": [0.699999988079071, -0.0043382467702031136], "reward": 0.8944665640673702}