{"action": [0.699999988079071, -0.005439349915832281], "reward": 0.9012171086167888}