{"action": [0.699999988079071, -0.028825653716921806], "reward": 0.7117156472107096}