{"action": [0.699999988079071, -0.021356452256441116], "reward": 0.8063328775836824}