{"action": [0.699999988079071, -0.024181663990020752], "reward": 0.7710508350951569}