{"action": [0.699999988079071, -0.004476920235902071], "reward": 0.9130372759294669}