{"action": [0.699999988079071, 0.0023207254707813263], "reward": -1.137975429427597}