{"action": [0.699999988079071, 0.005754522047936916], "reward": -1.398927206187048}