{"action": [0.699999988079071, 0.005495280027389526], "reward": -1.5709355142844026}