{"action": [0.699999988079071, 0.005423825699836016], "reward": -1.6614677371742574}