{"action": [0.699999988079071, 0.0012566021177917719], "reward": -1.4961272582217668}