{"action": [0.699999988079071, -0.00016220945690292865], "reward": -0.916404144986667}