{"action": [0.699999988079071, -0.04677151143550873], "reward": -0.3793467055433867}