{"action": [0.699999988079071, -0.054630156606435776], "reward": -0.4582670137406974}