{"action": [0.699999988079071, 0.004436060320585966], "reward": 0.6330582123571853}