{"action": [0.699999988079071, -0.07993055880069733], "reward": -0.34621067883535}