{"action": [0.699999988079071, 0.005302617326378822], "reward": 0.6311483996637306}