{"action": [0.699999988079071, -0.03739316016435623], "reward": 0.37715805828435756}