{"action": [0.699999988079071, -0.06184514984488487], "reward": -0.02993229918792343}