{"action": [0.699999988079071, -0.07259457558393478], "reward": -0.7650507113852169}