{"action": [0.699999988079071, -0.0741439163684845], "reward": -0.906576389419375}