{"action": [0.699999988079071, -0.11131669580936432], "reward": -0.9946686681661991}