{"action": [0.699999988079071, -0.10377666354179382], "reward": -1.2572404798481966}