{"action": [0.699999988079071, -0.10088536143302917], "reward": -1.298368783502996}