{"action": [0.699999988079071, -0.11005829274654388], "reward": -1.3051862163021108}