{"action": [0.699999988079071, -0.1494578868150711], "reward": 0.14389705864139282}