{"action": [0.699999988079071, -0.11042112857103348], "reward": 0.4100153648213187}