{"action": [0.699999988079071, -0.0361170619726181], "reward": 0.14586983523202482}