{"action": [0.699999988079071, -0.009959317743778229], "reward": 0.7813661630099461}