{"action": [0.699999988079071, -0.0077509586699306965], "reward": 0.7920888121596048}