{"action": [0.699999988079071, -0.0012787421001121402], "reward": 0.8664060992332979}