{"action": [0.6237367391586304, 0.0241561122238636], "reward": 0.7097182638983506}