{"action": [0.33510953187942505, 0.007389824837446213], "reward": 0.8803467982815516}