{"action": [0.576998770236969, 0.00019320653518661857], "reward": 0.8013756691562594}