{"action": [0.39566439390182495, 3.9296719478443265e-05], "reward": 0.9348185545860164}