{"action": [0.5115993618965149, 0.0001789074594853446], "reward": 0.8811754731555362}