{"action": [0.5191988945007324, 0.0016711215721443295], "reward": 0.8133137723754355}