{"action": [0.5857264399528503, 0.001965791452676058], "reward": 0.7205255454574201}