{"action": [0.42210787534713745, 0.0005683477502316236], "reward": 0.9261480215211307}