{"action": [0.48252224922180176, -0.0065851882100105286], "reward": 0.8411294752933923}