{"action": [0.4252753257751465, -0.006192556116729975], "reward": 0.8975808065849793}