{"action": [0.47576624155044556, -0.0065429979003965855], "reward": 0.8675447695865727}