{"action": [0.49924394488334656, -0.005233398638665676], "reward": 0.8026538219629702}