{"action": [0.00513429194688797, -0.014646348543465137], "reward": 0.8067356596374938}