{"action": [0.699999988079071, -0.001637325156480074], "reward": 0.7351836693377408}