{"action": [0.699999988079071, -0.005550516303628683], "reward": 0.6797098838354199}