{"action": [0.6643576622009277, -4.468000042834319e-05], "reward": 0.777231254565922}