{"action": [0.49692854285240173, 0.03393007069826126], "reward": 0.38072786624307253}