{"action": [0.699999988079071, 0.005659430753439665], "reward": 0.7282589990223233}