{"action": [0.5234845876693726, 0.012846091762185097], "reward": 0.7726570858741376}