{"action": [0.44170522689819336, 0.013586955145001411], "reward": 0.8657438144425661}