{"action": [0.47534167766571045, 0.020836777985095978], "reward": 0.4638865133989221}