{"action": [0.5951266884803772, 0.010204481892287731], "reward": 0.7462519939733787}