{"action": [0.6286931037902832, 0.008091007359325886], "reward": 0.7516916905394114}