{"action": [0.4503108859062195, 0.0037650233134627342], "reward": 0.8777728587427627}