{"action": [0.4193248748779297, -0.00015546876238659024], "reward": 0.9370269470452175}