{"action": [0.4680212140083313, 7.0432424763566814e-06], "reward": 0.877944742416449}