{"action": [-1.0, 0.01212010346353054], "reward": -0.0008254056419119602}