{"action": [-1.0, 0.01166890561580658], "reward": -0.0006031270997073823}