{"action": [0.409736692905426, -0.000707706727553159], "reward": 0.9402427380834518}