{"action": [0.4012526571750641, -0.0015704539837315679], "reward": 0.8985994683960423}