{"action": [0.6239355206489563, -0.01197868399322033], "reward": 0.7529822872878559}