{"action": [0.596630871295929, -0.011427602730691433], "reward": 0.7483005276031977}