{"action": [0.4749405086040497, -0.013327481225132942], "reward": 0.8517982427013066}