{"action": [0.3835982084274292, -0.005980952177196741], "reward": 0.8514661625810649}