{"action": [0.4107912480831146, -0.00010341208690078929], "reward": 0.889563254831301}