{"action": [0.4521019458770752, 0.00015031039947643876], "reward": 0.9070836013786141}