{"action": [0.45175105333328247, 0.0005222975742071867], "reward": 0.8906242380692326}