{"action": [0.4457433819770813, 0.0001326515048276633], "reward": 0.8909441356437086}