{"action": [0.5051308870315552, -0.0017810503486543894], "reward": 0.8133758754600401}