{"action": [0.5499657392501831, -0.014454495161771774], "reward": 0.7910558500835396}