{"action": [0.4398072063922882, -0.003476700745522976], "reward": 0.90578122353898}