{"action": [0.5610788464546204, -0.010085752233862877], "reward": 0.8053613891049838}