{"action": [0.5525920391082764, -0.010487422347068787], "reward": 0.7817150345621697}