{"action": [0.5703772306442261, -0.00033043092116713524], "reward": 0.7975693269809602}