{"action": [0.5085315704345703, -1.5633464499842376e-05], "reward": 0.7982214276485758}