{"action": [0.5813977718353271, 0.00010193944035563618], "reward": 0.7937786597134988}