{"action": [0.3447636365890503, 0.005678188521414995], "reward": 0.9108848540210936}