{"action": [0.4979509115219116, 0.004393198061734438], "reward": 0.8405812596583987}