{"action": [0.6684232354164124, 0.004479449708014727], "reward": 0.8011783430681616}