{"action": [0.4937583804130554, 0.0008391090668737888], "reward": 0.8602633672232768}