{"action": [0.3140542507171631, -0.0006707941647619009], "reward": 0.9735412197814953}