{"action": [-0.7031130790710449, 0.0007431653793901205], "reward": 0.6599127586125617}