{"action": [0.699999988079071, 0.0007421344053000212], "reward": 0.4306727796457041}