{"action": [0.5392987132072449, 0.0007056628819555044], "reward": 0.8379427355098426}