{"action": [0.3852636218070984, 0.0018372267950326204], "reward": 0.9347544489632962}