{"action": [0.38990145921707153, 0.0013949566055089235], "reward": 0.9337251081522407}