{"action": [0.3868131637573242, 0.0023312901612371206], "reward": 0.9324012076325705}