{"action": [0.38680732250213623, 0.0023265741765499115], "reward": 0.9325428844676124}