{"action": [0.4050210118293762, 0.0013096410548314452], "reward": 0.9030899377980451}