{"action": [0.4631000757217407, 0.0026792166754603386], "reward": 0.8369092893990697}