{"action": [0.48138177394866943, 0.0031977142207324505], "reward": 0.8944555395292014}