{"action": [0.4742511510848999, 0.0028349864296615124], "reward": 0.8644368775687474}