{"action": [0.4571487307548523, 0.002699195872992277], "reward": 0.8627059631945989}