{"action": [0.4273563027381897, 0.002836233004927635], "reward": 0.9206310184030069}