{"action": [0.5180461406707764, 0.0005111924838274717], "reward": 0.8436081922716043}