{"action": [0.5420867800712585, -9.581893391441554e-05], "reward": 0.8301229651969735}