{"action": [0.45811787247657776, 0.00013308906636666507], "reward": 0.8261636482284789}