{"action": [0.5338374376296997, -0.0034484821371734142], "reward": 0.8434993213767565}