{"action": [0.4313603341579437, 0.00021827442105859518], "reward": 0.9147487697125519}