{"action": [0.4555954337120056, 0.009109316393733025], "reward": 0.8847056127669847}