{"action": [0.37613552808761597, 0.003236209973692894], "reward": 0.9198601913735028}