{"action": [0.4487296938896179, -0.0001715077814878896], "reward": 0.8921224833409545}