{"action": [0.39697250723838806, 0.004296116065233946], "reward": 0.8464679889960214}