{"action": [0.628633439540863, -0.00018470393843017519], "reward": 0.7891709007840977}