{"action": [0.48699676990509033, -0.004802465904504061], "reward": 0.8342041181332729}