{"action": [0.5261675119400024, -0.00300645362585783], "reward": 0.766577939359299}