{"action": [0.6773167252540588, -0.0037516672164201736], "reward": 0.7306052746631782}