{"action": [0.510658860206604, -0.005026171449571848], "reward": 0.8245799363177249}