{"action": [0.699999988079071, -5.831920861965045e-05], "reward": 0.6211588261324522}