{"action": [0.5474411249160767, -0.6314502954483032], "reward": 0.6401128008338236}