{"action": [0.6047055125236511, -0.6884462237358093], "reward": 0.5730533442129355}