{"action": [0.3686990737915039, -0.5927969217300415], "reward": 0.5547851404936689}