{"action": [0.5596293210983276, -0.10460980981588364], "reward": 0.6403250227278715}