{"action": [0.699999988079071, -0.026092596352100372], "reward": 0.6048381342831604}