{"action": [0.699999988079071, 0.0011762103531509638], "reward": 0.8738449811999888}