{"action": [0.699999988079071, 0.009919385425746441], "reward": 0.889478217530445}