{"action": [0.36690253019332886, 0.016422979533672333], "reward": 0.6757498873162637}