{"action": [0.19595353305339813, 0.0087117999792099], "reward": 0.45016857488115847}