{"action": [0.6043542623519897, 1.4128803741186857e-05], "reward": 0.8434953760716096}