{"action": [0.2850879430770874, -0.004687772132456303], "reward": 0.443280278080227}