{"action": [0.27798816561698914, -0.003924940712749958], "reward": 0.44184195110685665}