{"action": [0.38219788670539856, 5.271547706797719e-05], "reward": 0.9551809726799195}