{"action": [-1.0, -0.007306612562388182], "reward": -0.0010958420026465278}