{"action": [0.3775932192802429, 6.90426750225015e-05], "reward": 0.9664001241347512}