{"action": [-1.0, -0.007316269911825657], "reward": -0.0010971179304305639}