{"action": [-1.0, -0.007321098353713751], "reward": -0.0010980085132664356}