{"action": [-1.0, -0.007325926795601845], "reward": -0.001098806695438367}