{"action": [-1.0, -0.00732753612101078], "reward": -0.001098842853329463}