{"action": [-1.0, -0.007329145912081003], "reward": -0.001099276460157344}