{"action": [-1.0, -0.00735060591250658], "reward": -0.0011024106627654385}