{"action": [-1.0, -0.007382259238511324], "reward": -0.0011071869415254316}