{"action": [0.699999988079071, 0.10611364990472794], "reward": -0.015916292898101782}