{"action": [0.699999988079071, 0.02907586097717285], "reward": 0.5156790766666274}