{"action": [0.699999988079071, 0.007457132916897535], "reward": 0.6115210668958688}