{"action": [0.40287864208221436, -0.002300597494468093], "reward": 0.9081717556633976}