{"action": [0.38912656903266907, -0.007316657342016697], "reward": 0.869782692819064}