{"action": [0.699999988079071, -0.028531638905405998], "reward": 0.510124374459412}