{"action": [0.699999988079071, -0.023172009736299515], "reward": 0.546971202056866}