{"action": [-0.9687463641166687, 0.800000011920929], "reward": 0.10461494504529929}