{"action": [0.699999988079071, -0.003479272359982133], "reward": 0.4351196548238953}