{"action": [0.5538176894187927, -0.0049244677647948265], "reward": 0.8062202724031107}