{"action": [-0.2896389067173004, 0.800000011920929], "reward": 0.03451472506046456}