{"action": [0.699999988079071, -0.006937598809599876], "reward": 0.5854359225517327}