{"action": [0.536350667476654, -0.0017689584055915475], "reward": 0.8612773342165221}