{"action": [0.699999988079071, -0.0009486578055657446], "reward": 0.6054109639696572}