{"action": [0.699999988079071, -0.020456114783883095], "reward": 0.4122608950007337}