{"action": [0.5932111144065857, -0.0071242498233914375], "reward": 0.8173683001569669}