{"action": [0.43449416756629944, -0.006051298696547747], "reward": 0.8712020347244314}