{"action": [0.6935666799545288, -0.0013501961948350072], "reward": 0.8065089082962147}