{"action": [0.699999988079071, -0.002863953821361065], "reward": 0.6781371347621171}