{"action": [0.508517861366272, 0.004197999835014343], "reward": 0.8446833589624576}