{"action": [0.0943693146109581, 0.04448959603905678], "reward": 0.7431277448394854}