{"action": [0.38255369663238525, 0.00422167032957077], "reward": 0.9187603819347228}