{"action": [0.4943735599517822, 0.005753121338784695], "reward": 0.8753783045553261}