{"action": [0.37416160106658936, 0.004149018786847591], "reward": 0.9218360534531151}