{"action": [0.3960724472999573, 0.004462434444576502], "reward": 0.913686566890736}