{"action": [0.336818665266037, 0.007495015859603882], "reward": 0.8913662102502858}