{"action": [0.699999988079071, 0.014919042587280273], "reward": 0.546455241658014}