{"action": [0.699999988079071, 0.039914973080158234], "reward": 0.543997743112329}