{"action": [0.5926967263221741, 0.003507355460897088], "reward": 0.8073431584740184}