{"action": [0.3315774202346802, 0.002047960879281163], "reward": 0.867515097890264}