{"action": [0.15551134943962097, 0.0031449543312191963], "reward": 0.48964423871740176}