{"action": [0.699999988079071, 0.0007115058251656592], "reward": 0.6738003280536874}