{"action": [0.36117005348205566, -0.0005261693149805069], "reward": 0.443779272908963}