{"action": [-1.0, -7.028168329270557e-05], "reward": -1.0295189011539251e-05}