{"action": [-1.0, -6.867218326078728e-05], "reward": -1.0049977941356521e-05}