{"action": [-1.0, -6.920868327142671e-05], "reward": -1.011938393168144e-05}