{"action": [-1.0, -6.867218326078728e-05], "reward": -9.484779003274767e-06}