{"action": [-1.0, -6.867218326078728e-05], "reward": -9.413805739123287e-06}