{"action": [-1.0, -6.867218326078728e-05], "reward": -9.066443087082117e-06}