{"action": [-1.0, -6.867218326078728e-05], "reward": -1.025242032266539e-05}