{"action": [-1.0, -6.867218326078728e-05], "reward": 5.835425894595389e-07}