{"action": [-1.0, -6.867218326078728e-05], "reward": -8.715020889906121e-06}