{"action": [-1.0, -6.813567597419024e-05], "reward": -9.968356339652814e-06}