{"action": [-1.0, -6.813567597419024e-05], "reward": -9.96835321510787e-06}