{"action": [0.699999988079071, 5.372762643673923e-07], "reward": 0.45833233394278083}