{"action": [0.699999988079071, 0.0003170193522237241], "reward": 0.5716035136563412}