{"action": [0.699999988079071, 0.0005032676854170859], "reward": 0.5827938325206556}