{"action": [0.699999988079071, -9.495061385678127e-05], "reward": 0.5941215404901227}