{"action": [0.699999988079071, -8.344650526126429e-10], "reward": 7.408643853078008e-05}