{"action": [0.699999988079071, -0.1627548635005951], "reward": 0.5953242265358439}