{"action": [0.699999988079071, -0.31595784425735474], "reward": 0.5307980034974505}