{"action": [0.5061545968055725, -0.5357558727264404], "reward": 0.5715484181009372}