{"action": [0.4936251640319824, -0.5007603168487549], "reward": 0.6064592603620312}