{"action": [0.699999988079071, -0.00206186855211854], "reward": 0.5937279634697673}