{"action": [0.5801342129707336, 0.019150974228978157], "reward": 0.4774092042840736}