{"action": [0.699999988079071, 0.001511372160166502], "reward": 0.348568468461227}