{"action": [0.699999988079071, 0.004978638608008623], "reward": 0.3930292351546838}