{"action": [0.2607077658176422, 4.341304247645894e-06], "reward": 0.4516574797100227}