{"action": [0.6448935866355896, 0.00048667556256987154], "reward": 0.41895672282626895}