{"action": [0.4442336857318878, -0.002634454518556595], "reward": 0.41699802795968527}