{"action": [0.699999988079071, -0.0019526004325598478], "reward": 0.538504642894644}