{"action": [0.699999988079071, -0.4985750615596771], "reward": 0.28661319778178956}