{"action": [0.6694587469100952, -0.18896523118019104], "reward": 0.49082289892955805}