{"action": [0.699999988079071, -0.005879221484065056], "reward": 0.5392505294113074}