{"action": [0.699999988079071, -0.00016145988774951547], "reward": 0.5648493148487813}