{"action": [0.4095652103424072, 0.10971438884735107], "reward": 0.7945044542561459}