{"action": [0.699999988079071, 0.0653865709900856], "reward": 0.6065943274058847}