{"action": [0.699999988079071, 0.06421833485364914], "reward": 0.608709308522458}