{"action": [0.4651232957839966, 0.04360129311680794], "reward": 0.7843833534106991}