{"action": [0.5187491774559021, 0.019539590924978256], "reward": 0.7639881950773667}