{"action": [0.5248172283172607, 0.01736694574356079], "reward": 0.7004331012072306}