{"action": [0.699999988079071, 0.019961237907409668], "reward": 0.6126989833543917}