{"action": [0.5401878952980042, 0.003767554182559252], "reward": 0.8018708011097399}