{"action": [0.6020359992980957, -0.01759769581258297], "reward": 0.7318162919015362}