{"action": [0.699999988079071, -0.07692763209342957], "reward": 0.4794557358615796}