{"action": [0.4342595934867859, 0.0033662249334156513], "reward": 0.8466553384106194}