{"action": [-0.10255765914916992, -0.014243307523429394], "reward": 0.30735322731673637}