{"action": [0.5211230516433716, 0.24461369216442108], "reward": 0.6253872127039691}