{"action": [0.4597685933113098, -0.002925287699326873], "reward": 0.8301554848264008}