{"action": [0.2606319189071655, -0.02052868716418743], "reward": 0.5107341444638328}