{"action": [0.699999988079071, -0.0006028695497661829], "reward": 0.5472051309953171}