{"action": [-1.0, -0.005941753275692463], "reward": -0.0008879301620138803}