{"action": [-1.0, -0.00594282615929842], "reward": -0.0008908843404175529}