{"action": [-1.0, -0.005943899042904377], "reward": -0.0008908593854497662}