{"action": [-1.0, -0.005943899042904377], "reward": -0.0008912049433855441}