{"action": [-1.0, -0.005951410159468651], "reward": -0.0008925817670052352}