{"action": [-1.0, -0.006009888835251331], "reward": -0.0009012732611835333}