{"action": [-1.0, -0.005456219427287579], "reward": -0.0008177760927782203}