{"action": [-1.0, -0.005456755869090557], "reward": -0.000818304456029985}