{"action": [0.5222441554069519, -0.0018735057674348354], "reward": 0.6774948186281395}