{"action": [0.699999988079071, -0.0028244799468666315], "reward": 0.6435514333418434}