{"action": [0.18266209959983826, -5.179595609661192e-05], "reward": 0.6823046939108707}