{"action": [0.699999988079071, 2.477229827491101e-06], "reward": 0.6732042967045491}