{"action": [0.699999988079071, 0.002340105129405856], "reward": 0.7516958027261609}