{"action": [-1.0, 0.045396894216537476], "reward": 0.5920161320148036}