{"action": [0.699999988079071, 0.4542997479438782], "reward": 0.48386585390499803}