{"action": [0.699999988079071, -0.0006090758251957595], "reward": 0.4906144589533531}