{"action": [0.699999988079071, -0.0009804576402530074], "reward": 0.46211862220858824}