{"action": [-1.0, -0.0008251391700468957], "reward": 0.1625991280297689}