{"action": [0.699999988079071, -3.14526550937444e-05], "reward": 0.14122681328170414}