{"action": [-1.0, 0.0005547424661926925], "reward": 0.4108698768407395}