{"action": [0.5924744009971619, 0.2113412469625473], "reward": 0.5657885340145491}