{"action": [0.699999988079071, 0.0053397552110254765], "reward": 0.5247622765706117}