{"action": [0.699999988079071, 0.007641253061592579], "reward": 0.6205570989411593}