{"action": [0.699999988079071, 0.24251039326190948], "reward": 0.5459701567914541}