{"action": [0.699999988079071, 0.0082714157178998], "reward": 0.6204545928892088}