{"action": [0.699999988079071, 0.21457169950008392], "reward": 0.6119165455311714}