{"action": [0.6025159358978271, 0.003651145612820983], "reward": 0.7784404768804012}