{"action": [0.699999988079071, 0.0008853605831973255], "reward": 0.6818754605155677}