{"action": [0.4059359133243561, -4.2671563278418034e-06], "reward": 0.9000920087903181}