{"action": [0.38800567388534546, -0.00047737787826918066], "reward": 0.951231075527593}