{"action": [0.4329833984375, -0.0017231188248842955], "reward": 0.8419197470623427}