{"action": [-1.0, -0.011079290881752968], "reward": -0.0016565557630760378}