{"action": [0.3944595754146576, 0.17264212667942047], "reward": 0.6688654165707787}