{"action": [-1.0, -0.011074461974203587], "reward": -0.0016610691214912618}