{"action": [0.699999988079071, -0.007947135716676712], "reward": 0.31250807964820776}