{"action": [0.4006883502006531, 0.12746863067150116], "reward": 0.8007674438276529}