{"action": [-1.0, -0.0002661047037690878], "reward": -3.886138961370359e-05}