{"action": [0.699999988079071, -0.00010124868276761845], "reward": 0.4388694105601197}