{"action": [0.4063318073749542, -0.00042005276191048324], "reward": 0.9404850821439025}