{"action": [0.353359580039978, -0.0005055760266259313], "reward": 0.9634109704077395}