{"action": [0.40076473355293274, 0.11819089949131012], "reward": 0.8106985768410842}