{"action": [0.5272583365440369, -0.004035774618387222], "reward": 0.8230496824987167}