{"action": [0.699999988079071, -0.013052082620561123], "reward": 0.5198722895488265}