{"action": [0.34222978353500366, 0.1036701574921608], "reward": 0.8425580248060246}