{"action": [0.699999988079071, -0.00968777947127819], "reward": 0.6302957653087776}