{"action": [0.699999988079071, -0.006313418038189411], "reward": 0.5670195386839083}