{"action": [0.699999988079071, -0.005259539000689983], "reward": 0.6853494482231279}