{"action": [0.4035658836364746, -0.0015847829636186361], "reward": 0.9015970761465256}