{"action": [0.47357064485549927, -0.0013556228950619698], "reward": 0.8806920249547899}