{"action": [0.45794475078582764, -0.0014734859578311443], "reward": 0.8817559774219849}