{"action": [0.47850996255874634, -0.001187488785944879], "reward": 0.8784115119460753}