{"action": [0.4473608136177063, 0.00018112688849214464], "reward": 0.8779740777910298}