{"action": [0.24438932538032532, 0.015876656398177147], "reward": 0.5153459590417361}