{"action": [0.699999988079071, 0.014387859962880611], "reward": 0.25198855048738833}