{"action": [0.699999988079071, 0.01326761208474636], "reward": 0.4072923506440918}