{"action": [0.35453057289123535, 0.007798303384333849], "reward": 0.4637628992802114}