{"action": [0.3777031898498535, 0.006976447068154812], "reward": 0.470483931276349}