{"action": [0.3849868178367615, 0.006795056629925966], "reward": 0.4801044267232847}