{"action": [0.3837563991546631, 0.010523458942770958], "reward": 0.4344419112982345}