{"action": [0.699999988079071, 0.0006237612687982619], "reward": 0.3106838344484242}