{"action": [0.4195941090583801, 0.800000011920929], "reward": 0.6193974556922478}