{"action": [0.4383077621459961, 0.800000011920929], "reward": 0.1693833112941494}