{"action": [0.6126665472984314, 0.1349974125623703], "reward": 0.6144709057915692}