{"action": [0.699999988079071, 0.12486269325017929], "reward": 0.33149180418213825}