{"action": [0.699999988079071, 0.017013216391205788], "reward": 0.3553196352021056}