{"action": [0.699999988079071, 0.12111900001764297], "reward": 0.25020441143881794}