{"action": [0.48380208015441895, -0.0402337908744812], "reward": 0.7899857649778855}