{"action": [0.36068689823150635, -0.016073664650321007], "reward": 0.8750503921622458}