{"action": [0.35255005955696106, -0.007803911343216896], "reward": 0.8626375955685972}