{"action": [0.33491554856300354, -0.00018469360657036304], "reward": 0.9050899005969607}