{"action": [0.699999988079071, 0.10451992601156235], "reward": 0.3185507052680392}