{"action": [0.36401695013046265, 0.00014701226609759033], "reward": 0.9213597473791887}