{"action": [0.699999988079071, 0.00038807361852377653], "reward": 0.4466932894920962}