{"action": [0.4862126410007477, 0.0015464931493625045], "reward": 0.43045076645029984}