{"action": [0.5001274943351746, -0.800000011920929], "reward": 0.5610873556029999}