{"action": [0.4808467924594879, -0.711903989315033], "reward": 0.6322202725291417}