{"action": [0.36216145753860474, -0.36007970571517944], "reward": 0.7043203776961312}