{"action": [0.35770219564437866, -0.26337647438049316], "reward": 0.45330552738917057}