{"action": [0.3792455494403839, -0.21400856971740723], "reward": 0.5723371951896952}