{"action": [0.5488220453262329, -0.14541448652744293], "reward": 0.5577634801729087}