{"action": [0.22455236315727234, 0.10629323124885559], "reward": 0.4014020640471874}