{"action": [0.6377457976341248, -0.11848495155572891], "reward": 0.6527748986421904}