{"action": [0.6193631291389465, 0.0012328833108767867], "reward": 0.7329332551160324}