{"action": [0.699999988079071, 0.0011429403675720096], "reward": 0.708048488536214}