{"action": [0.5027170777320862, 0.0005033235065639019], "reward": 0.8977956939410678}