{"action": [0.37754639983177185, 0.46052202582359314], "reward": 0.7053671641897136}