{"action": [0.40204116702079773, 0.004334419500082731], "reward": 0.9227514252869006}