{"action": [0.6143567562103271, 0.800000011920929], "reward": -0.0006958893321533655}