{"action": [-1.0, 0.097667396068573], "reward": 0.03400269443636547}