{"action": [0.699999988079071, 0.0], "reward": 1.4123647219989525e-07}