{"action": [0.699999988079071, 0.0], "reward": 2.923105128916131e-06}