{"action": [0.3259085714817047, 0.0004887786926701665], "reward": 0.9611707250820942}