{"action": [0.4985615313053131, 0.006395647302269936], "reward": 0.8280520183362582}