{"action": [0.35631564259529114, 0.00040176903712563217], "reward": 0.903035933979049}