{"action": [0.699999988079071, 0.028633402660489082], "reward": 0.5426211229599596}