{"action": [0.699999988079071, 0.02419665828347206], "reward": 0.5957141487149288}