{"action": [0.3758913576602936, 0.00440790643915534], "reward": 0.8968650383968242}