{"action": [0.35609424114227295, 0.0034440262243151665], "reward": 0.9118002924614146}