{"action": [0.4592610001564026, -0.00030341677484102547], "reward": 0.8801128924383027}