{"action": [-1.0, 0.09524187445640564], "reward": -0.014285262030436835}