{"action": [0.3687068521976471, -0.0005814001779071987], "reward": 0.9542124804282315}