{"action": [0.699999988079071, -0.022841745987534523], "reward": 0.5969688812179759}