{"action": [0.699999988079071, -0.03455667570233345], "reward": 0.4659065886752508}