{"action": [0.699999988079071, 0.0004244467127136886], "reward": 0.7197195806760509}