{"action": [0.4255692958831787, 0.009104990400373936], "reward": 0.8662362389681585}