{"action": [0.4481261670589447, 0.021435821428894997], "reward": 0.7987832365937421}