{"action": [0.699999988079071, 0.029038958251476288], "reward": 0.5339621302232733}