{"action": [0.699999988079071, -0.014624996110796928], "reward": 0.5864090631530829}