{"action": [0.699999988079071, -0.01246491726487875], "reward": 0.740982682807355}