{"action": [0.699999988079071, -0.020736947655677795], "reward": 0.5175201623039273}