{"action": [-1.0, -0.009802689775824547], "reward": 0.6647395292528432}