{"action": [0.004324004985392094, -0.019387319684028625], "reward": 0.5177667369451701}