{"action": [0.38369712233543396, -0.02138376049697399], "reward": 0.3842238631245099}