{"action": [0.5294517874717712, -0.019058670848608017], "reward": 0.3809497073477355}