{"action": [0.4040204584598541, -0.016752438619732857], "reward": 0.44174876276398245}