{"action": [-1.0, 0.0953749269247055], "reward": -0.014305412124899339}