{"action": [-0.8375042080879211, -6.587290408788249e-05], "reward": 0.6675943805310606}