{"action": [0.4188412129878998, 0.009346854873001575], "reward": 0.41179588899872827}