{"action": [0.699999988079071, 0.003431399818509817], "reward": 0.43923271515436385}