{"action": [0.699999988079071, 0.0031261658295989037], "reward": 0.47981497283337454}