{"action": [0.699999988079071, 0.0015450490172952414], "reward": 0.5608568501995218}