{"action": [0.21223916113376617, 0.00020107303862459958], "reward": 0.4188899232954306}