{"action": [0.699999988079071, 0.004541617352515459], "reward": 0.43315310595955947}