{"action": [0.39048853516578674, 0.005560596939176321], "reward": 0.42292153913372355}