{"action": [0.699999988079071, 0.0008554918458685279], "reward": 0.6580974284690024}