{"action": [0.699999988079071, 0.0004494694294407964], "reward": 0.5163969216911877}