{"action": [0.28811371326446533, 0.014288504607975483], "reward": 0.4398418328685135}