{"action": [0.2947623133659363, 0.012725911103188992], "reward": 0.4402388303549564}