{"action": [0.699999988079071, 0.000792305392678827], "reward": 0.4662479178022568}