{"action": [0.699999988079071, 0.015459579415619373], "reward": 0.505108997013152}