{"action": [0.32605087757110596, -0.005983532872051001], "reward": 0.4419405511794599}