{"action": [0.6405492424964905, -0.22067348659038544], "reward": 0.530839854541402}