{"action": [0.2746407389640808, -0.005904031917452812], "reward": 0.44928626578946246}