{"action": [-1.0, -0.004675609990954399], "reward": -0.0007008427849196934}