{"action": [-1.0, -0.004674536641687155], "reward": -0.0006993806523700996}