{"action": [0.3468945026397705, -0.0006766181904822588], "reward": 0.43390526522272993}