{"action": [0.2816310524940491, -0.0012645527021959424], "reward": 0.44621534049413497}