{"action": [-1.0, -0.0003315578796900809], "reward": 0.04242155769113088}