{"action": [0.28451302647590637, -0.0004475191526580602], "reward": 0.4456373516368804}