{"action": [-1.0, -0.0003202913503628224], "reward": -4.193186951042082e-05}