{"action": [-1.0, -0.00032082785037346184], "reward": -2.6644680932591543e-05}