{"action": [0.3792652189731598, -0.00032738925074227154], "reward": 0.39483397772580564}