{"action": [0.699999988079071, 0.006752481684088707], "reward": -0.0008199160715117004}