{"action": [-1.0, -0.00032082785037346184], "reward": -4.800499917358865e-05}