{"action": [0.4557664692401886, 0.800000011920929], "reward": 0.23411348760607187}