{"action": [0.4486469328403473, 0.800000011920929], "reward": 0.1770851016365922}