{"action": [0.47060805559158325, 0.17057104408740997], "reward": 0.558288592043116}