{"action": [0.5349622368812561, 0.028412744402885437], "reward": 0.5187167939876464}