{"action": [0.699999988079071, 0.010207977145910263], "reward": 0.7205844616319957}