{"action": [0.699999988079071, 0.04375245049595833], "reward": 0.7799877409110263}