{"action": [0.4667844772338867, 0.02100430801510811], "reward": 0.8178005977100582}