{"action": [0.622600793838501, 0.00011236268619541079], "reward": 0.7501927818231297}