{"action": [0.3322288990020752, 0.0013444002252072096], "reward": 0.9330293960119972}