{"action": [0.33324551582336426, 0.014664827845990658], "reward": 0.8292113422181607}