{"action": [0.650626540184021, 0.0074713877402246], "reward": 0.7372250278294677}