{"action": [0.5372129678726196, -0.0005759329651482403], "reward": 0.8319129175880365}