{"action": [-1.0, -0.00010354477126384154], "reward": -1.4074463014460337e-05}