{"action": [0.699999988079071, 0.024783410131931305], "reward": 0.5550183342572788}