{"action": [0.4723665118217468, 0.0006864516763016582], "reward": 0.8767412137828844}