{"action": [0.699999988079071, -0.0007780159940011799], "reward": 0.6721800711649363}