{"action": [0.699999988079071, -0.001377175678499043], "reward": 0.7135952906766672}