{"action": [0.4129842221736908, 0.007551275659352541], "reward": 0.8945011319202218}