{"action": [0.699999988079071, -0.12876680493354797], "reward": -0.019308992681496273}