{"action": [0.699999988079071, -0.01048809103667736], "reward": 0.6174744387578642}