{"action": [0.5259262919425964, 0.0029804930090904236], "reward": 0.8180891405678508}