{"action": [0.5217428803443909, 0.0036426943261176348], "reward": 0.7904621966660483}