{"action": [0.4984472990036011, 0.014557749032974243], "reward": 0.7948064320116566}