{"action": [0.39059919118881226, 0.014087061397731304], "reward": 0.8823047694195671}