{"action": [0.41283053159713745, 0.014542831107974052], "reward": 0.8719542497989281}