{"action": [0.5047617554664612, 0.01526801846921444], "reward": 0.8149519103116687}