{"action": [0.5503765940666199, 0.0037600924260914326], "reward": 0.7907759081282656}