{"action": [0.4037884473800659, 0.007126476615667343], "reward": 0.8536704598186443}