{"action": [0.4938029646873474, 0.006846191827207804], "reward": 0.8478419189716435}