{"action": [0.48265281319618225, -0.002193987835198641], "reward": 0.8279083920656717}