{"action": [0.38158804178237915, 0.0027077174745500088], "reward": 0.89368979292972}