{"action": [0.3883203864097595, -0.005831600166857243], "reward": 0.9135329367303342}