{"action": [0.43914738297462463, 0.006766865029931068], "reward": 0.863073142348929}