{"action": [0.4393708407878876, 0.0008965161978267133], "reward": 0.8930993357900818}