{"action": [0.46860018372535706, 0.0018910648068413138], "reward": 0.8768164780468221}