{"action": [0.699999988079071, -0.021020429208874702], "reward": 0.30456947324025324}