{"action": [0.4167526662349701, -0.5288111567497253], "reward": 0.5245169904183935}