{"action": [0.699999988079071, -0.0025557070039212704], "reward": 0.783568081207178}