{"action": [0.699999988079071, 0.011446968652307987], "reward": -0.08374298710980202}