{"action": [0.699999988079071, 0.016430646181106567], "reward": 0.05266504545792603}