{"action": [0.5752555727958679, -0.7182336449623108], "reward": 0.3420221633303069}