{"action": [0.560592770576477, -0.07861042022705078], "reward": 0.6309471036628052}