{"action": [0.4225730299949646, -0.02585817500948906], "reward": 0.6994487013824441}