{"action": [0.3900124430656433, -0.016629135236144066], "reward": 0.7206452802986705}