{"action": [-1.0, -0.26821261644363403], "reward": -0.040231892466545106}