{"action": [0.4396218955516815, 0.004204940982162952], "reward": 0.8444235153836415}