{"action": [0.40545958280563354, 0.004347124136984348], "reward": 0.8486985168052819}