{"action": [0.44525644183158875, 0.0057321772910654545], "reward": 0.8585498813304252}