{"action": [0.2488134652376175, 0.00920198392122984], "reward": 0.9154791838634666}