{"action": [-1.0, -0.28254738450050354], "reward": -0.04238210767507553}