{"action": [0.5401992201805115, -0.800000011920929], "reward": -0.12000000178813934}