{"action": [0.40719878673553467, 0.0593985915184021], "reward": 0.7492707668197225}