{"action": [-1.0, -0.008827594108879566], "reward": 6.385516950063882e-05}