{"action": [0.33810216188430786, -0.007200018968433142], "reward": 0.4149176554295947}