{"action": [-1.0, -0.6526861786842346], "reward": 0.13295042067038754}