{"action": [0.5066718459129333, 0.00022085726959630847], "reward": 0.5969525194195194}