{"action": [0.3998173773288727, 9.317399189967546e-07], "reward": 0.8541714205613019}