{"action": [0.48630771040916443, -0.01835327036678791], "reward": 0.8274750994900489}