{"action": [0.49389269948005676, -0.029901204630732536], "reward": 0.7682393299037021}