{"action": [0.5043016672134399, -0.02883482351899147], "reward": 0.7806892823723257}