{"action": [0.4713219404220581, -0.012412112206220627], "reward": 0.8205647359233751}