{"action": [-1.0, -0.008855491876602173], "reward": -0.001327632372895218}