{"action": [0.575140118598938, -0.022787272930145264], "reward": 0.7466319502926377}