{"action": [0.38862407207489014, 0.013229340314865112], "reward": 0.8783478618006669}