{"action": [-1.0, -1.0730028634498012e-06], "reward": -6.338123903295892e-08}