{"action": [0.4984193444252014, 0.010023610666394234], "reward": 0.8256175349186298}