{"action": [-1.0, -1.0730028634498012e-06], "reward": -1.0660193509477063e-07}