{"action": [-1.0, -5.365014317249006e-07], "reward": 5.420597674288323e-07}