{"action": [-1.0, -5.365014317249006e-07], "reward": 1.5948806256166894e-07}