{"action": [-1.0, -5.365014317249006e-07], "reward": 2.1907395583102023e-07}