{"action": [0.699999988079071, -0.0005910543259233236], "reward": 0.5309353362358353}