{"action": [0.5739896893501282, -0.005465810187160969], "reward": 0.8043495068107662}