{"action": [-1.0, -0.028561562299728394], "reward": -0.004284059239966227}