{"action": [0.699999988079071, -0.0012129887472838163], "reward": 0.6250203617904486}