{"action": [0.699999988079071, -1.0245144039799925e-05], "reward": 0.13222860865207742}