{"action": [0.699999988079071, -0.00017173963715322316], "reward": 0.38768808573212343}