{"action": [0.699999988079071, -0.018294857814908028], "reward": 0.41357732417149745}