{"action": [0.47124236822128296, -0.01621427945792675], "reward": 0.6765749243862271}