{"action": [0.699999988079071, 0.003987445496022701], "reward": 0.49521964074704433}