{"action": [0.699999988079071, 0.0442885085940361], "reward": -0.006245717278322635}