{"action": [0.6848226189613342, -0.006448210682719946], "reward": 0.3864144158478266}