{"action": [0.5600588917732239, 0.800000011920929], "reward": 0.48990145957338965}