{"action": [0.5284861326217651, 0.800000011920929], "reward": -0.12000000178813934}