{"action": [0.4675554037094116, -0.006659341510385275], "reward": 0.858988417488233}