{"action": [0.6178966164588928, -0.006341307889670134], "reward": 0.7515585569841812}