{"action": [0.699999988079071, 0.04530780762434006], "reward": -0.006786001941786718}