{"action": [0.15421006083488464, 0.016346385702490807], "reward": 0.6115588059905508}