{"action": [0.699999988079071, 0.0021182256750762463], "reward": 0.6228756721633992}