{"action": [0.699999988079071, 0.011553408578038216], "reward": 0.3066166072468956}