{"action": [0.699999988079071, 0.040514275431632996], "reward": -0.006075605050538164}