{"action": [0.33210325241088867, 0.016070887446403503], "reward": 0.4255855144532056}