{"action": [0.699999988079071, 0.08764922618865967], "reward": -0.013145619454806294}