{"action": [0.5619046688079834, -0.002290889620780945], "reward": 0.8313581263210265}