{"action": [0.699999988079071, -0.007540187332779169], "reward": 0.6242697618365312}