{"action": [0.4707612991333008, -0.011089036241173744], "reward": 0.8553328323128708}