{"action": [0.699999988079071, -0.013037287630140781], "reward": 0.5377444891622105}