{"action": [0.12635937333106995, -0.0029195223469287157], "reward": 0.5028849138746617}