{"action": [0.07931502163410187, -0.002796937245875597], "reward": 0.5043696571243089}