{"action": [-1.0, -0.0019212114857509732], "reward": -0.00028803559856411696}