{"action": [-1.0, -0.0019153100438416004], "reward": -0.000278062645743548}