{"action": [0.4755413830280304, -0.03769979253411293], "reward": 0.7555568798276823}