{"action": [-1.0, -0.001926040044054389], "reward": -0.00028863848422544487}