{"action": [-1.0, -0.001918529043905437], "reward": -0.0002872718188342357}