{"action": [-1.0, -0.001918529043905437], "reward": -0.00028742016176785793}