{"action": [-1.0, -0.0019238940440118313], "reward": -0.00028786025192848537}