{"action": [-1.0, -0.001926040044054389], "reward": -0.0002888171724923646}