{"action": [0.4465174674987793, 0.001360628753900528], "reward": 0.835552704706137}