{"action": [0.699999988079071, -0.002125331200659275], "reward": 0.11596687243387654}