{"action": [-1.0, -0.0019196020439267159], "reward": -0.00028791397526602266}