{"action": [0.412720650434494, -0.026158256456255913], "reward": 0.7886862310179887}