{"action": [-1.0, -0.0019206750439479947], "reward": -0.00028789356046783463}