{"action": [0.6035611033439636, -0.800000011920929], "reward": 0.09914053503713778}