{"action": [0.699999988079071, 0.0002539572597015649], "reward": 0.688491635082678}