{"action": [0.699999988079071, -0.0009640072239562869], "reward": 0.40589480038968323}