{"action": [0.699999988079071, -0.0012661624932661653], "reward": 0.5340567039609672}