{"action": [0.699999988079071, -0.0006968981469981372], "reward": 0.5491257715884952}