{"action": [-0.04772288352251053, -0.0011970004998147488], "reward": 0.5288374244425831}