{"action": [0.699999988079071, -0.0011395082110539079], "reward": 0.5299560891994091}