{"action": [-0.42193207144737244, -0.6649122834205627], "reward": 0.2692629363599689}