{"action": [0.5120642781257629, -0.0011124194134026766], "reward": 0.5670303625400442}