{"action": [0.5988328456878662, 0.014514514245092869], "reward": 0.7663121494832545}