{"action": [-1.0, -0.6256920695304871], "reward": 0.17582708715297948}