{"action": [0.699999988079071, -0.01608821004629135], "reward": 0.5619947247567395}