{"action": [0.699999988079071, -0.7031223177909851], "reward": 0.12543882027836645}