{"action": [0.6631630063056946, 0.0002904835855588317], "reward": 0.6549010144664814}