{"action": [0.5963565111160278, -0.22582495212554932], "reward": 0.564706164379685}