{"action": [0.699999988079071, 0.002243457129225135], "reward": 0.6684282763780901}