{"action": [0.699999988079071, -0.38339895009994507], "reward": 0.31142349796697044}