{"action": [0.699999988079071, 0.003983799368143082], "reward": 0.6738748086448226}