{"action": [0.4344872534275055, -0.018024520948529243], "reward": 0.7993911480942788}