{"action": [0.699999988079071, 0.0054825120605528355], "reward": 0.5818310776303127}