{"action": [0.3535769581794739, -0.014585522003471851], "reward": 0.8128061005092595}