{"action": [0.6230748891830444, 0.0015980390598997474], "reward": 0.8182080780593675}