{"action": [0.699999988079071, 0.0029390223789960146], "reward": 0.7167211902607805}