{"action": [0.699999988079071, 0.019742056727409363], "reward": 0.5700245470066951}