{"action": [0.699999988079071, 0.0023317912127822638], "reward": 0.7322610522036487}