{"action": [0.4684089720249176, 0.0020638268906623125], "reward": 0.7741945712823782}