{"action": [0.699999988079071, 0.023237060755491257], "reward": 0.5128201222697468}