{"action": [0.47606468200683594, 0.00959456991404295], "reward": 0.8192676445128356}