{"action": [0.699999988079071, 0.003931935876607895], "reward": 0.6639858226948342}