{"action": [0.699999988079071, 0.003935154061764479], "reward": 0.6645918791590663}