{"action": [0.505584180355072, -0.015415708534419537], "reward": 0.7860561514591685}