{"action": [0.42039936780929565, 0.0020502081606537104], "reward": 0.781851002501398}