{"action": [0.43351688981056213, 0.002147326711565256], "reward": 0.859300676520872}