{"action": [-1.0, 0.007051774300634861], "reward": -0.0010543033446797907}