{"action": [0.5042409896850586, 0.0009224014356732368], "reward": 0.8476009869187013}