{"action": [0.699999988079071, 0.00726063409820199], "reward": 0.30517807633823146}