{"action": [0.699999988079071, -0.000983787002041936], "reward": 0.6022716301299842}