{"action": [0.699999988079071, -0.0018767035799100995], "reward": 0.8023225723762843}