{"action": [0.699999988079071, 0.007358926814049482], "reward": 0.25468799110286927}