{"action": [0.25733402371406555, 5.172444798517972e-05], "reward": 0.49879127423608866}