{"action": [0.699999988079071, 0.007179168984293938], "reward": 0.01243022752106018}