{"action": [0.699999988079071, -0.014859330840408802], "reward": 0.742278128760204}