{"action": [0.699999988079071, 0.06087810918688774], "reward": -0.009027720432550188}