{"action": [0.698386013507843, 0.800000011920929], "reward": 0.14185677582470035}