{"action": [0.699999988079071, -0.014002054929733276], "reward": 0.6663566626157438}