{"action": [0.5223787426948547, -0.008912140503525734], "reward": 0.8249687954308472}