{"action": [0.4943608045578003, -0.011018955148756504], "reward": 0.8385814641791934}