{"action": [0.6659571528434753, -0.001482694293372333], "reward": 0.7804444489521041}