{"action": [0.5908399820327759, -0.0025833460967987776], "reward": 0.7974700340278771}