{"action": [0.5597996115684509, -0.003239253768697381], "reward": 0.8134690846172329}