{"action": [0.5181604027748108, -0.00941026397049427], "reward": 0.8050637397043424}