{"action": [0.6129121780395508, -0.00338191376067698], "reward": 0.812825448295733}