{"action": [0.49565911293029785, -0.0015268612187355757], "reward": 0.7891680799918719}