{"action": [0.5748960375785828, -9.099997987505049e-05], "reward": 0.8188443360827669}