{"action": [0.5635228753089905, -0.0028831306844949722], "reward": 0.848544918655865}