{"action": [0.4958249032497406, -0.002183986362069845], "reward": 0.8634558341746186}