{"action": [0.699999988079071, -0.012551269493997097], "reward": 0.6799543861260084}