{"action": [0.5479018092155457, -0.0031151226721704006], "reward": 0.8246898060053157}