{"action": [0.4944029450416565, -0.002157771261408925], "reward": 0.8492157782920363}