{"action": [0.40091636776924133, -0.0014922990230843425], "reward": 0.43165287578492106}