{"action": [0.5520692467689514, -0.0014210640219971538], "reward": 0.797155682545198}