{"action": [0.4645460247993469, -0.001730122254230082], "reward": 0.8558765392620856}