{"action": [-1.0, 0.00019796901324298233], "reward": -2.100909474974604e-05}