{"action": [-1.0, 0.00012232232256792486], "reward": 0.2513348394774899}