{"action": [-1.0, 0.0001754359545884654], "reward": 0.0003549184005121073}