{"action": [0.699999988079071, 0.00040800785063765943], "reward": 0.33923453188923597}