{"action": [-1.0, 0.00020118802785873413], "reward": -2.870385880678728e-05}