{"action": [0.699999988079071, 0.00020046508871018887], "reward": 0.007376021748273598}