{"action": [-1.0, 0.00020172452786937356], "reward": -2.610613755455028e-05}