{"action": [0.699999988079071, 0.00096444709924981], "reward": 0.35831813918532707}