{"action": [-1.0, 0.00019957852782681584], "reward": -2.9633921533917262e-05}