{"action": [-1.0, 0.00020011502783745527], "reward": -2.658791151885946e-05}