{"action": [-1.0, 0.00019796901324298233], "reward": -2.953459572221037e-05}