{"action": [-1.0, 0.00020118802785873413], "reward": -2.99599359561321e-05}