{"action": [-1.0, 0.00020118802785873413], "reward": -2.9854134775900644e-05}