{"action": [-1.0, 0.00019796901324298233], "reward": -2.9619263107563482e-05}