{"action": [0.5556037425994873, 0.0021969869267195463], "reward": 0.8188536401425058}