{"action": [-0.1806870549917221, -1.1877417819050606e-05], "reward": 0.6267259111723417}