{"action": [0.699999988079071, -0.08274000883102417], "reward": 0.4545325737542262}