{"action": [-0.014909252524375916, -0.0007896256865933537], "reward": 0.5842624460883433}