{"action": [0.699999988079071, -0.4694903492927551], "reward": 0.2500009244968404}