{"action": [0.699999988079071, -0.10411852598190308], "reward": 0.4478750920927505}