{"action": [0.699999988079071, -4.4216751120984554e-05], "reward": 0.5260485673884822}