{"action": [0.699999988079071, -0.38074517250061035], "reward": 0.22796355103907365}