{"action": [0.5701054334640503, 0.01177426427602768], "reward": 0.8004983885295879}