{"action": [0.5816579461097717, -0.616945743560791], "reward": 0.4039573518194696}