{"action": [-0.010557327419519424, -0.19830673933029175], "reward": 0.42976434680897335}