{"action": [0.699999988079071, -8.786183752818033e-05], "reward": 0.7443021033663535}