{"action": [0.6333092451095581, 0.011257585138082504], "reward": 0.7580022250442235}