{"action": [0.6035025119781494, -1.884692937892396e-05], "reward": 0.8102456128264913}