{"action": [0.5426163077354431, -0.0008647946524433792], "reward": 0.7982470082253253}