{"action": [0.699999988079071, -0.0019620382227003574], "reward": 0.6048136155529318}