{"action": [0.699999988079071, -0.003519994206726551], "reward": 0.0005627590064654184}