{"action": [0.34863168001174927, -0.5433285236358643], "reward": -0.08149927854537964}