{"action": [0.5550345182418823, 0.010524073615670204], "reward": 0.8100131533198438}