{"action": [0.5405502915382385, -0.00023771786072757095], "reward": 0.7879911793878241}