{"action": [0.699999988079071, -0.0035304403863847256], "reward": -0.0004110291622339739}