{"action": [0.6806492209434509, 0.0001342245377600193], "reward": 0.7316235439338573}