{"action": [0.2657320499420166, 0.005304151680320501], "reward": 0.44080255057600665}