{"action": [0.699999988079071, -0.679112434387207], "reward": 0.22914489113699502}