{"action": [-1.0, -0.6394882202148438], "reward": -0.09569413088454293}