{"action": [-0.4608757495880127, 0.003836306743323803], "reward": 0.5774273588218389}