{"action": [0.699999988079071, -0.7143823504447937], "reward": 0.19824572931148687}