{"action": [0.699999988079071, 0.008868509903550148], "reward": 0.4713214111306421}