{"action": [0.5985380411148071, 0.013723814859986305], "reward": 0.7285288560695826}