{"action": [-0.03017454966902733, 0.0049722702242434025], "reward": 0.4869777953261436}