{"action": [0.1206858679652214, -0.006771804764866829], "reward": 0.43139090839900796}