{"action": [0.699999988079071, 0.031774137169122696], "reward": -0.004765897458526462}