{"action": [0.699999988079071, 0.032061584293842316], "reward": -0.004742803600136319}