{"action": [0.699999988079071, 0.0319073423743248], "reward": -0.00461534860722997}