{"action": [0.699999988079071, 0.011242372915148735], "reward": 0.6281604065702574}