{"action": [-1.0, -0.008012648671865463], "reward": -0.0011956752180096537}