{"action": [0.42999202013015747, -0.0009925542399287224], "reward": 0.8232912537707121}