{"action": [-1.0, -0.007956852205097675], "reward": -0.00119267205158065}