{"action": [-1.0, -0.007959535345435143], "reward": -0.0011936603274238329}