{"action": [-1.0, -0.008386589586734772], "reward": -0.0012575474794020765}