{"action": [0.699999988079071, 0.002512637758627534], "reward": 0.6824093384457347}