{"action": [-1.0, -0.007934856228530407], "reward": -0.001186734092238656}