{"action": [-1.0, -0.006439626216888428], "reward": -0.00042198179260133817}