{"action": [0.699999988079071, -0.006372966803610325], "reward": 0.021016554191763882}