{"action": [0.699999988079071, -0.009493358433246613], "reward": 0.5811698970674427}