{"action": [-1.0, -0.002836482832208276], "reward": -0.0004226682832062758}