{"action": [-1.0, -0.0028450670652091503], "reward": -0.00014068230894000768}