{"action": [0.699999988079071, -0.002994296606630087], "reward": 0.05181971851147149}