{"action": [0.699999988079071, -0.00048086195602081716], "reward": 0.7299468734923619}