{"action": [0.37994351983070374, -0.00023646392219234258], "reward": 0.8198159497507574}