{"action": [0.09676855802536011, 0.008866553194820881], "reward": 0.48061049998590977}