{"action": [0.07637164741754532, -0.0003346017620060593], "reward": 0.6606803812891551}