{"action": [0.6158058643341064, -0.003901164047420025], "reward": 0.521926074014623}