{"action": [0.3616064190864563, 0.17975476384162903], "reward": 0.5752179739393178}