{"action": [0.49348002672195435, -0.0009255385957658291], "reward": 0.4401612193890146}