{"action": [0.699999988079071, -0.0004988989676348865], "reward": 0.3071371307133421}