{"action": [0.6348320245742798, 0.039737142622470856], "reward": 0.6455511361992265}