{"action": [-1.0, -0.003246370004490018], "reward": -0.0003684056812462004}