{"action": [0.699999988079071, -0.003290710039436817], "reward": 0.18383276257514977}