{"action": [-1.0, -0.0030070904176682234], "reward": -0.0004456900167392722}