{"action": [0.699999988079071, -0.002991968998685479], "reward": 0.18672261946831673}