{"action": [0.699999988079071, 4.337251084507443e-06], "reward": 0.2221585842289953}