{"action": [-1.0, 0.0006513127009384334], "reward": -9.738616701469791e-05}