{"action": [-1.0, 0.0006856488180346787], "reward": -5.699974233195784e-05}