{"action": [-1.0, 0.0006716997595503926], "reward": -0.00010054994713415876}