{"action": [-1.0, 0.0006845758180133998], "reward": -9.513814541675658e-05}