{"action": [-1.0, 0.0006668712594546378], "reward": 0.0006746947888760008}