{"action": [-1.0, 0.0006502397009171546], "reward": -9.735673778947487e-05}