{"action": [-1.0, 0.0006679442594759166], "reward": 0.0003297270784756129}