{"action": [-1.0, 0.0006513127009384334], "reward": -9.760136787953507e-05}