{"action": [-1.0, 0.0006657982594333589], "reward": -9.951662699615534e-05}