{"action": [-1.0, 0.0006679442594759166], "reward": -9.414933772108362e-05}