{"action": [-1.0, 0.0006588237010873854], "reward": -9.851502158058078e-05}