{"action": [-1.0, 0.0020985135342925787], "reward": -0.00031472015983695947}