{"action": [-1.0, 0.0006657982594333589], "reward": -9.84203775298324e-05}