{"action": [-1.0, 0.0006588237010873854], "reward": -9.858590308358094e-05}