{"action": [-1.0, 0.0006657982594333589], "reward": -9.977458939959669e-05}