{"action": [-1.0, 0.0006588237010873854], "reward": -9.859281493502816e-05}