{"action": [0.47868847846984863, -0.00718969851732254], "reward": 0.8674010123309474}