{"action": [-1.0, 0.0006539952009916306], "reward": -9.794487619865456e-05}