{"action": [0.19523485004901886, 0.0018276073969900608], "reward": 0.42975853112363643}