{"action": [0.699999988079071, -0.006611211225390434], "reward": 0.7240657101424232}