{"action": [0.48996877670288086, 0.0025451353285461664], "reward": 0.4405028475901369}