{"action": [0.699999988079071, -0.1104465126991272], "reward": 0.337971927627195}