{"action": [0.699999988079071, -0.02615775540471077], "reward": 0.3262245264333452}