{"action": [-1.0, -0.03867584839463234], "reward": -0.005105444574746831}