{"action": [0.26322004199028015, -0.005041875876486301], "reward": 0.42301617606365144}