{"action": [0.16661007702350616, -0.07294078916311264], "reward": 0.4912312171795262}