{"action": [0.11310950666666031, 0.009188193827867508], "reward": 0.47208074709239284}