{"action": [0.699999988079071, -0.038651105016469955], "reward": 0.02251811934800295}