{"action": [0.023462561890482903, -0.011331945657730103], "reward": 0.4912838270749207}