{"action": [0.371597558259964, -0.0115069430321455], "reward": 0.42441927605574375}