{"action": [-1.0, 0.007385478354990482], "reward": -0.0003857591508081851}