{"action": [0.699999988079071, 0.00618822081014514], "reward": 0.07584773724626723}