{"action": [0.47061750292778015, 0.006665557622909546], "reward": 0.832784614486964}