{"action": [0.43994027376174927, -0.0034988331608474255], "reward": 0.8500153129956983}