{"action": [0.4324173629283905, -0.006053735967725515], "reward": 0.8475481627881312}