{"action": [0.45489001274108887, -0.0038254011888056993], "reward": 0.8426042875944032}