{"action": [0.4262450933456421, -0.003208083100616932], "reward": 0.8545992643479449}