{"action": [0.699999988079071, -0.03116004541516304], "reward": -0.004673751129278549}