{"action": [0.6017271876335144, 0.800000011920929], "reward": -0.12000000178813934}