{"action": [0.5392341613769531, -0.005593082867562771], "reward": 0.7985639337389152}