{"action": [0.699999988079071, -0.030901208519935608], "reward": -0.00463413623916276}