{"action": [0.699999988079071, -0.03136247396469116], "reward": -0.004704218367097877}