{"action": [0.49504709243774414, 0.800000011920929], "reward": -0.12000000178813934}