{"action": [0.6626634001731873, 0.0028613407630473375], "reward": 0.7495215790152753}