{"action": [0.6661514639854431, 0.030343232676386833], "reward": 0.5194574465726465}