{"action": [0.3403661847114563, 0.0002689235261641443], "reward": 0.880122077371758}