{"action": [0.39787718653678894, 0.002268079901114106], "reward": 0.8283188064650906}