{"action": [0.3315858244895935, -5.3968073189025745e-05], "reward": 0.7822082553537383}