{"action": [-1.0, 0.800000011920929], "reward": -0.11859425314222373}