{"action": [0.4182703197002411, 0.800000011920929], "reward": 0.3892743824766722}