{"action": [0.6900192499160767, 0.800000011920929], "reward": -0.09034145257986541}