{"action": [0.699999988079071, -0.017992645502090454], "reward": 0.480446451450854}