{"action": [0.44991883635520935, -0.12020754814147949], "reward": 0.6170250748081242}