{"action": [0.6321913003921509, 7.429909601341933e-05], "reward": 0.7604620016900792}