{"action": [-1.0, 0.009331905283033848], "reward": 0.20149807615919071}