{"action": [0.43192705512046814, 0.0009240543004125357], "reward": 0.8298687357384392}