{"action": [0.6345659494400024, -0.00381929287686944], "reward": 0.7758770055503784}