{"action": [0.4566354751586914, -0.1162676066160202], "reward": 0.627597044673625}