{"action": [0.3274657726287842, 0.0027416127268224955], "reward": 0.4148046555828065}