{"action": [0.699999988079071, 0.08688260614871979], "reward": 0.40031165208136643}