{"action": [-1.0, 0.01034642942249775], "reward": -0.0015516882263829212}