{"action": [-1.0, 0.010343747213482857], "reward": -0.001551176693775696}