{"action": [0.33366185426712036, 0.011279459111392498], "reward": 0.4515045552706614}