{"action": [-1.0, 0.11431772261857986], "reward": 0.0194178829326171}