{"action": [-1.0, 0.1239972785115242], "reward": -0.018507180610255216}