{"action": [-1.0, 0.010343210771679878], "reward": -0.0015464079366657875}