{"action": [0.27523544430732727, 0.13005433976650238], "reward": 0.13640685867131427}