{"action": [-1.0, -0.030715778470039368], "reward": -0.00460730335765936}