{"action": [0.699999988079071, 0.7935419678688049], "reward": 0.13257151518460392}