{"action": [-1.0, -0.010686571709811687], "reward": 0.10431686189161399}