{"action": [0.271013468503952, 0.1844562143087387], "reward": 0.1373964670191201}