{"action": [0.6262061595916748, 0.800000011920929], "reward": -0.04602519175874277}