{"action": [0.501235842704773, 0.0012085678754374385], "reward": 0.8602048454919947}