{"action": [-1.0, -0.030717387795448303], "reward": -0.004607256970832318}