{"action": [0.4746575951576233, 0.0015412227949127555], "reward": 0.8772739281477987}