{"action": [-1.0, -0.030708804726600647], "reward": -0.004600353391565906}