{"action": [0.34390997886657715, 0.800000011920929], "reward": 0.07380079885509995}