{"action": [0.699999988079071, 0.0031164870597422123], "reward": 0.6887609511220069}