{"action": [0.45994463562965393, 0.001897072303108871], "reward": 0.8855897839224682}