{"action": [0.45772987604141235, 0.0020845397375524044], "reward": 0.8877930950826252}