{"action": [0.25685304403305054, 0.009619783610105515], "reward": 0.7687707494827632}