{"action": [0.4046270251274109, -0.19871415197849274], "reward": 0.5200505953475668}