{"action": [0.3892316222190857, -0.11735181510448456], "reward": 0.5897426850843951}