{"action": [0.699999988079071, -0.3308909833431244], "reward": 0.24787818052676358}