{"action": [0.47792133688926697, -0.017957637086510658], "reward": 0.3069299879660384}