{"action": [0.5989839434623718, -0.7908251881599426], "reward": 0.4676590250583589}