{"action": [0.6136424541473389, -0.659205973148346], "reward": -0.09888089597225189}