{"action": [0.651523768901825, -0.0038772495463490486], "reward": 0.35281919030247477}