{"action": [0.6853169798851013, -0.7645131349563599], "reward": 0.2469752460232948}