{"action": [-0.05894914269447327, -0.006622674409300089], "reward": 0.528820114136533}