{"action": [0.699999988079071, -0.005115895997732878], "reward": 0.30978973580629043}