{"action": [-1.0, 0.0037560462951660156], "reward": -0.0005626731504182283}