{"action": [0.6305220127105713, 0.006432105787098408], "reward": 0.796356643709911}