{"action": [0.6880397796630859, 0.0067175463773310184], "reward": 0.7467205784118992}