{"action": [-1.0, 0.0037474622949957848], "reward": -0.000561942945346999}