{"action": [-1.0, 0.003755509853363037], "reward": -0.000563284703033793}