{"action": [0.5868196487426758, 0.005733464378863573], "reward": 0.8215093174007633}