{"action": [0.6588292121887207, 0.011731784790754318], "reward": 0.7267314663780884}