{"action": [-1.0, 0.004301846958696842], "reward": -0.0006449753190749674}