{"action": [-1.0, 0.003779115853831172], "reward": -0.0005663692807643488}