{"action": [0.6413619518280029, 0.00786212831735611], "reward": 0.7169539476314233}