{"action": [0.5590417981147766, 0.013880964368581772], "reward": 0.478398364578879}