{"action": [0.699999988079071, 0.003660653019323945], "reward": 0.6756086611617751}