{"action": [0.699999988079071, 0.018204323947429657], "reward": 0.5856314983283922}