{"action": [0.5147066116333008, 0.0012154491851106286], "reward": 0.8167998843668687}