{"action": [0.5031483173370361, 0.0055509768426418304], "reward": 0.8481045277169711}