{"action": [-0.054748374968767166, 0.06191741302609444], "reward": 0.27177375502168233}