{"action": [0.4941132366657257, 0.005000487435609102], "reward": 0.8558218161176734}