{"action": [0.3225770890712738, 0.14516258239746094], "reward": 0.5944643840186516}