{"action": [0.6103821396827698, 0.5037232041358948], "reward": 0.6481670833791819}