{"action": [0.5209597945213318, 0.0011326803360134363], "reward": 0.7485362178690042}