{"action": [0.4124130606651306, -0.01073008868843317], "reward": 0.8438712234361155}