{"action": [0.699999988079071, -0.02686348557472229], "reward": -0.4686262012513836}