{"action": [0.6558516621589661, -0.016209954395890236], "reward": -0.6420856130236179}