{"action": [0.699999988079071, -0.027528442442417145], "reward": -0.2877255890345114}