{"action": [0.699999988079071, 0.002497179666534066], "reward": 0.7034644647103326}