{"action": [0.6435460448265076, 0.002021962543949485], "reward": 0.7165217637871866}