{"action": [0.2651660740375519, -0.00520499749109149], "reward": 0.8524680082331196}