{"action": [0.466878205537796, 0.39178067445755005], "reward": 0.3663593128388113}