{"action": [0.699999988079071, 0.0010371565585955977], "reward": 0.81323596800665}