{"action": [0.5566949248313904, -0.02891174517571926], "reward": 0.720551320454896}