{"action": [0.602185845375061, 0.800000011920929], "reward": 0.0901690293447359}