{"action": [0.699999988079071, 0.002097406191751361], "reward": 0.7311400127697258}