{"action": [0.11831936240196228, -0.03206911310553551], "reward": 0.8175911925837998}