{"action": [0.699999988079071, -0.028032803907990456], "reward": 0.0757810322863442}