{"action": [0.4411739408969879, 0.800000011920929], "reward": 0.13281207766902914}