{"action": [0.45684295892715454, 0.05417584627866745], "reward": 0.4224613401724957}