{"action": [0.35830172896385193, 0.012221582233905792], "reward": 0.891455193404001}