{"action": [0.504476010799408, -0.05107659101486206], "reward": 0.72263112809376}