{"action": [0.5371326804161072, 0.0019825182389467955], "reward": -1.6638990385348333}