{"action": [0.699999988079071, -0.010728935711085796], "reward": 0.798933048344781}