{"action": [0.6861655116081238, -0.0005748759722337127], "reward": -0.8701016219528795}