{"action": [0.578116774559021, 0.0011023086262866855], "reward": -1.3879158296935565}