{"action": [0.5248422026634216, 0.002288972260430455], "reward": -1.742188300469859}