{"action": [0.280683696269989, -0.00036235718289390206], "reward": 0.9180145073840255}