{"action": [0.48154741525650024, 0.0047806561924517155], "reward": -1.3936578399671682}