{"action": [0.537811279296875, -0.00012136399891460314], "reward": 0.7710259962598173}