{"action": [0.5064713954925537, 0.004619561601430178], "reward": -1.6075924746922354}