{"action": [0.699999988079071, 0.001348618883639574], "reward": 0.8910922517680242}