{"action": [0.49782243371009827, 0.004417954478412867], "reward": -1.6726261411463232}