{"action": [0.03592099994421005, 7.785200432408601e-05], "reward": 0.907743943473024}