{"action": [0.699999988079071, 0.0016495230374857783], "reward": 0.9003499363548388}