{"action": [0.4814305007457733, 0.004071916453540325], "reward": -1.7932574636187144}