{"action": [-0.33191001415252686, 0.0021011249627918005], "reward": 0.6671713144695776}