{"action": [0.699999988079071, -9.697854693513364e-06], "reward": 0.6908920291762197}