{"action": [0.49110665917396545, 0.00391548965126276], "reward": 0.874640352368046}