{"action": [0.699999988079071, 0.001294078421778977], "reward": 0.8921253347509474}