{"action": [0.3565026521682739, 5.960464760645934e-11], "reward": 0.7760399584883851}