{"action": [0.4195052981376648, 5.5002568842610344e-05], "reward": 0.8460389364615112}