{"action": [0.5271748900413513, 0.0023342319764196873], "reward": -1.5706274367605533}