{"action": [0.699999988079071, 2.339333514100872e-05], "reward": 0.7159714986919431}