{"action": [0.48822927474975586, -0.00025194845511578023], "reward": 0.9058639318779844}