{"action": [0.6424877643585205, -0.0002820595691446215], "reward": 0.8198172263039127}