{"action": [0.699999988079071, 0.0009958354057744145], "reward": 0.6515492928879435}