{"action": [0.5210381746292114, -0.0002367463312111795], "reward": 0.8910020760104652}