{"action": [0.5106673240661621, -0.0009314292692579329], "reward": 0.883482425376538}