{"action": [0.4509795606136322, 0.0011831540614366531], "reward": 0.8349897491394458}