{"action": [0.46064847707748413, 0.0005655947607010603], "reward": 0.9087430374769206}