{"action": [0.6561511158943176, -0.00025062705390155315], "reward": 0.7687175324870612}