{"action": [0.623669445514679, 0.0007226358284242451], "reward": 0.8033171484600236}