{"action": [0.5872451066970825, 0.0004785002092830837], "reward": 0.8274518099944235}