{"action": [0.4413630962371826, -0.0011426637647673488], "reward": 0.9163169939459814}