{"action": [0.4382816553115845, -0.0010382829932495952], "reward": 0.9174691702757592}