{"action": [0.46767306327819824, 0.00047427642857655883], "reward": 0.9068037872154551}