{"action": [0.35472649335861206, 0.0018255732720717788], "reward": 0.46080560306773527}