{"action": [-1.0, 0.0010461776982992887], "reward": 0.47371224282477636}