{"action": [0.5070258975028992, 0.00555111700668931], "reward": 0.40575517566578895}