{"action": [0.380025178194046, 0.0025909142568707466], "reward": 0.4587861167604503}