{"action": [0.27678394317626953, 0.0019738581031560898], "reward": 0.48050893816258977}