{"action": [0.699999988079071, 0.0008503434946760535], "reward": 0.015769358571334994}