{"action": [0.699999988079071, 0.0019692215137183666], "reward": 0.16584697176461524}