{"action": [0.699999988079071, 0.0056433179415762424], "reward": 0.70195457604702}