{"action": [-1.0, 0.002457713009789586], "reward": 0.13370683307131906}