{"action": [-1.0, 0.0016669098986312747], "reward": 0.0017065049689258672}