{"action": [-1.0, 0.0016819318989291787], "reward": -0.0001963008647822835}