{"action": [0.699999988079071, 0.002717164345085621], "reward": 0.23082362516169644}