{"action": [-1.0, 0.0016813954571262002], "reward": 0.0004083221330248303}