{"action": [-1.0, 0.007755664177238941], "reward": 0.0009001648368238118}