{"action": [-1.0, 0.007818971760571003], "reward": -0.0010767089118465928}