{"action": [0.5646408796310425, 0.02029271610081196], "reward": 0.7515671864521573}