{"action": [0.6096522808074951, 0.0032801597844809294], "reward": 0.8064692709018509}