{"action": [-1.0, 0.005672429222613573], "reward": 0.2834185665659752}