{"action": [0.699999988079071, 0.005910901818424463], "reward": 0.10180698460549703}