{"action": [-1.0, 0.007662313058972359], "reward": 0.0021136534140604457}