{"action": [-1.0, 0.007656948175281286], "reward": -0.0007256128532021654}