{"action": [0.5816860795021057, 0.007090428844094276], "reward": 0.39294784411834005}