{"action": [-1.0, 0.006575361359864473], "reward": 0.28073787202218675}