{"action": [0.699999988079071, 0.0009525733185000718], "reward": 0.6783452221221626}