{"action": [0.699999988079071, 0.007914669811725616], "reward": 0.08057111270208747}