{"action": [0.5166643261909485, 0.0070375180803239346], "reward": 0.41664684880345515}