{"action": [0.5610707998275757, 0.0006223630625754595], "reward": 0.8068031832682294}