{"action": [0.5530585646629333, 0.00023647330817766488], "reward": 0.8612282353024614}