{"action": [0.3944798707962036, 0.0025846350472420454], "reward": 0.4315614371411513}