{"action": [0.699999988079071, 0.0011415125336498022], "reward": 0.5215462372020016}