{"action": [0.5855541229248047, 0.02005951479077339], "reward": 0.7523146750575533}