{"action": [-1.0, 0.004766278434544802], "reward": 0.12082402827124389}