{"action": [0.699999988079071, 0.00022045701916795224], "reward": 0.43383480070085934}