{"action": [0.4464113712310791, -0.008240161463618279], "reward": 0.8672833809817756}