{"action": [0.699999988079071, -0.0006883681053295732], "reward": 0.806414444942084}