{"action": [0.699999988079071, 0.005574229639023542], "reward": 0.006370860115816519}