{"action": [-1.0, 0.0065040066838264465], "reward": 0.0008317447758772097}