{"action": [0.699999988079071, -0.0027190980035811663], "reward": 0.6405748326244575}