{"action": [0.510055422782898, -0.009275275282561779], "reward": 0.8373991268935875}