{"action": [0.699999988079071, -0.000988562824204564], "reward": 0.8389056944982998}