{"action": [0.44035911560058594, 0.00028688739985227585], "reward": 0.9078762527035037}