{"action": [0.4961321949958801, -0.00845849234610796], "reward": 0.8471423854921619}