{"action": [0.699999988079071, -0.0016356363194063306], "reward": 0.8724633608144962}