{"action": [0.6641755700111389, 0.001288098399527371], "reward": 0.7547067534515303}