{"action": [0.699999988079071, -0.0005331418360583484], "reward": 0.8118436402488327}