{"action": [0.5367187261581421, 0.08924155682325363], "reward": 0.7968356608787532}