{"action": [0.5217886567115784, -0.010243389755487442], "reward": 0.8051769113481549}