{"action": [0.6474108099937439, 0.002036716789007187], "reward": 0.7733347906060334}