{"action": [0.699999988079071, -0.0013460959307849407], "reward": 0.8764738577932932}