{"action": [0.5011301040649414, -0.09849358350038528], "reward": 0.5916441352090833}