{"action": [0.5252734422683716, -0.2186134159564972], "reward": 0.7140358233007026}