{"action": [0.5091395378112793, 0.26772090792655945], "reward": 0.20362136492358532}