{"action": [0.47051724791526794, 0.05077071487903595], "reward": 0.6278060499490843}