{"action": [0.699999988079071, -0.0019092487636953592], "reward": 0.8721639664143642}