{"action": [0.4563976526260376, 0.1577698290348053], "reward": 0.4495321642897106}