{"action": [0.6673004627227783, 0.6001842021942139], "reward": 0.447616048665922}