{"action": [0.4410114288330078, 0.11248438060283661], "reward": 0.5539501796552786}