{"action": [0.49501603841781616, 0.02732514962553978], "reward": 0.7000408110265727}