{"action": [0.699999988079071, -0.4350486993789673], "reward": 0.2332835479570913}