{"action": [0.6225695610046387, -0.800000011920929], "reward": -0.05823142323510632}