{"action": [0.5450184345245361, 0.03262242674827576], "reward": 0.09375364558154184}