{"action": [0.07932793349027634, -0.00913578737527132], "reward": 0.9129701554746493}