{"action": [0.6974695324897766, 0.09316110610961914], "reward": 0.6696816122364992}