{"action": [0.4446849822998047, 0.1519065946340561], "reward": 0.7085807506205503}