{"action": [0.5944353342056274, 0.08078304678201675], "reward": 0.6649942661075872}