{"action": [0.699999988079071, -0.016060907393693924], "reward": 0.6886279264798209}