{"action": [0.6249025464057922, 0.05940701812505722], "reward": 0.524370585994566}