{"action": [0.5536375045776367, -0.2290576845407486], "reward": 0.7033752632438646}