{"action": [0.6067587733268738, -0.3729356527328491], "reward": 0.12158188464999603}