{"action": [0.6168931722640991, -0.000747029494959861], "reward": 0.7996401937600999}