{"action": [0.699999988079071, -2.2565835024579428e-05], "reward": 0.7278273048426954}