{"action": [0.5126028656959534, -0.0027584522031247616], "reward": 0.8417904361566533}