{"action": [0.5467290878295898, -0.3407360911369324], "reward": 0.12063285748300613}