{"action": [0.46894365549087524, -0.0022806941997259855], "reward": 0.8909490666776694}