{"action": [0.699999988079071, -4.6449422370642424e-05], "reward": 0.0009575482286706603}