{"action": [0.45814597606658936, -0.002542214933782816], "reward": 0.8923868632755406}