{"action": [0.25321805477142334, -0.25071364641189575], "reward": 0.09246107718923696}