{"action": [0.4820316731929779, -0.0008666653884574771], "reward": 0.850289959757723}