{"action": [0.28589823842048645, -0.00022538065968547016], "reward": 0.419386040271738}