{"action": [-1.0, -0.0002816632331814617], "reward": -4.2120440280100955e-05}