{"action": [-1.0, -9.12052382773254e-06], "reward": 4.4640013309554895e-07}