{"action": [-1.0, -9.657025657361373e-06], "reward": -1.0924378204819354e-06}