{"action": [-1.0, -3.7555098515440477e-06], "reward": 5.550333998424505e-05}