{"action": [-1.0, -4.292011453799205e-06], "reward": -2.2384939411101993e-07}