{"action": [0.699999988079071, -4.3339728108549025e-06], "reward": 0.002186425100076649}