{"action": [-1.0, -4.292011453799205e-06], "reward": -2.6206603575644466e-07}