{"action": [0.699999988079071, 6.139993729448179e-06], "reward": 0.21041114199530508}