{"action": [0.699999988079071, 0.00010507822298677638], "reward": 0.6759672111199625}