{"action": [-0.9484145641326904, -5.506337765837088e-05], "reward": 0.8268917326529238}