{"action": [0.699999988079071, 0.0003982402558904141], "reward": 0.7131379008370556}