{"action": [0.699999988079071, 0.0007771188393235207], "reward": 0.7099795254216626}