{"action": [0.5465084910392761, 0.001455772900953889], "reward": 0.7992499428250358}