{"action": [0.6680041551589966, -0.014567515812814236], "reward": 0.695630263850583}