{"action": [0.5993680357933044, 0.0006643306696787477], "reward": 0.8393593531649023}