{"action": [0.597089946269989, -0.21349214017391205], "reward": 0.7777690228429157}