{"action": [0.6040415167808533, -0.1319098174571991], "reward": 0.7145878755039693}