{"action": [0.6884916424751282, 0.007015043403953314], "reward": 0.7771958662825467}