{"action": [0.603408694267273, 0.00485188839957118], "reward": 0.770321162867813}