{"action": [0.699999988079071, 0.01409379206597805], "reward": 0.7147751988182661}