{"action": [0.5504615306854248, 0.00042231916449964046], "reward": 0.8255443240290878}