{"action": [0.699999988079071, 0.007727983873337507], "reward": 0.7469188111088179}