{"action": [0.5533781051635742, 0.004953823518007994], "reward": 0.7783940571269659}