{"action": [0.699999988079071, 0.013590482994914055], "reward": 0.6788925919290753}