{"action": [0.6314287781715393, 0.800000011920929], "reward": -0.06806215322356843}