{"action": [0.4698760509490967, 0.7539159059524536], "reward": 0.3465825621871378}