{"action": [0.548740804195404, -0.23549573123455048], "reward": 0.5342294709569985}