{"action": [0.651638388633728, 0.054606206715106964], "reward": 0.7401809992115568}