{"action": [0.5413879752159119, -0.06151442602276802], "reward": 0.6983790870966481}