{"action": [0.6529105305671692, 0.13954386115074158], "reward": 0.6982009187108249}