{"action": [0.5618476271629333, -0.039868563413619995], "reward": 0.6156458132800229}