{"action": [0.5293850898742676, 0.17209403216838837], "reward": 0.6717235438632368}