{"action": [0.5445746779441833, -0.005746582988649607], "reward": 0.7450576222294992}