{"action": [0.6928535103797913, -0.021001506596803665], "reward": 0.6640245036993551}