{"action": [0.6212551593780518, 0.16562750935554504], "reward": 0.6338038602232713}