{"action": [0.699999988079071, 0.15242841839790344], "reward": 0.4975132971661031}