{"action": [0.6884227395057678, 0.13337670266628265], "reward": 0.5423728773017776}