{"action": [0.5917448401451111, 0.1383771151304245], "reward": 0.7089462562139999}