{"action": [0.4473446011543274, 0.1083201915025711], "reward": 0.7866524278638014}