{"action": [0.699999988079071, 0.22334951162338257], "reward": 0.5496959297950327}