{"action": [0.699999988079071, 0.24539786577224731], "reward": 0.47751572740748954}