{"action": [0.6062935590744019, -0.11183666437864304], "reward": 0.7159135642120265}