{"action": [0.6020114421844482, -0.125831738114357], "reward": 0.44861266349404616}