{"action": [0.6126401424407959, -0.11891620606184006], "reward": 0.4113243340675324}