{"action": [0.4550324082374573, -0.13522741198539734], "reward": 0.295404381014087}