{"action": [0.6814045906066895, -0.800000011920929], "reward": 0.2216644655776342}