{"action": [0.6090477705001831, -0.05116714537143707], "reward": 0.660843690167716}