{"action": [0.5713648200035095, 0.017302338033914566], "reward": 0.7728317550303678}