{"action": [0.666935384273529, -0.049612950533628464], "reward": 0.6524670928200899}