{"action": [0.699999988079071, -0.004517888184636831], "reward": 0.4251096269867968}