{"action": [0.6470107436180115, -0.02441158890724182], "reward": 0.6815289421338137}