{"action": [0.699999988079071, -0.025110380724072456], "reward": 0.43155072995054367}