{"action": [0.5328822731971741, 0.05785813182592392], "reward": 0.8138433109889371}