{"action": [0.5990523099899292, 0.27694979310035706], "reward": 0.5929518296087412}