{"action": [0.699999988079071, 0.0], "reward": 9.444312763300252e-05}