{"action": [0.45655137300491333, 0.23732560873031616], "reward": 0.7340210057405675}