{"action": [0.699999988079071, 0.0], "reward": 5.625980794189011e-06}