{"action": [0.382901132106781, 0.0010145913111045957], "reward": 0.9209689550177612}