{"action": [0.6435899138450623, 0.010956290178000927], "reward": 0.7535752215380412}