{"action": [0.699999988079071, -0.0002987442712765187], "reward": 0.7087741166170863}