{"action": [0.699999988079071, -0.010992724448442459], "reward": 0.366570258562671}