{"action": [0.44493693113327026, -0.5055587291717529], "reward": 0.5830631626089613}