{"action": [0.3338332772254944, -0.26772090792655945], "reward": 0.7965009667363836}