{"action": [0.3965740203857422, -0.5182095766067505], "reward": 0.4660735722652024}