{"action": [0.3771365284919739, -0.3384111821651459], "reward": 0.752564032395669}