{"action": [0.418956995010376, -0.327629417181015], "reward": 0.7475403261626293}