{"action": [0.5730186104774475, 8.144712774083018e-05], "reward": 0.8048528508823974}