{"action": [0.5831477046012878, 3.7054992390039843e-06], "reward": 0.8918894846292038}