{"action": [0.5668818950653076, -0.800000011920929], "reward": 0.2914871132793185}