{"action": [0.28034520149230957, 0.0011064924765378237], "reward": 0.9728398178830364}