{"action": [0.39968302845954895, -0.37614426016807556], "reward": 0.7037544835434887}