{"action": [0.6059785485267639, 7.054829620756209e-05], "reward": 0.8190916863694114}