{"action": [0.5891244411468506, 0.28898248076438904], "reward": 0.7349856795828584}