{"action": [0.699999988079071, 0.0016207839362323284], "reward": 0.39646723724589045}