{"action": [0.699999988079071, 0.0008654913399368525], "reward": -0.00012969317411250903}