{"action": [0.34912109375, -0.0017203324241563678], "reward": 0.8395557746654947}