{"action": [0.29809433221817017, 0.0004509931895881891], "reward": 0.8801256811609999}