{"action": [0.3935237228870392, 0.800000011920929], "reward": -0.12000000178813934}