{"action": [0.5057099461555481, 0.020990611985325813], "reward": 0.8299257899794678}