{"action": [0.699999988079071, 0.0393536202609539], "reward": 0.5103439301365148}