{"action": [0.42195194959640503, 0.01201875600963831], "reward": 0.8537122403272047}