{"action": [0.33891627192497253, 0.0027522407472133636], "reward": 0.879960247160123}