{"action": [0.29702627658843994, 0.003478268627077341], "reward": 0.9014661867092743}