{"action": [0.4964407682418823, 0.800000011920929], "reward": -0.12000000178813934}