{"action": [0.699999988079071, -0.7053787708282471], "reward": 0.25387844928056275}