{"action": [0.4278799593448639, 0.800000011920929], "reward": -0.12000000178813934}