{"action": [0.6991977095603943, -0.020934248343110085], "reward": 0.7128794818916621}