{"action": [0.27931782603263855, 0.04218706116080284], "reward": 0.5219807491538793}