{"action": [0.699999988079071, 0.09712521731853485], "reward": 0.582668196276003}