{"action": [0.38608318567276, -0.047658637166023254], "reward": 0.5382466576550204}