{"action": [0.699999988079071, -0.028017202392220497], "reward": 0.6854449008807444}