{"action": [0.699999988079071, -0.033490657806396484], "reward": 0.641248948031124}