{"action": [0.34803277254104614, -0.0030386438593268394], "reward": 0.28921746696516476}