{"action": [0.39880943298339844, -0.00827748328447342], "reward": 0.8823666568772018}