{"action": [0.3101198673248291, -0.4483969211578369], "reward": 0.31260534918700583}