{"action": [0.3404322564601898, 0.0008559694979339838], "reward": 0.8855244922655192}