{"action": [0.27446651458740234, -2.3097061784937978e-05], "reward": 0.9131219286405563}