{"action": [0.5623622536659241, 0.12915533781051636], "reward": 0.6758539386904363}