{"action": [0.699999988079071, -0.523365318775177], "reward": 0.3005864665200041}