{"action": [0.4060085415840149, -0.005784924142062664], "reward": 0.8010663730735836}