{"action": [0.699999988079071, -0.0552125945687294], "reward": 0.5894827615544801}