{"action": [0.40304386615753174, -0.006675251759588718], "reward": 0.7980273738750251}