{"action": [0.39818868041038513, 0.0008979372796602547], "reward": 0.8981114011065412}