{"action": [0.4243064820766449, 0.0005087073659524322], "reward": 0.8782989036172334}