{"action": [-1.0, 0.0012194677256047726], "reward": -0.00018089552042035054}