{"action": [0.699999988079071, 0.0050738053396344185], "reward": 0.3593641305032529}