{"action": [-1.0, 0.0014244111953303218], "reward": 0.12357877430282448}