{"action": [0.009583909064531326, 0.006259188987314701], "reward": 0.5594688739907159}