{"action": [-1.0, 0.0012221501674503088], "reward": -0.00018301832129285066}