{"action": [-1.0, 0.001223759725689888], "reward": -0.00018310092031329392}