{"action": [-1.0, 0.0012301977258175611], "reward": -0.00018419659802474883}