{"action": [-1.0, 0.001223759725689888], "reward": -0.00018336300038074586}