{"action": [-1.0, 0.0012296612840145826], "reward": -0.00015895993798604652}