{"action": [-1.0, 0.0012296612840145826], "reward": -0.0001748624471064523}