{"action": [-1.0, 0.023567434400320053], "reward": -0.0035350038840797223}