{"action": [-1.0, 0.0012146391673013568], "reward": -0.00018189926782275992}