{"action": [-1.0, 0.001212493167258799], "reward": -0.0001812852996440775}