{"action": [0.2975904643535614, -0.019731204956769943], "reward": 0.7829531408348936}