{"action": [0.3155778646469116, 0.014246584847569466], "reward": 0.9084462711463107}