{"action": [0.3664747476577759, 0.004505598917603493], "reward": 0.9205686063535794}