{"action": [0.3503258526325226, 0.005614730529487133], "reward": 0.9180115640555326}