{"action": [0.5605767965316772, 8.610677468823269e-05], "reward": 0.8022178499895272}