{"action": [0.4868440330028534, -0.0011600551661103964], "reward": 0.7331885321456255}