{"action": [0.34113699197769165, 0.025472547858953476], "reward": 0.8048685070144863}