{"action": [0.699999988079071, 0.00037983740912750363], "reward": 0.521936785313421}