{"action": [0.5042572617530823, 0.0007609016029164195], "reward": 0.852310702101362}