{"action": [0.3785874843597412, 0.0003786224697250873], "reward": 0.9628940540916724}