{"action": [0.5508420467376709, 0.00010778469004435465], "reward": 0.842373287985515}