{"action": [0.582309901714325, 0.0005301166675053537], "reward": 0.8603352807289689}