{"action": [0.699999988079071, 0.0037820551078766584], "reward": 0.6158284720152067}