{"action": [0.699999988079071, 0.00012626837997231632], "reward": 0.7467310010773609}