{"action": [0.4690036177635193, 0.0004781751777045429], "reward": 0.8766381743485718}