{"action": [0.45565736293792725, 0.005287528038024902], "reward": 0.8474561115157528}