{"action": [0.5797520875930786, 0.0001666913740336895], "reward": 0.8396671585008387}