{"action": [0.4083419442176819, 0.0005501386476680636], "reward": 0.9669078216925565}