{"action": [0.699999988079071, 0.0008697721059434116], "reward": 0.1698943909299623}