{"action": [-1.0, 0.023553485050797462], "reward": -0.0035326974143123214}