{"action": [-1.0, 0.03224373608827591], "reward": -0.004836184626974594}