{"action": [-1.0, 0.0758887454867363], "reward": -0.011382978405835027}