{"action": [-1.0, 0.023527195677161217], "reward": -0.0035288592539677167}