{"action": [-1.0, 0.023538462817668915], "reward": -0.0035303192875681}