{"action": [-1.0, 0.023541681468486786], "reward": -0.003531224508256424}