{"action": [0.699999988079071, 0.023973697796463966], "reward": 0.03251975727354589}