{"action": [0.699999988079071, 0.03245794400572777], "reward": 0.18142593362810022}