{"action": [0.3816463351249695, 1.4470033420366235e-05], "reward": 0.43173348186818655}