{"action": [0.699999988079071, -0.030139803886413574], "reward": 0.5857557937825004}