{"action": [0.699999988079071, 0.1161080002784729], "reward": 0.545249103119367}