{"action": [0.699999988079071, 0.0006725011626258492], "reward": 0.8292722351295075}