{"action": [0.699999988079071, 0.0013771757949143648], "reward": 0.9661682980331905}