{"action": [0.699999988079071, 0.0017885614652186632], "reward": 0.8409733085299308}