{"action": [0.699999988079071, 4.798352620127844e-06], "reward": 0.9521563712688371}