{"action": [0.699999988079071, -0.0010873973369598389], "reward": 0.9579593573892223}