{"action": [0.699999988079071, -0.008730422705411911], "reward": 0.19120595834879808}