{"action": [0.699999988079071, -0.006488342769443989], "reward": -0.3705452881379882}