{"action": [0.6984758377075195, -0.007942917756736279], "reward": -0.707508101163769}