{"action": [0.6862844824790955, -0.007373083382844925], "reward": -0.8073471841981362}