{"action": [-1.0, -0.013484963215887547], "reward": -0.002022145030627132}