{"action": [0.18661625683307648, -0.04578274488449097], "reward": 0.42679296220953206}