{"action": [0.699999988079071, 0.023716242983937263], "reward": -0.0022391892692486745}