{"action": [0.6177933216094971, -7.532000381615944e-06], "reward": 0.7524615526950964}