{"action": [0.4012128710746765, -0.0005826567066833377], "reward": 0.9312078654350734}