{"action": [0.42423009872436523, -0.0025671806652098894], "reward": 0.8720177827520372}