{"action": [0.44654759764671326, -0.003100041765719652], "reward": 0.875564687788642}