{"action": [-1.0, -0.003803132800385356], "reward": 0.7438417906196838}