{"action": [0.699999988079071, -0.008676119148731232], "reward": 0.49779498180631654}