{"action": [0.3986741900444031, -0.00011193804675713181], "reward": 0.9345394849784617}