{"action": [0.5289540886878967, 5.225002678344026e-05], "reward": 0.79929058944683}