{"action": [0.6138620376586914, -5.411088295659283e-06], "reward": 0.7989695096904007}