{"action": [0.50458163022995, 0.0012503229081630707], "reward": 0.8457200210437561}