{"action": [0.45559191703796387, 0.0009900962468236685], "reward": 0.9002811548893254}