{"action": [0.422885537147522, 0.001061886316165328], "reward": 0.917919221079719}