{"action": [0.6463654041290283, 0.0029396864119917154], "reward": 0.8111984937602134}