{"action": [0.5172138810157776, 1.085734402295202e-05], "reward": 0.8701011975590206}