{"action": [0.4553457200527191, 0.00022509378322865814], "reward": 0.8961977300936863}