{"action": [0.43216371536254883, 0.00021197175374254584], "reward": 0.8955316285144755}