{"action": [0.5988580584526062, 1.14804504391941e-06], "reward": 0.8363736363167866}