{"action": [0.699999988079071, -3.8024186324037146e-06], "reward": 0.7653051238170202}