{"action": [0.699999988079071, -0.016914382576942444], "reward": 0.24611019472261222}