{"action": [0.4263385832309723, -0.0003065825148951262], "reward": 0.9399277526038258}