{"action": [0.699999988079071, -0.018365299329161644], "reward": 0.6058391113954743}