{"action": [0.699999988079071, -0.010622858069837093], "reward": 0.7261315264423879}