{"action": [0.6977702975273132, -0.000959110155235976], "reward": 0.7077759904516964}