{"action": [0.699999988079071, -0.0007762673194520175], "reward": 0.7567374097626255}