{"action": [0.40536752343177795, 0.0005464670830406249], "reward": 0.9416273270723029}