{"action": [0.5111355185508728, 0.00018668962002266198], "reward": 0.851636379627811}