{"action": [0.3961937427520752, 0.00028936073067598045], "reward": 0.9523373356449936}