{"action": [0.38356292247772217, -0.00214949669316411], "reward": 0.9375539535575991}