{"action": [0.662813127040863, -0.002289369935169816], "reward": 0.7679098450479922}