{"action": [0.5779518485069275, -0.0008230659877881408], "reward": 0.8341592857381193}