{"action": [0.699999988079071, 0.002907039364799857], "reward": 0.8846177400076777}