{"action": [0.699999988079071, 0.0033987995702773333], "reward": 0.9485935894201805}