{"action": [0.699999988079071, 0.00253535364754498], "reward": 0.681116727849331}