{"action": [0.699999988079071, 0.0014938119566068053], "reward": 0.03349928109185803}