{"action": [-1.0, -0.042282748967409134], "reward": -0.006342353609620509}