{"action": [0.5134218335151672, 0.00026322531630285084], "reward": 0.7813546444238864}