{"action": [0.4354301989078522, 0.02058759331703186], "reward": 0.16425409838896568}