{"action": [-1.0, -0.13948553800582886], "reward": 0.18664038892185103}