{"action": [-1.0, -0.18435046076774597], "reward": -0.02765165745877802}