{"action": [-1.0, -0.18424531817436218], "reward": -0.02763630334805842}