{"action": [-1.0, -0.1843445599079132], "reward": -0.027651054667815624}