{"action": [-1.0, -0.0422961600124836], "reward": -0.006344217903681457}