{"action": [-1.0, -0.18421955406665802], "reward": -0.02763251861978363}