{"action": [0.699999988079071, -0.2075461894273758], "reward": 0.15529456405929226}