{"action": [0.699999988079071, -0.1598559319972992], "reward": 0.5918925652222791}