{"action": [0.699999988079071, -0.24344831705093384], "reward": 0.710979240167592}