{"action": [0.5694286227226257, -0.06512674689292908], "reward": 0.6840019749602505}