{"action": [0.2561497986316681, -0.010174275375902653], "reward": 0.7975861305285243}