{"action": [-0.6922710537910461, -0.010830873623490334], "reward": 0.5439036966942118}