{"action": [0.3957951068878174, -0.014082739129662514], "reward": 0.8007088774793628}