{"action": [0.699999988079071, -0.003731386736035347], "reward": 0.49868319915788}