{"action": [0.5396174192428589, -0.01320929080247879], "reward": 0.4732843204603776}