{"action": [0.699999988079071, -0.0003815476375166327], "reward": 0.06029866773125993}