{"action": [0.699999988079071, 0.000635784468613565], "reward": 0.5545464176892685}