{"action": [0.4491789638996124, 0.01994108222424984], "reward": 0.819736398375666}