{"action": [0.40088799595832825, 0.021201683208346367], "reward": 0.8454691312242163}