{"action": [0.699999988079071, 0.039374884217977524], "reward": 0.5445379199640528}