{"action": [0.699999988079071, 0.0002761317591648549], "reward": 0.5487430678982229}