{"action": [0.699999988079071, 1.0210794243903365e-05], "reward": 0.6484951662190858}