{"action": [0.5781373381614685, -0.004148544743657112], "reward": 0.7530987341194502}