{"action": [0.699999988079071, -8.145834726747125e-05], "reward": 0.7541064962091354}