{"action": [0.6922084093093872, -0.006616400554776192], "reward": 0.7592719177459785}