{"action": [0.5561951398849487, -0.016296429559588432], "reward": 0.786925438941804}