{"action": [0.6054428815841675, -0.007135444320738316], "reward": 0.8019384860873271}