{"action": [0.45353978872299194, -0.0054339030757546425], "reward": 0.8076037616351964}