{"action": [0.28881826996803284, -0.0015015946701169014], "reward": 0.41246897202729793}