{"action": [0.42621350288391113, 0.0003696728381328285], "reward": 0.9259862046604375}