{"action": [0.5400430560112, 0.000756974273826927], "reward": 0.8369392046598616}