{"action": [0.4568498432636261, 0.006968165747821331], "reward": 0.8759749103814609}