{"action": [-1.0, -0.04234069213271141], "reward": -0.00634881918866859}