{"action": [0.699999988079071, 0.014408929273486137], "reward": 0.5691870642079347}