{"action": [0.5283595323562622, 0.0005110504571348429], "reward": 0.8491581037178084}