{"action": [0.5634650588035583, 0.0012542379554361105], "reward": 0.7960802741405959}