{"action": [0.699999988079071, -0.0019811391830444336], "reward": 0.006189230007869572}