{"action": [0.699999988079071, -0.0020050108432769775], "reward": -0.00017335711272341056}