{"action": [0.699999988079071, -0.0020444595720618963], "reward": -8.873154480948657e-05}