{"action": [0.699999988079071, -0.0019354518735781312], "reward": 0.45506885304109707}