{"action": [0.699999988079071, -0.0015141405165195465], "reward": 0.41034797993192257}