{"action": [0.40559446811676025, -0.00591918034479022], "reward": 0.8822835946937393}