{"action": [0.3012767434120178, -0.0056486050598323345], "reward": 0.9384597722868592}