{"action": [0.35307398438453674, -0.003830102737993002], "reward": 0.9336334851128646}