{"action": [0.39867421984672546, -0.009136388078331947], "reward": 0.8961661662475022}