{"action": [0.39912712574005127, -0.005660096183419228], "reward": 0.9070934587007663}