{"action": [0.699999988079071, -0.00041486264672130346], "reward": 0.3652796807756689}