{"action": [0.699999988079071, 3.769069735426456e-05], "reward": 0.3665533522977732}