{"action": [0.699999988079071, -9.694993423181586e-06], "reward": 0.3237711949718709}