{"action": [0.3628636598587036, 0.003229950787499547], "reward": 0.9261390183927088}