{"action": [0.3562600612640381, 0.0015903839375823736], "reward": 0.9351206864986571}