{"action": [0.40351271629333496, -0.024662988260388374], "reward": -0.003699448239058256}