{"action": [0.699999988079071, 0.0020364238880574703], "reward": 0.46256148397663804}