{"action": [0.6639801263809204, 0.012960457243025303], "reward": 0.7683293478083079}