{"action": [0.45190510153770447, 0.006054669618606567], "reward": 0.8882646907676717}