{"action": [0.5868484377861023, 0.007614633068442345], "reward": 0.8098841598276917}