{"action": [0.30722129344940186, 0.0038980671670287848], "reward": 0.939197193808803}