{"action": [0.3606414496898651, -0.001149320974946022], "reward": 0.934307985276732}