{"action": [0.35606223344802856, -0.008612386882305145], "reward": 0.8992545020194824}