{"action": [0.4680406451225281, -0.005586523097008467], "reward": 0.8773830647594505}