{"action": [0.699999988079071, -0.002513961400836706], "reward": 0.6482327778108372}