{"action": [0.699999988079071, -0.0029520278330892324], "reward": 0.7047351922254814}