{"action": [0.5893992781639099, -7.847273082006723e-05], "reward": 0.8349032513775845}