{"action": [-1.0, 0.004951371345669031], "reward": -0.000741226758131089}