{"action": [-1.0, 0.004950834903866053], "reward": -0.0007107935609983915}