{"action": [-1.0, 0.0049524446949362755], "reward": -0.000742172814370072}