{"action": [0.699999988079071, 0.004963436163961887], "reward": -0.00012415416121794103}