{"action": [-1.0, 0.004956199787557125], "reward": -0.0007427218982546654}