{"action": [0.699999988079071, 0.004784291610121727], "reward": 0.012447236362882917}