{"action": [0.699999988079071, 0.003728301730006933], "reward": 0.23706450198691195}