{"action": [0.699999988079071, 0.0036139460280537605], "reward": 0.1437435699247977}