{"action": [0.699999988079071, 0.0036126221530139446], "reward": 0.49774249815202515}