{"action": [0.699999988079071, 0.004389824345707893], "reward": 0.434946357281257}