{"action": [0.4842558801174164, 0.0034976406022906303], "reward": 0.8462517420232861}