{"action": [0.5663437843322754, 0.0014714234275743365], "reward": 0.7926151273519705}