{"action": [0.6054892539978027, -0.017527010291814804], "reward": 0.6636652420750961}