{"action": [0.5570300817489624, 0.800000011920929], "reward": 0.2904743960402747}