{"action": [0.46196481585502625, -0.028334110975265503], "reward": 0.6030497152689107}