{"action": [0.4624754786491394, -0.07203446328639984], "reward": 0.664590926821866}