{"action": [0.5714110136032104, -0.0011235467391088605], "reward": 0.7723483293573216}