{"action": [0.4251745641231537, -0.014383233152329922], "reward": 0.8123719464879109}