{"action": [0.40354281663894653, -0.011820505373179913], "reward": 0.8255788127350827}