{"action": [0.47384747862815857, 0.0017681671306490898], "reward": 0.8998849537858148}