{"action": [0.4006161093711853, 0.0030535359401255846], "reward": 0.901631336989115}