{"action": [0.3830335736274719, 0.005214108154177666], "reward": 0.9242658676816321}