{"action": [0.4407925009727478, 0.003988065291196108], "reward": 0.8765241185271909}