{"action": [0.35640817880630493, 0.00044110100134275854], "reward": 0.9529073194926247}