{"action": [0.45502495765686035, -5.36358356839628e-06], "reward": 0.8859562075902765}