{"action": [0.36800533533096313, 0.00865231640636921], "reward": 0.8935540458632065}