{"action": [0.43910884857177734, -0.800000011920929], "reward": -0.12000000178813934}