{"action": [0.699999988079071, -0.09816314280033112], "reward": 0.013827437067468253}