{"action": [0.699999988079071, -0.0895499661564827], "reward": -0.012448793300730072}