{"action": [0.699999988079071, 0.0009912248933687806], "reward": 0.33659795951097193}