{"action": [0.3822179138660431, 0.00744451442733407], "reward": 0.9006429530216874}