{"action": [0.699999988079071, 0.021437212824821472], "reward": 0.35896488350203876}