{"action": [0.699999988079071, 0.014895291067659855], "reward": 0.38255384551183674}