{"action": [0.699999988079071, 0.009438099339604378], "reward": 0.4484685998860578}