{"action": [0.699999988079071, 0.0021218317560851574], "reward": 0.8119981170882276}