{"action": [0.699999988079071, 0.008645602501928806], "reward": 0.4022198348168515}