{"action": [0.699999988079071, 0.0011987150646746159], "reward": 0.4178106322066402}