{"action": [0.4470391571521759, 0.011736518703401089], "reward": 0.7922181558684507}