{"action": [0.699999988079071, 0.006130396854132414], "reward": 0.3604893121812137}