{"action": [0.699999988079071, 0.003597788978368044], "reward": 0.3948061267933081}