{"action": [0.699999988079071, -0.0014082820853218436], "reward": 0.27666765513436253}