{"action": [0.699999988079071, -0.001250782748684287], "reward": 0.25455072783253113}