{"action": [0.6086872816085815, 0.012078779749572277], "reward": 0.753061036432447}