{"action": [0.699999988079071, -0.00038144522113725543], "reward": 0.08348961174277554}