{"action": [0.699999988079071, 0.014691570773720741], "reward": 0.629537865103719}