{"action": [0.699999988079071, -0.0029119255486875772], "reward": 0.2869027403576975}