{"action": [0.699999988079071, -0.005153424572199583], "reward": 0.3479562824827426}