{"action": [0.699999988079071, -0.0008042338886298239], "reward": 0.41164979194933815}