{"action": [0.699999988079071, -7.4134768510703e-05], "reward": 0.5619440200838189}