{"action": [0.699999988079071, -0.0016857789596542716], "reward": 0.29431877595662115}