{"action": [0.699999988079071, 0.002799952169880271], "reward": 0.6700199296520741}