{"action": [0.699999988079071, -0.007790869567543268], "reward": 0.3353704788361007}