{"action": [0.699999988079071, -0.007017384748905897], "reward": 0.3223373439185664}