{"action": [0.699999988079071, -0.005332452245056629], "reward": 0.042981274217813385}