{"action": [0.699999988079071, -0.006034213583916426], "reward": 0.03077793155538945}