{"action": [0.699999988079071, -0.0037316330708563328], "reward": 0.2677730047139315}