{"action": [0.699999988079071, -0.0007855565054342151], "reward": 0.04525953420217065}