{"action": [0.699999988079071, 0.0008901938563212752], "reward": 0.09937808133121288}