{"action": [0.699999988079071, 0.002132551511749625], "reward": 0.09409557797454271}