{"action": [0.699999988079071, 0.005696192383766174], "reward": -0.0006413361299457403}