{"action": [0.699999988079071, 0.006685406900942326], "reward": 0.00013001053139355314}