{"action": [0.699999988079071, 0.005567675922065973], "reward": 0.27543165567566363}