{"action": [0.699999988079071, 0.010332522913813591], "reward": 0.07317123037468344}