{"action": [0.699999988079071, 0.0048074438236653805], "reward": 0.13250061348103237}