{"action": [0.699999988079071, 0.004128038417547941], "reward": 0.2450227904302246}