{"action": [0.699999988079071, 0.0035732612013816833], "reward": 0.24678850177078201}