{"action": [0.699999988079071, -0.001050210790708661], "reward": 0.3906197294564517}