{"action": [0.699999988079071, 4.244851879775524e-05], "reward": 0.3540366628925157}