{"action": [0.699999988079071, -0.13335585594177246], "reward": 0.17379925636205776}