{"action": [0.699999988079071, -0.020251262933015823], "reward": 0.34584372395522717}