{"action": [0.699999988079071, -0.033890023827552795], "reward": 0.20670646726778294}