{"action": [0.699999988079071, -0.0006733109476044774], "reward": 0.4013409139091533}