{"action": [0.699999988079071, 3.4728178434306756e-05], "reward": 0.4527348761547319}