{"action": [0.699999988079071, -0.01897996850311756], "reward": 0.7525190815760071}