{"action": [0.699999988079071, -0.00039663165807724], "reward": 0.2432052202344796}