{"action": [0.699999988079071, -0.0008428971050307155], "reward": 0.1902004225495294}