{"action": [0.699999988079071, 2.151489297830267e-06], "reward": 0.020857781852607598}