{"action": [0.699999988079071, -0.0025715569499880075], "reward": 0.39595388318573}