{"action": [0.699999988079071, -0.003544141072779894], "reward": 0.28571335363834893}