{"action": [0.699999988079071, -0.002899623243138194], "reward": 0.3996549713565477}