{"action": [0.699999988079071, -0.006883194670081139], "reward": 0.3572781502176226}