{"action": [0.699999988079071, -0.002887680660933256], "reward": 0.3647710614509424}