{"action": [0.699999988079071, -0.005174790509045124], "reward": 0.3742526811731495}