{"action": [0.699999988079071, 0.00504889665171504], "reward": 0.20265622378545142}