{"action": [0.699999988079071, 0.011568897403776646], "reward": 0.41154127828994774}