{"action": [0.699999988079071, 0.0017335290322080255], "reward": 0.3150094901818068}