{"action": [0.699999988079071, 0.0002722151984926313], "reward": 0.3282972577891582}