{"action": [0.699999988079071, 0.00022103721858002245], "reward": 0.33264877965595135}