{"action": [0.699999988079071, 0.0018490711227059364], "reward": 0.31550222954057155}