{"action": [0.699999988079071, 0.0018709269352257252], "reward": 0.3178158950390133}