{"action": [0.699999988079071, -9.958863665815443e-05], "reward": 0.2525617786827938}