{"action": [0.699999988079071, 0.00027241927455179393], "reward": 0.3464341633518466}