{"action": [0.6082319021224976, -0.016946252435445786], "reward": 0.7120656120255716}