{"action": [0.699999988079071, -0.00010611341713229194], "reward": 0.2944784703728698}