{"action": [0.699999988079071, -0.0004459691990632564], "reward": 0.3809608389543581}