{"action": [0.699999988079071, -0.00048147188499569893], "reward": 0.3751594305436045}