{"action": [0.699999988079071, -0.0007176907383836806], "reward": 0.00033947213577098257}