{"action": [0.699999988079071, -6.742167170159519e-05], "reward": 0.10400808086461241}