{"action": [0.699999988079071, -0.0006043651374056935], "reward": 0.07279017746520278}