{"action": [0.699999988079071, -0.0001693590311333537], "reward": 0.10967508437049057}