{"action": [0.699999988079071, -0.0005873912596143782], "reward": 0.03536195143426303}