{"action": [0.699999988079071, -0.00032716692658141255], "reward": 0.026122449780801218}