{"action": [0.699999988079071, -0.003913837019354105], "reward": 0.03672376614373857}