{"action": [0.699999988079071, -0.008688418194651604], "reward": 0.1627817435515496}