{"action": [0.699999988079071, -0.015471377409994602], "reward": 0.10779870034642394}