{"action": [0.08730927854776382, 0.05648914724588394], "reward": 0.10940910867396016}