{"action": [0.699999988079071, -0.02301335707306862], "reward": 0.0248077987135445}