{"action": [0.3455924987792969, 0.800000011920929], "reward": 0.3999190866873424}