{"action": [0.699999988079071, -0.011310897767543793], "reward": 0.3819693360579027}