{"action": [0.699999988079071, -0.011786182411015034], "reward": 0.3795012071479432}