{"action": [0.699999988079071, -0.0011143225710839033], "reward": 0.09722200676270007}