{"action": [0.36890512704849243, 0.800000011920929], "reward": 0.49065488166843924}