{"action": [0.699999988079071, -0.008044981397688389], "reward": 0.07138791125166088}