{"action": [0.699999988079071, 0.0678573027253151], "reward": 0.4786662177812842}