{"action": [0.699999988079071, 0.026472603902220726], "reward": 0.521232426093522}