{"action": [0.37108123302459717, -0.0034393288660794497], "reward": 0.8193222196166592}