{"action": [0.575196385383606, 0.2025824785232544], "reward": 0.5606841983453258}