{"action": [0.358119934797287, -0.01719806343317032], "reward": 0.8622494197754607}