{"action": [0.6252592206001282, -0.029794160276651382], "reward": 0.6743225849730266}