{"action": [0.4102172255516052, -0.01884220540523529], "reward": 0.8323678489019211}