{"action": [0.33051037788391113, -0.015563313849270344], "reward": 0.8738434738314417}