{"action": [0.5658555626869202, -0.21014907956123352], "reward": -0.03152236193418503}