{"action": [0.3894420862197876, -0.21920891106128693], "reward": 0.48466043854559704}