{"action": [0.3643285632133484, -0.053718362003564835], "reward": 0.7583593429809843}