{"action": [0.5963747501373291, -0.016061022877693176], "reward": 0.6869641196605666}