{"action": [0.699999988079071, -0.029444875195622444], "reward": 0.6956866033286728}