{"action": [0.5534772872924805, -0.019765373319387436], "reward": 0.6541739057136492}