{"action": [0.699999988079071, 0.3235916495323181], "reward": 0.352994932852291}