{"action": [0.3962923288345337, 0.0031742656137794256], "reward": 0.825902781032457}