{"action": [0.12538447976112366, 0.0009195822640322149], "reward": 0.812743840615509}