{"action": [0.35402044653892517, 0.004311049822717905], "reward": 0.8484212266010193}