{"action": [0.5653569102287292, 0.009857573546469212], "reward": 0.7502972067283733}