{"action": [0.3582470715045929, 0.007381644565612078], "reward": 0.7663151489003003}