{"action": [0.699999988079071, 0.0020734898280352354], "reward": 0.3504570934212168}