{"action": [-0.23872946202754974, -0.0002809845900628716], "reward": 0.4937847600612002}