{"action": [0.14297612011432648, -0.0018087204080075026], "reward": 0.44728385742838683}