{"action": [0.2660064697265625, -0.004490950144827366], "reward": 0.43810491488358966}