{"action": [0.018405945971608162, -0.011453409679234028], "reward": 0.49695515834244003}