{"action": [0.3381127119064331, -0.007895588874816895], "reward": 0.42728339211177696}