{"action": [-1.0, 0.010672085918486118], "reward": 0.00017407070982339398}