{"action": [-1.0, 0.010129682719707489], "reward": 0.13000627432429426}