{"action": [-1.0, 0.010737002827227116], "reward": -0.0015966038963636168}