{"action": [-1.0, 0.010723053477704525], "reward": -0.0016078903202721682}