{"action": [-1.0, 0.010729491710662842], "reward": -0.0016090056538422212}