{"action": [-1.0, 0.010741830803453922], "reward": -0.0016075186457989953}