{"action": [-1.0, 0.010745586827397346], "reward": -0.0016116166242805168}