{"action": [-1.0, 0.010743977501988411], "reward": -0.0016111631088317814}