{"action": [-1.0, 0.010743441060185432], "reward": -0.0016098848146286668}