{"action": [-1.0, 0.010707494802772999], "reward": -0.0016020624565194364}