{"action": [-1.0, 0.010691936127841473], "reward": -0.001603371264259878}