{"action": [-1.0, 0.010691936127841473], "reward": -0.0016034074372339854}