{"action": [0.699999988079071, 0.013094177469611168], "reward": 0.4656029798276392}