{"action": [0.3511677384376526, 0.001874188776127994], "reward": 0.8943326650940612}