{"action": [0.5555117726325989, -0.800000011920929], "reward": 0.46619469421964627}