{"action": [0.4468425512313843, -0.650736927986145], "reward": 0.5393811501234546}