{"action": [0.5302066206932068, -0.7488119602203369], "reward": 0.35612737517598086}