{"action": [0.5250402688980103, -0.10083107650279999], "reward": 0.6664315548025844}