{"action": [0.3415573835372925, -0.20704439282417297], "reward": 0.61510999135686}