{"action": [0.4151778221130371, -0.012743140570819378], "reward": 0.7703644595618893}