{"action": [0.28418174386024475, -0.00040939118480309844], "reward": 0.8554079617549051}