{"action": [0.2732192873954773, 0.0006454730755649507], "reward": 0.8664899697807693}