{"action": [0.699999988079071, 0.00099710444919765], "reward": 0.19702359511652334}