{"action": [-1.0, 0.019207824021577835], "reward": 0.1285134868741369}