{"action": [-1.0, 0.019232502207159996], "reward": -0.0008502998330722775}