{"action": [-1.0, 0.019271666184067726], "reward": -0.0028862903291866893}