{"action": [-1.0, 0.019285079091787338], "reward": -0.002890913674040326}