{"action": [-1.0, 0.019308149814605713], "reward": -0.0028945900260967223}