{"action": [-1.0, 0.01930546574294567], "reward": -0.0028955221553564853}