{"action": [-1.0, 0.019293664023280144], "reward": -0.00288754953249463}