{"action": [-1.0, 0.019293664023280144], "reward": -0.0028901760600494237}