{"action": [0.33199232816696167, 0.0008666316280141473], "reward": 0.9280658435757531}