{"action": [-1.0, 0.019278105348348618], "reward": -0.002890922576495555}