{"action": [-1.0, 0.019271129742264748], "reward": -0.0028885470815145226}