{"action": [-1.0, 0.019236257299780846], "reward": -0.00287895941068508}