{"action": [-1.0, 0.01926361955702305], "reward": -0.0028647776617512213}