{"action": [-1.0, 0.01930278353393078], "reward": -0.0028943631351380948}