{"action": [0.699999988079071, 0.017568865790963173], "reward": 0.2743078184239112}