{"action": [0.699999988079071, 0.0020159143023192883], "reward": 0.6461042391792476}