{"action": [0.3928107023239136, 0.0002130644570570439], "reward": 0.884624892364878}