{"action": [0.4455305337905884, 0.0014423585962504148], "reward": 0.8521542362582545}