{"action": [0.3726244866847992, 1.6811742170830257e-05], "reward": 0.8871417193019092}