{"action": [0.19471850991249084, -0.11451733857393265], "reward": 0.4934996905223411}