{"action": [0.5487640500068665, 0.800000011920929], "reward": -0.12000000178813934}