{"action": [0.49384164810180664, -0.800000011920929], "reward": -0.12000000178813934}