{"action": [0.699999988079071, -0.0011285800719633698], "reward": 0.022799741618737882}