{"action": [0.6765581965446472, 0.04339093342423439], "reward": 0.5531809224623992}