{"action": [0.699999988079071, -0.001016665599308908], "reward": -0.00015123488273072102}