{"action": [0.699999988079071, 0.041832663118839264], "reward": 0.6691678213014972}