{"action": [0.699999988079071, 0.034647874534130096], "reward": 0.7374260444066291}