{"action": [0.3581903874874115, -0.07485982030630112], "reward": 0.7397176969719361}