{"action": [0.38636109232902527, -0.10632813721895218], "reward": 0.6461953534514455}