{"action": [0.699999988079071, -0.004766057711094618], "reward": 0.4405277216729722}