{"action": [-1.0, 0.0033252357970923185], "reward": -0.00040318228346125136}