{"action": [-1.0, 0.0033225531224161386], "reward": -0.0004972574511281155}