{"action": [-1.0, 0.0033316737972199917], "reward": -0.0004992988477016464}