{"action": [-1.0, 0.0033187977969646454], "reward": -0.0004975097628437349}