{"action": [0.3632347583770752, 0.006679314188659191], "reward": 0.9017366741226983}