{"action": [-1.0, 0.0033187977969646454], "reward": -0.00049764477482637}