{"action": [0.38983651995658875, 0.0022262430284172297], "reward": 0.8106032595495116}