{"action": [-1.0, 0.00331450579687953], "reward": -0.0004893228877413759}