{"action": [-1.0, 0.0033096771221607924], "reward": -0.0004949474352345847}