{"action": [-1.0, 0.0033059215638786554], "reward": -0.00049465753283866}