{"action": [-1.0, 0.0033112866804003716], "reward": -0.0004956684734073631}