{"action": [0.699999988079071, 0.0034428334329277277], "reward": 0.13787715492957422}