{"action": [0.699999988079071, 0.0033635299187153578], "reward": 0.09261657151753838}