{"action": [0.5419328212738037, 0.009550077840685844], "reward": 0.5046312116536581}