{"action": [0.048986710608005524, 0.0054738475009799], "reward": 0.5173361902373637}