{"action": [0.699999988079071, 0.007402022369205952], "reward": 0.4923207919968782}