{"action": [0.3584423065185547, -0.00014564796583727002], "reward": 0.9331586191259844}