{"action": [0.699999988079071, 0.0003176211903337389], "reward": 0.610157153658816}