{"action": [0.699999988079071, -0.3691890835762024], "reward": -0.05537836253643036}