{"action": [0.699999988079071, -0.5221062302589417], "reward": 0.3782299307143056}