{"action": [0.699999988079071, -0.05125288665294647], "reward": 0.2554594403024145}