{"action": [0.24729664623737335, -0.038450539112091064], "reward": 0.4283493550552645}