{"action": [0.189619243144989, -0.03453030064702034], "reward": 0.4428579597336136}