{"action": [0.10765288025140762, -0.010833821259438992], "reward": 0.47028015663436895}