{"action": [-1.0, -0.01816754788160324], "reward": -0.00263058310989115}