{"action": [-1.0, -0.018143940716981888], "reward": -0.0027211456639997236}