{"action": [-1.0, -0.01815359853208065], "reward": -0.0027207430174349513}