{"action": [-1.0, -0.018151989206671715], "reward": -0.0027225345600850512}