{"action": [-1.0, -0.01817934960126877], "reward": -0.0027257676596360056}