{"action": [-1.0, -0.01817827671766281], "reward": -0.002726525114401857}