{"action": [-1.0, -0.018204566091299057], "reward": -0.0027276224919396074}