{"action": [-1.0, -0.01819598115980625], "reward": -0.0027292983821194544}