{"action": [-1.0, -0.018250705674290657], "reward": -0.002709639833065894}