{"action": [-1.0, -0.01825338788330555], "reward": -0.0027368026753696014}