{"action": [-1.0, -0.018253924325108528], "reward": -0.0027374853609373026}