{"action": [-1.0, -0.018245339393615723], "reward": -0.0027367031546606728}