{"action": [0.4566396176815033, -0.00406578928232193], "reward": 0.8659611375084626}