{"action": [0.5688585042953491, -0.009170989505946636], "reward": 0.7451179447395276}