{"action": [-1.0, -0.018258752301335335], "reward": -0.00273849892696517}