{"action": [0.45687565207481384, -0.007665626704692841], "reward": 0.8896357121801156}