{"action": [-1.0, -0.018243730068206787], "reward": -0.002735382093942387}