{"action": [0.35144466161727905, -0.006535377819091082], "reward": 0.9264942987585472}