{"action": [-1.0, -0.018247485160827637], "reward": -0.002736910368447754}