{"action": [-0.07986181229352951, 0.006360456347465515], "reward": 0.8525786376380535}