{"action": [-1.0, -0.01824265718460083], "reward": -0.0027359468779306986}