{"action": [0.4302753210067749, -0.008949438109993935], "reward": 0.8286617547508139}