{"action": [-1.0, -0.018241047859191895], "reward": -0.0027355792863854615}