{"action": [-1.0, -0.01824319362640381], "reward": -0.0027295703973950784}