{"action": [-1.0, -0.01833493635058403], "reward": -0.002731736130296374}