{"action": [0.6396511197090149, -0.0035865718964487314], "reward": 0.3713529177632164}