{"action": [-1.0, -0.0030274775344878435], "reward": 0.16430075497139598}