{"action": [0.5899932980537415, -0.005316057708114386], "reward": 0.7339383188814206}