{"action": [0.699999988079071, -0.0016758322017267346], "reward": 0.7361979889897379}