{"action": [0.5938355922698975, -0.0058986893855035305], "reward": 0.7434380336990186}