{"action": [0.5684736371040344, 0.03838638961315155], "reward": 0.7111655629039103}