{"action": [0.699999988079071, 0.0026928912848234177], "reward": 0.7086377471227031}