{"action": [0.699999988079071, -0.0034156020265072584], "reward": 0.016843101402425113}