{"action": [0.699999988079071, -0.0035660990979522467], "reward": 0.8172230073576836}