{"action": [0.699999988079071, -0.004079372622072697], "reward": 0.9061799738091578}