{"action": [0.699999988079071, -0.004072296433150768], "reward": 0.9093642574624559}