{"action": [0.699999988079071, -0.001882023410871625], "reward": 0.42080039209411424}