{"action": [0.699999988079071, -0.02507575787603855], "reward": 0.7404333864696869}