{"action": [0.699999988079071, -0.0033499477431178093], "reward": 0.6653329851671037}