{"action": [0.699999988079071, -0.00045983344898559153], "reward": 0.600829678827334}