{"action": [0.699999988079071, 0.0016292992513626814], "reward": 0.8549846570361359}