{"action": [0.699999988079071, 0.002236492233350873], "reward": 0.8025388262824654}