{"action": [0.699999988079071, 0.0002335921599296853], "reward": 0.717469384285791}