{"action": [0.699999988079071, 0.0008137187105603516], "reward": 0.9010308693950975}