{"action": [0.699999988079071, -5.004822924092878e-06], "reward": 0.9040358760918045}