{"action": [0.4897978901863098, -0.002472588326781988], "reward": 0.8184469694303659}