{"action": [0.471094012260437, -0.00408265320584178], "reward": 0.8309071476357396}