{"action": [0.537757933139801, -0.009381837211549282], "reward": 0.7701801005217478}