{"action": [0.5059044361114502, -0.013478116132318974], "reward": 0.7776186624495378}