{"action": [0.34183409810066223, 0.0020978383254259825], "reward": 0.9427211469022936}