{"action": [0.699999988079071, -0.6958748698234558], "reward": 0.41949917647937657}