{"action": [0.6968945860862732, -0.5817490220069885], "reward": 0.4658533197338095}