{"action": [0.5058075189590454, -0.3008389472961426], "reward": 0.5277291272842837}