{"action": [0.4771153926849365, -0.25627991557121277], "reward": 0.5534002649163938}