{"action": [0.43730807304382324, -0.0006194344023242593], "reward": 0.35741232234148945}