{"action": [0.35781627893447876, -0.0011164561146870255], "reward": 0.35891775251939606}