{"action": [-1.0, 0.008976205252110958], "reward": -0.001178684416136809}