{"action": [-1.0, 0.008998201228678226], "reward": -0.0013493288621181474}