{"action": [-1.0, 0.008988544344902039], "reward": -0.0013479467542093484}