{"action": [-1.0, 0.00895581766963005], "reward": -0.001342963016283357}