{"action": [-1.0, 0.008960646577179432], "reward": -0.0013435451484495068}