{"action": [0.343747079372406, 0.0014131434727460146], "reward": 0.9632807932263623}