{"action": [-1.0, 0.008977814577519894], "reward": -0.0013464141705615054}