{"action": [-1.0, 0.008971912786364555], "reward": -0.0013454653787549429}