{"action": [0.5445089340209961, 0.046867404133081436], "reward": 0.4023572997642219}