{"action": [0.3767116367816925, 4.829048975807382e-06], "reward": 0.8818526778015985}