{"action": [0.699999988079071, 0.023148374632000923], "reward": 0.39947105895374907}