{"action": [0.2975373864173889, 0.021191595122218132], "reward": 0.4485585020036562}