{"action": [0.36586982011795044, 0.04077022895216942], "reward": 0.4104718399307339}