{"action": [0.44358569383621216, -8.319824701175094e-05], "reward": 0.8978422447646212}