{"action": [0.25186529755592346, 0.01597997546195984], "reward": 0.4277072234177974}