{"action": [0.1846887171268463, 0.01688966527581215], "reward": 0.4479745849049565}