{"action": [0.44433513283729553, 0.005245401989668608], "reward": 0.39255335951373604}