{"action": [0.40215787291526794, -0.00021430343622341752], "reward": 0.9315383511729992}