{"action": [-1.0, 0.0018729263683781028], "reward": -0.0002767766784168445}