{"action": [0.40515774488449097, -0.36685416102409363], "reward": 0.7347795019231709}