{"action": [-0.02645258605480194, -0.05321858450770378], "reward": -0.00798214185627011}