{"action": [-1.0, 0.0018723899265751243], "reward": -0.00026503806490711765}