{"action": [-1.0, 0.0018686343682929873], "reward": -0.0002790221837722317}