{"action": [-1.0, 0.0018691709265112877], "reward": -0.00027991461629156864}