{"action": [-1.0, 0.001871853368356824], "reward": -0.00027932662798435293}