{"action": [-1.0, 0.001859513926319778], "reward": -0.00027841356671184784}