{"action": [-1.0, 0.0018579043680801988], "reward": -0.0002778420429062534}