{"action": [-1.0, 0.0018439553678035736], "reward": -0.00027619494773781277}