{"action": [0.699999988079071, -1.2988090020371601e-05], "reward": 0.09137152056769542}