{"action": [0.699999988079071, -0.0020411929581314325], "reward": 0.6365154628942707}