{"action": [0.661181628704071, -0.004208178725093603], "reward": 0.7124523868978655}