{"action": [0.6493033766746521, -0.021057456731796265], "reward": 0.36894635599147113}