{"action": [0.699999988079071, -0.01661090925335884], "reward": -0.0024912913169355465}