{"action": [0.699999988079071, -0.016708163544535637], "reward": -0.002505806883945248}