{"action": [0.699999988079071, -0.017504382878541946], "reward": 0.44453826481318653}