{"action": [0.699999988079071, -0.03234545886516571], "reward": 0.3287388836429233}