{"action": [0.5908418297767639, -0.01494405698031187], "reward": 0.36729217926853225}