{"action": [0.6145403385162354, -0.0032408349215984344], "reward": 0.8234966654833471}