{"action": [-1.0, -0.04845627024769783], "reward": -0.007268137081730245}