{"action": [0.699999988079071, -0.3249298930168152], "reward": 0.4287877716841034}