{"action": [0.699999988079071, -0.11545602977275848], "reward": 0.21575180506897843}