{"action": [0.699999988079071, -0.10391611605882645], "reward": 0.18632122215456684}