{"action": [0.6669921875, 0.002140538999810815], "reward": 0.7481489364588876}