{"action": [0.46901971101760864, 0.0010647635208442807], "reward": 0.8580929987080274}