{"action": [0.6631947159767151, 0.0009036874980665743], "reward": 0.7830995584383111}