{"action": [0.699999988079071, 0.0009714700281620026], "reward": 0.7226090692984536}