{"action": [0.3570430874824524, 0.0013964296085759997], "reward": 0.42518881612270404}