{"action": [0.07565212994813919, 0.0005837357020936906], "reward": 0.45411943727253956}