{"action": [0.3194599449634552, 0.0006287293508648872], "reward": 0.4259520738575533}