{"action": [0.2804147005081177, 0.0002688561216928065], "reward": 0.4056779611939527}