{"action": [0.699999988079071, -0.0021745164413005114], "reward": 0.6475396062681014}