{"action": [0.699999988079071, -0.001002408331260085], "reward": 0.565912180926333}