{"action": [0.3263112008571625, -0.0007547214045189321], "reward": 0.4657613088542227}