{"action": [0.699999988079071, 0.023089123889803886], "reward": 0.42303752967815417}