{"action": [-0.3855844736099243, 0.012476269155740738], "reward": 0.5479178350774481}