{"action": [-0.7011353969573975, 0.010369821451604366], "reward": 0.6309268355371447}