{"action": [0.699999988079071, 0.017016924917697906], "reward": 0.44240892003326143}