{"action": [0.37891262769699097, 0.010191744193434715], "reward": 0.4183573665873986}