{"action": [0.699999988079071, -0.012449294328689575], "reward": 0.27605674758538196}