{"action": [0.699999988079071, 0.00010404913336969912], "reward": 0.6869372059931773}