{"action": [0.699999988079071, 0.0013065908569842577], "reward": 0.6523463900191403}