{"action": [0.058612607419490814, 0.0024681712966412306], "reward": 0.4629744746358422}