{"action": [0.699999988079071, 0.0033509936183691025], "reward": 0.44503115105539925}