{"action": [0.699999988079071, 0.0002565068716648966], "reward": 0.3859616248035408}