{"action": [0.699999988079071, -0.0006288283038884401], "reward": 0.7134090598822503}