{"action": [0.6819505095481873, -0.00070357252843678], "reward": 0.7590375840664738}