{"action": [0.699999988079071, -0.012540552765130997], "reward": 0.49120574662652133}