{"action": [0.5445746183395386, -0.5965186953544617], "reward": 0.4592267642871188}