{"action": [0.4565958082675934, -0.4733124077320099], "reward": 0.6239563240577151}