{"action": [0.45433494448661804, -0.46465766429901123], "reward": 0.6275137682481613}