{"action": [0.6663062572479248, -0.001179023296572268], "reward": 0.7767687019475599}