{"action": [0.699999988079071, -0.39489448070526123], "reward": 0.34409967291112703}