{"action": [0.699999988079071, -0.09845353662967682], "reward": 0.3886325457067535}