{"action": [0.17226722836494446, -0.17785896360874176], "reward": 0.3779206248003615}