{"action": [0.699999988079071, -0.026136497035622597], "reward": 0.48313774216487926}