{"action": [-0.1490483433008194, 0.0006040464504621923], "reward": 0.4904467393402196}