{"action": [-1.0, 0.028131987899541855], "reward": -0.0042192346359674615}