{"action": [-1.0, 0.028125550597906113], "reward": -0.004218549281131558}