{"action": [0.5564494132995605, 0.006104618776589632], "reward": 0.7887936870837228}