{"action": [-1.0, 0.028117502108216286], "reward": -0.004216125816970366}