{"action": [0.5632136464118958, 0.00667197722941637], "reward": 0.7854755105569113}