{"action": [0.699999988079071, 0.08872874826192856], "reward": 0.1747041783294859}