{"action": [0.24155233800411224, 0.01450240146368742], "reward": 0.44682795368779077}