{"action": [0.6209595799446106, 0.00010907476098509505], "reward": 0.9092734634563452}