{"action": [0.6670478582382202, -0.00011202657333342358], "reward": 0.9439767952693044}