{"action": [0.5931329727172852, -0.04576058313250542], "reward": 0.6839956718496885}