{"action": [0.6223242878913879, -0.07106901705265045], "reward": 0.6751380168546727}