{"action": [0.3235446810722351, 0.01014241948723793], "reward": 0.37406027617045656}