{"action": [0.699999988079071, 0.01881743036210537], "reward": 0.7956355591650199}