{"action": [0.6119484305381775, 0.012081380002200603], "reward": 0.8232822004944932}