{"action": [0.4917793869972229, -0.08193524181842804], "reward": 0.7700803189669876}