{"action": [0.649540901184082, -0.002085157437250018], "reward": 0.9573348429490731}