{"action": [0.6031041145324707, -0.0033274402376264334], "reward": 0.9504414408808445}