{"action": [0.5654879808425903, 0.800000011920929], "reward": 0.546280008432031}