{"action": [0.699999988079071, -0.43159592151641846], "reward": -0.23123579284644302}