{"action": [0.6302934885025024, -0.2084265947341919], "reward": 0.618285425385768}