{"action": [0.699999988079071, 0.06454487144947052], "reward": 0.5780656268182233}