{"action": [0.5582138895988464, -0.027237460017204285], "reward": 0.8812852796239266}