{"action": [0.4840622544288635, -0.04400137811899185], "reward": 0.7409066510634301}