{"action": [0.699999988079071, -0.015166972763836384], "reward": -1.0605784641650193}