{"action": [0.699999988079071, -0.09124581515789032], "reward": -0.3038216546885296}