{"action": [0.6996050477027893, -0.1756935715675354], "reward": -0.5164383363861466}