{"action": [0.699999988079071, -0.10636136680841446], "reward": 0.03539673682940202}