{"action": [0.699999988079071, -0.11464112997055054], "reward": 0.19927103860743386}