{"action": [0.699999988079071, -0.24871423840522766], "reward": 0.30628095109959297}