{"action": [0.699999988079071, -0.24368025362491608], "reward": 0.23086679118490883}