{"action": [0.699999988079071, -0.0005563203594647348], "reward": -0.6149448289949595}