{"action": [0.699999988079071, -0.0013198015512898564], "reward": -1.3659655582245431}