{"action": [0.699999988079071, 1.507998703687008e-08], "reward": -0.5785008711685182}