{"action": [0.699999988079071, 0.019355377182364464], "reward": -1.8928889092092875}