{"action": [0.699999988079071, -0.0004821193288080394], "reward": -0.6268174168915276}