{"action": [0.49078789353370667, -0.004576270934194326], "reward": -1.1732478839119038}