{"action": [0.699999988079071, -0.006210383493453264], "reward": 0.8004830918755756}