{"action": [0.699999988079071, -0.014626958407461643], "reward": -2.5905463890303704}