{"action": [0.699999988079071, -0.002968617482110858], "reward": 0.6167917853875075}