{"action": [0.699999988079071, 0.0029417702462524176], "reward": -0.30685130928238946}