{"action": [0.699999988079071, 4.049897142976988e-06], "reward": 0.9506465136892224}