{"action": [0.699999988079071, -0.008863113820552826], "reward": 0.40403333896653826}