{"action": [0.699999988079071, -2.0616113033611327e-05], "reward": 0.9454220724332482}