{"action": [0.5716970562934875, 0.04066414386034012], "reward": 0.8158053629596274}