{"action": [0.699999988079071, 0.11005248129367828], "reward": 0.03813265295770618}