{"action": [0.3304305672645569, 0.023517213761806488], "reward": 0.8611109571809468}