{"action": [0.699999988079071, 0.000492998689878732], "reward": 0.36310638715505206}