{"action": [-0.024472149088978767, -0.04929433390498161], "reward": 0.35598686596588386}