{"action": [0.6507077217102051, 0.005498449318110943], "reward": -1.0972741955802627}