{"action": [0.6490237712860107, -0.03939022496342659], "reward": -0.519737027600575}