{"action": [0.699999988079071, 0.021658020094037056], "reward": 0.31723081511867246}