{"action": [0.6075217127799988, 0.10403876006603241], "reward": -0.7649333994967997}