{"action": [0.699999988079071, -0.008587981574237347], "reward": 0.3435065371280591}