{"action": [0.6152308583259583, -0.012570884078741074], "reward": -0.6501995027974339}