{"action": [0.699999988079071, 0.0026104331482201815], "reward": 0.36155813369034423}