{"action": [0.699999988079071, -0.013562259264290333], "reward": 0.631306694541656}