{"action": [0.6592310667037964, 0.08636625111103058], "reward": -0.5989329084066056}