{"action": [0.699999988079071, 0.021882321685552597], "reward": 0.10422855031140062}