{"action": [0.6504498720169067, -0.08372819423675537], "reward": -0.7054383077518033}