{"action": [0.699999988079071, 0.026801854372024536], "reward": 0.8825581858900446}