{"action": [0.699999988079071, 0.08267392218112946], "reward": 0.7555854589879085}