{"action": [-0.8904625177383423, 0.07063896954059601], "reward": 0.5798322499931864}