{"action": [0.699999988079071, 0.09791010618209839], "reward": 0.6088543566632022}