{"action": [-1.0, 0.0016953444574028254], "reward": 5.046782452904704e-05}