{"action": [0.699999988079071, -0.030752401798963547], "reward": 0.7841972492785252}