{"action": [0.699999988079071, 0.001716200029477477], "reward": 0.010543098778206183}