{"action": [0.5008280277252197, -0.021172869950532913], "reward": 0.7511371506035642}