{"action": [0.4944530725479126, -0.01676369085907936], "reward": 0.7150369171734293}