{"action": [-1.0, 0.007163294591009617], "reward": -0.0010741266953102379}