{"action": [0.699999988079071, -0.03337876498699188], "reward": 0.7497100355466487}