{"action": [0.699999988079071, 0.001473312033340335], "reward": 0.24487255761799445}