{"action": [0.46567267179489136, -0.0033498313277959824], "reward": 0.761031433148598}