{"action": [0.3536856174468994, -0.008015769533813], "reward": 0.9281130336064692}