{"action": [0.49399930238723755, -0.0011288675013929605], "reward": 0.9068879192895044}