{"action": [0.699999988079071, 0.005299379117786884], "reward": 0.9321102455829939}