{"action": [0.699999988079071, 0.2423056960105896], "reward": -0.0284922131820157}