{"action": [0.699999988079071, 0.008505131117999554], "reward": 0.7966110992504523}