{"action": [0.663200318813324, 0.004749768413603306], "reward": 0.9323386536120466}