{"action": [0.5084126591682434, 0.0024729366414248943], "reward": 0.7114045957278203}