{"action": [0.25796329975128174, -0.0008181784069165587], "reward": 0.4695099551185927}