{"action": [-1.0, -0.0010435362346470356], "reward": 0.8618902227475311}