{"action": [0.12916609644889832, -0.002143415855243802], "reward": 0.46470601694469654}