{"action": [0.40246662497520447, -0.015175905078649521], "reward": 0.8403605943229943}