{"action": [0.5380510687828064, -0.0013067717663943768], "reward": 0.7920338526698719}