{"action": [0.5358027815818787, 0.0016901191556826234], "reward": 0.7163001456262937}