{"action": [0.699999988079071, -0.08010229468345642], "reward": 0.5094565142383154}