{"action": [-0.049060218036174774, 0.08796259015798569], "reward": 0.4254529463649085}