{"action": [0.5932088494300842, -0.6128832697868347], "reward": 0.40427693417142485}