{"action": [0.6432909965515137, -0.5989290475845337], "reward": 0.5116132991506299}