{"action": [0.5957818031311035, -0.511328399181366], "reward": 0.5789094910172469}