{"action": [0.699999988079071, 0.034941185265779495], "reward": 0.6110262613629018}