{"action": [0.5207637548446655, -0.00020417595806065947], "reward": 0.7668562554606405}