{"action": [0.6218818426132202, 0.004976537078619003], "reward": 0.7256747854955952}