{"action": [0.5994188785552979, 0.007157966028898954], "reward": 0.7202567247499031}