{"action": [0.6934084892272949, 0.006449362728744745], "reward": 0.6867478606476162}