{"action": [0.49630025029182434, -0.028614317998290062], "reward": 0.7223107529853833}