{"action": [0.699999988079071, -8.112001523841172e-05], "reward": 0.4002627620287295}