{"action": [0.42156699299812317, -0.002212932100519538], "reward": 0.7836687275091984}