{"action": [0.6734322905540466, -0.11631602793931961], "reward": 0.6165380450995219}