{"action": [0.6898158192634583, 0.0259539857506752], "reward": 0.7197834690516651}