{"action": [0.6270866990089417, -0.12037535011768341], "reward": 0.5985608661453004}