{"action": [0.4346168637275696, -0.038523152470588684], "reward": 0.7296980956799265}