{"action": [0.29353809356689453, 0.005841085221618414], "reward": 0.9285402906158218}