{"action": [-1.0, 7.832920528016984e-05], "reward": -1.173590174154443e-05}