{"action": [-1.0, 7.832920528016984e-05], "reward": -1.1648702087543152e-05}