{"action": [-1.0, 7.832920528016984e-05], "reward": -1.164613333076951e-05}