{"action": [-0.09477782249450684, -0.058836206793785095], "reward": 0.5074207205070681}