{"action": [-1.0, 1.9314051314722747e-05], "reward": 0.07763721161411288}