{"action": [-1.0, 7.886570529080927e-05], "reward": -1.1759686148415521e-05}