{"action": [0.5360251069068909, 0.00282435305416584], "reward": 0.8864073900117706}