{"action": [-1.0, 7.886570529080927e-05], "reward": -1.1611365743897668e-05}