{"action": [0.35216179490089417, 0.0015442081494256854], "reward": 0.9223180638568055}