{"action": [-1.0, 7.832920528016984e-05], "reward": -1.1404986267120173e-05}