{"action": [-1.0, 7.832920528016984e-05], "reward": -1.1733779592679733e-05}