{"action": [-1.0, 7.832920528016984e-05], "reward": -1.1404978497161072e-05}