{"action": [-1.0, 7.671969797229394e-05], "reward": -1.149784897081361e-05}