{"action": [-1.0, 7.671969797229394e-05], "reward": -1.1420190552554486e-05}