{"action": [-1.0, 7.671969797229394e-05], "reward": -1.1456969319247991e-05}