{"action": [-1.0, 7.779270526953042e-05], "reward": -1.1374956863987494e-05}