{"action": [-1.0, 7.671969797229394e-05], "reward": -1.1115855213344154e-05}