{"action": [-1.0, 7.671969797229394e-05], "reward": -1.149428068939564e-05}