{"action": [0.699999988079071, 8.939534018281847e-05], "reward": 0.061622989420430076}