{"action": [-1.0, 8.047521259868518e-05], "reward": -1.1726484433589203e-05}