{"action": [0.699999988079071, 8.08596596471034e-05], "reward": 0.004089026155229968}