{"action": [0.699999988079071, 0.0003454381658229977], "reward": 0.1680199576455314}