{"action": [0.699999988079071, 0.15064208209514618], "reward": -0.015162223576194192}