{"action": [0.31760460138320923, 0.018429327756166458], "reward": 0.8575175624684953}