{"action": [0.699999988079071, 0.040938831865787506], "reward": 0.5213151681264085}