{"action": [0.699999988079071, 0.0003641294897533953], "reward": 0.49641762257913347}