{"action": [0.5685765743255615, 0.017324110493063927], "reward": 0.8054694031078077}