{"action": [0.699999988079071, 0.13610227406024933], "reward": -0.020412629925852563}