{"action": [0.5345029830932617, 0.00019552004232537001], "reward": 0.7202520303865501}