{"action": [0.5209094285964966, 0.01788841187953949], "reward": 0.7776034067561439}