{"action": [0.49881628155708313, -0.014162843115627766], "reward": 0.7050712419664479}