{"action": [0.4357619881629944, 0.004412470385432243], "reward": 0.8643295986470535}