{"action": [0.5894888043403625, -0.800000011920929], "reward": 0.1811050146682956}