{"action": [0.5915386080741882, -0.800000011920929], "reward": 0.011888498875903777}