{"action": [0.4321618676185608, -0.0012953084660694003], "reward": 0.9170715189214567}