{"action": [0.699999988079071, 0.24296775460243225], "reward": 0.4235196825564348}