{"action": [0.6321065425872803, -0.11868024617433548], "reward": 0.7007433514789434}