{"action": [0.4669218063354492, -0.0008513577049598098], "reward": 0.9115108807559805}