{"action": [0.5067068338394165, 0.01714063622057438], "reward": 0.7749011654989948}