{"action": [0.699999988079071, 0.005963500123471022], "reward": 0.5367101789107654}