{"action": [0.699999988079071, -0.4351400136947632], "reward": 0.4371365904048639}