{"action": [0.41491270065307617, 0.012725149281322956], "reward": 0.9038208217389925}