{"action": [0.699999988079071, -0.2310011088848114], "reward": -0.03465016633272171}