{"action": [0.6941990256309509, 0.018083559349179268], "reward": 0.7623376614331939}