{"action": [0.699999988079071, -0.18078574538230896], "reward": 0.5065592410293479}