{"action": [0.699999988079071, 0.020200051367282867], "reward": 0.6348476411593005}