{"action": [0.5909059643745422, -0.0003924586926586926], "reward": 0.7901435225266433}