{"action": [0.30050113797187805, -0.005365020129829645], "reward": 0.4724869610483415}