{"action": [0.699999988079071, -0.006636548787355423], "reward": 0.01603756968430528}