{"action": [0.527279794216156, -0.0037969788536429405], "reward": 0.41210455267725365}