{"action": [-1.0, -0.006703048478811979], "reward": -0.0010053278869990682}