{"action": [0.699999988079071, -0.0008590827346779406], "reward": 0.36505986254257444}