{"action": [0.5172378420829773, -0.016545245423913002], "reward": 0.7537380935257251}