{"action": [0.5101630091667175, -0.02068660780787468], "reward": 0.7799135221906038}