{"action": [0.4218258261680603, -0.004506876692175865], "reward": 0.44701325939526104}