{"action": [0.699999988079071, -0.009545501321554184], "reward": 0.2830211863988835}