{"action": [0.48069432377815247, 0.008525296114385128], "reward": 0.7965764324123776}