{"action": [0.5032508373260498, -0.01615741476416588], "reward": 0.37821263762046536}