{"action": [0.699999988079071, 0.041182029992341995], "reward": 0.6982455749885601}