{"action": [0.6399334669113159, -0.01055829506367445], "reward": 0.7769772755663523}