{"action": [0.5328647494316101, -0.020893940702080727], "reward": 0.7679536395771189}