{"action": [0.680211067199707, -0.00016807287465780973], "reward": 0.7548762393226299}