{"action": [0.680343508720398, -0.0013321456499397755], "reward": 0.7324672252439456}