{"action": [0.6629433631896973, -0.005253996234387159], "reward": 0.6896786859793582}