{"action": [0.4336932301521301, -0.005007829051464796], "reward": 0.8971963271150714}