{"action": [0.4671446681022644, -0.00846153311431408], "reward": 0.7715170099952647}