{"action": [0.5281705260276794, -0.02090735174715519], "reward": 0.7857693469280606}