{"action": [0.33079272508621216, -0.0033979970030486584], "reward": 0.9152625386244302}