{"action": [0.5230644941329956, 0.014870990067720413], "reward": 0.7997022047979309}