{"action": [0.395333468914032, -0.006081033498048782], "reward": 0.8022072555344054}