{"action": [0.6440723538398743, -0.0073405420407652855], "reward": 0.7987431032324133}