{"action": [0.699999988079071, 0.00016315079119522125], "reward": 0.5419211226205497}