{"action": [0.699999988079071, -0.004147130995988846], "reward": 0.6715431299760485}