{"action": [0.699999988079071, -0.009850415401160717], "reward": 0.7401844730051984}