{"action": [0.6735910177230835, -0.010175068862736225], "reward": 0.7804355221952921}