{"action": [0.699999988079071, -0.009935794398188591], "reward": 0.7704482426632743}