{"action": [0.5895166993141174, 0.800000011920929], "reward": 0.14506492887297612}