{"action": [0.699999988079071, 0.01799142174422741], "reward": 0.6117627637806845}