{"action": [0.5449796319007874, -9.090447565540671e-05], "reward": 0.7791738567731444}