{"action": [0.6967563033103943, 0.0015836501261219382], "reward": 0.8371884887548451}