{"action": [0.699999988079071, -0.019135504961013794], "reward": 0.5646024932673264}