{"action": [0.5989636182785034, -0.09116753190755844], "reward": 0.7556624885948205}