{"action": [0.5230830311775208, -0.009947829879820347], "reward": 0.7953259678488741}