{"action": [0.699999988079071, -0.004892699420452118], "reward": 0.46176860444331724}