{"action": [0.5153738260269165, -0.07895530015230179], "reward": 0.8291917761048117}