{"action": [0.4528679847717285, 0.800000011920929], "reward": -0.12000000178813934}