{"action": [0.3603428602218628, 0.5170699954032898], "reward": 0.5175124251531648}