{"action": [0.699999988079071, -0.11682590842247009], "reward": 0.5160997134850598}