{"action": [0.4242711663246155, -0.06382397562265396], "reward": 0.839059042543455}