{"action": [0.699999988079071, -0.08622565865516663], "reward": 0.5241211058509094}