{"action": [0.699999988079071, -0.12515205144882202], "reward": 0.4297874055127746}