{"action": [0.699999988079071, -0.004318466875702143], "reward": 0.6394303100178306}