{"action": [0.3373580574989319, -0.06809478253126144], "reward": 0.8894901328629824}