{"action": [0.699999988079071, -0.20019841194152832], "reward": 0.589065805094872}