{"action": [0.699999988079071, -0.024517400190234184], "reward": 0.7052708801227389}