{"action": [0.699999988079071, 0.002245756797492504], "reward": 0.45563262155558154}