{"action": [0.5685745477676392, -0.10235041379928589], "reward": 0.8065879356258565}