{"action": [0.6361451148986816, -0.07879575341939926], "reward": 0.7090540007168935}