{"action": [0.699999988079071, -0.2466573417186737], "reward": 0.4070353571922768}