{"action": [0.6961919665336609, 0.0004885992966592312], "reward": 0.7078694449994063}