{"action": [0.699999988079071, -0.0010382949840277433], "reward": 0.4759186738083319}