{"action": [0.39795106649398804, 0.007884782738983631], "reward": 0.9073074108499193}