{"action": [0.699999988079071, 0.01988373138010502], "reward": 0.5555332339339316}