{"action": [0.35415807366371155, 0.12917760014533997], "reward": 0.7823783690072782}