{"action": [0.699999988079071, -0.009077551774680614], "reward": 0.5638754204189234}