{"action": [0.699999988079071, 0.00023002663510851562], "reward": 0.7751092133676049}