{"action": [0.699999988079071, 0.004329252988100052], "reward": 0.2555650802032298}