{"action": [0.09995555132627487, 0.08030868321657181], "reward": 0.14237507016073858}