{"action": [0.699999988079071, 0.0025378481950610876], "reward": 0.11497759480381556}