{"action": [0.699999988079071, 0.004216516390442848], "reward": 0.29010369778051465}