{"action": [0.699999988079071, 0.0030969681683927774], "reward": 0.11752255482040383}