{"action": [0.699999988079071, 0.002369954250752926], "reward": 0.16089161360259602}