{"action": [0.699999988079071, -0.0417097769677639], "reward": 0.5888984577841797}