{"action": [0.699999988079071, 0.00010822534386534244], "reward": 0.05533220493668819}