{"action": [0.699999988079071, 8.377563790418208e-05], "reward": 0.3463904590652584}