{"action": [0.699999988079071, 0.0004145950370002538], "reward": 0.4349750032196331}