{"action": [0.3639024496078491, -0.033253248780965805], "reward": 0.8388825472466586}