{"action": [0.699999988079071, 0.0007197470404207706], "reward": 0.040980839566668016}