{"action": [0.699999988079071, -0.00014046889555174857], "reward": 0.18846455245043284}