{"action": [0.699999988079071, 0.0018980544991791248], "reward": 0.001977991321863742}