{"action": [0.699999988079071, -0.004683119244873524], "reward": 0.35228148233350925}