{"action": [0.699999988079071, 0.0018060194561257958], "reward": 0.021340800809187155}