{"action": [0.699999988079071, 0.002231961814686656], "reward": 0.01696455102576968}