{"action": [0.699999988079071, -0.00019014478311873972], "reward": -2.852171746781096e-05}