{"action": [0.699999988079071, -0.005199833307415247], "reward": 0.354979947351221}