{"action": [0.699999988079071, -0.004754881374537945], "reward": 0.025861014995797803}