{"action": [-1.0, 0.0016626178985461593], "reward": 0.0028721133854701588}