{"action": [0.699999988079071, -0.002708769403398037], "reward": 0.3983296004717836}