{"action": [0.699999988079071, -0.001716896891593933], "reward": 0.34001130667412}