{"action": [0.699999988079071, 0.0048067765310406685], "reward": 0.20603074163024004}