{"action": [0.699999988079071, -0.06235142797231674], "reward": 0.42514864655820034}