{"action": [0.699999988079071, 0.008561003021895885], "reward": 0.08287378604777818}