{"action": [0.699999988079071, 0.008409194648265839], "reward": 0.07939201213250326}