{"action": [0.699999988079071, 0.003866549814119935], "reward": 0.21331202503741592}