{"action": [0.699999988079071, 0.004770017694681883], "reward": 0.17492265257846087}