{"action": [0.699999988079071, 0.01093199010938406], "reward": 0.02000518992158347}