{"action": [0.699999988079071, 0.0014005835400894284], "reward": -0.00021008753101341425}