{"action": [0.699999988079071, 0.0017055859789252281], "reward": 0.28830195365160444}