{"action": [0.699999988079071, 0.004260557238012552], "reward": 0.3921554346008371}