{"action": [0.699999988079071, -0.00141418376006186], "reward": 0.292253789245726}