{"action": [0.699999988079071, -0.0038980129174888134], "reward": 0.1005274278148981}