{"action": [0.699999988079071, -0.001715614227578044], "reward": 0.2989533970580429}