{"action": [0.699999988079071, -0.0014573194785043597], "reward": 0.41774052893139524}