{"action": [0.699999988079071, -8.690959657542408e-05], "reward": 0.08675043622738432}