{"action": [0.699999988079071, -0.0013271138304844499], "reward": 0.41043201430027354}