{"action": [0.699999988079071, 0.0030085891485214233], "reward": 0.3896774081952808}