{"action": [0.699999988079071, -0.004254305735230446], "reward": 0.11409246981875905}