{"action": [0.39632031321525574, 0.004404145758599043], "reward": 0.8832414869143451}