{"action": [0.699999988079071, -0.00321971089579165], "reward": 0.4120597294777228}