{"action": [0.699999988079071, 6.091602813285135e-07], "reward": 0.029906107613249133}