{"action": [0.699999988079071, -0.0017099544638767838], "reward": 0.1522355381663776}