{"action": [0.699999988079071, 0.003491637296974659], "reward": 0.31161362088859224}