{"action": [0.699999988079071, -0.008542530238628387], "reward": 0.07977440638454578}