{"action": [0.699999988079071, -0.002125125378370285], "reward": 0.3125334257370659}