{"action": [0.699999988079071, 0.004256086423993111], "reward": 0.4152580248077298}