{"action": [0.44026216864585876, 0.0015376857481896877], "reward": 0.8323957210616323}