{"action": [0.699999988079071, -0.005480194464325905], "reward": 0.401320796331954}