{"action": [0.699999988079071, -0.0062497640028595924], "reward": 0.2707496836737564}