{"action": [0.699999988079071, -0.005741750821471214], "reward": 0.12535203025777736}