{"action": [0.699999988079071, -0.01089503988623619], "reward": 0.09996916617369919}