{"action": [0.699999988079071, -0.009740671142935753], "reward": 0.025561906611533246}