{"action": [0.699999988079071, -0.006362720392644405], "reward": 0.3755397396335391}