{"action": [0.699999988079071, -2.155065430997638e-06], "reward": 0.1806170220653212}