{"action": [0.699999988079071, -0.02827807515859604], "reward": 0.11149286676670307}