{"action": [0.699999988079071, -0.0008953780052252114], "reward": 0.30156469789117096}