{"action": [0.699999988079071, -0.008108116686344147], "reward": 0.10647556031491623}