{"action": [0.699999988079071, -0.015347866341471672], "reward": 0.13816818949296597}