{"action": [0.699999988079071, -0.017019541934132576], "reward": 0.26503865129432724}