{"action": [0.699999988079071, -0.008998464792966843], "reward": 0.14617102068805912}