{"action": [0.699999988079071, -0.0010519539937376976], "reward": 0.14665685200674716}