{"action": [0.699999988079071, 0.017718307673931122], "reward": 0.6624730880809955}