{"action": [0.699999988079071, -0.0022335099056363106], "reward": 0.27455202970377146}