{"action": [0.699999988079071, -0.006878906395286322], "reward": 0.07522445485616142}