{"action": [0.699999988079071, -0.0007153385085985065], "reward": 0.08132188432308872}