{"action": [0.699999988079071, -0.0018283119425177574], "reward": 0.12601038006436258}