{"action": [0.699999988079071, -0.002373548224568367], "reward": 0.31165771585258895}