{"action": [0.699999988079071, -0.007773419842123985], "reward": 0.11283195425197814}