{"action": [0.699999988079071, 0.022274764254689217], "reward": 0.6648549011429077}