{"action": [0.699999988079071, 0.0007726459880359471], "reward": 0.3521669625929701}