{"action": [0.699999988079071, -0.00010448312968946993], "reward": 0.2245256755039412}