{"action": [0.699999988079071, 0.009025770239531994], "reward": 0.14300248457602308}