{"action": [0.699999988079071, 0.009674078784883022], "reward": 0.12477923575252471}