{"action": [0.699999988079071, -0.00021407818712759763], "reward": 0.11815354935806041}