{"action": [0.699999988079071, 0.007005810271948576], "reward": 0.3230091730986018}