{"action": [0.699999988079071, -0.0048882020637393], "reward": 0.10000163116016175}