{"action": [0.699999988079071, 0.002335344674065709], "reward": 0.35377471679518396}