{"action": [0.699999988079071, 0.0067651947028934956], "reward": -0.0008182319806290118}