{"action": [0.39375659823417664, 0.0007631016196683049], "reward": 0.857562943756898}