{"action": [0.699999988079071, 0.00014408587594516575], "reward": 0.03164396126331737}