{"action": [0.699999988079071, 0.006586194038391113], "reward": 0.13812120469475786}