{"action": [0.699999988079071, 0.0034040180034935474], "reward": 0.7938305013434037}