{"action": [0.4949033260345459, 0.004843168891966343], "reward": 0.7432172624013071}