{"action": [0.699999988079071, 0.009478095918893814], "reward": 0.7310805067552587}