{"action": [0.3678942322731018, -0.004938164260238409], "reward": 0.8934260630578403}