{"action": [0.5821607112884521, -0.41840285062789917], "reward": 0.6076286895924973}