{"action": [0.699999988079071, -0.19502046704292297], "reward": 0.5353902086277538}