{"action": [0.6169373989105225, 0.013258054852485657], "reward": 0.7689746646241518}