{"action": [0.6441525816917419, -0.20485951006412506], "reward": 0.6537184037037757}