{"action": [0.4810561537742615, -0.18488241732120514], "reward": 0.7129240404047661}