{"action": [0.5778509378433228, -0.00035551885957829654], "reward": 0.774336569719818}