{"action": [0.699999988079071, -0.012436672113835812], "reward": 0.5989819807738554}