{"action": [0.6348759531974792, 0.014688522554934025], "reward": 0.7334267374958046}