{"action": [0.699999988079071, 0.001724747708067298], "reward": 0.7143677563418548}