{"action": [0.699999988079071, -0.016799483448266983], "reward": 0.6025176741998017}