{"action": [-1.0, 0.0003370758786331862], "reward": 0.5220395542223374}