{"action": [0.699999988079071, 0.0007805131608620286], "reward": 0.6268583676755012}