{"action": [0.699999988079071, -0.23694577813148499], "reward": 0.5110179799672765}