{"action": [0.2956242561340332, -0.009315377101302147], "reward": 0.7551557140893844}