{"action": [0.699999988079071, -0.1922517567873001], "reward": 0.5043491582682129}