{"action": [0.699999988079071, -0.011368682608008385], "reward": 0.7029430767053513}