{"action": [0.699999988079071, -0.014721930958330631], "reward": 0.6038521210225317}