{"action": [0.5842054486274719, -0.2830568552017212], "reward": 0.4775891580710021}