{"action": [0.699999988079071, -0.00033074241946451366], "reward": 0.6598517191229945}