{"action": [0.699999988079071, 0.023748191073536873], "reward": 0.622878632160997}