{"action": [0.3781578540802002, 0.008660108782351017], "reward": 0.7235621243539617}