{"action": [0.3645617961883545, 0.02600446715950966], "reward": 0.7686570497716024}