{"action": [0.699999988079071, 0.08347001671791077], "reward": 0.5034146723623275}