{"action": [0.699999988079071, 0.004522994626313448], "reward": 0.5625979421793578}