{"action": [0.699999988079071, -0.0038295418489724398], "reward": 0.52770533725589}