{"action": [0.699999988079071, -0.002678596181795001], "reward": 0.462707964908654}