{"action": [0.699999988079071, 0.0009973985143005848], "reward": 0.7729648104053222}