{"action": [0.699999988079071, -0.002213706262409687], "reward": 0.524753253295833}