{"action": [0.699999988079071, -0.009893800131976604], "reward": 0.44370375977287546}