{"action": [0.699999988079071, -0.007559389807283878], "reward": 0.7626977221744357}