{"action": [0.5864845514297485, -0.0036862227134406567], "reward": 0.8069789603941235}