{"action": [0.44748401641845703, -0.005428023636341095], "reward": 0.8877319219934112}