{"action": [0.4853785037994385, -0.00460431631654501], "reward": 0.8851619280742514}