{"action": [0.699999988079071, 0.003907795995473862], "reward": 0.6295601537202355}