{"action": [0.47216796875, 0.005442287307232618], "reward": 0.8162212447026032}