{"action": [0.699999988079071, -0.10919548571109772], "reward": 0.7243471392079582}