{"action": [0.6114981174468994, 0.0022364985197782516], "reward": 0.7636242767057325}