{"action": [-1.0, -0.0013589580776169896], "reward": 0.060479751868321524}