{"action": [0.34655988216400146, -0.0028443520423024893], "reward": 0.42688479024457265}