{"action": [0.5659921765327454, -0.800000011920929], "reward": -0.12000000178813934}