{"action": [0.5277007222175598, -2.5324196030851454e-05], "reward": 0.8628262797481584}