{"action": [0.5023398995399475, 0.01993507519364357], "reward": 0.6400188444168636}