{"action": [0.5861992835998535, -0.00931569840759039], "reward": 0.7583021948291715}