{"action": [0.4744395613670349, -0.0166205782443285], "reward": 0.808967852347699}