{"action": [0.699999988079071, -0.0601540207862854], "reward": 0.5487062176891384}