{"action": [0.699999988079071, -0.06642285734415054], "reward": 0.506153515208213}