{"action": [0.49843665957450867, 0.04609058424830437], "reward": 0.6806991296405691}