{"action": [0.5661745071411133, -0.0074782841838896275], "reward": 0.7929798508522999}