{"action": [0.6970945596694946, 0.283598393201828], "reward": 0.4832968839847871}