{"action": [0.6836510896682739, -0.0020620033610612154], "reward": 0.7207028027912303}