{"action": [0.6576216220855713, -0.37867075204849243], "reward": 0.587413356709996}