{"action": [0.699999988079071, 0.11979226022958755], "reward": 0.34116830705635415}