{"action": [-0.8347079753875732, 0.06044486537575722], "reward": 0.4963595581498258}