{"action": [0.5749018788337708, 0.03151003271341324], "reward": 0.7858096431839323}