{"action": [0.517724871635437, 0.04565993323922157], "reward": 0.7875209831127025}