{"action": [0.5092528462409973, 0.016116078943014145], "reward": 0.8427843165261599}