{"action": [0.699999988079071, -0.3737940192222595], "reward": 0.5313866264080732}