{"action": [0.699999988079071, 0.19882291555404663], "reward": 0.7190953408875451}