{"action": [0.699999988079071, -0.3539385497570038], "reward": 0.4873924843029088}