{"action": [0.5482128262519836, 0.006832472514361143], "reward": 0.8174643527382702}