{"action": [0.699999988079071, -0.3309873640537262], "reward": 0.5002152312420275}