{"action": [-1.0, -0.0012532672844827175], "reward": -0.0001879721620167729}