{"action": [0.699999988079071, 0.024782219901680946], "reward": 0.5935690646252507}