{"action": [-1.0, -0.0012532672844827175], "reward": -0.00018789906329970044}