{"action": [0.699999988079071, -0.6330346465110779], "reward": 0.07183672472890808}