{"action": [0.45063573122024536, 0.0023520905524492264], "reward": 0.8420745253226081}