{"action": [0.699999988079071, 0.023181848227977753], "reward": 0.5844984512374065}