{"action": [0.47201815247535706, 0.026311228051781654], "reward": 0.8143471647667793}