{"action": [0.699999988079071, 1.0924339903795044e-06], "reward": 0.0010730990624639172}