{"action": [0.699999988079071, 0.019107619300484657], "reward": 0.7278391988219854}