{"action": [0.699999988079071, 1.788122538926018e-09], "reward": 0.0003660969336472175}