{"action": [0.699999988079071, -0.3642866313457489], "reward": 0.2851813900875461}