{"action": [0.699999988079071, 1.0949373745461344e-06], "reward": 1.0039454650182748e-06}