{"action": [0.699999988079071, -0.30919578671455383], "reward": 0.3431682685371189}