{"action": [0.699999988079071, -0.3499620258808136], "reward": 0.3717258934203972}