{"action": [-1.0, -0.0012538038427010179], "reward": -0.00018597595572908106}