{"action": [0.5895068645477295, -9.061706077773124e-05], "reward": 0.8036065093905554}