{"action": [0.699999988079071, -0.0007153830374591053], "reward": 0.7750850866482801}