{"action": [0.6342646479606628, -0.004312656354159117], "reward": 0.7985470364233819}