{"action": [0.699999988079071, -0.00011063533747801557], "reward": 0.6620820314094488}