{"action": [-1.0, -0.0012554132845252752], "reward": -0.0001881254425080306}