{"action": [0.4520972669124603, -0.001132809091359377], "reward": 0.7645309139849045}