{"action": [0.699999988079071, -0.006132453214377165], "reward": 0.7021863673490238}