{"action": [0.6874381303787231, 0.00107662845402956], "reward": 0.81475208504742}