{"action": [0.699999988079071, 0.0008404444670304656], "reward": 0.6554430600104115}