{"action": [0.699999988079071, 0.03460577130317688], "reward": 0.006613627516861096}