{"action": [0.699999988079071, 0.39812424778938293], "reward": 0.6213696416511497}