{"action": [0.699999988079071, 0.03158250078558922], "reward": -0.003432099985989463}