{"action": [0.699999988079071, 0.03174778074026108], "reward": -0.003770866947563324}