{"action": [0.699999988079071, 0.009608697146177292], "reward": 0.48715393327627354}