{"action": [0.699999988079071, -0.0012832100037485361], "reward": 0.39159285662849463}