{"action": [0.699999988079071, -0.002654771553352475], "reward": 0.7339407767383315}