{"action": [0.4010814130306244, -5.1955048547824845e-06], "reward": 0.9351047106299061}