{"action": [0.39433661103248596, 1.246805595656042e-06], "reward": 0.9418076124914276}