{"action": [0.699999988079071, -0.002849356736987829], "reward": 0.6873598385378507}