{"action": [-1.0, -0.0012586322845891118], "reward": -0.00018774339568530717}