{"action": [0.42850351333618164, 0.00027487659826874733], "reward": 0.9211147113222274}