{"action": [0.4930019676685333, 0.00015485167386941612], "reward": 0.9004010750315412}