{"action": [0.4515977203845978, 0.0003194832825101912], "reward": 0.8851979360299067}