{"action": [-1.0, -0.001260241842828691], "reward": -0.00018651480056823042}