{"action": [0.44944870471954346, 0.0028444433119148016], "reward": 0.815560135066017}