{"action": [0.4191548824310303, 0.00020728319941554219], "reward": 0.936327598964697}