{"action": [0.5343193411827087, 0.0022579189389944077], "reward": 0.8643184797189599}