{"action": [0.5054928660392761, 0.0014338318724185228], "reward": 0.8729017544345257}