{"action": [0.5358456373214722, 0.003141415538266301], "reward": 0.8191505211854796}