{"action": [0.45785093307495117, 0.005899212323129177], "reward": 0.7843822749166357}