{"action": [0.30160433053970337, 0.0028689939063042402], "reward": 0.45369751575037626}