{"action": [-0.0772782564163208, 0.0024189327377825975], "reward": 0.4995765793770481}