{"action": [0.3155957758426666, 0.0009324711281806231], "reward": 0.4457705948146148}