{"action": [0.33870723843574524, 8.025836723390967e-05], "reward": 0.4508786737757722}