{"action": [-1.0, 5.365014317249006e-07], "reward": 2.6343744751854085e-07}