{"action": [0.29954782128334045, 0.0007823012419976294], "reward": 0.46604756409272724}