{"action": [0.5507336258888245, 0.001638294430449605], "reward": 0.819103992173017}