{"action": [-1.0, 1.0730028634498012e-06], "reward": 3.5134691369863696e-07}