{"action": [-1.0, 1.0730028634498012e-06], "reward": 3.513695158012185e-07}