{"action": [-1.0, -0.0012607782846316695], "reward": -0.00018891404465914917}