{"action": [-1.0, 1.0730028634498012e-06], "reward": 1.5696616704161912e-07}