{"action": [-1.0, 5.365014317249006e-07], "reward": 5.963407471369935e-07}