{"action": [-1.0, 1.0730028634498012e-06], "reward": 3.1241803647412983e-06}