{"action": [-1.0, 5.365014317249006e-07], "reward": 6.393684474279296e-07}