{"action": [0.598227858543396, 0.006041212473064661], "reward": 0.7639080539445037}