{"action": [0.699999988079071, -0.001085801748558879], "reward": 0.10576209591344272}