{"action": [-1.0, 5.365014317249006e-07], "reward": 3.3713399280220344e-07}