{"action": [0.699999988079071, -0.0010039638727903366], "reward": 0.23635693754268824}