{"action": [-1.0, 5.365014317249006e-07], "reward": 2.448505289867878e-07}