{"action": [-1.0, 5.365014317249006e-07], "reward": 3.81333796998552e-07}