{"action": [0.4228810966014862, -0.005767534486949444], "reward": 0.43876045681159853}