{"action": [0.5661157369613647, -0.0033660007175058126], "reward": 0.4377896917850946}