{"action": [0.37013405561447144, -0.007290225476026535], "reward": 0.4348994226137502}