{"action": [0.22098731994628906, -0.002907895017415285], "reward": 0.48371796457725263}