{"action": [0.2580430805683136, -0.0006232198211364448], "reward": 0.45498299308407625}