{"action": [0.41832593083381653, -0.0009003932937048376], "reward": 0.45403038217296526}