{"action": [0.3713940978050232, -0.0011222608154639602], "reward": 0.45378604019879787}