{"action": [0.48352527618408203, -0.0025758028496056795], "reward": 0.41892472727810887}