{"action": [0.5070662498474121, -0.007114151958376169], "reward": 0.4216275289176622}