{"action": [0.25279366970062256, 0.05170252546668053], "reward": 0.47384007522867516}