{"action": [0.699999988079071, -0.0014883197145536542], "reward": 0.41699259358312163}