{"action": [0.3026319742202759, 0.800000011920929], "reward": 0.08923219882058915}