{"action": [0.27207016944885254, 0.46939414739608765], "reward": 0.28180762957468297}