{"action": [0.2476322054862976, 0.02723674662411213], "reward": 0.4770265112981326}