{"action": [0.269694060087204, 0.344211608171463], "reward": 0.3486188046021339}