{"action": [0.26425525546073914, 0.0052465894259512424], "reward": 0.47802552239197665}