{"action": [0.6759106516838074, 4.4304132984507305e-07], "reward": 0.7759362300075914}