{"action": [0.5084301829338074, 0.002654752926900983], "reward": 0.8464051784154445}