{"action": [0.6417616009712219, -3.3249857551709283e-06], "reward": 0.8003130617462856}