{"action": [0.699999988079071, 0.002542092464864254], "reward": 0.5484312899345224}