{"action": [0.6767464280128479, 0.0027358555234968662], "reward": 0.7931350234787157}