{"action": [0.48281028866767883, 0.0025304299779236317], "reward": 0.8345915675363281}