{"action": [0.5003843307495117, 0.003774726064875722], "reward": 0.8340705557499282}