{"action": [0.699999988079071, 0.009484796784818172], "reward": 0.8359966280470761}