{"action": [0.5045585632324219, 0.0026618451811373234], "reward": 0.8412154442961576}