{"action": [0.699999988079071, 0.004883358255028725], "reward": 0.8662472739227585}