{"action": [0.699999988079071, 0.00465552369132638], "reward": 0.9395161906462924}