{"action": [0.699999988079071, 0.0017940140096470714], "reward": 0.6896572609825302}