{"action": [0.699999988079071, 0.004969050642102957], "reward": 0.695386086521582}