{"action": [0.699999988079071, 0.005054498091340065], "reward": 0.6720614604640426}