{"action": [0.699999988079071, 0.004607381299138069], "reward": 0.9239343887953912}