{"action": [0.699999988079071, 0.00327790598385036], "reward": 0.9377234521892344}