{"action": [0.699999988079071, 2.4131299142027274e-05], "reward": 0.5515021391961541}