{"action": [0.06623271107673645, 0.004465005360543728], "reward": 0.4312040355021491}