{"action": [0.699999988079071, -0.006906220223754644], "reward": -0.3847840761628085}