{"action": [-0.72593092918396, 0.005846032872796059], "reward": 0.6615122514615418}