{"action": [-1.0, 0.0030054461676627398], "reward": 0.41454916948881354}