{"action": [0.699999988079071, 0.004430548753589392], "reward": 0.8449282845920245}