{"action": [0.699999988079071, 0.0017172396183013916], "reward": 0.704971248744893}