{"action": [0.699999988079071, 0.0040776715613901615], "reward": 0.7461500333462057}