{"action": [0.699999988079071, -0.004424187820404768], "reward": -0.8048132485920492}