{"action": [0.699999988079071, 0.002032679971307516], "reward": 0.8321441160510316}