{"action": [0.699999988079071, -0.004918786231428385], "reward": 0.39433572167869674}