{"action": [0.699999988079071, 0.00394780095666647], "reward": 0.9376756671879983}