{"action": [0.699999988079071, -0.006580989342182875], "reward": 0.28462573319138185}