{"action": [-0.5630906224250793, 0.006445880513638258], "reward": 0.584668174248886}