{"action": [0.699999988079071, -0.0038626526948064566], "reward": 0.5370306394749831}