{"action": [0.699999988079071, 0.009370687417685986], "reward": 0.6091561894098821}