{"action": [0.699999988079071, 5.962192972219782e-06], "reward": 0.017085305517404982}