{"action": [0.699999988079071, -0.013107998296618462], "reward": -1.220919523977995}