{"action": [0.699999988079071, -0.002653067233040929], "reward": -1.3641142664689823}