{"action": [0.699999988079071, 0.0021610751282423735], "reward": 0.7611392614726791}