{"action": [0.699999988079071, -0.007076508831232786], "reward": -1.0947921337496793}