{"action": [0.699999988079071, 0.036903973668813705], "reward": 0.4537652191094656}