{"action": [0.699999988079071, 0.010581666603684425], "reward": 0.507951389079643}