{"action": [0.5631011724472046, -0.026496609672904015], "reward": 0.7645463113143519}