{"action": [-1.0, 0.04547730088233948], "reward": -0.17593720770164245}