{"action": [0.39393505454063416, 0.012608935125172138], "reward": 0.8560587144303736}