{"action": [0.49184733629226685, -0.3724231421947479], "reward": 0.754618915573674}