{"action": [0.38460755348205566, 0.01172771118581295], "reward": 0.871271105568227}