{"action": [0.3912709057331085, 0.01217128336429596], "reward": 0.8664642398806601}