{"action": [0.5111677646636963, -0.800000011920929], "reward": 0.1967147179382719}