{"action": [0.4089505672454834, 0.0034735656809061766], "reward": 0.8731218115552981}