{"action": [0.699999988079071, 0.01488753966987133], "reward": 0.6099986683091217}