{"action": [0.699999988079071, -0.001969246193766594], "reward": -0.000293296244224651}