{"action": [0.39868560433387756, 0.00035152543568983674], "reward": 0.8771063774747221}