{"action": [0.4224214255809784, 0.0007535048061981797], "reward": 0.8918353343222346}