{"action": [0.699999988079071, -0.007928241975605488], "reward": 0.6527046446025933}