{"action": [0.4993641972541809, 0.5699272751808167], "reward": 0.7340650867424651}