{"action": [0.5721505880355835, -0.0006665466353297234], "reward": 0.8149558991597798}