{"action": [0.47301870584487915, -0.0035729019436985254], "reward": 0.87552893350716}