{"action": [0.46557730436325073, -0.004456797149032354], "reward": 0.8893446035272805}