{"action": [0.5025860071182251, 0.48443421721458435], "reward": 0.7636772645146532}