{"action": [0.43072450160980225, -0.004049750976264477], "reward": 0.8550500603934358}