{"action": [0.699999988079071, -0.006584692280739546], "reward": 0.769828247510402}