{"action": [0.4912182688713074, 0.6240535378456116], "reward": 0.6677359489895225}