{"action": [0.4900723695755005, -0.00018032320076599717], "reward": 0.8727278340939598}