{"action": [0.699999988079071, -0.0012365527218207717], "reward": 0.664574447175322}