{"action": [0.4826120138168335, 0.7226459383964539], "reward": 0.601690656275762}