{"action": [0.699999988079071, -0.02316407673060894], "reward": 0.6726315518899434}