{"action": [0.4929477274417877, 0.3264859616756439], "reward": 0.4856222870340516}