{"action": [0.6440613269805908, 0.00014833969180472195], "reward": 0.7282451164891118}