{"action": [0.5351601243019104, 0.800000011920929], "reward": 0.40689038438969066}