{"action": [0.2968604266643524, -0.3352526128292084], "reward": 0.5516435283885525}