{"action": [0.699999988079071, 0.013126209378242493], "reward": 0.607078857704841}