{"action": [0.2999919652938843, -0.2749987244606018], "reward": 0.5974315150165876}