{"action": [0.486159086227417, 0.11741061508655548], "reward": 0.6372420304620457}