{"action": [0.6435725092887878, -0.020697806030511856], "reward": 0.7706155076782788}