{"action": [0.4356042742729187, -0.3917429745197296], "reward": 0.7479073004113721}