{"action": [0.4482421278953552, -0.3585730195045471], "reward": 0.7830795992646686}