{"action": [0.699999988079071, -0.07642926275730133], "reward": 0.6955675632458718}