{"action": [0.699999988079071, 0.10349402576684952], "reward": -0.014934913579249877}