{"action": [0.5655240416526794, -0.11339908838272095], "reward": 0.6414025232285913}