{"action": [0.699999988079071, 0.04400148615241051], "reward": 0.3366079180409001}