{"action": [0.4792971611022949, -0.05880693346261978], "reward": 0.6908872782912666}