{"action": [0.5004422068595886, 0.00034233502810820937], "reward": 0.8678204721038049}