{"action": [0.6316986083984375, -0.00013909756671637297], "reward": 0.7444366352252364}