{"action": [0.39868876338005066, -0.038679610937833786], "reward": 0.7015938404310172}