{"action": [0.5163978934288025, -0.07175908237695694], "reward": 0.6734865220898023}