{"action": [0.5267888903617859, 0.0010900588240474463], "reward": 0.8380190771667365}