{"action": [0.6602258682250977, -0.0018652314320206642], "reward": 0.8006765931515977}