{"action": [0.699999988079071, -0.0005758227198384702], "reward": 0.6828861722600859}