{"action": [0.518394410610199, 0.0016898541944101453], "reward": 0.8326091382647455}