{"action": [0.5253642797470093, 0.0017548712203279138], "reward": 0.8373347820148888}