{"action": [0.59367436170578, -9.498226427240297e-05], "reward": 0.8049291056710595}