{"action": [0.699999988079071, -0.021467458456754684], "reward": 0.5885986778667961}