{"action": [0.699999988079071, 3.8248239434324205e-05], "reward": 0.6296778329837931}