{"action": [0.49309808015823364, 0.800000011920929], "reward": 0.21661271892714595}