{"action": [0.563583254814148, 0.6501687169075012], "reward": 0.6372648515197306}