{"action": [0.699999988079071, -0.00010760188160929829], "reward": 0.6395502959755486}