{"action": [0.699999988079071, 0.0031062839552760124], "reward": 0.8022226086895274}