{"action": [0.6336588859558105, 1.7108475731220096e-05], "reward": 0.7195661101454063}