{"action": [-1.0, -0.0038027220871299505], "reward": 0.21934237926182898}