{"action": [0.6800349950790405, -0.010031585581600666], "reward": 0.6639424279830476}