{"action": [-0.5467525720596313, -0.0037797654513269663], "reward": 0.570381330162914}