{"action": [-1.0, -0.003579537384212017], "reward": 0.001096917631191554}