{"action": [0.3544936776161194, 0.005105869844555855], "reward": 0.8460148025802674}