{"action": [0.35260483622550964, 0.004169262479990721], "reward": 0.8704684665229243}