{"action": [0.4622708559036255, -0.02426200546324253], "reward": 0.8153826543750576}