{"action": [0.5259276032447815, -0.013504784554243088], "reward": 0.7695845509644622}