{"action": [0.699999988079071, -0.0007892812718637288], "reward": 0.4233297040422681}