{"action": [0.5377789735794067, 0.0014623915776610374], "reward": 0.7770980556307884}