{"action": [0.6322970390319824, 0.011261926963925362], "reward": 0.7667621024822014}