{"action": [-1.0, 0.006800155155360699], "reward": 0.0005385102831150785}