{"action": [0.699999988079071, -0.00010395955905551091], "reward": 0.44230715583575386}