{"action": [0.6053348779678345, 0.010323967784643173], "reward": 0.7858367607303205}