{"action": [-1.0, 0.006848440505564213], "reward": -0.0006071289680564197}