{"action": [-1.0, -0.01932048797607422], "reward": -0.002618751060091674}