{"action": [-1.0, -0.007995298132300377], "reward": 0.8150213627092988}