{"action": [0.4704442620277405, -0.0031674441415816545], "reward": 0.8558404913159833}