{"action": [0.4937843680381775, 4.244506999384612e-05], "reward": 0.867312896467604}