{"action": [0.4570404887199402, -2.1574534912360832e-05], "reward": 0.8900992414007299}