{"action": [-1.0, -0.02069929800927639], "reward": -0.002652591174720098}