{"action": [0.699999988079071, 0.022257355973124504], "reward": 0.6830699472115828}