{"action": [0.5439634323120117, -0.800000011920929], "reward": -0.12000000178813934}