{"action": [0.48837679624557495, 0.800000011920929], "reward": 0.3787953837307148}