{"action": [0.47567737102508545, 0.6564555168151855], "reward": 0.5561131439131127}