{"action": [0.5427800416946411, -0.0029522129334509373], "reward": 0.843230697484027}