{"action": [0.47805988788604736, 0.6203687191009521], "reward": 0.5940391572500537}