{"action": [0.5464802384376526, 0.0027627097442746162], "reward": 0.7481970309825717}