{"action": [0.699999988079071, 0.0012741261161863804], "reward": 0.5351170346140264}