{"action": [0.699999988079071, 0.00645650876685977], "reward": 0.5791520276723855}