{"action": [0.699999988079071, -0.0014436730416491628], "reward": 0.582174548663108}