{"action": [0.699999988079071, -0.0034697935916483402], "reward": 0.6549377183677209}