{"action": [0.699999988079071, -0.0029267503414303064], "reward": 0.5943891279440846}