{"action": [0.699999988079071, -0.0035476882476359606], "reward": 0.6426737984281077}