{"action": [0.699999988079071, -0.006569358054548502], "reward": 0.6842476218451669}