{"action": [0.6599830389022827, -0.0004816487489733845], "reward": 0.6950718013390212}