{"action": [0.38041576743125916, 0.0038565974682569504], "reward": 0.8924594350600821}