{"action": [0.5646927952766418, -4.265162715455517e-05], "reward": 0.8693953920080338}