{"action": [0.699999988079071, -0.002839891240000725], "reward": 0.6440060757582959}