{"action": [0.699999988079071, -0.004008824005723], "reward": 0.6329199103840182}