{"action": [-1.0, -0.0003141531487926841], "reward": 0.6489570911317918}