{"action": [0.6281798481941223, -0.00028846095665358007], "reward": 0.8403427414058106}