{"action": [0.5826296210289001, -0.0002941496786661446], "reward": 0.8803248935730027}