{"action": [0.6840030550956726, 0.0015575130237266421], "reward": 0.693756670029269}