{"action": [0.4794338047504425, -0.000270165444817394], "reward": 0.91692293295982}