{"action": [0.699999988079071, 0.0030148052610456944], "reward": 0.5218357049936538}