{"action": [-1.0, 0.0031964753288775682], "reward": -0.00046148727989706777}