{"action": [0.699999988079071, 0.00272311526350677], "reward": 0.20931617873191827}