{"action": [0.273652046918869, 0.0017274534329771996], "reward": 0.43326869240762445}