{"action": [-1.0, 0.00043778514373116195], "reward": -6.514051988076814e-05}