{"action": [0.699999988079071, 0.033837370574474335], "reward": -0.005075432754850046}