{"action": [0.699999988079071, 0.6698312759399414], "reward": 0.2766305700100558}