{"action": [0.5798535943031311, 0.800000011920929], "reward": 0.035440517783462175}