{"action": [0.34044235944747925, 0.11506429314613342], "reward": 0.3663000049159022}