{"action": [0.699999988079071, -0.034647081047296524], "reward": 0.5270807133355931}