{"action": [0.3099975883960724, -0.0017986006569117308], "reward": 0.933272849286838}