{"action": [0.1871652752161026, 0.2343606948852539], "reward": 0.36246455871780603}