{"action": [0.699999988079071, -0.23917873203754425], "reward": 0.2882769303503032}