{"action": [0.5890854001045227, -0.0031735796947032213], "reward": 0.7432120196237573}