{"action": [0.6567941904067993, 0.0036114987451583147], "reward": 0.6807363953950105}