{"action": [0.699999988079071, -0.09370474517345428], "reward": 0.43129878706184993}