{"action": [0.45693960785865784, -0.004302943591028452], "reward": 0.8628753599215218}