{"action": [0.699999988079071, -0.007870696485042572], "reward": 0.5398626898191131}