{"action": [0.6917617321014404, -0.008765500970184803], "reward": 0.38707503297469703}