{"action": [0.699999988079071, -0.0015559230232611299], "reward": 0.4901183307649344}