{"action": [0.699999988079071, -0.0040984973311424255], "reward": 0.7631016537079001}