{"action": [0.3464522063732147, -0.00552098173648119], "reward": 0.9275378103563183}