{"action": [0.699999988079071, 0.01821204088628292], "reward": 0.7153617356100563}