{"action": [0.5510729551315308, 0.005661656614392996], "reward": 0.8509433341340665}