{"action": [0.5173968076705933, -0.006409663241356611], "reward": 0.8768939768122642}