{"action": [0.6897805333137512, 0.0026128957979381084], "reward": 0.6871653339647239}