{"action": [0.699999988079071, 0.008519000373780727], "reward": 0.7352760621823257}