{"action": [0.699999988079071, -0.0165553018450737], "reward": 0.4526091683357676}