{"action": [0.699999988079071, -0.011150461621582508], "reward": 0.6886425986089787}