{"action": [0.699999988079071, -0.012617946602404118], "reward": 0.46643569431117043}