{"action": [0.699999988079071, -0.018359098583459854], "reward": 0.5211909118225583}