{"action": [0.6210374236106873, 0.006735236383974552], "reward": 0.8169473263391033}