{"action": [0.48478519916534424, -0.005431084427982569], "reward": 0.8225208733062375}