{"action": [0.699999988079071, 0.03420505300164223], "reward": 0.3653638581140806}