{"action": [0.699999988079071, -0.008499030955135822], "reward": 0.6515344343419941}