{"action": [0.17342855036258698, 0.6987707018852234], "reward": 0.5166872225184657}