{"action": [0.5850778222084045, 0.6540720462799072], "reward": 0.5057342520092316}