{"action": [0.699999988079071, -0.007891276851296425], "reward": 0.6890449351024318}