{"action": [0.699999988079071, 0.24483542144298553], "reward": 0.4498545308582764}