{"action": [0.42193806171417236, 0.18577983975410461], "reward": 0.5986213700598647}