{"action": [0.3531702756881714, 0.017667528241872787], "reward": 0.39676667473538685}