{"action": [0.699999988079071, -0.0051544602029025555], "reward": 0.03702964044252012}