{"action": [0.699999988079071, 0.0006876846309751272], "reward": 0.3583566692200511}