{"action": [0.699999988079071, -0.014404085464775562], "reward": 0.5905848690581751}