{"action": [0.699999988079071, 0.002607160247862339], "reward": 0.19008734216459697}