{"action": [0.699999988079071, 0.010005595162510872], "reward": 0.6047365448912926}