{"action": [0.4219169616699219, -0.0019202162511646748], "reward": 0.9251733713739468}