{"action": [0.31023257970809937, -0.0013465882511809468], "reward": 0.9442391942896641}