{"action": [0.699999988079071, 0.0019360294099897146], "reward": 0.5653810226993808}