{"action": [0.48275017738342285, 0.015367506071925163], "reward": 0.7589920522045411}