{"action": [0.699999988079071, -0.019638128578662872], "reward": 0.46439293842863316}