{"action": [0.699999988079071, 0.007814597338438034], "reward": 0.3827391975382061}