{"action": [0.6071326732635498, -0.01240532472729683], "reward": 0.7923293943858921}