{"action": [0.3585326671600342, -0.002987513318657875], "reward": 0.9266023728814419}