{"action": [0.41574615240097046, -0.00712506053969264], "reward": 0.8837930735663266}