{"action": [0.5444114804267883, 0.0011706161312758923], "reward": 0.8365005397903454}