{"action": [0.34495723247528076, -0.0023338673636317253], "reward": 0.9251971782748136}