{"action": [0.4701387286186218, 0.5846948623657227], "reward": 0.639410744000317}