{"action": [0.350935161113739, -0.0022520318161696196], "reward": 0.923483981602596}