{"action": [0.662284255027771, -0.0029584767762571573], "reward": 0.7180827351953427}