{"action": [0.699999988079071, -0.0020441152155399323], "reward": -0.00012062377288781683}