{"action": [0.5999945402145386, -0.006135769188404083], "reward": 0.8104749251083071}