{"action": [0.699999988079071, -0.002075055381283164], "reward": 0.0002454015812897604}