{"action": [0.699999988079071, 0.0018318227957934141], "reward": 0.5883063690440417}