{"action": [0.699999988079071, 0.00216702651232481], "reward": 0.5872659873608503}