{"action": [0.6792019009590149, 0.0023086059372872114], "reward": 0.7816580579906941}