{"action": [0.5075715184211731, 2.8267502329981653e-06], "reward": 0.7840529951449059}