{"action": [0.5498387217521667, -3.896356020050007e-07], "reward": 0.6999942757508519}