{"action": [0.32460159063339233, 0.0015469379723072052], "reward": 0.9107340350397414}