{"action": [0.699999988079071, 0.008176912553608418], "reward": 0.5208790308234293}