{"action": [0.699999988079071, -0.002016161335632205], "reward": 0.6495150838009094}