{"action": [0.699999988079071, 0.001374226063489914], "reward": 0.7740947524939052}