{"action": [0.699999988079071, 0.011824854649603367], "reward": 0.6299946505536567}