{"action": [0.6368024349212646, 0.014604026451706886], "reward": 0.7231204895007279}