{"action": [0.699999988079071, 0.00027470479835756123], "reward": 0.6532165353544555}