{"action": [0.5575596690177917, -0.00011554497905308381], "reward": 0.8524220999434485}