{"action": [0.493651807308197, -0.0002313833829248324], "reward": 0.8742736318283377}