{"action": [0.3188023567199707, -0.006967265158891678], "reward": 0.9125218354724944}