{"action": [0.3784507215023041, -0.008343671448528767], "reward": 0.9069166591810297}