{"action": [0.699999988079071, -0.0009737312793731689], "reward": 0.6348709618065913}