{"action": [0.699999988079071, -0.005721376743167639], "reward": 0.5433905486120048}