{"action": [0.699999988079071, -0.0005023347912356257], "reward": 0.6340987921387847}