{"action": [0.5167536735534668, 4.550863195618149e-06], "reward": 0.8912173192932334}