{"action": [0.3303688168525696, 0.00017481451504863799], "reward": 0.9586395585866386}