{"action": [0.3518470525741577, -0.002432512119412422], "reward": 0.9570578389972835}