{"action": [0.699999988079071, -0.5506687164306641], "reward": 0.3347420852496867}