{"action": [0.6618028879165649, -0.800000011920929], "reward": 0.16503515503817923}