{"action": [0.457505464553833, -0.001975105609744787], "reward": 0.9019408824744354}