{"action": [0.43203824758529663, -0.001747257076203823], "reward": 0.9126927856830326}