{"action": [0.699999988079071, 0.0397091843187809], "reward": 0.17443343315885979}