{"action": [0.699999988079071, 0.006380259990692139], "reward": 0.16548373650191614}