{"action": [0.4248754382133484, -0.0033402207773178816], "reward": 0.9091603308255068}