{"action": [0.699999988079071, -0.010571916587650776], "reward": 0.12916041044146903}