{"action": [0.699999988079071, -0.014791515655815601], "reward": 0.16438781552897672}