{"action": [0.699999988079071, -0.015292395837605], "reward": 0.24531920650355862}