{"action": [0.699999988079071, -0.015704069286584854], "reward": 0.23210178996685712}