{"action": [0.699999988079071, -0.014103364199399948], "reward": 0.14903782921960296}