{"action": [0.699999988079071, -0.005274446215480566], "reward": 0.193501578802037}