{"action": [0.699999988079071, -0.005579930264502764], "reward": 0.18032131618118596}