{"action": [0.699999988079071, -0.0050005437806248665], "reward": 0.15809997280674604}