{"action": [0.699999988079071, -0.006698175333440304], "reward": 0.16269164884527865}