{"action": [0.699999988079071, -0.003659280249848962], "reward": 0.12180711180403629}