{"action": [0.699999988079071, -0.0016543591627851129], "reward": 0.30581156595795184}