{"action": [0.699999988079071, -0.001966427080333233], "reward": 0.28158081395987256}