{"action": [0.699999988079071, -0.0024437594693154097], "reward": 0.24402239103837858}