{"action": [0.699999988079071, -0.0020350355189293623], "reward": 0.26924746459712895}