{"action": [0.699999988079071, -0.0010613135527819395], "reward": 0.3523302870651799}