{"action": [0.699999988079071, -0.00027420793776400387], "reward": 0.2902088680640822}