{"action": [0.699999988079071, -2.3694037736277096e-06], "reward": 0.32265405660384633}