{"action": [0.699999988079071, 0.003786947811022401], "reward": 0.44894851230727256}