{"action": [0.699999988079071, 0.004326537251472473], "reward": 0.4104042398396149}