{"action": [0.699999988079071, 0.0019057916942983866], "reward": 0.19198788008469564}