{"action": [0.699999988079071, 0.004025662317872047], "reward": 0.2705333686141252}