{"action": [0.699999988079071, 0.0006932964315637946], "reward": 0.3022260051472507}