{"action": [0.699999988079071, -0.005030715838074684], "reward": 0.1588305695561059}