{"action": [0.699999988079071, -0.0024197911843657494], "reward": 0.0939607870806224}