{"action": [0.699999988079071, -0.0029114617500454187], "reward": 0.20083927178559116}