{"action": [0.699999988079071, -0.0032657100819051266], "reward": 0.24523128766096502}