{"action": [0.699999988079071, -0.012075959704816341], "reward": 0.28201780334760923}