{"action": [0.699999988079071, -0.010812904685735703], "reward": 0.31961552488200623}