{"action": [0.699999988079071, -0.01000918447971344], "reward": 0.33177074212937835}