{"action": [0.699999988079071, -0.004893300123512745], "reward": 0.3773645446362143}