{"action": [0.699999988079071, -0.4862828850746155], "reward": 0.24833121311323264}