{"action": [0.699999988079071, -0.0010688838083297014], "reward": 0.18535376961168412}