{"action": [0.699999988079071, -0.0003741348918993026], "reward": 0.16066644328080523}