{"action": [0.699999988079071, -0.0009503554319962859], "reward": 0.21429703377439305}