{"action": [0.699999988079071, -0.002267091302201152], "reward": 0.20752127449012658}