{"action": [0.699999988079071, -0.0047432538121938705], "reward": 0.2810806898701107}