{"action": [0.699999988079071, -0.004529591184109449], "reward": 0.3045791613817001}