{"action": [0.699999988079071, -0.002187742618843913], "reward": 0.18965981035856047}