{"action": [0.699999988079071, -0.0012400312116369605], "reward": 0.23879236136488427}