{"action": [0.699999988079071, 8.498042734572664e-05], "reward": 0.14660903435443}