{"action": [0.699999988079071, -8.499652182081263e-08], "reward": 0.14872778078197346}