{"action": [0.699999988079071, 0.0007485480746254325], "reward": 0.32419819476175016}