{"action": [0.699999988079071, -6.923544424353167e-05], "reward": 0.5752559894293129}