{"action": [0.4580633044242859, -0.09283358603715897], "reward": 0.7088409068284292}