{"action": [0.699999988079071, -0.0008696477161720395], "reward": 0.2013216627911527}