{"action": [0.699999988079071, -0.002473666565492749], "reward": 0.21867950619840582}