{"action": [0.699999988079071, -0.0034179233480244875], "reward": 0.19020463047621683}