{"action": [0.699999988079071, -0.003407150972634554], "reward": 0.19866641699081486}