{"action": [0.699999988079071, -0.0005930644110776484], "reward": 0.19939638575497823}