{"action": [0.699999988079071, -0.00018373703642282635], "reward": 0.33802202714538016}