{"action": [0.699999988079071, -0.006374815013259649], "reward": 0.10402663442423062}