{"action": [0.699999988079071, -0.008083137683570385], "reward": 0.13429299629742197}