{"action": [0.699999988079071, -0.011851835064589977], "reward": 0.06439092402187728}