{"action": [0.699999988079071, -0.012134291231632233], "reward": 0.13316113519087672}