{"action": [0.699999988079071, -0.004625750705599785], "reward": 0.2392046647061196}