{"action": [0.699999988079071, -0.008401598781347275], "reward": 0.1727916363499747}