{"action": [0.699999988079071, -0.00521483039483428], "reward": 0.049326112664792934}