{"action": [0.699999988079071, -0.004715415649116039], "reward": 0.12655255037630495}