{"action": [0.699999988079071, -0.004648764617741108], "reward": 0.04678749155648521}