{"action": [0.699999988079071, -0.0035594096407294273], "reward": 0.07644217108151627}