{"action": [0.699999988079071, -0.0019708797335624695], "reward": 0.13016781122366555}