{"action": [0.699999988079071, -0.006437226198613644], "reward": 0.1178288864421225}