{"action": [0.699999988079071, -0.006139178294688463], "reward": 0.13208696785472607}