{"action": [0.699999988079071, -0.005861415062099695], "reward": 0.14606774409869927}