{"action": [0.699999988079071, -0.0007704837480559945], "reward": 0.18309615933830406}