{"action": [0.699999988079071, -0.0026887322310358286], "reward": 0.23881392255357314}