{"action": [0.699999988079071, 1.616644840396475e-05], "reward": 0.18566077480282922}