{"action": [0.699999988079071, 0.0004545721458271146], "reward": 0.2014040411010853}