{"action": [0.699999988079071, 0.0022374759428203106], "reward": 0.24948577390123594}