{"action": [0.699999988079071, 0.002013994613662362], "reward": 0.22387774113806463}