{"action": [0.699999988079071, 0.0009278941433876753], "reward": 0.30344973825430116}