{"action": [0.699999988079071, 0.003091298509389162], "reward": 0.18185439497462774}