{"action": [0.699999988079071, 0.005547371692955494], "reward": 0.12667382382947773}