{"action": [0.699999988079071, 0.005189966410398483], "reward": 0.15422048562943985}