{"action": [0.699999988079071, 0.003266461193561554], "reward": 0.19566567465238277}