{"action": [0.699999988079071, 0.004839207511395216], "reward": 0.2588214501583363}