{"action": [0.699999988079071, 0.004656653851270676], "reward": 0.3812349301351081}