{"action": [0.699999988079071, 0.0026110520120710135], "reward": 0.4477162899265029}