{"action": [0.699999988079071, 0.01809319667518139], "reward": 0.4304591771070187}