{"action": [0.699999988079071, 0.06631854176521301], "reward": -0.00994746348412758}