{"action": [0.699999988079071, 0.005241549573838711], "reward": 0.48417924928837425}