{"action": [-1.0, 0.00032619285047985613], "reward": 0.333952026725536}