{"action": [0.699999988079071, 0.0064671277068555355], "reward": 0.7460051902704004}