{"action": [0.699999988079071, -0.0007117164204828441], "reward": 0.7683753240869815}