{"action": [-1.0, -0.0017310184193775058], "reward": 0.899498739385649}