{"action": [0.5466700196266174, -0.0010674071963876486], "reward": 0.8767248058170602}