{"action": [0.2810758054256439, -0.0036279892083257437], "reward": 0.46432477721275495}