{"action": [0.26592954993247986, -0.0035572873894125223], "reward": 0.46005791427192244}