{"action": [0.2531445622444153, -0.0010607960866764188], "reward": 0.49686716964880345}