{"action": [0.3067268133163452, -0.001059768837876618], "reward": 0.49586141746341694}