{"action": [0.3056987524032593, -0.0009578200406394899], "reward": 0.4992403307775739}