{"action": [0.528166651725769, -0.25643956661224365], "reward": 0.8240448586860949}