{"action": [0.699999988079071, -0.03408851474523544], "reward": 0.012445030753297342}