{"action": [0.699999988079071, -0.03719629347324371], "reward": -0.005574027980272075}