{"action": [0.699999988079071, -0.0368991494178772], "reward": -0.005515776724147351}