{"action": [0.699999988079071, -0.014967312105000019], "reward": 0.4753323458036213}