{"action": [0.699999988079071, -0.0008846392738632858], "reward": 0.6675185246004258}