{"action": [0.6541500687599182, 0.0036748950369656086], "reward": 0.7580761955072053}