{"action": [0.699999988079071, 0.009319338947534561], "reward": 0.2875872374460244}