{"action": [0.699999988079071, 0.004132666625082493], "reward": 0.6478851314084252}