{"action": [0.699999988079071, -0.38632044196128845], "reward": 0.28314623308806813}