{"action": [0.699999988079071, -0.0005822790553793311], "reward": 0.5788400705737073}