{"action": [0.5210283398628235, 0.024943087249994278], "reward": 0.7805362826469868}