{"action": [0.699999988079071, 0.03761843964457512], "reward": 0.6020043279514231}