{"action": [0.699999988079071, 0.017364097759127617], "reward": 0.6495273318755522}