{"action": [0.6683349013328552, 0.015378197655081749], "reward": 0.7747213323158869}