{"action": [0.3991796374320984, 0.34010976552963257], "reward": 0.7760820884024301}