{"action": [0.6535303592681885, 0.800000011920929], "reward": 0.4412856180321299}