{"action": [0.47918057441711426, 0.1974242478609085], "reward": 0.6874308617641881}