{"action": [0.5413045883178711, -0.006445474456995726], "reward": 0.7897917883492722}