{"action": [0.5501559376716614, -0.004957044962793589], "reward": 0.7701534976785652}