{"action": [0.5246692299842834, -0.008080090396106243], "reward": 0.8111945896652953}