{"action": [0.699999988079071, -0.011790867894887924], "reward": 0.639183087361377}