{"action": [0.699999988079071, -0.01344145368784666], "reward": 0.6379177989622821}