{"action": [0.2906014025211334, -0.0002320927451364696], "reward": 0.9424136792406165}