{"action": [0.699999988079071, -0.001089014345780015], "reward": 0.9445314424450666}