{"action": [0.6896668076515198, -0.0028764468152076006], "reward": 0.7692427982489585}