{"action": [0.699999988079071, 0.005150415003299713], "reward": 0.4931271183225268}