{"action": [0.699999988079071, 0.010668902657926083], "reward": 0.5360428695670301}