{"action": [0.3845478892326355, 0.007838286459445953], "reward": 0.908851140981482}