{"action": [0.3521471917629242, 0.008820883929729462], "reward": 0.8944874252676455}