{"action": [0.699999988079071, 0.012563756667077541], "reward": 0.6096861963303906}