{"action": [0.699999988079071, -0.00022550862922798842], "reward": 0.4495746934240784}