{"action": [0.699999988079071, -0.0040662591345608234], "reward": 0.7208881908376926}