{"action": [0.699999988079071, -0.015271715819835663], "reward": 0.5167041971810811}