{"action": [0.6341699361801147, -0.012456436641514301], "reward": 0.7380546793355556}