{"action": [0.4669452905654907, -0.004912656266242266], "reward": 0.7400082644411646}