{"action": [0.699999988079071, -0.006785607431083918], "reward": 0.6639962022254174}