{"action": [0.5795151591300964, -0.003192456904798746], "reward": 0.8283019315428818}