{"action": [0.34086209535598755, -0.0008267277735285461], "reward": 0.9300852659781751}