{"action": [0.6693768501281738, -0.0027400078251957893], "reward": 0.7573608364531982}