{"action": [0.539844274520874, -0.00229540653526783], "reward": 0.7793731571015927}