{"action": [0.699999988079071, -0.013011228293180466], "reward": 0.49815175181433424}