{"action": [0.699999988079071, -0.009543195366859436], "reward": 0.4772540115406209}