{"action": [0.6230944991111755, -0.004165022633969784], "reward": 0.7528807202191585}