{"action": [0.699999988079071, -0.0036635950673371553], "reward": 0.7601809670121473}