{"action": [0.5901496410369873, -0.0021125900093466043], "reward": 0.7944197857379479}