{"action": [0.651195764541626, 0.01315608061850071], "reward": 0.8332013727810691}