{"action": [0.5121902227401733, 0.07557502388954163], "reward": 0.899660089570791}