{"action": [0.5408167839050293, -0.02266629971563816], "reward": 0.7552923545067873}