{"action": [0.699999988079071, -0.02257833443582058], "reward": 0.5261454824884497}