{"action": [0.699999988079071, -0.012742389924824238], "reward": 0.6463966221604054}