{"action": [0.699999988079071, -0.01653805375099182], "reward": 0.6492435335469237}