{"action": [0.4711903929710388, -0.004247243050485849], "reward": 0.440548438553639}