{"action": [0.699999988079071, -0.010870889760553837], "reward": 0.7188086386871819}