{"action": [0.38113415241241455, -0.0002204426855314523], "reward": 0.8909036949286958}