{"action": [0.3714343309402466, -0.00044465679093264043], "reward": 0.8874601460555999}