{"action": [0.514163076877594, 0.00668494263663888], "reward": 0.8290569753173945}