{"action": [0.699999988079071, 0.01076100580394268], "reward": 0.7634933685851489}