{"action": [0.699999988079071, 0.010704034008085728], "reward": 0.6576532061885889}