{"action": [0.699999988079071, 0.010474925860762596], "reward": 0.6403224871397358}