{"action": [0.682599663734436, 0.0032255221158266068], "reward": 0.7345432607304678}