{"action": [-1.0, -0.00020816254254896194], "reward": 0.3005071492319622}