{"action": [-1.0, -0.0003154628211632371], "reward": -4.715173393346567e-05}