{"action": [-1.0, -0.0003154628211632371], "reward": -4.717890228801064e-05}