{"action": [0.699999988079071, -0.00124995072837919], "reward": 0.5704813487568067}