{"action": [0.699999988079071, -0.0007030300330370665], "reward": 0.4067901877785644}