{"action": [0.699999988079071, -0.006269765552133322], "reward": 0.49659713251572546}