{"action": [0.4635985195636749, 0.800000011920929], "reward": 0.6086260745079899}