{"action": [0.40974336862564087, 0.800000011920929], "reward": 0.6369394272521671}