{"action": [0.33915600180625916, 0.800000011920929], "reward": 0.2596689443408354}