{"action": [0.3965826630592346, 0.800000011920929], "reward": 0.531664084571484}