{"action": [0.5821861028671265, 0.03137112036347389], "reward": 0.37244003788346364}