{"action": [0.699999988079071, -0.23040343821048737], "reward": 0.3780710053916975}