{"action": [0.699999988079071, -0.2540888786315918], "reward": 0.37323465439664155}