{"action": [0.699999988079071, -0.003474192228168249], "reward": 0.0757187776942463}