{"action": [0.6397271752357483, -0.03703375160694122], "reward": 0.695345458535352}