{"action": [0.699999988079071, -0.003072359599173069], "reward": 0.14256064414045122}