{"action": [0.699999988079071, -0.009735196828842163], "reward": 0.2849440150339978}