{"action": [0.699999988079071, -0.003858742071315646], "reward": 0.42975230121975594}