{"action": [0.699999988079071, 0.19650405645370483], "reward": 0.6109279897465766}