{"action": [0.699999988079071, 0.2964285612106323], "reward": 0.5920813956091803}