{"action": [0.699999988079071, 0.033653393387794495], "reward": 0.5020258007893619}