{"action": [0.699999988079071, 0.009782357141375542], "reward": 0.44177594005726945}