{"action": [0.6623145937919617, 0.0007118652574717999], "reward": 0.7319754156404126}