{"action": [0.4261082410812378, 8.126960892695934e-05], "reward": 0.9471557441625433}