{"action": [0.6283636689186096, 0.00011422598618082702], "reward": 0.7557136848757243}