{"action": [0.4810093343257904, 3.0368921215995215e-05], "reward": 0.9138660792054224}