{"action": [0.564149022102356, 0.0003941529430449009], "reward": 0.8345232764155087}