{"action": [0.5986172556877136, 0.003785504261031747], "reward": 0.7235249932170286}