{"action": [0.2399071305990219, 0.0015302307438105345], "reward": 0.9523354043178565}