{"action": [0.2617928683757782, 0.004112903494387865], "reward": 0.9474036276117431}