{"action": [0.6670761704444885, 0.0053885565139353275], "reward": 0.7418417241291013}