{"action": [0.6811609864234924, 0.005713994614779949], "reward": 0.7993786890813005}