{"action": [0.4687693417072296, 0.00025092362193390727], "reward": 0.8806497026810424}