{"action": [0.49719494581222534, 2.7683556254487485e-05], "reward": 0.8648769364819512}