{"action": [0.614405632019043, -3.7281453842297196e-05], "reward": 0.8080557955032978}