{"action": [0.4257538318634033, 0.0003126738010905683], "reward": 0.9396101063997359}