{"action": [0.6890919804573059, -0.36315780878067017], "reward": 0.6123682401509584}