{"action": [0.635681688785553, 0.0007212404161691666], "reward": 0.7830830224712299}