{"action": [0.6730812788009644, -0.3166325092315674], "reward": 0.5676724610899055}