{"action": [0.40592777729034424, -0.0003437705454416573], "reward": 0.9459488162626111}