{"action": [0.38663598895072937, -0.0005310819251462817], "reward": 0.8910717249729252}