{"action": [0.6479706168174744, -0.43761417269706726], "reward": 0.5916699811233662}