{"action": [0.5377299785614014, -0.002517431741580367], "reward": 0.8148475850675952}