{"action": [0.5820828080177307, -0.3214413821697235], "reward": 0.7581136890941781}