{"action": [0.699999988079071, -0.007622971665114164], "reward": 0.9260255668421268}