{"action": [0.699999988079071, -0.005548618268221617], "reward": 0.9388228114404084}