{"action": [0.36985406279563904, -0.24209383130073547], "reward": 0.8296390773045716}