{"action": [0.6067615747451782, 0.001990525983273983], "reward": 0.9565448932706802}