{"action": [0.699999988079071, 0.015164532698690891], "reward": 0.7293984051377318}