{"action": [0.699999988079071, 0.01046499703079462], "reward": 0.8474459324755674}