{"action": [0.699999988079071, 0.01780182681977749], "reward": 0.7725480624786883}