{"action": [0.699999988079071, -0.00013473558647092432], "reward": 0.8668194894223102}