{"action": [0.42264044284820557, -0.018114469945430756], "reward": 0.8403530608072521}