{"action": [0.6513252258300781, -0.0039904420264065266], "reward": 0.9419930186631308}