{"action": [0.42872822284698486, 0.007549851667135954], "reward": 0.7860244533715636}