{"action": [0.699999988079071, 0.020141439512372017], "reward": 0.789371084108289}