{"action": [0.4261094629764557, 0.0008211188251152635], "reward": 0.6672611538096598}