{"action": [0.6385990977287292, -0.002867699135094881], "reward": 0.9458655457263201}