{"action": [0.699999988079071, -0.013222756795585155], "reward": 0.7528180405712542}