{"action": [0.699999988079071, -0.00962607841938734], "reward": 0.7881225221227733}