{"action": [0.699999988079071, -0.011496759951114655], "reward": 0.8193153958256535}