{"action": [0.699999988079071, -0.012486760504543781], "reward": 0.690176892966405}