{"action": [-1.0, -0.2130221724510193], "reward": -0.031942400536237515}