{"action": [0.699999988079071, 0.005424296483397484], "reward": 0.8738950081229488}