{"action": [0.699999988079071, 0.010097664780914783], "reward": 0.8467107288839474}