{"action": [0.36804264783859253, 0.22792795300483704], "reward": 0.6286962827098735}