{"action": [0.38646262884140015, 0.06641826778650284], "reward": 0.6572366365325931}