{"action": [0.33710312843322754, 0.10968116670846939], "reward": 0.6794692923919148}