{"action": [0.60832279920578, 0.0004886346287094057], "reward": 0.6398224836651139}