{"action": [0.5478112697601318, -0.012017668224871159], "reward": 0.7374483188379057}