{"action": [0.48438790440559387, -0.0025369313079863787], "reward": 0.744444424850488}