{"action": [0.4943958520889282, -0.020832188427448273], "reward": 0.7913479965644216}