{"action": [0.4512143135070801, -0.030524540692567825], "reward": 0.7648995903412861}