{"action": [0.6669461131095886, -0.01886749267578125], "reward": 0.6927475757448434}