{"action": [0.44157394766807556, -0.006163982208818197], "reward": 0.8340993473826215}