{"action": [0.5656254291534424, 0.005553598515689373], "reward": 0.8056595491706359}