{"action": [0.6349316835403442, 0.01236221008002758], "reward": 0.7717817050061183}