{"action": [0.4495037794113159, 0.008624430745840073], "reward": 0.8036209533565972}