{"action": [0.5855356454849243, 0.0019310485804453492], "reward": 0.7392695057946669}