{"action": [0.669887900352478, 0.0035811348352581263], "reward": 0.7456317051106301}