{"action": [0.6100430488586426, 0.020291242748498917], "reward": 0.717687263542185}