{"action": [0.699999988079071, 0.14499443769454956], "reward": 0.5654283640580476}