{"action": [0.4851115345954895, 0.0390562005341053], "reward": 0.7340634507362525}