{"action": [0.4443095326423645, 0.014815418049693108], "reward": 0.7470050041726783}