{"action": [0.424479603767395, 0.0020749273244291544], "reward": 0.8033057292615059}