{"action": [0.5885605216026306, -0.4755787253379822], "reward": 0.5447057993876289}