{"action": [0.4511820077896118, -0.5179356932640076], "reward": 0.6731390693237954}