{"action": [0.47059786319732666, -0.4768224060535431], "reward": 0.6581040750218945}