{"action": [0.5861969590187073, -0.6302467584609985], "reward": 0.5170466874113848}