{"action": [0.5075514912605286, -0.4930381774902344], "reward": 0.5335808875876731}