{"action": [0.48482638597488403, -0.43279337882995605], "reward": 0.6661483377983057}