{"action": [0.5447079539299011, -0.19766557216644287], "reward": 0.5739655529391714}