{"action": [0.699999988079071, -0.06377295404672623], "reward": 0.539260988811048}