{"action": [0.4062490463256836, 0.11590035259723663], "reward": 0.7520932441515568}