{"action": [0.4745543599128723, 0.08479145169258118], "reward": 0.7591461433152775}