{"action": [0.699999988079071, 0.1542944610118866], "reward": 0.4565808241733236}