{"action": [0.699999988079071, 0.10120123624801636], "reward": 0.5212179730044728}