{"action": [0.4263061583042145, -2.4713455786695704e-05], "reward": 0.7225856694587632}