{"action": [0.699999988079071, -0.7723702788352966], "reward": 0.03388701115864513}