{"action": [0.664825439453125, -0.01763489469885826], "reward": 0.6620266200150217}