{"action": [0.4811214506626129, -0.6188271641731262], "reward": 0.6768510011124101}