{"action": [0.5274551510810852, -0.18084800243377686], "reward": 0.5717442258294124}