{"action": [0.699999988079071, -0.007009581662714481], "reward": 0.20352209889572243}