{"action": [0.5629386901855469, 0.1598026007413864], "reward": 0.5689941547298649}