{"action": [0.699999988079071, 0.0], "reward": 4.0707795481739394e-05}