{"action": [0.45891597867012024, 0.0005642916075885296], "reward": 0.9089202456048207}