{"action": [0.42616841197013855, 0.0016608393052592874], "reward": 0.8590638436044035}