{"action": [0.699999988079071, -0.36501309275627136], "reward": 0.47162364398664225}