{"action": [0.6803612112998962, 0.004113299772143364], "reward": 0.7937321518411006}