{"action": [0.501971960067749, 0.0036078363191336393], "reward": 0.8014024118260651}