{"action": [0.43651169538497925, 0.006870405748486519], "reward": 0.8728096422489584}