{"action": [0.4280596673488617, 0.008687427267432213], "reward": 0.8751415250688103}