{"action": [0.42109209299087524, 0.008983694016933441], "reward": 0.8398309987179364}