{"action": [0.39647671580314636, 0.010688982903957367], "reward": 0.8671583694771309}