{"action": [0.35853657126426697, -1.6138553746714024e-06], "reward": 0.886956752609966}