{"action": [0.699999988079071, -0.005201976280659437], "reward": 0.8522122852660746}