{"action": [0.699999988079071, -0.0017274197889491916], "reward": 0.8329261052064997}