{"action": [0.699999988079071, -0.00022194368648342788], "reward": 0.5973365383629062}