{"action": [0.699999988079071, -0.002624951768666506], "reward": 0.41908075182435867}