{"action": [0.699999988079071, -0.00044985502609051764], "reward": -0.6055544785699526}