{"action": [0.488042950630188, 0.00018030041246674955], "reward": -1.8515496826792168}