{"action": [0.5593029260635376, 5.853295442648232e-05], "reward": -1.721271997548229}