{"action": [0.47840335965156555, 0.00014486158033832908], "reward": -1.836917080331404}