{"action": [0.4857233762741089, 0.000261841545579955], "reward": -1.9432561447561685}