{"action": [0.45867910981178284, 0.00024047255283221602], "reward": -2.0082987681702438}