{"action": [0.699999988079071, 0.003370758844539523], "reward": -0.6582504159720854}