{"action": [0.4520915746688843, -0.026334481313824654], "reward": 0.8030381593533712}