{"action": [0.6588316559791565, 0.011748957447707653], "reward": -0.9545214253284882}