{"action": [0.5242694020271301, 0.11172590404748917], "reward": -1.661311246739686}