{"action": [0.5481724739074707, 0.1062055453658104], "reward": -1.5056478525582564}