{"action": [0.6018041372299194, 0.33651456236839294], "reward": -0.8755162932277397}