{"action": [0.5875498056411743, 0.12547065317630768], "reward": -1.1673431486588708}