{"action": [0.43311387300491333, -0.015328053385019302], "reward": 0.8072998952687035}