{"action": [0.6314451098442078, 0.1305287778377533], "reward": -0.8067236943046661}