{"action": [0.6132596731185913, 0.17203974723815918], "reward": -0.9205785278429701}