{"action": [0.6692473888397217, 0.1569780558347702], "reward": -0.5465484106145776}