{"action": [0.5334620475769043, 0.10070113837718964], "reward": -1.2605251512910947}