{"action": [0.5574142336845398, 0.14304980635643005], "reward": -1.372983162334683}