{"action": [0.5280187129974365, 0.14007458090782166], "reward": -1.4787762905040758}