{"action": [0.5302969813346863, 0.1713329553604126], "reward": -1.3097092347137795}