{"action": [0.47087088227272034, 0.07504359632730484], "reward": -1.8699640659773324}