{"action": [0.6273694634437561, 0.20774231851100922], "reward": -0.9117706359979408}