{"action": [0.5589443445205688, 0.09961450845003128], "reward": -1.386490383292894}