{"action": [0.5894657969474792, 0.14417971670627594], "reward": -0.9122196863035135}