{"action": [0.699999988079071, -0.022414742037653923], "reward": 0.675580198396811}