{"action": [0.699999988079071, 0.02277342975139618], "reward": 0.5501467303319522}