{"action": [0.6317273378372192, 0.00013141761883161962], "reward": -1.0265677508764646}