{"action": [0.699999988079071, 0.006220065988600254], "reward": -0.3873828541943204}