{"action": [0.699999988079071, 0.014379442669451237], "reward": 0.014671994195660015}