{"action": [0.699999988079071, 0.00827157311141491], "reward": -0.22788493802364695}