{"action": [0.5523641705513, -0.008066578768193722], "reward": -1.3602231239940177}