{"action": [-0.016916843131184578, -0.010818326845765114], "reward": -0.6965497341407473}