{"action": [0.38350754976272583, -4.812299448531121e-05], "reward": 0.5701137833689952}