{"action": [0.3819923400878906, 0.024814484640955925], "reward": 0.49245496250969417}