{"action": [0.3624579906463623, 0.02763872779905796], "reward": 0.4602377621382297}