{"action": [0.4195229113101959, 0.015277002938091755], "reward": 0.6379352035902479}