{"action": [0.35889169573783875, 0.021690474823117256], "reward": 0.42756505009803125}