{"action": [0.4247465431690216, 0.020707039162516594], "reward": 0.7533151757512728}