{"action": [0.40830665826797485, 0.012818579562008381], "reward": 0.6348004360025234}