{"action": [0.3808388411998749, 0.006859415676444769], "reward": 0.4755800695028684}