{"action": [0.40744632482528687, -0.004029989242553711], "reward": 0.6092819258994198}