{"action": [0.4426085650920868, -0.0010865343501791358], "reward": 0.8414715642360423}