{"action": [0.4223128855228424, -1.2160122423665598e-05], "reward": 0.8775499171569913}