{"action": [0.561898946762085, 3.021669363079127e-05], "reward": 0.9846847030466288}