{"action": [0.502338171005249, 0.0004784541670233011], "reward": 0.9789579070719601}