{"action": [0.5040900111198425, 0.0005218549631536007], "reward": -7.82782444730401e-05}