{"action": [0.41454559564590454, 0.0007770921220071614], "reward": 0.5415969998462205}