{"action": [0.5822370648384094, 0.021630436182022095], "reward": 0.7867268312096283}