{"action": [0.3995189070701599, -5.853623224538751e-05], "reward": 0.6208702013079586}