{"action": [0.4683208763599396, 0.01580399088561535], "reward": 0.856085402470721}