{"action": [0.699999988079071, -0.017527945339679718], "reward": 0.6078065197628952}