{"action": [0.38804924488067627, 0.011251963675022125], "reward": 0.8814230960552286}