{"action": [0.5266745090484619, -0.005752528551965952], "reward": 0.9072112159806693}