{"action": [0.5118017792701721, -0.004724386613816023], "reward": 0.9084508106716964}