{"action": [0.40525326132774353, -0.0020412758458405733], "reward": 0.5091931059120108}