{"action": [0.699999988079071, 0.01007079053670168], "reward": 0.7398708149999603}