{"action": [0.397373229265213, 0.0003314785717520863], "reward": 0.6023036344153155}