{"action": [0.3636453151702881, 2.044439284532018e-08], "reward": 0.6466068145253397}