{"action": [0.36611220240592957, 0.002471050713211298], "reward": 0.5890977660099014}