{"action": [0.3697698414325714, 0.0003317164664622396], "reward": 0.580769971261661}