{"action": [0.699999988079071, 0.00559874065220356], "reward": 0.7047038307684351}