{"action": [0.5248391032218933, 0.0017169523052871227], "reward": 0.957215015280911}