{"action": [0.6388166546821594, -0.016905000433325768], "reward": 0.8877225322622904}