{"action": [0.5124694108963013, 0.0035924131516367197], "reward": 0.8209207349326486}