{"action": [0.699999988079071, 0.0008433473412878811], "reward": -0.9072116244179009}