{"action": [0.699999988079071, 0.0017717891605570912], "reward": -0.3063991873241266}