{"action": [0.5133023858070374, -0.0016550874570384622], "reward": -1.579162593572511}