{"action": [0.4615330100059509, -0.012939168140292168], "reward": -1.8612565036074793}