{"action": [0.4362543523311615, -0.007785669527947903], "reward": -2.057483413577501}