{"action": [0.4421682357788086, -0.005354474298655987], "reward": -1.8765774171041012}