{"action": [0.42349061369895935, -0.006232055369764566], "reward": -1.8650383799634187}