{"action": [0.4303862154483795, 0.0041768718510866165], "reward": 0.8986895332288913}