{"action": [0.699999988079071, 0.006627872120589018], "reward": -2.6096705496212778}