{"action": [0.699999988079071, 0.016654787585139275], "reward": -2.411615162957802}