{"action": [0.699999988079071, -0.004647791385650635], "reward": -3.4137646849374392}