{"action": [0.6464176774024963, -0.0018499272409826517], "reward": -4.325921575022955}