{"action": [0.699999988079071, -0.012404392473399639], "reward": -4.316680530703602}