{"action": [0.5949543118476868, -0.0036582571920007467], "reward": -4.896189726101905}