{"action": [0.5545225143432617, -0.003226733533665538], "reward": -5.0666179097774195}