{"action": [0.5574653148651123, -0.0008915613871067762], "reward": -5.365332988531041}