{"action": [0.699999988079071, 0.0023595865350216627], "reward": 0.6560027805862418}