{"action": [0.6313719153404236, -0.00822714064270258], "reward": -3.97317296502497}