{"action": [0.566670298576355, -0.000315526791382581], "reward": -5.01107833496973}