{"action": [0.4464389681816101, 0.0021261293441057205], "reward": 0.9032789094301726}