{"action": [0.6331732273101807, 0.008878990076482296], "reward": 0.765338422029984}