{"action": [0.699999988079071, 0.00928106065839529], "reward": 0.7005502628801689}