{"action": [0.41377997398376465, 0.005202193278819323], "reward": 0.8951384372804215}