{"action": [0.396992564201355, 0.00036912920768372715], "reward": 0.9356132778582028}