{"action": [0.49367550015449524, -0.0019350632792338729], "reward": 0.8360170124705425}