{"action": [0.45987045764923096, -0.00565555552020669], "reward": 0.8639668470844692}