{"action": [0.699999988079071, -0.011296411976218224], "reward": 0.5672920772099206}