{"action": [0.4455030858516693, -0.004459861200302839], "reward": 0.8336322981679973}