{"action": [0.40797266364097595, 0.007865971885621548], "reward": 0.892718573240664}