{"action": [0.5275818109512329, 0.006916427984833717], "reward": 0.8187315449287583}