{"action": [0.49192535877227783, 0.00576747814193368], "reward": 0.79508437397043}