{"action": [0.5921993851661682, -0.029113901779055595], "reward": 0.7469482498988966}