{"action": [0.699999988079071, -0.057627879083156586], "reward": 0.6720301322191775}