{"action": [0.699999988079071, 0.0034379856660962105], "reward": 0.7889367319915258}