{"action": [0.5765898823738098, -0.0035857195034623146], "reward": -1.3379109910536369}