{"action": [0.4726893901824951, -0.007957578636705875], "reward": -1.580270979474873}