{"action": [0.5739846229553223, 0.00016709178453311324], "reward": -1.5212510967714883}