{"action": [0.551321804523468, 0.0003495535347610712], "reward": -1.6871874238006803}