{"action": [0.5424626469612122, 0.0004622027336154133], "reward": -1.7599023734505796}