{"action": [0.5360309481620789, 0.0005903652054257691], "reward": -1.8257635908053205}