{"action": [0.500338613986969, 0.009648757055401802], "reward": -1.656015454847473}