{"action": [0.4997066855430603, 0.010002399794757366], "reward": -1.692572214422408}