{"action": [0.49905189871788025, -0.006624238099902868], "reward": 0.9237508511796818}