{"action": [0.47301045060157776, -0.007438319269567728], "reward": 0.836251274121291}