{"action": [0.699999988079071, -0.3536584973335266], "reward": 0.5971207487039456}