{"action": [0.43929171562194824, -9.763157868292183e-05], "reward": 0.8916873415439216}