{"action": [0.699999988079071, -0.00023952973424457014], "reward": 0.7383455482333787}