{"action": [0.4690591096878052, -5.116937609273009e-05], "reward": 0.8903699628162343}