{"action": [0.5822629928588867, -0.14801016449928284], "reward": 0.6644734922161888}