{"action": [0.6071895360946655, -0.12467627972364426], "reward": 0.7171801847276783}