{"action": [0.5353376865386963, 0.016102874651551247], "reward": 0.8796444460262102}