{"action": [0.48212504386901855, 0.012497907504439354], "reward": 0.898056194638325}