{"action": [0.5492573976516724, 0.020244693383574486], "reward": 0.8717165996959056}