{"action": [0.4050004482269287, 0.011690732091665268], "reward": 0.7477850689452034}