{"action": [0.5921417474746704, 6.511914398288354e-05], "reward": 0.9056164728407985}