{"action": [0.6843001842498779, -0.06923095136880875], "reward": 0.809952360260832}