{"action": [0.6014589071273804, -0.05223759263753891], "reward": 0.8333551939000543}