{"action": [0.699999988079071, -0.03541133180260658], "reward": 0.756700689647218}