{"action": [0.699999988079071, -0.03141897916793823], "reward": 0.7746551532174011}