{"action": [0.699999988079071, -0.0360444001853466], "reward": 0.7938699416131302}