{"action": [0.699999988079071, -0.02836608700454235], "reward": 0.7563869134619257}