{"action": [0.699999988079071, -0.027058642357587814], "reward": 0.8910043743125596}