{"action": [0.699999988079071, -0.024220582097768784], "reward": 0.8930766500804717}