{"action": [0.699999988079071, -0.02242693118751049], "reward": 0.8943925634801116}