{"action": [0.699999988079071, -0.04705143719911575], "reward": 0.8400683966103343}