{"action": [0.699999988079071, -0.19858767092227936], "reward": 0.7127124759549307}