{"action": [0.699999988079071, -0.18163760006427765], "reward": 0.7305197222932894}