{"action": [0.699999988079071, -0.06921263039112091], "reward": 0.7087900786872525}