{"action": [0.699999988079071, -0.10786943137645721], "reward": 0.6271301585290566}