{"action": [0.699999988079071, -0.08868008106946945], "reward": -0.7214139684376589}