{"action": [0.6831087470054626, -0.08772844821214676], "reward": -1.0222418962236826}