{"action": [0.6025441288948059, -0.073680080473423], "reward": -1.0937650599352526}