{"action": [0.562874436378479, -0.04096011817455292], "reward": -1.331223555716756}