{"action": [0.699999988079071, -0.0018732845783233643], "reward": -1.0163627233139445}