{"action": [0.699999988079071, 0.0005106530734337866], "reward": -2.5358250497077655}