{"action": [0.699999988079071, 0.00039700305205769837], "reward": -2.3488862588734025}