{"action": [0.699999988079071, 0.0005142109002918005], "reward": 0.6321300917681475}