{"action": [0.699999988079071, 0.0028131597209721804], "reward": -1.9034484001600243}