{"action": [0.699999988079071, -0.006994087249040604], "reward": -3.011523432869993}