{"action": [0.5634891986846924, -0.011464248411357403], "reward": -1.3599732010235681}