{"action": [0.5086392760276794, -0.0008988699410110712], "reward": -1.8187101368769614}