{"action": [0.15636217594146729, 0.003973513375967741], "reward": 0.5011305506042496}