{"action": [0.5930489301681519, -0.004292017314583063], "reward": -1.2994461387054739}