{"action": [0.547968327999115, -0.00026198249543085694], "reward": -1.4852008326931656}