{"action": [0.6751863360404968, 0.005234480835497379], "reward": -0.8065042122260668}