{"action": [0.629512369632721, 0.003794625401496887], "reward": -1.054003068539177}