{"action": [0.31827422976493835, 0.005313160363584757], "reward": 0.4396036120927488}