{"action": [0.6522594690322876, 0.0011600550496950746], "reward": -1.1316579407597722}