{"action": [0.6600512862205505, 0.001319387461990118], "reward": -1.0214663171235387}