{"action": [0.699999988079071, 0.0030630691908299923], "reward": -1.14932911522961}