{"action": [0.699999988079071, 0.0003440183063503355], "reward": 0.006301219384233958}