{"action": [0.353832483291626, 0.00584116717800498], "reward": 0.33835437432182375}