{"action": [0.5063132047653198, 9.23386323847808e-05], "reward": 0.9541971896166551}