{"action": [0.699999988079071, 0.007630285806953907], "reward": 0.7009912157382946}