{"action": [-1.0, 0.004236751701682806], "reward": 2.8315262362282293e-05}