{"action": [0.47258949279785156, 0.01148791704326868], "reward": 0.8473838983144639}