{"action": [0.699999988079071, 0.012096782214939594], "reward": 0.7406062806163688}