{"action": [0.699999988079071, 0.011078246869146824], "reward": 0.9183758241274468}