{"action": [0.699999988079071, 0.01825089566409588], "reward": 0.74168242513023}