{"action": [0.699999988079071, 0.0170554481446743], "reward": 0.7887882611803656}