{"action": [0.699999988079071, -4.427063322509639e-05], "reward": 0.7197360559874572}