{"action": [0.699999988079071, -0.005877054762095213], "reward": 0.49706198333220447}