{"action": [0.699999988079071, -0.007582186255604029], "reward": 0.04747514484165621}