{"action": [0.699999988079071, 0.00011408721911720932], "reward": 0.667788962285036}