{"action": [0.699999988079071, 0.006462052930146456], "reward": 0.512062908796666}