{"action": [0.699999988079071, 0.004393875133246183], "reward": -0.43697256740879536}