{"action": [0.699999988079071, -0.013914485462009907], "reward": 0.8953958989134904}