{"action": [0.32071438431739807, -0.0053651113994419575], "reward": 0.07661307389281932}