{"action": [0.699999988079071, 0.2672654986381531], "reward": 0.013104965267559096}