{"action": [-1.0, -0.007079672534018755], "reward": -0.000996825119584197}