{"action": [-1.0, -0.29041412472724915], "reward": -0.042408597738217965}