{"action": [0.699999988079071, -0.27935686707496643], "reward": 0.13388252838080078}