{"action": [0.699999988079071, -0.1335538923740387], "reward": 0.25768548147643755}