{"action": [-1.0, -0.05065002664923668], "reward": -0.0070750418958496954}