{"action": [0.699999988079071, -0.08075875788927078], "reward": 0.13272538126306777}