{"action": [0.699999988079071, -0.05118928849697113], "reward": 0.0051364128861685465}