{"action": [0.699999988079071, 0.012287472374737263], "reward": 0.9063104152661455}