{"action": [0.699999988079071, 0.015481667593121529], "reward": 0.8967413833761129}