{"action": [0.699999988079071, 0.004411063157021999], "reward": 0.16604855265323423}