{"action": [0.699999988079071, 0.0020068332087248564], "reward": -1.1186608229596329}