{"action": [0.699999988079071, -0.0018476475961506367], "reward": -1.6556885519845932}