{"action": [0.699999988079071, -0.0013255554949864745], "reward": -2.0334490259822653}