{"action": [0.699999988079071, -0.0011363513767719269], "reward": -1.840579945628998}