{"action": [0.699999988079071, -0.0018808270106092095], "reward": -2.421525927950449}