{"action": [0.699999988079071, -0.011873062700033188], "reward": -1.1353032330709312}