{"action": [0.699999988079071, -0.06584787368774414], "reward": 0.4630985474936371}