{"action": [0.699999988079071, 0.00027756247436627746], "reward": 0.8651946977426328}