{"action": [0.699999988079071, -0.0002102714206557721], "reward": -0.34382081132713854}