{"action": [0.699999988079071, -0.01056712307035923], "reward": 0.014899080164164802}