{"action": [0.699999988079071, -0.010391222313046455], "reward": -0.42706534725694306}