{"action": [0.699999988079071, -0.009900329634547234], "reward": -0.6211067357456386}