{"action": [0.699999988079071, -0.022905565798282623], "reward": -0.17647692349799257}