{"action": [0.699999988079071, -0.0009021898731589317], "reward": 0.8713111662810613}