{"action": [0.699999988079071, 0.01364811323583126], "reward": -0.43428805413666977}