{"action": [0.699999988079071, 1.1931657581953914e-06], "reward": -1.6286148558602473}