{"action": [0.699999988079071, -0.0009405824821442366], "reward": -3.2875198809733517}