{"action": [0.699999988079071, -0.0013030150439590216], "reward": -3.6027216224337972}