{"action": [0.699999988079071, -0.00017812740406952798], "reward": 0.20430369899106676}