{"action": [0.699999988079071, -0.00017919624224305153], "reward": 0.011842678397020148}