{"action": [0.699999988079071, 0.0019039689796045423], "reward": 0.18620821671437757}