{"action": [0.699999988079071, -1.1663853911159094e-05], "reward": 0.6488171762640278}