{"action": [0.699999988079071, -9.106994980356831e-07], "reward": 0.9096416769535707}