{"action": [0.699999988079071, 0.0004944312386214733], "reward": 0.9670096587450323}