{"action": [0.699999988079071, 0.005741761531680822], "reward": 0.9338089495363834}