{"action": [0.46524912118911743, 0.005803730338811874], "reward": 0.7944541259180803}