{"action": [0.620786190032959, 0.01787426322698593], "reward": 0.8880355591563875}