{"action": [0.699999988079071, -8.660220919409767e-05], "reward": 0.7161638984418844}