{"action": [0.518831729888916, -0.0004770743544213474], "reward": 0.9050458704264862}