{"action": [0.699999988079071, -5.353683445719071e-05], "reward": 0.9820544981605187}