{"action": [0.625636875629425, 0.0012297916691750288], "reward": 0.9666603085475634}