{"action": [0.5998375415802002, 0.002060589613392949], "reward": 0.9597589704292062}