{"action": [0.5418480634689331, -0.0003617129987105727], "reward": 0.9661108352382485}