{"action": [0.699999988079071, 0.0005323202931322157], "reward": 0.9490059900760351}