{"action": [0.545377254486084, 0.00033166087814606726], "reward": 0.982838542775041}