{"action": [0.6679742336273193, 0.0013594666961580515], "reward": 0.9663362781029632}