{"action": [0.699999988079071, 0.00013840972678735852], "reward": 0.5111403661986321}