{"action": [0.4636613428592682, -0.11906380206346512], "reward": 0.5805621854987737}