{"action": [0.699999988079071, -0.19631682336330414], "reward": 0.2798946328709025}