{"action": [0.6334635615348816, -0.18246282637119293], "reward": 0.35376507264668056}