{"action": [0.01618850976228714, 0.0005371789447963238], "reward": 0.6739634570499179}