{"action": [0.699999988079071, -0.12487107515335083], "reward": 0.7890269295033774}