{"action": [0.12018383294343948, -0.10074014216661453], "reward": 0.8853711110972193}