{"action": [0.699999988079071, -0.7156015038490295], "reward": 0.26271343549703663}