{"action": [0.699999988079071, -0.0153285451233387], "reward": 0.08240031359918971}