{"action": [0.699999988079071, -0.00743234483525157], "reward": 0.8630042772580239}