{"action": [0.699999988079071, -0.005111520644277334], "reward": 0.8976826556738623}