{"action": [0.699999988079071, -0.007782981730997562], "reward": 0.880831141676312}