{"action": [0.699999988079071, -0.0558350570499897], "reward": 0.6848655873505279}