{"action": [0.699999988079071, -0.04390539601445198], "reward": 0.8987747670000015}