{"action": [0.5647552609443665, -0.03675602003931999], "reward": -1.5512449064668767}