{"action": [0.699999988079071, -0.012276269495487213], "reward": 0.03890430019256616}