{"action": [0.3953118324279785, -0.0026715027634054422], "reward": 0.5083937964755005}