{"action": [0.699999988079071, -0.000569355150219053], "reward": -1.792788302153517}