{"action": [0.699999988079071, -0.0013044581282883883], "reward": -1.3048597202109562}