{"action": [0.699999988079071, 0.0002291504351887852], "reward": -3.8370654178741885}