{"action": [0.699999988079071, -0.0015693154418841004], "reward": -4.362754153966568}