{"action": [0.6847078204154968, -0.0017886599525809288], "reward": -4.689925259355355}