{"action": [0.6984809637069702, -0.001351929153315723], "reward": -4.269207453908695}