{"action": [0.5714725852012634, -9.967631194740534e-05], "reward": 0.8966360895949056}