{"action": [0.699999988079071, -5.8169724070467055e-05], "reward": 0.6589136515507699}