{"action": [0.5039532780647278, -0.0030335814226418734], "reward": 0.8535612957390887}