{"action": [0.4263053834438324, -0.0031350457575172186], "reward": 0.9025931986152111}