{"action": [0.4125794768333435, -0.003160827560350299], "reward": 0.9087617303108008}