{"action": [0.699999988079071, -0.008885910734534264], "reward": 0.7267381076458658}