{"action": [0.699999988079071, -0.007916867733001709], "reward": 0.695602842661119}