{"action": [0.699999988079071, -0.009473784826695919], "reward": 0.6518637795813454}