{"action": [0.699999988079071, 0.31843990087509155], "reward": -0.02642484478263965}