{"action": [0.699999988079071, 0.0006091250106692314], "reward": 0.045122083031297534}