{"action": [0.5459246039390564, 0.0016051757847890258], "reward": -0.7279777398262535}