{"action": [0.699999988079071, -0.008641191758215427], "reward": 0.273556537336579}