{"action": [0.6323061585426331, -0.19669967889785767], "reward": -0.8910211538775322}