{"action": [0.699999988079071, -0.011922781355679035], "reward": -0.17496008908999683}