{"action": [0.699999988079071, 0.0971243605017662], "reward": 0.45005204215164235}