{"action": [0.699999988079071, -0.0005030595930293202], "reward": 0.7613799535696795}