{"action": [0.699999988079071, 0.06171463429927826], "reward": 0.6460478043845435}