{"action": [0.699999988079071, -0.005351846106350422], "reward": 0.8944857365657221}