{"action": [0.6376820206642151, 0.0019042959902435541], "reward": 0.8154456782862388}