{"action": [0.699999988079071, 0.004599066451191902], "reward": 0.8912529081466058}