{"action": [0.699999988079071, 0.004701230209320784], "reward": 0.1135374988811086}