{"action": [0.699999988079071, 0.004836053587496281], "reward": 0.12343917297138027}