{"action": [0.699999988079071, 0.005011207889765501], "reward": 0.13422348606545423}