{"action": [0.699999988079071, -0.018379459157586098], "reward": 0.8203388123605683}