{"action": [0.699999988079071, 0.008668900467455387], "reward": 0.10980741696804386}