{"action": [0.6237371563911438, -0.0014830545987933874], "reward": 0.8787728975463889}