{"action": [0.699999988079071, -0.051951389759778976], "reward": 0.38390352114647047}