{"action": [0.699999988079071, 0.0], "reward": 2.6251377451417755e-07}