{"action": [0.5233126878738403, -0.21813228726387024], "reward": 0.3443158816086064}