{"action": [0.699999988079071, -0.17253726720809937], "reward": 0.36756828372497763}