{"action": [0.699999988079071, -0.12262648344039917], "reward": 0.0842328581879863}