{"action": [0.6815581321716309, -2.920626185343167e-09], "reward": 0.8688009449845117}