{"action": [0.4198921322822571, 0.0013332635862752795], "reward": 0.9195106432561536}