{"action": [0.6540665626525879, 0.002433367306366563], "reward": 0.8139708854759193}