{"action": [0.6858017444610596, 4.4548431787916343e-07], "reward": 0.7985410898195724}