{"action": [0.4025003910064697, 0.0014633303508162498], "reward": 0.9279010724679034}