{"action": [0.547919511795044, -0.013159176334738731], "reward": 0.7706841712844169}