{"action": [0.699999988079071, 0.0028870967216789722], "reward": 0.1335871110701918}