{"action": [0.4265933036804199, -0.005739498417824507], "reward": 0.8958366426646732}