{"action": [0.4103010296821594, 0.0014850719599053264], "reward": 0.9231326397426782}