{"action": [0.5099215507507324, 0.0036179805174469948], "reward": 0.8226459875825896}