{"action": [0.6963348388671875, 0.002803032984957099], "reward": 0.7307291429284547}