{"action": [0.539268970489502, -0.01179110910743475], "reward": 0.8247184767376163}