{"action": [0.6488796472549438, -0.0007811945979483426], "reward": 0.708277255119081}