{"action": [0.3976997137069702, -0.0607960969209671], "reward": 0.7758373623550822}