{"action": [0.5874535441398621, -0.01103824283927679], "reward": 0.7623573310809281}