{"action": [0.5901436805725098, -0.0144343301653862], "reward": 0.7627557898930787}