{"action": [0.5442379713058472, -0.22232408821582794], "reward": 0.5737360671514753}