{"action": [0.48213860392570496, -0.17036116123199463], "reward": 0.7321253247788043}