{"action": [0.699999988079071, 0.0007654596702195704], "reward": 0.1858555635184477}