{"action": [0.5033474564552307, -0.17673009634017944], "reward": 0.6797113650697413}