{"action": [0.48016834259033203, -0.17917852103710175], "reward": 0.6955240345446532}