{"action": [0.5154011249542236, -0.29969602823257446], "reward": 0.5544785944741972}