{"action": [0.41410309076309204, -0.16956625878810883], "reward": 0.681843424210985}