{"action": [0.4510987401008606, -0.800000011920929], "reward": 0.5648735769299045}