{"action": [0.5797256827354431, -0.5993595123291016], "reward": 0.3319770823638992}