{"action": [0.5074834823608398, -0.0031343235168606043], "reward": 0.7832357632824228}