{"action": [0.40424925088882446, -0.14519958198070526], "reward": 0.7080415548888728}