{"action": [0.621863067150116, -0.800000011920929], "reward": 0.5139016525024966}