{"action": [0.5810547471046448, -0.800000011920929], "reward": -0.12000000178813934}