{"action": [0.6157507300376892, -0.6702559590339661], "reward": 0.5530043932725888}