{"action": [0.699999988079071, -0.03011169470846653], "reward": 0.13497716695050357}