{"action": [0.699999988079071, -3.068041678488953e-06], "reward": 0.365246676278611}