{"action": [0.699999988079071, 0.00024509537615813315], "reward": 0.33168095379864754}