{"action": [-1.0, 0.013716194778680801], "reward": -0.002057360625747252}