{"action": [-1.0, 0.013723705895245075], "reward": -0.002058520425241271}