{"action": [-1.0, 0.013724242337048054], "reward": -0.002058277817185047}