{"action": [-0.35916954278945923, -0.000865807814989239], "reward": 0.4819938417252093}