{"action": [-1.0, 0.01300372090190649], "reward": 0.21703797462493}