{"action": [0.699999988079071, -0.02727108635008335], "reward": 0.15743044139754797}