{"action": [-1.0, 0.013696344569325447], "reward": -0.002054052105801018}