{"action": [0.699999988079071, 8.94142358447425e-05], "reward": 0.22986124469162653}