{"action": [-1.0, 0.013722633011639118], "reward": -0.0020567899830493575}