{"action": [-1.0, 0.01370761077851057], "reward": -0.00205596479460646}