{"action": [-1.0, 0.01367595698684454], "reward": -0.002044729188309452}