{"action": [-1.0, 0.013671665452420712], "reward": -0.0020502627082827035}