{"action": [-1.0, 0.013674884103238583], "reward": -0.002051172574409471}