{"action": [-1.0, 0.013676493428647518], "reward": -0.0020512592472468755}