{"action": [0.501857340335846, 0.800000011920929], "reward": -0.12000000178813934}