{"action": [0.4120911955833435, 0.06490375846624374], "reward": 0.889475484451816}