{"action": [0.699999988079071, 0.017637113109230995], "reward": 0.45310850436350897}