{"action": [0.5189374089241028, 0.800000011920929], "reward": -0.12000000178813934}