{"action": [0.699999988079071, 1.2225004297761188e-07], "reward": 0.017233866403205275}