{"action": [0.699999988079071, 1.1940608146687737e-06], "reward": 0.03167401180343855}