{"action": [0.699999988079071, -0.002042734995484352], "reward": 0.1719832511467715}