{"action": [0.699999988079071, -0.0026738301385194063], "reward": 0.15131716305051546}