{"action": [0.699999988079071, -0.004638624377548695], "reward": 0.19487514436237274}