{"action": [0.699999988079071, -0.002042684704065323], "reward": 0.2104314723316831}