{"action": [0.699999988079071, 0.0016814535483717918], "reward": 0.07237124337311346}