{"action": [0.699999988079071, -0.007387314457446337], "reward": 0.228748678929369}