{"action": [0.699999988079071, -0.004606305621564388], "reward": 0.21046467456611917}