{"action": [0.699999988079071, 0.0011265455977991223], "reward": 0.04275620356284082}