{"action": [0.699999988079071, -0.011405527591705322], "reward": 0.12283300779408915}