{"action": [0.699999988079071, -0.008780116215348244], "reward": 0.16262793284247296}