{"action": [0.699999988079071, -0.005129061173647642], "reward": 0.2109702815331419}