{"action": [0.699999988079071, 0.0018266967963427305], "reward": 0.08890807402133588}