{"action": [0.699999988079071, 0.009075475856661797], "reward": 0.1687034324680976}