{"action": [0.699999988079071, 0.010883825831115246], "reward": 0.1350596523587014}