{"action": [0.699999988079071, 0.008770531974732876], "reward": 0.1937484030334343}