{"action": [0.699999988079071, 0.008982447907328606], "reward": 0.1457541135148307}