{"action": [0.699999988079071, 0.008121108636260033], "reward": 0.18236524163328166}