{"action": [0.699999988079071, 0.0018494939431548119], "reward": 0.16550737061388293}