{"action": [0.699999988079071, 0.0011012897593900561], "reward": 0.04781905923172347}