{"action": [0.699999988079071, 0.0061365095898509026], "reward": 0.07143354377753472}