{"action": [0.699999988079071, -0.0013490197015926242], "reward": 0.16985732356994013}