{"action": [0.699999988079071, 0.0029818755574524403], "reward": 0.3587659229284339}