{"action": [0.699999988079071, 0.002383101498708129], "reward": 0.39638264123760786}