{"action": [0.699999988079071, 0.0002710114058572799], "reward": 0.24382644041419804}