{"action": [0.699999988079071, -0.0017829161370173097], "reward": 0.1858016078088664}