{"action": [0.699999988079071, 0.00020411115838214755], "reward": 0.4547857552872005}