{"action": [0.699999988079071, -8.882689871825278e-05], "reward": 0.4399838808299688}