{"action": [0.699999988079071, 0.003237673779949546], "reward": 0.3458224316690566}