{"action": [0.699999988079071, 0.001808937406167388], "reward": 0.44088038729140316}