{"action": [0.699999988079071, 2.5700885544210905e-06], "reward": 0.3975314405716097}