{"action": [0.699999988079071, 0.0028007812798023224], "reward": 0.19158186889348217}