{"action": [0.699999988079071, -0.009894928894937038], "reward": 0.19507792854223358}