{"action": [0.699999988079071, -0.010460746474564075], "reward": 0.13298411310445432}