{"action": [0.699999988079071, -0.006110739428550005], "reward": 0.1951890179189397}