{"action": [0.699999988079071, -0.006948370020836592], "reward": 0.30734953862256126}