{"action": [0.699999988079071, -0.01262617576867342], "reward": 0.16841882136596176}