{"action": [0.699999988079071, -0.007959540002048016], "reward": 0.2670263841974203}