{"action": [0.699999988079071, -0.0012982510961592197], "reward": 0.2957889965694565}