{"action": [0.699999988079071, -0.013108127750456333], "reward": 0.1539070899649809}