{"action": [0.699999988079071, 0.0006181066855788231], "reward": 0.139970971883917}