{"action": [0.699999988079071, -0.007777130696922541], "reward": 0.28071549878983615}