{"action": [0.699999988079071, 0.0033860092516988516], "reward": 0.1579846059898453}