{"action": [0.699999988079071, 0.0005030466709285975], "reward": 0.1976816921727132}