{"action": [0.699999988079071, 0.0025301561690866947], "reward": 0.22765167082413704}