{"action": [0.699999988079071, 0.0028175085317343473], "reward": 0.23719926836998137}