{"action": [0.699999988079071, 0.00048207404324784875], "reward": 0.25833485436158177}