{"action": [0.699999988079071, 0.001588519779033959], "reward": 0.2090438365113832}