{"action": [0.699999988079071, -0.0041536507196724415], "reward": 0.33348896237645287}