{"action": [0.699999988079071, 0.0005164981703273952], "reward": 0.2808032245500347}