{"action": [0.699999988079071, 2.981686520797666e-05], "reward": 0.27640395272348517}