{"action": [0.699999988079071, 0.001216713571920991], "reward": 0.4784227078683072}