{"action": [0.699999988079071, 0.00038684584433212876], "reward": 0.40615270931048686}