{"action": [0.699999988079071, -0.002107283566147089], "reward": 0.20208386054235325}