{"action": [0.699999988079071, -0.004022452514618635], "reward": 0.32091320564363923}