{"action": [0.699999988079071, 0.00018151639960706234], "reward": 0.35607024541068666}