{"action": [0.699999988079071, 0.001065433258190751], "reward": 0.14271146523266934}