{"action": [0.699999988079071, 9.149074685410596e-06], "reward": 0.24881521306457025}