{"action": [0.699999988079071, 0.00016167301509995013], "reward": 0.1646249140644689}