{"action": [0.699999988079071, -0.07759618759155273], "reward": -0.011343846113544286}