{"action": [0.699999988079071, 0.0007683095755055547], "reward": 0.1612338211837607}