{"action": [0.699999988079071, 0.011367144994437695], "reward": 0.1703016431162579}