{"action": [0.699999988079071, 0.0006936757126823068], "reward": 0.201186797764799}