{"action": [0.699999988079071, 0.008170473389327526], "reward": 0.23953797963870455}