{"action": [0.699999988079071, 0.00024321397359017283], "reward": 0.16807615278809215}