{"action": [0.699999988079071, 0.008846518583595753], "reward": 0.19669505667370166}