{"action": [0.699999988079071, -0.0001050212376867421], "reward": 0.15860612281169903}