{"action": [0.699999988079071, -7.25123900338076e-05], "reward": 0.25468263601565894}