{"action": [0.699999988079071, -0.0012650751741603017], "reward": 0.3272371214137617}