{"action": [0.699999988079071, -0.0011335073504596949], "reward": 0.23029995066612508}