{"action": [0.699999988079071, -0.00020099901303183287], "reward": 0.21284437381001656}