{"action": [0.699999988079071, -0.001727818395011127], "reward": 0.18768432282628916}