{"action": [0.699999988079071, -0.0006530972896143794], "reward": 0.15643325801848415}