{"action": [0.699999988079071, -0.00022899398754816502], "reward": 0.263423082002984}