{"action": [0.699999988079071, 0.0015969566302374005], "reward": 0.3359078502767371}