{"action": [0.699999988079071, 0.005181583575904369], "reward": 0.2991163596966655}