{"action": [0.699999988079071, 6.941819447092712e-05], "reward": 0.2641893165930007}