{"action": [0.699999988079071, 0.004908193834125996], "reward": 0.42958069540766464}