{"action": [0.699999988079071, 4.161763354204595e-05], "reward": 0.20479892656058105}