{"action": [0.699999988079071, -5.90744057262782e-05], "reward": 0.35134297188868385}