{"action": [0.699999988079071, -0.0008563459268771112], "reward": 0.18084597499801638}