{"action": [0.699999988079071, -0.0002544644521549344], "reward": 0.1376186600372713}