{"action": [0.699999988079071, -0.0001342106406809762], "reward": 0.1536690787561523}