{"action": [0.699999988079071, -1.5110731510503683e-05], "reward": 0.22481733271190157}