{"action": [0.699999988079071, -0.004339851904660463], "reward": 0.3862906941533261}