{"action": [0.699999988079071, -0.0010951485019177198], "reward": 0.44983290919802116}