{"action": [0.699999988079071, -0.014846605248749256], "reward": 0.39608258114232536}