{"action": [0.699999988079071, -0.00379602680914104], "reward": 0.347414140859454}