{"action": [0.699999988079071, -0.02280508168041706], "reward": 0.12314152012578278}