{"action": [0.5981243848800659, 0.01770884171128273], "reward": 0.6818143151778174}