{"action": [0.699999988079071, 0.002547767711803317], "reward": 0.4544143291859328}