{"action": [0.699999988079071, 0.0012800913536921144], "reward": 0.3084579308945458}