{"action": [0.699999988079071, 0.0006964613567106426], "reward": 0.19803883963288343}