{"action": [0.699999988079071, 0.0006291235331445932], "reward": 0.1948269003459235}