{"action": [0.540496289730072, 0.08660348504781723], "reward": 0.44701519003515316}