{"action": [0.699999988079071, -0.005028648767620325], "reward": -0.0006096797069191895}