{"action": [0.3585365116596222, 0.020818427205085754], "reward": 0.8429247932943321}