{"action": [0.699999988079071, -0.0051363748498260975], "reward": -0.0007680380113730453}