{"action": [0.699999988079071, 9.7117546829395e-05], "reward": 0.647407363357041}