{"action": [0.5636439323425293, -0.0021811204496771097], "reward": 0.7254647500455177}