{"action": [0.41112154722213745, -0.010092814452946186], "reward": 0.8795673545830892}