{"action": [-1.0, -0.018627328798174858], "reward": -0.0018809061983172289}