{"action": [0.5028311014175415, -0.20740920305252075], "reward": 0.4603949405334209}