{"action": [0.699999988079071, -0.055400948971509933], "reward": 0.5460560664686336}