{"action": [0.4339808523654938, -0.040438637137413025], "reward": 0.7535899240139792}