{"action": [0.5011268258094788, -0.01094455923885107], "reward": 0.7668988081130901}