{"action": [0.43225276470184326, -0.00967890303581953], "reward": 0.8729459800935567}