{"action": [0.6901226043701172, -0.011992720887064934], "reward": 0.6713265776164107}