{"action": [0.699999988079071, -0.04623977839946747], "reward": 0.6472948370850177}