{"action": [0.4980454444885254, -0.03172555938363075], "reward": 0.7941581187917238}