{"action": [0.5355581045150757, -0.02326914481818676], "reward": 0.815010248417722}