{"action": [0.4202386736869812, -0.030015507712960243], "reward": 0.7879014530692233}