{"action": [0.699999988079071, -0.06077449768781662], "reward": 0.5217394277380673}