{"action": [0.6019566655158997, -0.043243587017059326], "reward": 0.7355065070502796}