{"action": [0.6115939021110535, -0.031251002103090286], "reward": 0.6906840126484121}