{"action": [0.5432799458503723, -0.02812848426401615], "reward": 0.775371606386594}