{"action": [0.6023631691932678, -0.027654709294438362], "reward": 0.6706892502872935}