{"action": [0.6811760663986206, -0.041924379765987396], "reward": 0.7368342217048002}