{"action": [0.5058156251907349, -0.025595447048544884], "reward": 0.7331373905017944}