{"action": [0.699999988079071, -0.06137039512395859], "reward": 0.5294058790319708}