{"action": [0.6455621719360352, -0.04456455633044243], "reward": 0.6851319878714724}