{"action": [0.699999988079071, -0.3688769042491913], "reward": 0.14729684258394166}