{"action": [0.699999988079071, -0.4888974130153656], "reward": 0.05877701574358393}