{"action": [0.674038827419281, -0.05828864499926567], "reward": 0.6476274619905529}