{"action": [0.5618084073066711, -0.044553905725479126], "reward": 0.6823754517525036}