{"action": [0.699999988079071, -0.0850682407617569], "reward": 0.47823318011804283}