{"action": [0.699999988079071, -0.07745268195867538], "reward": 0.5654525179204115}