{"action": [0.699999988079071, -0.08983273804187775], "reward": 0.49020368272550435}