{"action": [0.6700263023376465, -0.03966584801673889], "reward": 0.6330827704118293}