{"action": [0.699999988079071, -0.03950352221727371], "reward": 0.651254337497752}