{"action": [0.49230366945266724, -0.018631869927048683], "reward": 0.8500827343701973}