{"action": [0.699999988079071, -0.051444876939058304], "reward": 0.5753051874479653}