{"action": [0.5449663400650024, -0.02904466539621353], "reward": 0.716960348373192}