{"action": [0.6210886836051941, -0.03086061403155327], "reward": 0.7117870952806047}