{"action": [0.641625702381134, -0.021128511056303978], "reward": 0.7893363798598663}