{"action": [0.699999988079071, -0.3467787802219391], "reward": 0.3079853365856445}