{"action": [0.6467626094818115, -0.03502272441983223], "reward": 0.7670928481167247}