{"action": [0.4715464413166046, -0.026908760890364647], "reward": 0.8242208748157434}