{"action": [0.699999988079071, -0.49222326278686523], "reward": 0.3159223098238234}