{"action": [0.6592643857002258, -0.03094346448779106], "reward": 0.7244172947754701}