{"action": [0.6247968673706055, -0.02978295087814331], "reward": 0.756909802241707}