{"action": [0.6323680877685547, -0.0528673492372036], "reward": 0.7294846052203297}