{"action": [0.6956332325935364, -0.03420516848564148], "reward": 0.6351372935944665}