{"action": [0.699999988079071, -0.07743123173713684], "reward": 0.5384334122498011}