{"action": [0.4391379952430725, -0.024215422570705414], "reward": 0.837975029090087}