{"action": [0.5440283417701721, -0.03329617530107498], "reward": 0.7122666367665011}