{"action": [0.4961812496185303, -0.03130879998207092], "reward": 0.8162100366363944}