{"action": [0.6053699851036072, -0.03546905145049095], "reward": 0.7186401558961389}