{"action": [-1.0, -0.01915309950709343], "reward": -0.002842896033174855}