{"action": [0.4365519881248474, -0.022918062284588814], "reward": 0.8536326283507263}