{"action": [0.699999988079071, -0.37426823377609253], "reward": 0.5849030244745741}