{"action": [0.5053966641426086, -0.02738673985004425], "reward": 0.8073294910744296}