{"action": [0.699999988079071, -0.04942362755537033], "reward": 0.5404333783344076}