{"action": [0.699999988079071, -0.05888825282454491], "reward": 0.6856136175393062}