{"action": [0.5067890882492065, -0.042482051998376846], "reward": 0.7979425327124523}