{"action": [0.602155327796936, -0.03292795643210411], "reward": 0.7116685188699294}