{"action": [0.699999988079071, -0.0452178455889225], "reward": 0.5909086180267045}