{"action": [0.636136531829834, -0.03127399832010269], "reward": 0.713961456363799}