{"action": [0.44124680757522583, 0.022467082366347313], "reward": 0.8009788262923049}