{"action": [0.699999988079071, 0.056179314851760864], "reward": 0.7647707940211894}