{"action": [0.6560793519020081, 0.00873658712953329], "reward": 0.6445122745341743}