{"action": [0.699999988079071, 0.0087943896651268], "reward": 0.6466789572108247}