{"action": [0.699999988079071, -0.11109628528356552], "reward": 0.3453784737035234}