{"action": [0.5384187698364258, 0.04167661443352699], "reward": 0.4783420887293391}