{"action": [0.5924482941627502, 6.405002204701304e-05], "reward": 0.7752038204775011}