{"action": [0.699999988079071, -0.09563195705413818], "reward": 0.3440929652962697}