{"action": [0.699999988079071, -0.016338787972927094], "reward": 0.03745254984958312}