{"action": [0.6839219927787781, 0.0878826305270195], "reward": 0.6789506497939749}