{"action": [0.4812655448913574, -0.0013383497716858983], "reward": 0.8373216821313466}