{"action": [0.4412537217140198, -0.009997628629207611], "reward": 0.8551537854822254}