{"action": [0.5641949772834778, -0.018075522035360336], "reward": 0.8037246009939584}