{"action": [0.4341645836830139, -0.010573774576187134], "reward": 0.8580486645044786}