{"action": [0.5271530747413635, 0.025053715333342552], "reward": 0.778950330625456}