{"action": [0.699999988079071, -0.010759101249277592], "reward": 0.2775148424553367}