{"action": [0.45030632615089417, -0.014135114848613739], "reward": 0.8568571206835235}