{"action": [0.5482688546180725, -0.0007699939305894077], "reward": 0.8009419264701695}