{"action": [0.6728642582893372, 0.007027114275842905], "reward": 0.7444214272973225}