{"action": [0.6047471761703491, -0.005679143592715263], "reward": 0.80240034612286}