{"action": [0.699999988079071, 0.00025803130120038986], "reward": 0.0001631143317374864}