{"action": [0.6650015115737915, -0.05523816496133804], "reward": 0.6313777093497629}