{"action": [0.699999988079071, 0.00025667736190371215], "reward": 0.0007653292373803366}