{"action": [0.5947813987731934, -0.0010126415872946382], "reward": 0.8199015929460715}