{"action": [0.4370462894439697, 0.0025016425643116236], "reward": 0.8923913170426189}