{"action": [0.699999988079071, 0.0002553972590249032], "reward": 0.003649290346258419}