{"action": [0.699999988079071, -0.05878937244415283], "reward": 0.6689433425175721}