{"action": [0.699999988079071, -0.060483358800411224], "reward": 0.6364771293920659}