{"action": [0.42078447341918945, -0.01934627816081047], "reward": 0.8439499130832088}