{"action": [0.4473378360271454, 0.05763184651732445], "reward": 0.7630878588886868}