{"action": [0.46288713812828064, 0.014493361115455627], "reward": 0.8660659928740702}