{"action": [0.6994168162345886, 0.000666392152197659], "reward": 0.7827272474637892}