{"action": [0.5536936521530151, 0.004336168058216572], "reward": 0.8438528652686218}