{"action": [0.4039192795753479, 0.042545709758996964], "reward": 0.820279771477534}