{"action": [0.6042042374610901, 0.02103506028652191], "reward": 0.7615781259969202}