{"action": [0.34945768117904663, 0.02239774540066719], "reward": 0.896485023843029}