{"action": [-1.0, -0.019147735089063644], "reward": -0.002871837633111562}