{"action": [0.5681868195533752, 0.013033227995038033], "reward": 0.8483989027808246}