{"action": [0.336664617061615, 0.023445643484592438], "reward": 0.8955958949702223}