{"action": [0.699999988079071, 0.055115532130002975], "reward": 0.6592818091764295}