{"action": [0.34784114360809326, 0.024050112813711166], "reward": 0.8931407942238327}