{"action": [-1.0, 0.007330755237489939], "reward": -0.001091061194190486}