{"action": [0.699999988079071, 0.06061094254255295], "reward": 0.6227678516646022}