{"action": [0.699999988079071, 0.06412749737501144], "reward": 0.5974229896863436}