{"action": [0.699999988079071, 0.07095116376876831], "reward": 0.3504147387324671}