{"action": [0.699999988079071, 0.24150502681732178], "reward": -0.03622482036943214}