{"action": [0.31223565340042114, 0.02152080461382866], "reward": 0.9085556001283481}