{"action": [0.44638702273368835, 0.03830220550298691], "reward": 0.7654899440760484}