{"action": [0.43914467096328735, 0.03549361974000931], "reward": 0.8323708584263046}