{"action": [0.36461442708969116, 0.024359462782740593], "reward": 0.8930745695624228}