{"action": [0.5107066035270691, 0.04074062407016754], "reward": 0.7754490822145598}