{"action": [0.4309733211994171, 0.019978322088718414], "reward": 0.8315022406149667}