{"action": [0.46961405873298645, 0.03710139915347099], "reward": 0.8137972178496792}