{"action": [0.35614609718322754, 0.018666058778762817], "reward": 0.905236667722624}