{"action": [0.348328173160553, 0.020089976489543915], "reward": 0.9077069064299215}