{"action": [0.699999988079071, -0.0014251039829105139], "reward": 0.6193628373939957}