{"action": [0.3909516930580139, 0.002563534304499626], "reward": 0.891203658753906}