{"action": [0.3668707311153412, 0.01134064607322216], "reward": 0.829950393786979}