{"action": [0.381438672542572, 0.0008374289027415216], "reward": 0.9153096336050128}