{"action": [0.4296227991580963, -0.010997818782925606], "reward": 0.8358515382265906}