{"action": [0.3322862982749939, -0.018044766038656235], "reward": 0.8805945805883123}