{"action": [0.699999988079071, -0.004683758597820997], "reward": 0.5169007817380915}