{"action": [0.5538902878761292, 0.0031677018851041794], "reward": 0.7321557302692772}