{"action": [0.699999988079071, -0.0114166010171175], "reward": 0.3026746317413104}