{"action": [0.6957979798316956, 0.00373356556519866], "reward": 0.6659816378737496}