{"action": [0.546275794506073, 0.0026863389648497105], "reward": 0.806799670705338}