{"action": [-1.0, 0.007306076120585203], "reward": -0.0010948094573564738}