{"action": [0.699999988079071, 0.021755052730441093], "reward": 0.7023878656947478}