{"action": [0.48017850518226624, 0.0007378512527793646], "reward": 0.32584423662010314}