{"action": [0.4516420066356659, 0.00719499122351408], "reward": 0.8541832239727869}