{"action": [0.699999988079071, 0.12959973514080048], "reward": 0.2696036401774433}