{"action": [0.5490963459014893, 0.0014676654245704412], "reward": 0.793300980968208}