{"action": [0.37825021147727966, 0.0006842858274467289], "reward": 0.9336669070624458}