{"action": [0.39447021484375, 0.005139555316418409], "reward": 0.8966240903577074}