{"action": [0.6930344104766846, 0.004701167810708284], "reward": 0.3482171151693475}