{"action": [0.3527202606201172, -0.118228480219841], "reward": 0.6868513633469387}