{"action": [0.510536253452301, 0.007635767105966806], "reward": 0.299687198245469}