{"action": [0.2887665629386902, 0.016403350979089737], "reward": 0.8597994686893351}