{"action": [0.22226332128047943, 0.004798186011612415], "reward": 0.8526806579714816}