{"action": [0.34668707847595215, 0.027490433305501938], "reward": 0.8942478481218242}