{"action": [0.3384611904621124, 0.03221900761127472], "reward": 0.8781467204857861}