{"action": [0.4145701229572296, 0.01819625124335289], "reward": 0.8387694669470825}