{"action": [0.699999988079071, 0.0359344556927681], "reward": 0.6725269118867816}