{"action": [-1.0, 0.006161718629300594], "reward": -0.000910925017727527}