{"action": [0.6667160987854004, 0.03474448248744011], "reward": 0.6152634912598959}