{"action": [0.4539608955383301, 0.029144156724214554], "reward": 0.824744274093935}