{"action": [0.699999988079071, 0.1731066107749939], "reward": 0.7382638861092912}