{"action": [0.4389936029911041, 0.037232790142297745], "reward": 0.799807276562822}