{"action": [0.6057943105697632, 0.03548374027013779], "reward": 0.7213717415512162}