{"action": [0.4188697636127472, 0.029913097620010376], "reward": 0.8239673414940506}