{"action": [0.699999988079071, 0.03722783550620079], "reward": 0.6488523180119432}