{"action": [0.49489426612854004, 0.02507869340479374], "reward": 0.8526552612989517}