{"action": [0.427820086479187, 0.029262954369187355], "reward": 0.8346740494725189}