{"action": [0.6779741644859314, 0.027274830266833305], "reward": 0.718060634669716}