{"action": [0.699999988079071, 0.01858479715883732], "reward": 0.7415799740728937}