{"action": [0.6681082248687744, 0.0284896157681942], "reward": 0.7220521267921062}