{"action": [0.699999988079071, 0.02200188860297203], "reward": 0.4630205161948103}