{"action": [0.5187482833862305, 0.01849970407783985], "reward": 0.8529287622373751}