{"action": [0.3284832835197449, 0.014451398514211178], "reward": 0.930848697890315}