{"action": [0.34346330165863037, 0.029207540675997734], "reward": 0.893094546478464}