{"action": [0.4545706808567047, 0.03163470700383186], "reward": 0.7934570691443747}