{"action": [0.5759089589118958, 0.042630866169929504], "reward": 0.7125840927265173}