{"action": [0.699999988079071, 0.04029116779565811], "reward": 0.5539897970327643}