{"action": [0.699999988079071, 0.031231988221406937], "reward": 0.6769458708086623}