{"action": [0.592355489730835, 0.03760556876659393], "reward": 0.7029474433396792}