{"action": [0.699999988079071, 0.03427668660879135], "reward": 0.6306270613608885}