{"action": [0.6486144661903381, 0.040483999997377396], "reward": 0.709516207801155}