{"action": [-1.0, 0.006160645745694637], "reward": -0.0009238451894721015}