{"action": [0.5591389536857605, -0.0018178856698796153], "reward": 0.8567370004895277}