{"action": [0.44771602749824524, 0.2055596262216568], "reward": 0.8190444482361291}