{"action": [0.44666174054145813, -0.0017960340483114123], "reward": 0.8421806811761146}