{"action": [0.5923014283180237, -3.241538934162236e-06], "reward": 0.7117857839349387}