{"action": [0.699999988079071, 0.008099420927464962], "reward": 0.6013565095202447}