{"action": [0.5332242250442505, 0.0007121182861737907], "reward": 0.8251700198393637}