{"action": [0.699999988079071, 0.00018046867626253515], "reward": 0.7098989850120986}