{"action": [0.644477128982544, 0.00031515612499788404], "reward": 0.8306163746514672}