{"action": [0.699999988079071, 0.0036454731598496437], "reward": 0.5148520327705064}