{"action": [0.5685721635818481, 0.14118504524230957], "reward": 0.46011531634112035}