{"action": [0.5245091915130615, 0.003608692903071642], "reward": 0.9096431980335881}