{"action": [0.699999988079071, -0.06818635016679764], "reward": 0.7963711522450442}