{"action": [0.5481860041618347, 0.0031790484208613634], "reward": 0.8539986385280581}