{"action": [0.699999988079071, 0.30204901099205017], "reward": 0.4705265602222456}