{"action": [0.699999988079071, -0.0408589243888855], "reward": 0.4438255724232111}