{"action": [0.311390221118927, 0.0027739317156374454], "reward": 0.9521306355968471}