{"action": [0.4084724187850952, 0.0032391727436333895], "reward": 0.9503631500753897}