{"action": [0.3862597942352295, 0.0008650598465465009], "reward": 0.9133044841568557}