{"action": [0.699999988079071, -0.018755339086055756], "reward": 0.04415334289892325}