{"action": [0.699999988079071, 0.07655185461044312], "reward": -0.06671745681746251}