{"action": [0.699999988079071, 0.0192243792116642], "reward": 0.8945812139463925}