{"action": [0.699999988079071, 0.0058092824183404446], "reward": 0.6909724759704818}