{"action": [0.699999988079071, -0.0007587081054225564], "reward": 0.7422857848349658}