{"action": [0.699999988079071, 0.005193913355469704], "reward": 0.4924143003330284}