{"action": [0.699999988079071, 0.009222164750099182], "reward": 0.38946053633899447}