{"action": [0.699999988079071, 0.0721924677491188], "reward": 0.8554141001552117}