{"action": [0.699999988079071, -0.05427219346165657], "reward": 0.8111219205737811}