{"action": [0.699999988079071, 0.076384037733078], "reward": -0.07710670012800637}