{"action": [0.699999988079071, 0.033914536237716675], "reward": 0.2069943260525726}