{"action": [0.699999988079071, 0.015654560178518295], "reward": 0.48707120402627785}