{"action": [0.699999988079071, 0.05341808870434761], "reward": -1.0273961578721926}