{"action": [0.699999988079071, 0.016858937218785286], "reward": 0.14509021215776374}