{"action": [0.699999988079071, 0.1261252760887146], "reward": 0.033431087820101194}