{"action": [0.699999988079071, 0.10147488862276077], "reward": 0.49677170184574077}