{"action": [0.699999988079071, 0.04955654591321945], "reward": 0.5424453497685432}