{"action": [0.699999988079071, 0.04767654836177826], "reward": 0.4727102502706205}