{"action": [-1.0, 0.006156353745609522], "reward": -0.0009192964344771126}