{"action": [-0.070870041847229, -0.08352673053741455], "reward": 0.6519886046976447}