{"action": [-1.0, 0.006153671070933342], "reward": -0.0009227338538514309}