{"action": [0.699999988079071, -0.0004457618633750826], "reward": 0.8035499315739757}