{"action": [0.699999988079071, 0.03620252013206482], "reward": 0.5385643630907275}