{"action": [0.699999988079071, -0.0023607127368450165], "reward": 0.5722679508840288}