{"action": [0.699999988079071, -0.022239884361624718], "reward": 0.5673442700696095}