{"action": [0.699999988079071, 0.022523652762174606], "reward": 0.831342450710773}