{"action": [0.699999988079071, 0.02306477725505829], "reward": 0.8807859359185675}