{"action": [0.699999988079071, -0.004483542405068874], "reward": 0.7122019705783718}