{"action": [0.699999988079071, 0.032938018441200256], "reward": 0.4827673721476232}