{"action": [0.699999988079071, -0.004050075076520443], "reward": 0.4947193427173183}