{"action": [0.699999988079071, -0.0012499375734478235], "reward": 0.7195826878419395}