{"action": [0.699999988079071, -0.009537809528410435], "reward": 0.5033062878123885}