{"action": [0.699999988079071, 0.0007849755929782987], "reward": 0.3706270028860777}