{"action": [-1.0, -0.0023627341724932194], "reward": 0.3579369501543941}