{"action": [0.699999988079071, -0.0015835687518119812], "reward": 0.16960565326895097}