{"action": [0.699999988079071, -0.0009478243882767856], "reward": 0.9544799912104074}