{"action": [-1.0, -0.005751831457018852], "reward": -0.0008132101206593683}