{"action": [0.699999988079071, -0.0038850815035402775], "reward": 0.44722109814993843}