{"action": [0.699999988079071, 0.0018096520798280835], "reward": 0.2587835006949778}