{"action": [0.699999988079071, -0.0038159885443747044], "reward": 0.36543164802438904}