{"action": [0.699999988079071, -8.927183807827532e-05], "reward": 0.894880727077548}