{"action": [0.699999988079071, -0.005537844263017178], "reward": 0.019714414502545515}