{"action": [-1.0, -0.005729298572987318], "reward": -0.0008521972117963182}