{"action": [0.699999988079071, -0.004194494336843491], "reward": 0.29779950213021456}