{"action": [0.699999988079071, -0.004136038478463888], "reward": 0.930136973371416}