{"action": [-0.8852751851081848, -0.00394463213160634], "reward": 0.3863117472779128}