{"action": [0.6688093543052673, -0.0008558875415474176], "reward": 0.8151103599235474}