{"action": [-1.0, 0.0012709718430414796], "reward": -0.0001585024957022242}