{"action": [0.699999988079071, -0.005991582293063402], "reward": 0.13996703254266554}