{"action": [0.699999988079071, -0.022476892918348312], "reward": 0.27097022097001633}