{"action": [-1.0, -0.011617938056588173], "reward": 0.02790504157520395}