{"action": [0.699999988079071, -0.011073220521211624], "reward": 0.2503254065532924}