{"action": [0.699999988079071, -0.010164685547351837], "reward": 0.6237376306585842}