{"action": [-1.0, -0.02198314480483532], "reward": -0.0032888552833904767}