{"action": [-1.0, -0.2229968160390854], "reward": -0.03332881273971037}