{"action": [-1.0, 0.006157963071018457], "reward": -0.0009234499841243925}