{"action": [-1.0, -0.021970268338918686], "reward": -0.0032477369894306956}