{"action": [0.12274898588657379, 0.16428221762180328], "reward": 0.11214935579261058}