{"action": [-1.0, 0.006171912420541048], "reward": -0.0009243617657645571}