{"action": [0.699999988079071, -0.03517669439315796], "reward": 0.026038025218758382}