{"action": [0.2983073890209198, -0.009453977458178997], "reward": 0.41036466355579726}