{"action": [0.15671363472938538, -0.08070947974920273], "reward": 0.46012884585012664}