{"action": [0.699999988079071, 0.0004388158267829567], "reward": 0.4299622789627665}