{"action": [0.34660544991493225, -0.009357590228319168], "reward": 0.27522696438872674}