{"action": [0.699999988079071, -0.0008906535804271698], "reward": 0.32701399598824865}