{"action": [0.6169700622558594, -0.0007363230688497424], "reward": 0.4184578062815536}