{"action": [0.3299870491027832, -0.05977153778076172], "reward": 0.3995457752757476}