{"action": [-1.0, 0.002738839713856578], "reward": -0.0003330186406390438}