{"action": [0.24078992009162903, 0.008753655478358269], "reward": 0.9219327636534356}