{"action": [0.2459915727376938, 0.01322596613317728], "reward": 0.9070327229695325}