{"action": [0.3976897597312927, 0.003574561094865203], "reward": 0.9309567574855621}