{"action": [0.699999988079071, -5.451440756587544e-07], "reward": 0.5158148888909894}