{"action": [0.699999988079071, -5.415678288045456e-07], "reward": 0.0019967096103755662}