{"action": [0.25572624802589417, 0.0071350643411278725], "reward": 0.9209954449264192}