{"action": [-0.025595907121896744, 0.006630389951169491], "reward": 0.45550740960530145}