{"action": [0.47122567892074585, 0.00014604133320972323], "reward": 0.8826328107406798}