{"action": [-1.0, 0.006170839071273804], "reward": -0.0009255995452411669}