{"action": [0.4078921675682068, 0.0625792071223259], "reward": 0.7596930212403346}