{"action": [0.4302748441696167, 0.010160706005990505], "reward": 0.6102218768297382}