{"action": [0.23770251870155334, 0.0041830348782241344], "reward": 0.9226261239755648}