{"action": [0.45279765129089355, -0.04210728406906128], "reward": 0.7310092391458128}