{"action": [0.4901181757450104, 0.14610335230827332], "reward": 0.8094423015003913}