{"action": [0.5962377786636353, 0.0002861645189113915], "reward": 0.8279843962900653}