{"action": [0.39417603611946106, 0.005841709207743406], "reward": 0.8532541917462932}