{"action": [0.6365535855293274, 0.014472163282334805], "reward": 0.7795880675842317}