{"action": [0.6583983302116394, 0.059086911380290985], "reward": 0.670950095164189}