{"action": [0.36940160393714905, -0.011326679028570652], "reward": 0.8914167529456625}