{"action": [0.4302677810192108, -0.0007791289244778454], "reward": 0.8438067531697153}