{"action": [0.46056628227233887, -0.0029039918445050716], "reward": 0.8822975258394439}