{"action": [0.5818849802017212, -0.013235343620181084], "reward": 0.7756972647944592}