{"action": [0.2830289304256439, -0.01580064371228218], "reward": -0.002370096556842327}