{"action": [0.5063608884811401, -0.01703430712223053], "reward": 0.793317209196709}