{"action": [0.3756808638572693, -0.11641901731491089], "reward": 0.8198145809315812}