{"action": [0.3931465148925781, -0.11280285567045212], "reward": 0.7857029389997127}