{"action": [0.40082600712776184, -0.10270590335130692], "reward": 0.7603633826739249}