{"action": [0.5840792655944824, -0.0077130976133048534], "reward": 0.7811634979800525}