{"action": [0.4249202013015747, -0.09736091643571854], "reward": 0.8066386462383743}