{"action": [0.47089314460754395, -0.10294727981090546], "reward": 0.7550725684174306}