{"action": [0.3401688039302826, -0.09688903391361237], "reward": 0.8123218422879358}