{"action": [0.699999988079071, -0.22556477785110474], "reward": 0.5438808696907155}