{"action": [0.5106269717216492, -0.08895071595907211], "reward": 0.7284169348791008}