{"action": [0.49246346950531006, -0.014075460843741894], "reward": 0.7858300623029859}