{"action": [0.4970394968986511, -0.13097840547561646], "reward": 0.7071769140516921}