{"action": [0.3959764242172241, -0.08853932470083237], "reward": 0.8287582531651323}