{"action": [0.45217007398605347, -0.09367426484823227], "reward": 0.8037971383313787}