{"action": [0.39453452825546265, -0.06674261391162872], "reward": 0.7795905333526945}