{"action": [0.586548388004303, -0.1091267317533493], "reward": 0.7508867337069923}