{"action": [0.49722617864608765, -0.12346242368221283], "reward": 0.7206619629661083}