{"action": [0.5502394437789917, -0.132268488407135], "reward": 0.6910878976874568}