{"action": [0.4845994710922241, -7.006341184023768e-05], "reward": 0.8686003456714515}