{"action": [0.699999988079071, 0.03520532324910164], "reward": 0.6709677557801222}