{"action": [0.31009024381637573, 0.010859445668756962], "reward": 0.8231062627240877}