{"action": [0.3510412573814392, 0.0030083979945629835], "reward": 0.9031100117130129}