{"action": [0.361001193523407, 0.0010209125466644764], "reward": 0.9329373633467571}