{"action": [0.649045467376709, 0.03192855790257454], "reward": 0.73639769404295}