{"action": [-1.0, 0.0007430544355884194], "reward": 0.000759176631950973}