{"action": [0.35268688201904297, 0.002309085801243782], "reward": 0.9063071165818531}