{"action": [0.5212228894233704, 0.01252085529267788], "reward": 0.7831680871850605}