{"action": [-1.0, -2.038705315499101e-05], "reward": 0.00016252189389758415}