{"action": [-1.0, -2.038705315499101e-05], "reward": -1.9823824171671437e-06}