{"action": [0.36545804142951965, -1.0774135716928868e-06], "reward": 0.454139721331695}