{"action": [0.25032177567481995, 2.885650064854417e-05], "reward": 0.5182052278408762}