{"action": [0.48159828782081604, -1.3006150766159408e-05], "reward": 0.43575784834547376}