{"action": [-1.0, -2.1460056814248674e-05], "reward": -2.6921133158544806e-06}