{"action": [-1.0, -2.1460056814248674e-05], "reward": -3.0531458325883354e-06}