{"action": [-1.0, -2.1460056814248674e-05], "reward": -2.658728516614246e-06}