{"action": [-1.0, -2.092355498461984e-05], "reward": -2.875297078451896e-06}