{"action": [0.4878445863723755, -0.800000011920929], "reward": 0.535272546055297}