{"action": [0.699999988079071, -0.00013420492177829146], "reward": 0.7455214800143847}