{"action": [0.699999988079071, -2.1327912691049278e-05], "reward": 0.08227531797349853}