{"action": [0.33676379919052124, 0.0027249047998338938], "reward": 0.8719770382184376}