{"action": [0.460437148809433, 0.006838797125965357], "reward": 0.8245224190621228}