{"action": [0.699999988079071, -0.613905668258667], "reward": 0.34795383258164836}