{"action": [0.4321998953819275, 0.005905501078814268], "reward": 0.8437432638914957}