{"action": [0.4776548147201538, -0.800000011920929], "reward": 0.569910948766243}