{"action": [0.40868619084358215, -0.6813490390777588], "reward": 0.2249587479495081}