{"action": [0.6154564619064331, -0.09934013336896896], "reward": 0.5922673025264453}