{"action": [0.42980456352233887, -0.042201049625873566], "reward": 0.8015825354362673}