{"action": [0.42989838123321533, -0.0023000130895525217], "reward": 0.7637149871795703}