{"action": [-1.0, -0.012620659545063972], "reward": -0.001423278158068237}