{"action": [0.699999988079071, -0.016734031960368156], "reward": -0.0014137384544525675}