{"action": [-1.0, -0.012629779987037182], "reward": -0.0018166158548734552}