{"action": [-1.0, -0.012597589753568172], "reward": -0.0009056570775211037}