{"action": [0.699999988079071, -0.19416911900043488], "reward": -0.02693979446678991}