{"action": [0.699999988079071, -0.423793226480484], "reward": 0.03986149567477851}