{"action": [0.699999988079071, -0.09103525429964066], "reward": -0.01231284069217929}