{"action": [0.699999988079071, -0.6489415764808655], "reward": 0.04078778158822309}