{"action": [0.699999988079071, -0.015982739627361298], "reward": -0.0021847054503174226}