{"action": [0.699999988079071, -0.09716690331697464], "reward": -0.010361676523931506}