{"action": [0.699999988079071, 0.007269277703016996], "reward": 0.35170148996000583}