{"action": [0.699999988079071, 0.19183938205242157], "reward": 0.05591597224588317}