{"action": [0.699999988079071, 0.0014243714977055788], "reward": 0.36665177121052633}