{"action": [0.699999988079071, -0.0019569715950638056], "reward": 0.48944205026962145}