{"action": [0.699999988079071, 0.00034068559762090445], "reward": 0.3100708637101886}