{"action": [-1.0, 0.0013439360773190856], "reward": -0.0001611026229918255}