{"action": [0.699999988079071, 0.0016796261770650744], "reward": 0.48379286691963136}