{"action": [0.699999988079071, -0.0008585650939494371], "reward": 0.11616715410710339}