{"action": [0.699999988079071, 0.0008425881387665868], "reward": 0.41007016964238097}