{"action": [0.699999988079071, 0.0005609855870716274], "reward": 0.08704970849265634}