{"action": [0.699999988079071, 0.0012517959112301469], "reward": 0.41766830605788297}