{"action": [0.699999988079071, 0.007066522259265184], "reward": 0.24552972708857015}