{"action": [0.699999988079071, 0.007037220522761345], "reward": 0.2612844621903669}