{"action": [0.699999988079071, -3.1412841053679585e-05], "reward": 0.19218652289421023}