{"action": [0.699999988079071, 0.00698871398344636], "reward": 0.2768055361626316}