{"action": [0.699999988079071, 0.00011574834934435785], "reward": 0.4497053281366087}