{"action": [0.699999988079071, -0.011477544903755188], "reward": 0.30242350640367927}