{"action": [0.699999988079071, -0.004233134910464287], "reward": 0.06560254522114531}