{"action": [0.699999988079071, 0.0010390649549663067], "reward": 0.25530650966618496}