{"action": [0.699999988079071, 0.0010060779750347137], "reward": 0.2664257116843291}