{"action": [0.699999988079071, 0.00029572463245131075], "reward": 0.15496625848946313}