{"action": [0.699999988079071, -0.008664494380354881], "reward": 0.1346943429535927}