{"action": [0.699999988079071, 0.001234151073731482], "reward": 0.25757062685405174}