{"action": [0.699999988079071, -0.00024771623429842293], "reward": 0.04373637841634765}