{"action": [-1.0, -0.00751531170681119], "reward": 0.0009309068511647058}