{"action": [0.699999988079071, 0.010100271552801132], "reward": 0.0014928339492113229}