{"action": [0.699999988079071, -0.0017570748459547758], "reward": 0.05846414640042256}