{"action": [0.5696773529052734, -0.008129026740789413], "reward": 0.39231400623341983}