{"action": [-1.0, -0.004461009055376053], "reward": -0.0006566092329487146}