{"action": [0.699999988079071, -0.004474305547773838], "reward": 0.0013995666285861116}