{"action": [0.699999988079071, -0.0011724476935341954], "reward": 0.06870718555812368}