{"action": [-1.0, -0.004460472613573074], "reward": -0.000661361828248323}