{"action": [0.699999988079071, 0.00821785256266594], "reward": 0.09328522374108572}