{"action": [0.699999988079071, 0.020747695118188858], "reward": 0.12384430338749107}