{"action": [0.699999988079071, 0.00721918186172843], "reward": 0.0759986251419585}