{"action": [0.699999988079071, 0.008288420736789703], "reward": 0.04976527849178258}