{"action": [0.699999988079071, 0.009595407173037529], "reward": 0.1448317690760928}