{"action": [0.699999988079071, 0.004117283504456282], "reward": 0.013852881224015446}