{"action": [0.699999988079071, -0.0028727634344249964], "reward": 0.243991313606373}