{"action": [0.699999988079071, -0.0025038444437086582], "reward": 0.3346605459703763}