{"action": [0.699999988079071, 0.0038100495003163815], "reward": 0.20215854800886726}