{"action": [0.699999988079071, 0.009840447455644608], "reward": 0.3438950259602034}