{"action": [0.699999988079071, 0.0021796387154608965], "reward": 0.19124194517163814}