{"action": [0.699999988079071, 0.005264963023364544], "reward": 0.038824133412726995}