{"action": [0.699999988079071, 0.010764907114207745], "reward": 0.148593396359382}