{"action": [0.699999988079071, 0.00949297845363617], "reward": 0.04404973277156877}