{"action": [0.699999988079071, 0.005037091672420502], "reward": 0.3544659024244894}