{"action": [0.699999988079071, 0.002922853222116828], "reward": 0.09984012921159169}