{"action": [0.699999988079071, -0.0029837179463356733], "reward": 0.19773406895562995}