{"action": [0.699999988079071, 0.005175176542252302], "reward": 0.03169542610305383}