{"action": [0.699999988079071, 0.01678379252552986], "reward": 0.04715026396896274}