{"action": [0.699999988079071, 0.017332207411527634], "reward": 0.12175005084712869}