{"action": [0.699999988079071, 0.011062029749155045], "reward": 0.07739893045516517}