{"action": [0.699999988079071, 0.010629378259181976], "reward": 0.3297319378123322}