{"action": [0.699999988079071, 0.003072739578783512], "reward": 0.3262939115209436}