{"action": [0.699999988079071, 0.0030008461326360703], "reward": 0.13946504746967578}