{"action": [0.699999988079071, 0.0009227678528986871], "reward": 0.00291385054134032}