{"action": [0.699999988079071, 0.003812295850366354], "reward": 0.02829856610568908}