{"action": [0.699999988079071, 0.0038703791797161102], "reward": 0.037394754896885284}