{"action": [0.699999988079071, 0.003706651972606778], "reward": 0.01399777416310831}