{"action": [0.699999988079071, -6.016713450662792e-05], "reward": 0.1039671058748584}