{"action": [0.699999988079071, -0.014857047237455845], "reward": 0.257316978220382}