{"action": [0.699999988079071, -0.01879560761153698], "reward": 0.09809766703044422}