{"action": [0.699999988079071, 0.005066745448857546], "reward": 0.0035402394280250886}