{"action": [0.699999988079071, -0.0030582675244659185], "reward": 0.001691890611786135}