{"action": [0.699999988079071, -0.003629223443567753], "reward": 0.2957243361186703}