{"action": [0.699999988079071, 1.609427999937907e-05], "reward": 0.3305573296962682}