{"action": [0.699999988079071, -0.0038827890530228615], "reward": 0.15033664352793533}