{"action": [0.699999988079071, -0.013456568121910095], "reward": 0.006934294878588744}