{"action": [0.699999988079071, -0.0012984886998310685], "reward": 0.28174380153838174}