{"action": [0.699999988079071, 0.002484092488884926], "reward": 0.37651841667352015}