{"action": [0.699999988079071, -0.013309679925441742], "reward": 0.0016194454349986497}