{"action": [0.699999988079071, -0.0023942417465150356], "reward": 0.0487473671537824}