{"action": [0.699999988079071, -0.014518773183226585], "reward": 0.48523721965180133}