{"action": [0.699999988079071, -0.010326694697141647], "reward": 0.10289772917001422}