{"action": [0.699999988079071, -0.0006565360818058252], "reward": 0.34548792678383966}