{"action": [0.699999988079071, -0.0024832242634147406], "reward": 0.4522699975520013}