{"action": [0.699999988079071, 0.00224476121366024], "reward": 0.38775651407233025}