{"action": [0.31720250844955444, -0.08110761642456055], "reward": 0.7022054736462685}