{"action": [0.699999988079071, -0.013068590313196182], "reward": 0.3151156769358003}