{"action": [0.699999988079071, -0.01255745254456997], "reward": 0.35118460683972014}