{"action": [0.699999988079071, -0.013457106426358223], "reward": 0.15972600082434502}