{"action": [0.699999988079071, -1.3674567753696465e-06], "reward": 0.0017451579564538183}