{"action": [0.699999988079071, -0.01426742970943451], "reward": 0.28139760044780804}