{"action": [0.699999988079071, -0.001601971685886383], "reward": 0.16135335055753436}