{"action": [0.699999988079071, -0.002809713361784816], "reward": 0.24711277386084085}