{"action": [0.699999988079071, -0.005799507722258568], "reward": 0.413234195357486}