{"action": [0.699999988079071, -0.11613921076059341], "reward": 0.37849882811457924}