{"action": [0.699999988079071, -0.00033831503242254257], "reward": 0.24731813813485634}