{"action": [0.699999988079071, -0.0019807559438049793], "reward": 0.3309757762283795}