{"action": [0.699999988079071, -0.1360464096069336], "reward": -0.004480909643541177}