{"action": [0.699999988079071, -0.12928545475006104], "reward": 0.02700289952829129}