{"action": [0.699999988079071, -0.14304880797863007], "reward": 0.10944590466022248}