{"action": [0.699999988079071, -0.1257544606924057], "reward": 0.09904328193352528}