{"action": [0.699999988079071, -0.10685882717370987], "reward": 0.25948697467314846}