{"action": [0.699999988079071, -0.12925823032855988], "reward": 0.06418218866955872}