{"action": [0.699999988079071, -0.08641748130321503], "reward": 0.3048235113523855}