{"action": [0.699999988079071, -0.12301214784383774], "reward": 0.16651653511852071}