{"action": [0.699999988079071, -0.07607536017894745], "reward": 0.06295878113411191}