{"action": [0.699999988079071, -0.05965369939804077], "reward": 0.04772373736299623}