{"action": [0.699999988079071, -0.1555718630552292], "reward": 0.39150576945474225}