{"action": [0.6662404537200928, -0.004800254013389349], "reward": 0.7291713648280091}