{"action": [0.4879351258277893, -0.0016017386224120855], "reward": 0.8465502079086535}