{"action": [0.699999988079071, -0.6006258726119995], "reward": 0.08591178756069504}