{"action": [0.699999988079071, -0.06819269061088562], "reward": 0.012772751815737315}