{"action": [0.699999988079071, -0.011595609597861767], "reward": 0.6225983258052551}