{"action": [0.5008463859558105, 0.002864816691726446], "reward": 0.8841844461062022}