{"action": [0.699999988079071, 0.006517406087368727], "reward": 0.7292446513939757}