{"action": [0.699999988079071, 0.01801231876015663], "reward": 0.6070417342035573}