{"action": [0.699999988079071, 0.0036471313796937466], "reward": 0.5228322065700246}