{"action": [0.699999988079071, -0.04497309401631355], "reward": 0.0031622461709840738}