{"action": [0.699999988079071, 0.0034623516257852316], "reward": 0.5680306812541274}