{"action": [0.699999988079071, 0.6079777479171753], "reward": 0.0015797753476628762}