{"action": [0.699999988079071, -0.0069803581573069096], "reward": 0.402326316137834}