{"action": [0.699999988079071, -0.008905671536922455], "reward": 0.3654238971166472}