{"action": [0.699999988079071, -0.01643211580812931], "reward": 0.031382754966542394}