{"action": [0.699999988079071, -0.014122838154435158], "reward": 0.06971743177278458}