{"action": [0.699999988079071, -0.008683470077812672], "reward": 0.37764749683098126}