{"action": [0.699999988079071, 0.14953601360321045], "reward": 0.30968027383484953}