{"action": [0.29108926653862, 0.016313990578055382], "reward": 0.8602256473932357}