{"action": [0.699999988079071, -0.01768883690237999], "reward": 0.10248076330193637}