{"action": [0.699999988079071, 0.12962162494659424], "reward": 0.29567414700752626}