{"action": [0.699999988079071, 0.16153401136398315], "reward": 0.046078518511381325}