{"action": [0.699999988079071, 0.15721504390239716], "reward": 0.07869068037129655}