{"action": [0.699999988079071, 0.14353348314762115], "reward": -0.019932769299315242}