{"action": [0.699999988079071, 0.1866249442100525], "reward": -0.0094831967873374}