{"action": [0.699999988079071, 0.1623305380344391], "reward": 0.03365489597645652}