{"action": [-1.0, 0.004987853579223156], "reward": 0.16722370591186236}