{"action": [0.699999988079071, 0.17495214939117432], "reward": 0.012336890014353764}