{"action": [0.699999988079071, 0.006702051963657141], "reward": 0.31487154872299483}