{"action": [0.699999988079071, 0.12664002180099487], "reward": 0.345531134810811}