{"action": [-1.0, 0.011753672733902931], "reward": -0.0017025952116705536}