{"action": [0.699999988079071, 0.002991771325469017], "reward": 0.0020714346174749}