{"action": [-1.0, 0.011749381199479103], "reward": -0.0017432560506326074}