{"action": [0.699999988079071, 0.0014905653661116958], "reward": 0.07701335493573366}