{"action": [0.699999988079071, -0.0004558720684144646], "reward": 0.05809195283273125}