{"action": [0.699999988079071, 0.0024750421289354563], "reward": 0.028159647632578486}