{"action": [0.699999988079071, -0.00431490084156394], "reward": 0.03440662773432145}