{"action": [0.699999988079071, -0.002632011193782091], "reward": 0.28183528663713436}