{"action": [-1.0, 0.011752599850296974], "reward": -0.00176040086701408}