{"action": [0.699999988079071, -0.0004878616891801357], "reward": 0.04816828119167068}