{"action": [0.699999988079071, -0.0033892246428877115], "reward": 0.04367094443156164}