{"action": [-1.0, 0.01174133364111185], "reward": -0.0017396490236327483}