{"action": [0.699999988079071, 0.0017564891604706645], "reward": 0.07610762215041976}