{"action": [0.699999988079071, -0.00014736520824953914], "reward": 0.11583693892166723}