{"action": [0.699999988079071, 0.0022127206902951], "reward": 0.30419477473403894}