{"action": [0.699999988079071, 1.9634342152130557e-06], "reward": 0.31694975439959117}