{"action": [0.699999988079071, 0.0024616827722638845], "reward": 0.043760227736041976}