{"action": [0.699999988079071, -0.00014865862613078207], "reward": 0.11425922098185307}