{"action": [0.699999988079071, 0.0033107346389442682], "reward": 0.10150673115269161}