{"action": [0.699999988079071, -0.00019957617041654885], "reward": 0.2058875615917347}