{"action": [0.699999988079071, -0.00010371566168032587], "reward": 0.006716159457133143}