{"action": [0.699999988079071, -0.009307647123932838], "reward": 0.022861433906311075}