{"action": [0.699999988079071, -0.0015499097062274814], "reward": 0.4122922230508488}