{"action": [0.699999988079071, 0.0018662296934053302], "reward": 0.06917447984619904}