{"action": [0.699999988079071, -0.004143440630286932], "reward": 0.4059337245697598}