{"action": [0.699999988079071, 7.066399120958522e-05], "reward": 0.03542125365291264}