{"action": [0.06393694132566452, 0.09332387149333954], "reward": 0.2815613953209292}