{"action": [0.699999988079071, 0.000330201379256323], "reward": 0.002456905347814855}