{"action": [0.699999988079071, 5.13501072418876e-06], "reward": 0.09175673613900613}