{"action": [0.699999988079071, -0.00600719079375267], "reward": 0.3271178105089949}