{"action": [0.699999988079071, 0.001693370402790606], "reward": 0.02234988615072471}