{"action": [-1.0, 0.011746161617338657], "reward": -0.0017616660996577504}