{"action": [0.699999988079071, -0.0022361360024660826], "reward": -0.00013849264346777403}