{"action": [0.699999988079071, -0.006686570588499308], "reward": 0.07809471001208292}