{"action": [0.699999988079071, -0.0015775674255564809], "reward": 0.28686176389743073}