{"action": [0.699999988079071, 0.010407796129584312], "reward": 0.16369089569291626}