{"action": [0.699999988079071, -0.002230919897556305], "reward": 0.3197220088488516}