{"action": [0.699999988079071, -0.0032081506215035915], "reward": 0.0019299910495594109}