{"action": [0.699999988079071, -0.0030443689320236444], "reward": 0.11069332916013605}