{"action": [0.699999988079071, -0.0010483397636562586], "reward": 0.3208953013659492}