{"action": [0.699999988079071, -0.00033130194060504436], "reward": 0.062239854578647676}