{"action": [-1.0, 0.007629049941897392], "reward": -0.0010672502032009628}