{"action": [0.5559502840042114, -0.2679709196090698], "reward": 0.569079657534196}