{"action": [0.699999988079071, -0.23796942830085754], "reward": 0.5190836210817394}