{"action": [0.699999988079071, -0.16525883972644806], "reward": 0.28887107358029873}