{"action": [0.699999988079071, -0.0002653835981618613], "reward": 0.1895405948554681}