{"action": [0.699999988079071, 0.007595115806907415], "reward": 0.030091199008262542}