{"action": [0.45552858710289, -0.01509177591651678], "reward": 0.8171493363371445}