{"action": [0.41237616539001465, 0.1731923669576645], "reward": 0.6308532979720979}