{"action": [0.699999988079071, -0.06726449728012085], "reward": 0.5323101754923851}