{"action": [0.428909033536911, 0.07818353176116943], "reward": 0.7326230317569091}