{"action": [0.3482482433319092, 0.12108885496854782], "reward": 0.7307019783439362}