{"action": [0.3711937665939331, 0.14656132459640503], "reward": 0.6870092407555453}