{"action": [0.5114099979400635, 0.01063308585435152], "reward": 0.6435464439907294}