{"action": [0.6506907343864441, -0.0010085582034662366], "reward": 0.7493284718724734}