{"action": [0.32004275918006897, -0.004761107731610537], "reward": 0.8820069518733267}