{"action": [0.2723318338394165, -0.011957553215324879], "reward": 0.8731339710531021}