{"action": [0.2598045766353607, -0.0107710687443614], "reward": 0.8768754895454745}