{"action": [0.2864355742931366, -0.012565713375806808], "reward": 0.8693717854560451}