{"action": [0.3014543950557709, -0.013295850716531277], "reward": 0.8656392595756329}