{"action": [0.2170376181602478, -0.006484875921159983], "reward": 0.8926048922697652}