{"action": [0.3007414638996124, 0.018530065193772316], "reward": 0.8622360596809531}