{"action": [0.2721167206764221, 0.012860740534961224], "reward": 0.8729758312991246}