{"action": [0.19988858699798584, -0.0006119455792941153], "reward": 0.8867715707263287}