{"action": [-1.0, -0.006406445987522602], "reward": 0.5971943493084424}