{"action": [0.699999988079071, -0.013377866707742214], "reward": 0.38261857601447957}