{"action": [0.699999988079071, -0.012808063067495823], "reward": 0.43434115388635375}