{"action": [0.699999988079071, -0.015447773970663548], "reward": 0.4629877811169371}