{"action": [0.699999988079071, -0.002425136510282755], "reward": 0.4875956646883807}