{"action": [0.10164780914783478, -2.2290882043307647e-05], "reward": 0.47858285398090844}