{"action": [0.320017546415329, -9.417536084299627e-09], "reward": 0.43523871245593093}