{"action": [0.1455940306186676, 0.00010299032874172553], "reward": 0.47208730305129376}