{"action": [0.1848624348640442, 0.00912492349743843], "reward": 0.4589527316576806}