{"action": [0.699999988079071, 0.006739187054336071], "reward": 0.21369097702230158}