{"action": [-1.0, 0.0020912825129926205], "reward": -0.0003132682134469176}