{"action": [-1.0, 0.002096647396683693], "reward": -0.00031335013672167034}