{"action": [0.699999988079071, 0.0020999980624765158], "reward": 0.0017632056067874425}