{"action": [-1.0, 0.002095574513077736], "reward": -0.0003137483412786621}