{"action": [0.699999988079071, 0.0019715724047273397], "reward": 0.15811718167473657}