{"action": [0.699999988079071, 0.0019002383342012763], "reward": 0.11030448957465515}