{"action": [-1.0, 0.0028681366238743067], "reward": -0.00016826446314089657}