{"action": [-1.0, 0.0028799395076930523], "reward": -0.00040188752361762525}