{"action": [0.699999988079071, 0.09336896240711212], "reward": -0.014003733546945158}