{"action": [0.699999988079071, 0.000231249287026003], "reward": 0.1522873686975454}