{"action": [0.699999988079071, 0.01583806984126568], "reward": 0.2818876253049615}