{"action": [0.699999988079071, 0.005765344016253948], "reward": 0.4085185909391714}