{"action": [0.699999988079071, 0.0018459258135408163], "reward": 0.44416780930964533}