{"action": [0.46946457028388977, 0.4268132150173187], "reward": 0.6089299928389547}