{"action": [0.4523504674434662, 0.6213743686676025], "reward": 0.5870580751999004}