{"action": [0.4638032913208008, 0.800000011920929], "reward": -0.12000000178813934}