{"action": [0.5063300132751465, -0.06820958852767944], "reward": 0.6890017119509478}