{"action": [0.47612568736076355, -0.034976422786712646], "reward": 0.7657244073870733}