{"action": [0.5278930068016052, -0.0029299098532646894], "reward": 0.7354246411954343}