{"action": [0.40716370940208435, -0.000559929758310318], "reward": 0.8365447429531606}