{"action": [0.45638957619667053, -0.0011885332642123103], "reward": 0.808875087494925}