{"action": [0.699999988079071, -0.0003236907650716603], "reward": 0.4938497740902152}