{"action": [-0.10778451710939407, -4.4821386836702004e-05], "reward": 0.4995234693021258}