{"action": [0.6053937077522278, 0.00014848893624730408], "reward": 0.3487769166800763}