{"action": [0.699999988079071, 0.0017884179251268506], "reward": 0.00034020289757388664}