{"action": [0.699999988079071, 0.0008837240166030824], "reward": 0.10818228325982997}