{"action": [-1.0, 0.0017801116919144988], "reward": -0.00025440518341908713}