{"action": [0.699999988079071, 0.0036846480797976255], "reward": 0.4909947285965104}