{"action": [0.699999988079071, 0.0009100055322051048], "reward": 0.1350605542287274}