{"action": [0.699999988079071, 0.02401127852499485], "reward": 0.38062488242949155}