{"action": [0.699999988079071, 0.0003289691812824458], "reward": 0.10790415155598004}