{"action": [0.45211297273635864, 0.0004314124525990337], "reward": 0.7975482363094883}