{"action": [0.5640119910240173, -0.002777166198939085], "reward": 0.7545941857214531}