{"action": [0.4987778663635254, -0.11687608808279037], "reward": 0.7885333082564658}