{"action": [0.699999988079071, 0.05261095613241196], "reward": 0.5388423981460488}