{"action": [0.699999988079071, 0.0929793268442154], "reward": 0.18785412986077857}