{"action": [0.699999988079071, 6.24827152932994e-05], "reward": 0.08447490828888242}