{"action": [0.36717814207077026, 0.0001781602477421984], "reward": 0.8282421971359704}