{"action": [0.699999988079071, -0.032748132944107056], "reward": 0.3337990568353805}