{"action": [0.699999988079071, -0.014111453667283058], "reward": 0.614083515944471}