{"action": [0.699999988079071, 8.89211951289326e-05], "reward": 0.16493959432915042}