{"action": [0.699999988079071, -0.0012463226448744535], "reward": 0.6388824072078587}