{"action": [0.699999988079071, -0.31180569529533386], "reward": 0.5362155220579716}