{"action": [0.699999988079071, -0.30992591381073], "reward": 0.4809930602938085}