{"action": [0.699999988079071, 0.00010748308704933152], "reward": 0.1559730526867318}