{"action": [0.44704097509384155, 0.0012469349894672632], "reward": 0.8156336180452051}