{"action": [0.37820231914520264, 0.010184737853705883], "reward": 0.8592455019375311}