{"action": [0.699999988079071, 0.05717167258262634], "reward": 0.19891316836723416}