{"action": [0.699999988079071, 0.012148072943091393], "reward": 0.7158484340487258}