{"action": [0.699999988079071, 0.015473981387913227], "reward": 0.6411184500058259}