{"action": [0.699999988079071, -6.914377081557177e-06], "reward": 0.6590117587773194}