{"action": [0.699999988079071, -0.0004930791910737753], "reward": 0.6555514971921066}