{"action": [0.699999988079071, -0.00018185419321525842], "reward": 0.18278344032344435}