{"action": [0.44783058762550354, -0.005939069204032421], "reward": 0.8710134284044002}