{"action": [0.3257877826690674, -0.004211088176816702], "reward": 0.889477347653442}