{"action": [0.3704097270965576, -0.0012680849758908153], "reward": 0.8903531121871784}