{"action": [0.6292264461517334, -0.0025725190062075853], "reward": 0.7717052625154817}