{"action": [0.416882187128067, -0.0037465684581547976], "reward": 0.8677280040711838}