{"action": [-0.24141082167625427, -0.005004970822483301], "reward": 0.34252911802081565}