{"action": [0.699999988079071, -0.004359615501016378], "reward": 0.0991634765811733}