{"action": [-1.0, -0.003882124088704586], "reward": -0.0003527113582275228}