{"action": [-1.0, -0.0038789052050560713], "reward": -0.0005234340490224014}