{"action": [-1.0, -0.003922898322343826], "reward": -0.000585552304086656}