{"action": [-1.0, -0.003922898322343826], "reward": -0.0005739348363616538}