{"action": [0.699999988079071, -0.004412990529090166], "reward": 0.28854749724243545}