{"action": [0.699999988079071, -0.0001053559171850793], "reward": 0.5670179950234583}