{"action": [0.27983012795448303, -0.00010714113886933774], "reward": 0.43143197041517134}