{"action": [-1.0, -0.000771489052567631], "reward": -0.00011568807171404316}