{"action": [-1.0, -0.000771489052567631], "reward": -0.00011558109115170674}