{"action": [0.699999988079071, -0.0007821712642908096], "reward": 0.11002606575251157}