{"action": [-1.0, -0.0007650509942322969], "reward": -0.00011454180394351221}