{"action": [-1.0, -0.0024649754632264376], "reward": -0.0003697161817725244}