{"action": [0.699999988079071, -0.000412412773584947], "reward": 0.10517868997816913}