{"action": [-1.0, -0.0007972411112859845], "reward": -0.00011329426022459688}