{"action": [-1.0, -0.0007983141113072634], "reward": -0.00011957521900803429}