{"action": [-1.0, -0.0008063616114668548], "reward": -0.00011836620694542183}