{"action": [-1.0, -0.0008068981114774942], "reward": -0.00012100407266995115}