{"action": [0.699999988079071, 0.02386666275560856], "reward": 0.16973195660131393}