{"action": [0.699999988079071, 1.0776519957289565e-05], "reward": 0.001126324578148845}