{"action": [0.699999988079071, 1.0321378795197234e-05], "reward": 0.09542444625028527}