{"action": [0.6793805956840515, 5.321884236764163e-05], "reward": 0.40905689687267693}