{"action": [0.699999988079071, -0.0013237698003649712], "reward": 0.12266028505861289}