{"action": [0.699999988079071, -0.6730945706367493], "reward": 0.13495972111435417}