{"action": [-1.0, -0.27725106477737427], "reward": -0.041587324334887266}