{"action": [0.699999988079071, -0.0007882268982939422], "reward": 0.1750407677939406}