{"action": [0.699999988079071, -0.2783275544643402], "reward": -0.005967970066682461}