{"action": [0.699999988079071, -0.22331364452838898], "reward": 0.3256699889949984}