{"action": [-1.0, -0.3961960971355438], "reward": -0.05942685223012742}