{"action": [-1.0, -0.3962695896625519], "reward": -0.05944032372338947}