{"action": [0.699999988079071, -0.00231272354722023], "reward": 0.21036237065806912}