{"action": [-1.0, -0.3960689306259155], "reward": -0.05940870601932581}