{"action": [-1.0, -0.39608076214790344], "reward": -0.05941193698563578}