{"action": [0.699999988079071, -0.012252368964254856], "reward": 0.1859378921820507}