{"action": [-1.0, -0.3962985575199127], "reward": -0.0594445369472875}