{"action": [-1.0, -0.3952212631702423], "reward": -0.059282999416586074}