{"action": [-1.0, -0.3956075608730316], "reward": -0.059336835062021184}