{"action": [0.699999988079071, 0.04015904664993286], "reward": 0.0010931448171983098}