{"action": [0.699999988079071, 0.036411769688129425], "reward": -0.005055653391883097}