{"action": [0.699999988079071, 0.026042785495519638], "reward": 0.5652752766732083}