{"action": [0.699999988079071, 0.026223352178931236], "reward": 0.576577531307112}