{"action": [0.6717084050178528, 0.005559050478041172], "reward": 0.7064752044288809}