{"action": [0.699999988079071, 0.0028249002061784267], "reward": 0.32803961595349745}