{"action": [0.0997086614370346, 0.0008884937851689756], "reward": 0.47247002915887937}