{"action": [0.05730367451906204, 0.001052145496942103], "reward": 0.4944195460851064}