{"action": [0.285338819026947, 0.0009689920116215944], "reward": 0.40120383205342114}