{"action": [-1.0, 0.0017328995745629072], "reward": -0.00025652132647271736}