{"action": [-1.0, 0.005303327459841967], "reward": -0.0007953703250059352}