{"action": [0.699999988079071, 0.0014897517394274473], "reward": 0.2896791692681649}