{"action": [0.699999988079071, 0.10212249308824539], "reward": 0.1869085597266372}