{"action": [0.699999988079071, 0.00034358614357188344], "reward": 5.250299534742874e-05}