{"action": [0.6658874154090881, 0.0002646369975991547], "reward": 0.42016847275912056}