{"action": [0.699999988079071, 0.00034953595604747534], "reward": 0.16200166794484192}