{"action": [-1.0, 0.00046997523168101907], "reward": 4.9702317321127294e-05}