{"action": [0.699999988079071, 0.12476980686187744], "reward": 0.2323263313674933}