{"action": [0.699999988079071, 0.1348170042037964], "reward": 0.23883409538864317}