{"action": [-1.0, 0.00046943873167037964], "reward": -7.01877939353535e-05}