{"action": [-1.0, 0.00045388020225800574], "reward": -6.611317149237761e-05}