{"action": [0.699999988079071, 0.0004223345604259521], "reward": 0.11184362773809724}