{"action": [-1.0, 0.0004533437022473663], "reward": -6.73868423691601e-05}