{"action": [0.699999988079071, 0.19883401691913605], "reward": 0.1434428014556575}