{"action": [0.4296225905418396, -0.0009999650064855814], "reward": 0.581811100735037}