{"action": [0.699999988079071, -0.0035578494425863028], "reward": 0.02192486453968334}