{"action": [0.4926964044570923, -0.002359183272346854], "reward": 0.8343415283798058}