{"action": [0.5686531066894531, -0.0026270956732332706], "reward": 0.80038166421929}