{"action": [0.5353226065635681, -0.00471400935202837], "reward": 0.8192679043771024}