{"action": [0.699999988079071, 0.010082831606268883], "reward": 0.6651646880301294}