{"action": [0.699999988079071, 0.41686224937438965], "reward": 0.0411729741113766}