{"action": [0.6131734848022461, 0.009281670674681664], "reward": 0.725817306259015}