{"action": [0.6574112772941589, 0.0010431280825287104], "reward": 0.7721208625577703}