{"action": [0.4253918528556824, 0.00040270391036756337], "reward": 0.8918692295492407}