{"action": [0.3197450339794159, 0.00011541270941961557], "reward": 0.9136920540829724}