{"action": [0.699999988079071, -0.0072741578333079815], "reward": 0.6526784593116313}