{"action": [0.699999988079071, -0.008724736049771309], "reward": 0.5894628660461029}