{"action": [0.699999988079071, -0.005883602891117334], "reward": 0.5806236537049928}