{"action": [0.699999988079071, 0.005435362923890352], "reward": 0.5237100398861321}