{"action": [0.699999988079071, 0.37236547470092773], "reward": 0.08110380897526973}