{"action": [0.699999988079071, 0.005150324199348688], "reward": 0.47040851098375813}