{"action": [0.6946812868118286, 0.404906690120697], "reward": 0.620316119242729}