{"action": [0.41078004240989685, 0.40625131130218506], "reward": 0.8491303835381284}