{"action": [0.6087676882743835, 0.5304316282272339], "reward": 0.6568853903267383}