{"action": [0.699999988079071, 0.29393628239631653], "reward": 0.13426378118351429}