{"action": [0.5451332926750183, -0.015516182407736778], "reward": 0.7358472711996922}