{"action": [0.699999988079071, -0.01790887676179409], "reward": 0.7331626825609509}