{"action": [0.699999988079071, 0.3793591558933258], "reward": 0.11471541716880358}