{"action": [0.699999988079071, -0.05235829949378967], "reward": 0.44019738699215233}