{"action": [0.699999988079071, -0.03261232376098633], "reward": 0.5041594864783692}