{"action": [0.699999988079071, 0.005113881081342697], "reward": 0.8469318692485187}