{"action": [0.699999988079071, 0.004748477600514889], "reward": 0.8545567340654542}