{"action": [0.699999988079071, 0.007188106421381235], "reward": 0.6953569156057742}