{"action": [0.699999988079071, 0.0026750394608825445], "reward": 0.6080027654206389}