{"action": [0.699999988079071, -4.845559487876017e-06], "reward": 0.5880193718721136}