{"action": [0.699999988079071, -0.0011809718562290072], "reward": 0.9012035203876949}