{"action": [0.699999988079071, -0.006047877483069897], "reward": 0.8997344697872705}