{"action": [0.699999988079071, -0.00016449391841888428], "reward": -2.720009502063774}