{"action": [0.699999988079071, -0.00012904894538223743], "reward": -4.140235074335499}