{"action": [0.699999988079071, 0.17737507820129395], "reward": 0.15255082818389268}