{"action": [0.699999988079071, -0.0010781553573906422], "reward": 0.5186613663039862}