{"action": [0.12494711577892303, 3.267842475906946e-05], "reward": 0.9311218927156591}