{"action": [0.699999988079071, 0.14348801970481873], "reward": 0.1670143003689032}