{"action": [0.30576199293136597, -4.039943087263964e-05], "reward": 0.798147823162907}