{"action": [-1.0, -0.0030700862407684326], "reward": 0.5979556903254376}