{"action": [0.699999988079071, 0.01501853670924902], "reward": 0.4067874389423977}