{"action": [0.029045870527625084, 0.2405802458524704], "reward": 0.4188854238496574}