{"action": [0.47540393471717834, 0.2708792984485626], "reward": 0.23972440534785172}