{"action": [-1.0, 0.6123900413513184], "reward": -0.09185789231727531}