{"action": [-1.0, 0.614618718624115], "reward": -0.0921927165561666}