{"action": [-1.0, 0.614618718624115], "reward": -0.09219276581339432}