{"action": [-1.0, 0.6146761178970337], "reward": -0.09220126914674169}