{"action": [-1.0, 0.6136846542358398], "reward": -0.09204457381785533}