{"action": [-1.0, 0.613655686378479], "reward": -0.09204756717622405}