{"action": [-1.0, 0.6132640242576599], "reward": -0.09198933268263888}