{"action": [-1.0, 0.6133278608322144], "reward": -0.09199327158718952}