{"action": [0.699999988079071, 0.02931755781173706], "reward": 0.15456828293735547}