{"action": [-1.0, 0.6136395931243896], "reward": -0.09204010977372638}