{"action": [0.699999988079071, 0.5686495304107666], "reward": 0.023655443413256413}