{"action": [0.699999988079071, 0.023900117725133896], "reward": 0.18706567168927435}