{"action": [0.29555103182792664, 0.3942026197910309], "reward": 0.3394368376147488}