{"action": [0.261895090341568, 0.32773998379707336], "reward": 0.3507896664289984}