{"action": [0.699999988079071, 0.000803928473033011], "reward": 0.22885106848865328}