{"action": [0.699999988079071, 0.004217695910483599], "reward": 0.33102007196856076}