{"action": [0.699999988079071, 0.0010930042481049895], "reward": 0.09847651959050079}