{"action": [0.699999988079071, 1.5377997542032062e-08], "reward": 0.07587918207199237}