{"action": [0.699999988079071, -9.966194738808554e-06], "reward": 0.13582043742514072}