{"action": [0.699999988079071, 5.089281785330968e-06], "reward": 0.2922869484352737}