{"action": [0.699999988079071, 1.1595963769650552e-05], "reward": 0.3285641736732654}