{"action": [0.699999988079071, -0.0019904240034520626], "reward": 0.3697199802935126}