{"action": [0.699999988079071, -0.0014226814964786172], "reward": 0.4150688933254479}