{"action": [0.699999988079071, 0.018292440101504326], "reward": 0.15768367635986558}