{"action": [0.699999988079071, -0.0025248711463063955], "reward": 0.4293024747551734}