{"action": [0.699999988079071, -4.840851033804938e-06], "reward": 0.24584469680678403}