{"action": [0.699999988079071, -0.00021966421627439559], "reward": 0.27179923585179494}