{"action": [0.699999988079071, -0.0009333236375823617], "reward": 0.3687475005835228}