{"action": [0.699999988079071, -0.004343545995652676], "reward": 0.026164442554479035}