{"action": [0.699999988079071, -0.004893952514976263], "reward": 0.07688842217728857}