{"action": [0.699999988079071, -0.0025054181460291147], "reward": 0.16504121646176537}