{"action": [0.699999988079071, 0.015047323890030384], "reward": 0.10693553000662667}