{"action": [0.699999988079071, 0.015486996620893478], "reward": 0.11055480499247315}