{"action": [0.699999988079071, 0.000343055377015844], "reward": 0.18678417949646012}