{"action": [0.699999988079071, 0.0011231550015509129], "reward": 0.37193624592049707}