{"action": [0.699999988079071, 0.0001773309923009947], "reward": 0.38822756049085577}