{"action": [0.699999988079071, -2.1532177925109863e-05], "reward": 0.2684833395228989}