{"action": [0.699999988079071, -8.373146556550637e-06], "reward": 0.11623184970630639}