{"action": [0.699999988079071, -0.0003464112232904881], "reward": 0.03956714201514218}