{"action": [0.699999988079071, -0.00013462781498674303], "reward": 0.0636414191275449}