{"action": [0.699999988079071, -0.0008300588233396411], "reward": 0.014313137005891787}