{"action": [0.699999988079071, 0.0004236555832903832], "reward": 0.3355983521133078}