{"action": [0.699999988079071, 0.007508682552725077], "reward": 0.026869490909861436}