{"action": [0.699999988079071, 0.004308940377086401], "reward": 0.31545538362918635}