{"action": [0.699999988079071, 0.0018487522611394525], "reward": 0.021695132513955148}