{"action": [0.699999988079071, 0.013504843227565289], "reward": 0.13880182802346294}