{"action": [0.699999988079071, -0.00022338813869282603], "reward": 0.31242209533158616}