{"action": [0.699999988079071, 0.00043851579539477825], "reward": 0.12548382080350504}