{"action": [0.699999988079071, 2.259492794109974e-05], "reward": 0.16076273059813884}