{"action": [0.699999988079071, 7.26891157682985e-05], "reward": 0.16324074851422032}