{"action": [0.699999988079071, 0.0022096121683716774], "reward": 0.3968975942973543}