{"action": [0.699999988079071, 0.00826961174607277], "reward": 0.16992829634492207}