{"action": [0.699999988079071, 0.005409792065620422], "reward": 0.3977481644604804}