{"action": [0.699999988079071, 0.0011143925366923213], "reward": 0.0479111946382746}