{"action": [0.699999988079071, -0.008940612897276878], "reward": 0.19592194222056877}