{"action": [0.699999988079071, -0.006503003649413586], "reward": 0.3466626631882811}