{"action": [0.699999988079071, 0.009929238818585873], "reward": 0.13976427658971413}