{"action": [0.699999988079071, -0.0073821209371089935], "reward": 0.3514968364728604}