{"action": [0.699999988079071, -0.010261798277497292], "reward": 0.10927880440040771}