{"action": [0.699999988079071, 0.009048020467162132], "reward": 0.171331703507717}