{"action": [0.699999988079071, -0.0031406295020133257], "reward": 0.19612201371848142}