{"action": [0.699999988079071, -0.006760071963071823], "reward": 0.2581868557771509}