{"action": [0.699999988079071, -7.52181513234973e-05], "reward": 0.22088944505270755}