{"action": [0.699999988079071, 0.0016783942701295018], "reward": 0.14435196040441728}