{"action": [0.699999988079071, 0.008939111605286598], "reward": 0.3978818732469833}