{"action": [0.699999988079071, 0.006552320905029774], "reward": 0.3246698960046352}