{"action": [0.699999988079071, 0.005699474364519119], "reward": 0.3694032358640927}