{"action": [0.699999988079071, 0.0027843553107231855], "reward": 0.3783485798012455}