{"action": [0.699999988079071, 0.0036125031765550375], "reward": 0.2771656658857751}