{"action": [0.699999988079071, 0.0028712765779346228], "reward": 0.18203334833368562}