{"action": [0.699999988079071, 0.02426043152809143], "reward": 0.2104347622480697}