{"action": [0.699999988079071, 0.012514171190559864], "reward": 0.12104354663273363}