{"action": [0.699999988079071, 0.020301897078752518], "reward": 0.04225234545835071}