{"action": [0.699999988079071, 0.006309059448540211], "reward": 0.17340317287436352}