{"action": [0.699999988079071, 0.006794649641960859], "reward": 0.22422947718224598}