{"action": [0.699999988079071, 0.005324124358594418], "reward": 0.3663900787944152}