{"action": [0.699999988079071, -0.002984433202072978], "reward": 0.28298413942493184}