{"action": [0.699999988079071, -0.012904121540486813], "reward": 0.16516236417002517}