{"action": [0.699999988079071, -0.015535261482000351], "reward": 0.07779932787396407}