{"action": [0.699999988079071, 0.0023270428646355867], "reward": 0.2131974550628916}