{"action": [0.699999988079071, -0.014925561845302582], "reward": 0.029064737935724297}