{"action": [0.699999988079071, -0.02600567229092121], "reward": 0.03121397495612307}