{"action": [0.699999988079071, 0.0024892326910048723], "reward": 0.222319726080035}