{"action": [0.699999988079071, -0.010607350617647171], "reward": 0.1605256601496884}