{"action": [0.699999988079071, -0.006013484206050634], "reward": 0.2927386979636771}