{"action": [0.699999988079071, -0.0028732360806316137], "reward": 0.4034407700439017}