{"action": [0.699999988079071, -0.0041752588003873825], "reward": 0.4073452277563232}