{"action": [0.699999988079071, -0.004276486113667488], "reward": 0.41275616302820817}