{"action": [0.699999988079071, -0.003965788520872593], "reward": 0.025977664463152493}