{"action": [0.699999988079071, -0.006912980694323778], "reward": 0.13435309507171314}