{"action": [0.699999988079071, -0.003097242908552289], "reward": 0.3910866202371643}