{"action": [0.699999988079071, 1.0787248356791679e-06], "reward": 0.09833911227920634}