{"action": [0.699999988079071, -0.00305358343757689], "reward": 0.3905458004011713}