{"action": [0.699999988079071, -0.002278218511492014], "reward": 0.40209838338112625}