{"action": [0.699999988079071, 0.0007368469960056245], "reward": 0.04119998048346154}