{"action": [0.699999988079071, 0.006349998060613871], "reward": 0.12453517710795048}