{"action": [0.699999988079071, -2.7590633180807345e-05], "reward": 0.15318659381561875}