{"action": [0.699999988079071, 0.011873304843902588], "reward": 0.21343467185011242}