{"action": [0.699999988079071, 0.00359725346788764], "reward": 0.13777012099216912}