{"action": [0.699999988079071, -0.00018805550644174218], "reward": 0.7731197647501729}