{"action": [0.6159047484397888, -0.0003474210971035063], "reward": 0.830242756022411}