{"action": [0.393968790769577, -0.0005884551792405546], "reward": 0.9503661601559787}