{"action": [0.5113828778266907, -0.013865239918231964], "reward": 0.8248983875567157}