{"action": [0.4212403893470764, -0.009901593439280987], "reward": 0.8500483718463423}