{"action": [0.4809033274650574, -0.0003234537725802511], "reward": 0.8891538990309086}