{"action": [0.5232115387916565, -0.00044953569886274636], "reward": 0.8673585384287094}