{"action": [0.4013991057872772, -0.0001356226857751608], "reward": 0.8956569546680223}