{"action": [0.5161764025688171, 0.0010243937140330672], "reward": 0.8917853078468571}