{"action": [0.5687011480331421, -0.0004670124617405236], "reward": 0.8701117044108274}