{"action": [0.699999988079071, -2.628803122206591e-05], "reward": 0.10798988364231582}