{"action": [0.699999988079071, -0.005141549743711948], "reward": 0.9343331868111779}