{"action": [0.699999988079071, -0.001604943536221981], "reward": -1.1256902068660597}