{"action": [0.699999988079071, -0.000483273237477988], "reward": -0.8362758889688751}