{"action": [0.699999988079071, -0.0003664619871415198], "reward": -1.554350993177421}