{"action": [0.6180570125579834, 0.0007608761661686003], "reward": -1.066129349771053}