{"action": [0.5358404517173767, 0.005340853240340948], "reward": -1.6832267034082544}