{"action": [0.5009117126464844, 0.004270872101187706], "reward": 0.9103827246583374}