{"action": [0.43873196840286255, 0.0006609352421946824], "reward": 0.8765999939547218}