{"action": [-1.0, 0.0008535737288184464], "reward": 0.9461967132192645}