{"action": [-1.0, 2.4679064154042862e-05], "reward": 4.163021150543709e-05}