{"action": [0.699999988079071, 3.975927938881796e-06], "reward": 0.15875666440401096}