{"action": [0.699999988079071, -0.06753043830394745], "reward": 0.2729986295339093}