{"action": [0.699999988079071, 7.246161840157583e-05], "reward": 0.2572023505067285}