{"action": [0.699999988079071, 0.22587203979492188], "reward": 0.6321644463975896}