{"action": [0.6053603291511536, 0.13492237031459808], "reward": 0.5172520592788968}