{"action": [-0.5051601529121399, -0.545782208442688], "reward": 0.26130039920217296}