{"action": [-1.0, 0.030664274469017982], "reward": 0.16671124226859785}