{"action": [0.45275360345840454, -0.0018405787413939834], "reward": 0.21815137205164423}