{"action": [-1.0, 0.04955770820379257], "reward": -0.00743142947279649}