{"action": [0.699999988079071, 0.05009646341204643], "reward": 0.028169392604945605}