{"action": [0.699999988079071, 0.08154545724391937], "reward": 0.20452121983095045}