{"action": [0.699999988079071, 0.060728974640369415], "reward": 0.8456909707616636}