{"action": [0.6117537021636963, 0.0003328431921545416], "reward": 0.8580380312429918}