{"action": [0.5475802421569824, -0.12036681920289993], "reward": 0.7643639211251565}