{"action": [0.6060965061187744, -0.6837592124938965], "reward": 0.5697932929065695}