{"action": [0.5161481499671936, -0.3050227463245392], "reward": 0.6584607141342266}