{"action": [0.699999988079071, -0.7226670384407043], "reward": 0.33558494532932337}