{"action": [0.699999988079071, -0.696016788482666], "reward": 0.3919394950736477}