{"action": [0.12286140024662018, -0.800000011920929], "reward": 0.3402715870611272}