{"action": [0.699999988079071, -0.024151721969246864], "reward": 0.5283808422501068}