{"action": [0.699999988079071, -0.03364476189017296], "reward": 0.6858155393911218}