{"action": [0.699999988079071, -0.11357589811086655], "reward": 0.6389520393096623}