{"action": [0.699999988079071, -0.05363810062408447], "reward": -0.04871825345132734}