{"action": [0.5301209688186646, -0.09826011210680008], "reward": -1.382791046486296}