{"action": [0.6712802648544312, -0.11477099359035492], "reward": -1.002267725386866}