{"action": [0.645743191242218, -0.12910990417003632], "reward": -0.6129400367159784}