{"action": [0.699999988079071, -0.12456194311380386], "reward": -0.6534168519294118}