{"action": [0.5778011679649353, -0.16928790509700775], "reward": -0.8543696084342556}