{"action": [0.699999988079071, -0.3842404782772064], "reward": 0.5087340423015766}