{"action": [0.699999988079071, -0.0770745724439621], "reward": 0.007204039640687063}