{"action": [0.699999988079071, -0.0024041461292654276], "reward": 0.2785737515472399}