{"action": [0.699999988079071, 0.0005237670266069472], "reward": -0.8002239748957014}