{"action": [0.699999988079071, 0.0009923899779096246], "reward": -0.17479720123220252}