{"action": [0.699999988079071, 0.0013737869448959827], "reward": -0.33092937908893144}