{"action": [0.699999988079071, 0.0014606087934225798], "reward": -0.160485861365597}