{"action": [0.699999988079071, 0.002786401193588972], "reward": -0.07649699968594453}