{"action": [0.699999988079071, 0.0018173964926972985], "reward": -0.03373955418987614}