{"action": [0.699999988079071, 0.0015888191992416978], "reward": -0.3389424683973737}