{"action": [0.699999988079071, 4.2787134589161724e-05], "reward": 0.22479320355867338}