{"action": [0.699999988079071, 1.0128628673555795e-06], "reward": -0.08576559652038013}