{"action": [0.699999988079071, -0.00020199811842758209], "reward": -0.5531193925981827}