{"action": [0.699999988079071, -0.0020111750345677137], "reward": -0.7840364686936185}