{"action": [0.699999988079071, -0.007025005295872688], "reward": -0.7337141291615976}