{"action": [0.699999988079071, -0.0025273708160966635], "reward": -1.0672386269515488}