{"action": [0.699999988079071, -0.003223045729100704], "reward": -0.6315785383418581}