{"action": [0.699999988079071, -0.009287829510867596], "reward": -0.9676442579129105}