{"action": [0.699999988079071, -0.008437386713922024], "reward": -1.1497078634430196}