{"action": [0.699999988079071, -0.008968817070126534], "reward": -1.0034900940311644}