{"action": [0.6008860468864441, -0.003971534315496683], "reward": -1.2715157976107996}