{"action": [0.5766775012016296, -0.004895760212093592], "reward": -1.1520285022344137}