{"action": [0.6854788661003113, -0.0044623445719480515], "reward": -0.7929742568258832}