{"action": [0.699999988079071, 0.0006702644750475883], "reward": 0.09741080474382126}