{"action": [0.699999988079071, -0.011283235624432564], "reward": -0.17422167981104322}