{"action": [0.6574910879135132, -0.0033488543704152107], "reward": -0.7309230140437423}