{"action": [0.6769121885299683, 8.445321327599231e-06], "reward": -0.8815287390852352}