{"action": [0.699999988079071, 0.015652971342206], "reward": 0.31199809657814653}