{"action": [0.699999988079071, 0.0013851531548425555], "reward": -0.20749861537644418}