{"action": [0.699999988079071, -0.0009147442760877311], "reward": 0.01380079981261246}