{"action": [0.699999988079071, -5.80270861973986e-05], "reward": -0.1727807673751632}