{"action": [0.6306551098823547, -0.002946440363302827], "reward": -0.6397662510112224}