{"action": [0.6835321187973022, -0.011028765700757504], "reward": -0.5408714657074715}