{"action": [0.699999988079071, -0.009543756023049355], "reward": 0.602174185116559}