{"action": [0.6389056444168091, -0.001280431286431849], "reward": -0.8089558148835189}