{"action": [0.699999988079071, 0.0014606622280552983], "reward": 0.032254709085749976}