{"action": [0.699999988079071, 0.00023862665693741292], "reward": 0.04631412765541567}