{"action": [0.699999988079071, 0.05182253196835518], "reward": -0.21532204491311432}