{"action": [0.6895897388458252, -0.011716370470821857], "reward": -0.43334269929434205}