{"action": [0.699999988079071, 1.077771230484359e-06], "reward": 0.00011806836848822605}