{"action": [0.699999988079071, 1.090645810108981e-06], "reward": 0.24837524228151528}