{"action": [0.6560161113739014, 0.0008834284381009638], "reward": 0.7680083494480598}