{"action": [0.699999988079071, 0.000117887080705259], "reward": 0.06157217713571921}