{"action": [0.37457898259162903, 0.0001361687172902748], "reward": 0.9334755891248412}