{"action": [0.47991442680358887, -5.1795836952805985e-06], "reward": 0.8886250784163452}