{"action": [0.3754428029060364, 0.00012369875912554562], "reward": 0.9373600733504673}