{"action": [0.4934349060058594, -3.809326881309971e-05], "reward": 0.8871396536642701}