{"action": [0.4208480715751648, -0.0001814764109440148], "reward": 0.9157105602898936}