{"action": [0.27568909525871277, 0.00011953294597333297], "reward": 0.9897383207113898}