{"action": [0.2729472517967224, 0.0028754037339240313], "reward": 0.9522802790537253}