{"action": [0.27314913272857666, 0.0001716279803076759], "reward": 0.988154709030276}