{"action": [0.4330258369445801, 0.010796981863677502], "reward": 0.8495618065644706}