{"action": [0.5804570317268372, 0.0031929712276905775], "reward": 0.8239492463046524}