{"action": [0.34143349528312683, -0.002484420780092478], "reward": 0.8529316085232207}