{"action": [0.699999988079071, -0.021433763206005096], "reward": 0.8714595200300311}