{"action": [0.699999988079071, -0.016716206446290016], "reward": 0.2625199165001891}