{"action": [0.699999988079071, -0.005685850046575069], "reward": -0.9883557885356299}