{"action": [0.699999988079071, 7.42485499358736e-05], "reward": 0.13844885353381467}