{"action": [0.699999988079071, 8.39174390421249e-05], "reward": 0.1542656591229439}