{"action": [0.699999988079071, -0.0023392057046294212], "reward": -4.24465636356297}