{"action": [0.6204968690872192, -0.0028276764787733555], "reward": -4.371795351677396}