{"action": [0.6256365776062012, -0.0037602847442030907], "reward": -4.837057469588126}