{"action": [0.5603334307670593, -5.19835975865135e-06], "reward": -4.843877284333798}