{"action": [0.4841311275959015, 0.018656523898243904], "reward": 0.8717268676865978}