{"action": [0.43564561009407043, 0.01721448078751564], "reward": 0.7839726803117054}