{"action": [0.5364589691162109, 0.032814789563417435], "reward": 0.8469112271442389}