{"action": [0.5371217131614685, 0.034514833241701126], "reward": 0.8542276560284436}