{"action": [0.41409727931022644, 0.015429830178618431], "reward": 0.5493342003099674}