{"action": [0.39313411712646484, 0.012792092747986317], "reward": 0.4640825377251395}