{"action": [0.48586505651474, 0.0038872600998729467], "reward": 0.9105740049780205}