{"action": [-1.0, 0.017477069050073624], "reward": 0.0007129958753833792}