{"action": [-1.0, 0.01774854026734829], "reward": -0.00014476745063298456}