{"action": [0.699999988079071, 0.012057777494192123], "reward": 0.40581501925974905}