{"action": [0.699999988079071, 0.017566440626978874], "reward": 0.05729593512326565}