{"action": [0.699999988079071, -7.0719124778406695e-06], "reward": 0.12432805868544934}