{"action": [0.699999988079071, -0.003354131244122982], "reward": 0.7826385870209784}