{"action": [-1.0, 0.4603959918022156], "reward": -0.06583624414323108}