{"action": [0.699999988079071, 4.0936589357443154e-05], "reward": 0.12110265945605546}