{"action": [0.699999988079071, -0.0003206840774510056], "reward": 0.535790952608082}