{"action": [0.4864201545715332, -0.0016844322672113776], "reward": 0.846316532114477}