{"action": [0.5400264263153076, -0.000188582664122805], "reward": 0.842682078240091}