{"action": [0.6344126462936401, 0.003447834635153413], "reward": 0.7839699904684266}