{"action": [0.5817528367042542, 0.0040914216078817844], "reward": 0.8191200417279904}