{"action": [0.6108959317207336, 0.01056582573801279], "reward": 0.7403414592116938}