{"action": [0.699999988079071, 0.021196721121668816], "reward": 0.5724075502976563}