{"action": [0.699999988079071, 0.026345059275627136], "reward": 0.5937897934535193}