{"action": [0.699999988079071, 0.017105277627706528], "reward": 0.6515923661597297}