{"action": [0.699999988079071, 0.0010138677898794413], "reward": 0.5877775664335848}