{"action": [0.699999988079071, -0.00010652130731614307], "reward": 0.2790379054120933}