{"action": [0.699999988079071, -0.006848103832453489], "reward": 0.6670794876808601}