{"action": [0.699999988079071, 0.0017074603820219636], "reward": 0.6421707607290694}