{"action": [0.699999988079071, 0.0010549587896093726], "reward": 0.5779830604607583}