{"action": [0.699999988079071, 0.0072374120354652405], "reward": 0.701890811099219}