{"action": [0.699999988079071, 0.02675025537610054], "reward": 0.7514625443179349}