{"action": [0.699999988079071, 0.00728049548342824], "reward": 0.9045109731433266}