{"action": [0.699999988079071, 0.009932160377502441], "reward": 0.9113446530755426}