{"action": [0.699999988079071, -0.00035955404746346176], "reward": 0.9510747536921368}