{"action": [0.699999988079071, -0.0017774109728634357], "reward": 0.9585585760163815}