{"action": [0.699999988079071, -0.005573388654738665], "reward": 0.9337349756327893}