{"action": [0.699999988079071, -0.006274331361055374], "reward": 0.9292549610746084}