{"action": [0.699999988079071, -0.01302565261721611], "reward": 0.8436542583525686}