{"action": [0.699999988079071, -0.007220024708658457], "reward": 0.4557874523431355}