{"action": [0.699999988079071, -0.002823286224156618], "reward": 0.9118586744079828}