{"action": [0.699999988079071, -0.33389708399772644], "reward": 0.5452575915223755}