{"action": [0.699999988079071, -0.20994225144386292], "reward": 0.6530000455758899}