{"action": [0.699999988079071, 0.05392735078930855], "reward": 0.38877487214951023}