{"action": [0.699999988079071, 0.015636419877409935], "reward": 0.44264320944312635}