{"action": [0.699999988079071, -0.11263386905193329], "reward": 0.7238049131436018}