{"action": [0.699999988079071, -0.0027373519260436296], "reward": 0.8709295599588546}