{"action": [0.6148291826248169, 0.0006244058604352176], "reward": 0.9249548723897939}