{"action": [0.5456713438034058, 7.540643309766892e-06], "reward": 0.9058718326906112}