{"action": [0.6883962154388428, 0.0030995924025774], "reward": 0.9466287285695028}