{"action": [0.10484792292118073, 0.0124747846275568], "reward": 0.43879461661260005}