{"action": [0.44351327419281006, 0.009179148823022842], "reward": 0.4138719985674426}