{"action": [0.699999988079071, 0.008724858053028584], "reward": 0.3256913151592735}