{"action": [0.699999988079071, 0.0074478816241025925], "reward": 0.4949810343121589}