{"action": [0.6683906316757202, 0.004158546682447195], "reward": 0.6349394803340598}