{"action": [0.699999988079071, 0.020674826577305794], "reward": 0.5862637760158663}