{"action": [0.699999988079071, 0.01372097060084343], "reward": 0.5991938565158347}