{"action": [0.699999988079071, 0.003227141685783863], "reward": 0.8741725674260482}