{"action": [0.699999988079071, 0.001768689602613449], "reward": 0.9316230040924254}