{"action": [0.699999988079071, 2.6869476641877554e-05], "reward": 0.9022260536960829}