{"action": [0.699999988079071, 0.0016511155990883708], "reward": 0.9338119533856132}