{"action": [0.699999988079071, -0.009017412550747395], "reward": 0.7232835140259998}