{"action": [0.699999988079071, -0.0043333182111382484], "reward": 0.8625427467551735}