{"action": [0.699999988079071, -0.00429690582677722], "reward": 0.8785210704207758}