{"action": [0.699999988079071, -0.005244546104222536], "reward": 0.8185698386685981}