{"action": [0.699999988079071, -0.005268000066280365], "reward": 0.6233352830593913}