{"action": [0.699999988079071, 0.0008446431602351367], "reward": 0.9626315456973896}