{"action": [0.6034126281738281, 0.002260123146697879], "reward": 0.9698218557990892}