{"action": [0.699999988079071, 0.011097661219537258], "reward": 0.8128053836786571}