{"action": [0.699999988079071, 0.0022733514197170734], "reward": 0.9175873237629578}