{"action": [0.5538432002067566, 0.0005532581126317382], "reward": 0.9537881637807102}