{"action": [0.699999988079071, 0.001440296764485538], "reward": 0.9465716520438165}