{"action": [0.6527704000473022, 0.00106748566031456], "reward": 0.9485971468828949}