{"action": [0.5277517437934875, 0.00030894947121851146], "reward": 0.9591563386343394}