{"action": [0.699999988079071, 0.0001723403256619349], "reward": 0.9824060736938274}