{"action": [-1.0, 0.006625256035476923], "reward": -0.0009844945490987533}