{"action": [-1.0, 0.006624182686209679], "reward": -0.0009933988979083394}