{"action": [0.699999988079071, -0.009139154106378555], "reward": 0.18544677433286855}