{"action": [-1.0, 0.006625256035476923], "reward": -0.00099192247825283}