{"action": [0.699999988079071, -0.038448821753263474], "reward": 0.12165681651679931}