{"action": [0.699999988079071, 0.007397545501589775], "reward": 0.22367596631443729}