{"action": [0.699999988079071, 0.007272285874933004], "reward": 0.2731007558367419}