{"action": [0.6992371082305908, -3.93390520159187e-09], "reward": 0.7911225610287371}