{"action": [0.4622160494327545, -0.00017169951752293855], "reward": 0.7223988349547724}