{"action": [0.699999988079071, 7.188230665633455e-05], "reward": 0.5958158664337231}