{"action": [0.5143585801124573, -7.07806320860982e-05], "reward": 0.8268460791887832}