{"action": [0.6385489702224731, -0.010077926330268383], "reward": 0.7239383198815027}