{"action": [0.6310974955558777, -0.00976618193089962], "reward": 0.7251459445438047}