{"action": [0.6514509320259094, -0.010931326076388359], "reward": 0.47812648490986}