{"action": [0.699999988079071, -0.015952546149492264], "reward": 0.5662317765576681}