{"action": [0.699999988079071, -0.01021476648747921], "reward": 0.6813537096416244}