{"action": [0.699999988079071, -0.007749346550554037], "reward": 0.688475944945693}