{"action": [0.699999988079071, 6.93691399646923e-05], "reward": 0.8694727041106826}