{"action": [0.699999988079071, 0.004498869646340609], "reward": 0.9194174227561337}