{"action": [0.699999988079071, 0.008464488200843334], "reward": 0.07396164150041044}