{"action": [0.699999988079071, 0.008122773841023445], "reward": -0.12279471569254773}