{"action": [0.699999988079071, 0.019503232091665268], "reward": 0.3127979532046171}