{"action": [0.699999988079071, 0.019427193328738213], "reward": 0.30768968966901944}