{"action": [0.25676316022872925, 0.01632791943848133], "reward": 0.1257205393635614}