{"action": [0.28285184502601624, 0.017634335905313492], "reward": 0.11666394369499263}