{"action": [0.5383750200271606, 0.0011837000492960215], "reward": 0.8772228078220202}