{"action": [0.40118151903152466, -0.0012296392815187573], "reward": 0.5273880202507722}