{"action": [0.5609724521636963, 1.425397476850776e-05], "reward": 0.8993792227499415}