{"action": [0.4003725051879883, -0.00344845256768167], "reward": 0.5364456184122395}