{"action": [0.699999988079071, -0.001836456940509379], "reward": 0.11186124979522376}