{"action": [0.40167850255966187, -0.004233262967318296], "reward": 0.5386982937573965}