{"action": [0.40292495489120483, -0.007060231175273657], "reward": 0.5355268721349226}