{"action": [0.5096157193183899, -0.009095728397369385], "reward": 0.895101742580021}