{"action": [0.4404340386390686, -0.007963567040860653], "reward": 0.7931519057953773}