{"action": [0.4244837462902069, -0.005496513564139605], "reward": 0.6484687520912729}