{"action": [0.4322563111782074, -0.00666607404127717], "reward": 0.7160490814702535}