{"action": [0.699999988079071, -0.0016313253436237574], "reward": 0.14784786627857288}