{"action": [0.48553192615509033, -0.003001059405505657], "reward": 0.8839437393301456}