{"action": [0.4745293855667114, -0.00426861084997654], "reward": 0.8238142938523259}