{"action": [0.699999988079071, -0.3497994840145111], "reward": 0.8025773692429746}