{"action": [0.519104540348053, -0.6837137937545776], "reward": 0.5956504599717066}