{"action": [0.62787926197052, -0.4691275358200073], "reward": 0.7383293083477476}