{"action": [0.5185981392860413, -0.505311131477356], "reward": 0.6908569848410341}