{"action": [0.699999988079071, -0.09553883969783783], "reward": 0.26741540255479945}