{"action": [0.699999988079071, -0.1708800494670868], "reward": 0.6688664489557073}