{"action": [0.699999988079071, -0.42026275396347046], "reward": 0.49790843442536004}