{"action": [0.699999988079071, -0.054367545992136], "reward": 0.28027219516578317}