{"action": [0.699999988079071, -0.1234748438000679], "reward": 0.09647169440538025}