{"action": [0.6763721704483032, -0.0756002888083458], "reward": -0.5281076922746035}