{"action": [0.5213465690612793, -0.04301724210381508], "reward": -1.33881891167012}