{"action": [0.5277923345565796, -0.049192700535058975], "reward": -1.2774185183053357}