{"action": [0.600638210773468, -0.07193218171596527], "reward": -1.1684103262139862}