{"action": [0.699999988079071, -0.0007216143421828747], "reward": -2.2793582890938517}