{"action": [0.699999988079071, 0.009046772494912148], "reward": -2.420306118792971}