{"action": [0.699999988079071, -0.0015943695325404406], "reward": 0.1142449549604957}