{"action": [0.699999988079071, -0.0009483704925514758], "reward": 0.11903900064538223}