{"action": [0.6692954897880554, -0.0018787166336551309], "reward": -4.277271492197697}