{"action": [0.699999988079071, -0.0008530732011422515], "reward": 0.15207073418433975}