{"action": [0.6169664263725281, 0.003989171702414751], "reward": -4.673221795824248}