{"action": [0.6035858988761902, 0.0031719489488750696], "reward": -4.909927768589259}