{"action": [0.6131384968757629, 0.003997352439910173], "reward": -4.85153699727509}