{"action": [0.6164894104003906, 0.004063291009515524], "reward": -4.782940384342674}