{"action": [0.699999988079071, -0.0013544047251343727], "reward": -0.9170984832291108}