{"action": [0.6799026727676392, -0.0014570935163646936], "reward": -0.540513816787629}