{"action": [0.5034351944923401, -0.005228523164987564], "reward": -1.8420674578870817}