{"action": [0.46541792154312134, -0.00010058162297355011], "reward": -1.8998843701449217}