{"action": [0.5003282427787781, 0.0013660133117809892], "reward": -1.6292273034155693}