{"action": [0.699999988079071, 0.0044621615670621395], "reward": 0.538635347420982}