{"action": [0.6139438152313232, 0.005713459569960833], "reward": -1.2550076703483757}