{"action": [0.4729584753513336, 0.004198214504867792], "reward": -1.7638871406083325}