{"action": [0.4755227565765381, 0.0038026475813239813], "reward": -1.813345713406117}