{"action": [0.46169230341911316, 0.0030593525152653456], "reward": -1.9292176085614055}