{"action": [0.699999988079071, 0.003258276730775833], "reward": -0.3069163496668694}