{"action": [0.699999988079071, 0.22467152774333954], "reward": 0.480560299029957}