{"action": [0.43787872791290283, -0.00121707480866462], "reward": 0.42428799429130204}