{"action": [0.24778512120246887, 0.014239364303648472], "reward": 0.4149216362635269}