{"action": [0.5749446749687195, 0.04240136593580246], "reward": 0.7514320016310989}