{"action": [0.5247843861579895, 0.06291075795888901], "reward": 0.6774339778186278}