{"action": [0.3334485590457916, -0.001861207652837038], "reward": 0.4427472386262915}