{"action": [0.699999988079071, 0.4272339344024658], "reward": 0.22318261259085412}