{"action": [-1.0, -0.006993832532316446], "reward": -0.00103708117592885}