{"action": [-1.0, -0.00700509874150157], "reward": -0.001047618338072987}