{"action": [-1.0, -0.007005635183304548], "reward": -0.0010502121090945784}