{"action": [0.699999988079071, -0.007921182550489902], "reward": 0.3837382855066467}