{"action": [0.5502625703811646, -0.00680152140557766], "reward": 0.5471706069531345}