{"action": [0.699999988079071, -0.007007346488535404], "reward": 0.2010349433794866}