{"action": [-1.0, -0.007002952974289656], "reward": -0.0010500342627424073}