{"action": [0.39655256271362305, 0.000728862767573446], "reward": 0.9207170614438294}