{"action": [0.5027090907096863, 0.0559101365506649], "reward": 0.7341368243821035}