{"action": [0.5155312418937683, 0.5157806873321533], "reward": 0.15694527507442113}