{"action": [0.24767185747623444, 0.02379397675395012], "reward": 0.43337278819225866}