{"action": [0.699999988079071, 0.5438424348831177], "reward": 0.34195135142269123}