{"action": [0.4829854965209961, 0.0827755257487297], "reward": 0.7135205663835403}