{"action": [0.699999988079071, 0.7046520709991455], "reward": 0.25098343589163824}