{"action": [0.699999988079071, 0.6047723293304443], "reward": 0.5025360931654637}