{"action": [-1.0, 0.005233571399003267], "reward": -0.0007810673922385367}