{"action": [-1.0, 0.005233034957200289], "reward": -0.0007849362511809412}