{"action": [0.699999988079071, -0.0004605088906828314], "reward": 0.4388981080877124}