{"action": [0.699999988079071, -0.017249159514904022], "reward": 0.06079470063937357}