{"action": [0.36962631344795227, -0.003765807021409273], "reward": 0.4564468757139558}