{"action": [-1.0, -0.011975784786045551], "reward": 0.22370551129197436}