{"action": [-1.0, -0.017015142366290092], "reward": -0.0025516811296996287}