{"action": [0.699999988079071, -0.01228056289255619], "reward": 0.005636178146988823}