{"action": [0.5005386471748352, -0.0041536493226885796], "reward": 0.41011685062913783}