{"action": [0.699999988079071, -0.016525495797395706], "reward": 0.032510769561878296}