{"action": [0.699999988079071, -0.023970376700162888], "reward": 0.23246262401679774}