{"action": [0.6220689415931702, -0.0014529438922181726], "reward": 0.7879161939410534}