{"action": [0.39578574895858765, -0.004105447791516781], "reward": 0.42943673825965545}