{"action": [0.699999988079071, -0.011238446459174156], "reward": 0.39476298590569814}