{"action": [0.699999988079071, -0.016803761944174767], "reward": 0.1445318429109926}