{"action": [-1.0, -0.012692013755440712], "reward": -0.0019002328429061533}