{"action": [0.6213136315345764, -0.0014652524841949344], "reward": 0.7505309579888472}