{"action": [-1.0, -0.012688258662819862], "reward": -0.0018843804560919127}