{"action": [0.5848854184150696, -0.006231938023120165], "reward": 0.8126031096895145}