{"action": [0.625928521156311, -0.006322252098470926], "reward": 0.7837760023335288}