{"action": [0.20295965671539307, -0.0002039718528976664], "reward": 0.5539138550080499}