{"action": [0.09036049246788025, -0.0001551492023281753], "reward": 0.5335349813193558}