{"action": [0.699999988079071, -0.005415262654423714], "reward": 0.7113373621981197}