{"action": [0.4338977038860321, -0.0005017746589146554], "reward": 0.7917983051891143}