{"action": [0.699999988079071, -0.00433502160012722], "reward": 0.4373056090494302}