{"action": [0.5136392712593079, -0.003064193530008197], "reward": 0.8511910803985611}