{"action": [0.699999988079071, -0.0019282560097053647], "reward": 0.5805256527661924}