{"action": [0.407308965921402, -0.00032592378556728363], "reward": 0.556924398843833}