{"action": [0.5586217641830444, -0.009515943937003613], "reward": 0.7088798338693006}