{"action": [0.5435146689414978, -0.0045935711823403835], "reward": 0.8177953086032094}