{"action": [0.699999988079071, -0.019133836030960083], "reward": 0.26769405759164083}