{"action": [-0.7164936661720276, -0.0011631437810137868], "reward": 0.5987657366952427}