{"action": [0.4701891243457794, 0.013522166758775711], "reward": 0.8405908997369569}