{"action": [0.4842594861984253, 0.003915481269359589], "reward": 0.8414834107723109}