{"action": [0.5688775777816772, -1.191720730275847e-05], "reward": 0.5683911780016399}