{"action": [0.04315520450472832, -0.002332262462005019], "reward": 0.5007999151738274}