{"action": [0.4260687232017517, 0.0005964502925053239], "reward": 0.9014992944308025}