{"action": [-1.0, -0.020984716713428497], "reward": -0.003092584876002937}