{"action": [0.5561193823814392, -3.820815618382767e-05], "reward": 0.48444420556266765}