{"action": [0.32292303442955017, -0.0036977760028094053], "reward": 0.4305025127404854}