{"action": [0.6080119609832764, -0.015680545940995216], "reward": 0.7990591710436858}