{"action": [0.699999988079071, -0.03447754681110382], "reward": 0.6383045350986578}