{"action": [0.3980063199996948, -0.0006320556858554482], "reward": 0.940890515753866}