{"action": [0.6670393347740173, 0.0017562726279720664], "reward": 0.7750316027099964}