{"action": [0.699999988079071, 4.7899840865284204e-05], "reward": 0.6133744934005398}