{"action": [0.5522303581237793, -0.00022543370141647756], "reward": 0.8847175480033118}