{"action": [0.5431485772132874, 0.007624431513249874], "reward": 0.7495803485325968}