{"action": [0.5232570767402649, 0.002468293998390436], "reward": 0.844562480301971}