{"action": [0.3798556327819824, -0.0006059678271412849], "reward": 0.8823342319859084}