{"action": [0.5417368412017822, 0.005347718950361013], "reward": 0.816527974610131}