{"action": [0.699999988079071, -0.000653507187962532], "reward": 0.7270644397297158}