{"action": [0.699999988079071, 0.09067285060882568], "reward": -0.013600694860524573}