{"action": [0.46458378434181213, -0.006301171146333218], "reward": 0.8029254226759563}