{"action": [0.5679951310157776, 0.01950335130095482], "reward": 0.7567203905066006}