{"action": [0.42533937096595764, -0.00011488312884466723], "reward": 0.8859988358372178}