{"action": [0.699999988079071, -0.002809184603393078], "reward": 0.5657659380609934}