{"action": [0.535275936126709, -0.00022622769756708294], "reward": 0.8727440794595432}