{"action": [0.3895917236804962, -0.003565578255802393], "reward": 0.8838183980475597}