{"action": [0.699999988079071, -0.002740452066063881], "reward": 0.5674626128827053}