{"action": [0.699999988079071, 0.0010035455925390124], "reward": 0.7260741276276401}