{"action": [0.5208488702774048, 0.01286676898598671], "reward": 0.8439547854241558}