{"action": [0.42144033312797546, 0.0009063425823114812], "reward": 0.9282251247576389}