{"action": [0.48656076192855835, 1.0688959264371078e-05], "reward": 0.9003081155795958}