{"action": [0.3936341106891632, -0.001528168679215014], "reward": 0.918722735256372}