{"action": [0.48652851581573486, -0.0025568767450749874], "reward": 0.866695144699485}