{"action": [0.6109251379966736, -0.004508432000875473], "reward": 0.7900978403311407}