{"action": [0.5071097612380981, -3.425848626648076e-05], "reward": 0.8227659819561833}