{"action": [0.555919885635376, -0.004618562292307615], "reward": 0.7989294056305944}