{"action": [0.43762144446372986, -0.0014454853953793645], "reward": 0.8892090398372952}