{"action": [0.417707234621048, -0.0017504151910543442], "reward": 0.8781929362174906}