{"action": [0.262712687253952, -0.0026954577770084143], "reward": 0.4601239013509351}