{"action": [0.699999988079071, -0.001983934547752142], "reward": 0.010228883479692311}