{"action": [0.699999988079071, -0.006492587272077799], "reward": 0.502687444709359}