{"action": [0.699999988079071, -0.0018971232930198312], "reward": 0.26665397532111856}