{"action": [0.699999988079071, -0.002686077496036887], "reward": 0.006160233204165473}