{"action": [0.011376794427633286, -0.003353768028318882], "reward": 0.5008143080541126}