{"action": [0.437133252620697, -0.0031433471012860537], "reward": 0.8760830119751657}