{"action": [0.699999988079071, -0.0004330344672780484], "reward": 0.016369955910505486}