{"action": [0.40909844636917114, -0.0010791955282911658], "reward": 0.4611316807293208}