{"action": [0.699999988079071, -0.0030325965490192175], "reward": 0.032695919393775426}