{"action": [0.23475003242492676, -0.00019466270168777555], "reward": 0.5048580035165418}