{"action": [-1.0, -0.0004308106435928494], "reward": -5.6169448237745264e-05}