{"action": [0.699999988079071, 0.5389739871025085], "reward": 0.4616462894648014}