{"action": [0.39894455671310425, 0.00011465108400443569], "reward": 0.8613942013185744}