{"action": [0.4688517451286316, 0.1479274034500122], "reward": 0.5898008274682869}