{"action": [0.699999988079071, 0.4966866970062256], "reward": 0.5137262977479795}