{"action": [0.2682500183582306, 0.3022749125957489], "reward": 0.31543775103041866}