{"action": [0.6962575912475586, 0.41203612089157104], "reward": 0.5127911960360229}