{"action": [-1.0, -0.002975436858832836], "reward": -0.00044362901948780657}