{"action": [0.4488261044025421, -0.00021639805345330387], "reward": 0.8482038570146662}