{"action": [0.4332229197025299, -0.010159667581319809], "reward": 0.8604034959474617}