{"action": [-1.0, -0.0028021468315273523], "reward": -0.0004177272279332227}