{"action": [0.3918766379356384, -0.009215405210852623], "reward": 0.8446782532400648}