{"action": [0.054377149790525436, -0.05926024913787842], "reward": 0.8234371415892145}