{"action": [0.42559516429901123, -0.010964314453303814], "reward": 0.8403424500601588}