{"action": [0.5732048153877258, -0.0027859043329954147], "reward": 0.7543534847640785}