{"action": [0.6660516262054443, -0.00423004012554884], "reward": 0.7734532106438851}