{"action": [0.5481839776039124, -0.0015355624491348863], "reward": 0.8241508141896319}