{"action": [-1.0, -0.006673004478216171], "reward": -0.0010007966267174503}