{"action": [0.26428401470184326, -0.0004112781898584217], "reward": 0.4498586551046028}