{"action": [0.4007365107536316, -0.0006414252566173673], "reward": 0.8575175059037191}