{"action": [0.699999988079071, 0.0008057947852648795], "reward": 0.6533810841274204}