{"action": [0.6705024838447571, 0.006120304577052593], "reward": 0.7338302802004869}