{"action": [-1.0, -0.002799464389681816], "reward": -0.00041974460982642145}