{"action": [0.6670036911964417, 0.0049346936866641045], "reward": 0.7574602025661812}