{"action": [0.39728301763534546, 3.9177833969006315e-05], "reward": 0.9342370555346535}