{"action": [-1.0, -0.0063350084237754345], "reward": 0.17009983519195976}