{"action": [0.699999988079071, 0.016173357143998146], "reward": 0.657931071556309}