{"action": [-1.0, -0.006679979152977467], "reward": -0.0010015261330950413}