{"action": [-0.20827573537826538, 0.0005757558974437416], "reward": 0.795772855843707}