{"action": [0.41179758310317993, 5.032199260313064e-05], "reward": 0.9269924929237628}