{"action": [-1.0, -0.006672468036413193], "reward": -0.0010007070784505993}