{"action": [0.6612446308135986, 0.012014706619083881], "reward": 0.7755205141428478}