{"action": [0.33878764510154724, -0.010438749566674232], "reward": 0.4809768167453389}