{"action": [0.5015899538993835, -0.010893460363149643], "reward": 0.48860843354888034}