{"action": [0.34421417117118835, -0.0042037502862513065], "reward": 0.6232645403430173}