{"action": [0.36915314197540283, -0.006564554292708635], "reward": 0.5826483620269659}