{"action": [0.699999988079071, -9.276270429836586e-05], "reward": 0.6579479709378189}