{"action": [0.3844396770000458, -0.0018089114455506206], "reward": 0.6294911938348959}