{"action": [0.23470401763916016, -0.007247644010931253], "reward": 0.48800663816358947}