{"action": [0.699999988079071, -0.008208098821341991], "reward": 0.5752424642311259}