{"action": [0.699999988079071, 2.3230828446685337e-05], "reward": 0.5759286265729492}