{"action": [0.43609723448753357, -0.019739151000976562], "reward": 0.7444516613458385}