{"action": [0.638995349407196, 0.7696133255958557], "reward": 0.27410586669949893}