{"action": [0.699999988079071, 0.5068842172622681], "reward": 0.3882217259385021}