{"action": [0.699999988079071, 0.11692756414413452], "reward": 0.4531668812284563}