{"action": [0.5152214169502258, -0.023567747324705124], "reward": 0.8023115095447702}