{"action": [0.43192392587661743, 0.6497045755386353], "reward": 0.36156001381491354}