{"action": [0.6761789321899414, -0.0010106534464284778], "reward": 0.6148286253169234}