{"action": [0.699999988079071, -0.007906806655228138], "reward": 0.6440086903238319}