{"action": [0.699999988079071, 0.08014756441116333], "reward": -0.011140880454389634}