{"action": [0.41849350929260254, -0.006767817307263613], "reward": 0.8729562052678616}