{"action": [0.40020614862442017, -1.0936916623904835e-05], "reward": 0.9237194730394642}