{"action": [0.5526376366615295, -0.0006243538809940219], "reward": 0.8531127923397154}