{"action": [0.5600441098213196, -0.0005326364189386368], "reward": 0.8252421067705714}