{"action": [0.40625524520874023, -1.6842132026795298e-05], "reward": 0.917280110979948}