{"action": [0.532770037651062, -0.0009396667592227459], "reward": 0.8048845038429618}