{"action": [0.3698347508907318, -0.0019797543063759804], "reward": 0.8845064832906758}