{"action": [0.4026452600955963, -0.000819224922452122], "reward": 0.8687130182597276}