{"action": [0.5191266536712646, -0.0005165755865164101], "reward": 0.8364365687334018}