{"action": [0.4197418689727783, -0.009178172796964645], "reward": 0.8403630622086015}