{"action": [0.4032211899757385, -0.0010157733922824264], "reward": 0.885061513154897}