{"action": [0.699999988079071, 0.1452983170747757], "reward": 0.01455387233886831}