{"action": [0.5017486214637756, -0.013275008648633957], "reward": 0.8186090079428476}