{"action": [0.699999988079071, 0.13612185418605804], "reward": -0.020386212270289864}