{"action": [0.699999988079071, 0.13994120061397552], "reward": -0.020985510429168863}