{"action": [0.37371864914894104, -0.005739863961935043], "reward": 0.8134450751225492}