{"action": [0.699999988079071, 0.13946378231048584], "reward": -0.020911846265805983}