{"action": [0.6468982100486755, -0.02061092108488083], "reward": 0.7310984543768007}