{"action": [0.41052576899528503, -0.001355986576527357], "reward": 0.8787157147532214}