{"action": [0.6102733612060547, 0.00888721365481615], "reward": 0.7449847038681525}