{"action": [0.40210556983947754, 0.004470606334507465], "reward": 0.8880550652397351}