{"action": [0.699999988079071, -0.02454085275530815], "reward": 0.523482006157186}