{"action": [0.699999988079071, 0.0027216365560889244], "reward": 0.7421460143337409}