{"action": [0.699999988079071, 0.00313599593937397], "reward": 0.6394635393933855}