{"action": [0.699999988079071, 0.0014028591103851795], "reward": 0.7095948395339909}