{"action": [0.699999988079071, 0.0017878436483442783], "reward": 0.7692283993318165}