{"action": [0.45436474680900574, 0.007021761499345303], "reward": 0.8085197985331489}