{"action": [0.699999988079071, -0.0019921644125133753], "reward": 0.586319838812443}