{"action": [0.1653212308883667, -0.0007479859050363302], "reward": 0.46493494354163645}