{"action": [0.699999988079071, 0.04057450592517853], "reward": 0.46794943969361125}