{"action": [0.699999988079071, 0.015772391110658646], "reward": 0.18136368898376898}