{"action": [-1.0, 0.006524930242449045], "reward": -0.000974736649776962}