{"action": [0.699999988079071, 0.01618618331849575], "reward": 0.4287067538320502}