{"action": [0.699999988079071, 0.0005684475763700902], "reward": 0.5443463330336884}