{"action": [0.699999988079071, 0.004456039983779192], "reward": -0.0004704450431947398}