{"action": [0.699999988079071, -7.394528074655682e-05], "reward": 0.2353569147050382}