{"action": [0.6653029322624207, -0.004521303344517946], "reward": 0.7055401777652327}