{"action": [0.699999988079071, -0.0014724995708093047], "reward": 0.6232287459955183}