{"action": [0.699999988079071, -0.04656660184264183], "reward": 0.5657775661697098}