{"action": [0.3819160759449005, 0.002996358321979642], "reward": 0.9090793027939436}