{"action": [0.699999988079071, 0.0029823556542396545], "reward": 0.37032506977455726}