{"action": [0.699999988079071, 0.04503098502755165], "reward": 0.2586009412864922}