{"action": [0.699999988079071, 0.007609711028635502], "reward": 0.41208063970019965}