{"action": [0.699999988079071, 0.030143193900585175], "reward": 0.3709867522324657}