{"action": [0.699999988079071, 0.045762285590171814], "reward": 0.2639701382449943}