{"action": [0.699999988079071, 0.004029992967844009], "reward": 0.5186771220892771}