{"action": [0.699999988079071, 0.03392469882965088], "reward": 0.3682730827891211}