{"action": [0.699999988079071, 0.006343201268464327], "reward": 0.7379850354184164}