{"action": [0.3306375741958618, 0.0031745736487209797], "reward": 0.9438042330207144}