{"action": [0.699999988079071, 0.4961872696876526], "reward": 0.18699397400492693}