{"action": [0.699999988079071, 0.42206141352653503], "reward": 0.33859707900621644}