{"action": [0.699999988079071, 0.2980789244174957], "reward": 0.34290772938601755}