{"action": [0.699999988079071, 0.03522536903619766], "reward": 0.6799431267060557}