{"action": [0.6394661068916321, 0.009345930069684982], "reward": 0.7698348456981363}