{"action": [0.5343276262283325, 0.024499842897057533], "reward": 0.7607957612454042}