{"action": [0.6647772192955017, 0.001037886831909418], "reward": 0.6723807954090162}