{"action": [0.5465734601020813, 0.01835920847952366], "reward": 0.789672237342872}