{"action": [0.46835070848464966, 0.16463467478752136], "reward": 0.8747667382200536}