{"action": [0.699999988079071, 4.48375931227929e-06], "reward": 0.4590819803890767}