{"action": [0.6879684329032898, 0.043737493455410004], "reward": 0.6657668233059135}