{"action": [0.699999988079071, 0.006680574733763933], "reward": 0.629421872420593}