{"action": [0.4967134892940521, 0.01316022127866745], "reward": 0.8243857495680245}