{"action": [0.5266769528388977, 0.015534690581262112], "reward": 0.8070956693169609}