{"action": [0.699999988079071, -0.0002222954062744975], "reward": 0.4797979838765321}