{"action": [0.699999988079071, 0.03340053930878639], "reward": 0.04053434925066406}