{"action": [0.699999988079071, 0.0011791451834142208], "reward": 0.6101228128915991}