{"action": [0.699999988079071, 0.00356943323276937], "reward": 0.6652276173539272}