{"action": [0.699999988079071, 0.03363270312547684], "reward": 0.040328814035418645}