{"action": [0.699999988079071, 0.024750154465436935], "reward": 0.45123848595648636}