{"action": [0.699999988079071, -0.6051008105278015], "reward": 0.2454623164567551}