{"action": [0.699999988079071, -0.0035953561309725046], "reward": 0.5073041953691225}