{"action": [0.699999988079071, -0.006761847995221615], "reward": 0.38105577002432744}