{"action": [0.6671656370162964, -0.22671131789684296], "reward": 0.5933242071557143}