{"action": [0.1724141538143158, -0.0015156271401792765], "reward": 0.5207690056881242}