{"action": [0.1683901697397232, -0.0011810794239863753], "reward": 0.500272619659509}