{"action": [0.5327802896499634, -0.011867172084748745], "reward": 0.38712362511548576}