{"action": [0.699999988079071, 0.0016290002968162298], "reward": 0.5074750504655345}