{"action": [-1.0, -0.0014211921952664852], "reward": -0.00020897754967722144}