{"action": [0.37869274616241455, -0.0037223175168037415], "reward": 0.45585297562462856}