{"action": [-1.0, -0.0015419049886986613], "reward": 0.18193286319150462}