{"action": [0.32935604453086853, -0.0009314219350926578], "reward": 0.4488650440946873}