{"action": [0.3916679918766022, -0.0008320080232806504], "reward": 0.446447398196617}