{"action": [0.6080386638641357, -0.09184032678604126], "reward": 0.5952067948653649}