{"action": [-1.0, -0.0013975861947983503], "reward": -0.00020945377816444132}