{"action": [-1.0, -0.0014287031954154372], "reward": -0.0002121902638932715}