{"action": [-1.0, -0.0014791344292461872], "reward": -0.00021598471972927318}