{"action": [-1.0, -0.0013954401947557926], "reward": -0.00020903421802078828}