{"action": [-1.0, -0.00143728731200099], "reward": -0.00021506373470126284}