{"action": [-1.0, -0.0014201191952452064], "reward": -0.00020901517730412738}