{"action": [-1.0, -0.0014190461952239275], "reward": -0.000212731465817948}