{"action": [0.699999988079071, -0.006894661113619804], "reward": 0.17808905880277773}