{"action": [0.699999988079071, -0.012844903394579887], "reward": 0.28895203805337916}