{"action": [0.699999988079071, 0.0011568812187761068], "reward": 0.09415103160207072}