{"action": [0.699999988079071, -0.012778148055076599], "reward": 0.17147603217610224}