{"action": [0.699999988079071, -0.010011907666921616], "reward": 0.160014606653198}