{"action": [0.699999988079071, -0.0025389587972313166], "reward": 0.32000849736612014}