{"action": [0.699999988079071, 0.0012229903368279338], "reward": 0.05915991192669278}