{"action": [0.699999988079071, -2.74708272627322e-05], "reward": 0.19899690227130368}