{"action": [0.699999988079071, -0.012257196940481663], "reward": 0.2935367635427787}