{"action": [-0.09634485840797424, 0.09145469963550568], "reward": -0.01319002494055722}