{"action": [0.699999988079071, 0.0020756609737873077], "reward": 0.21995642466647672}