{"action": [0.699999988079071, -0.011838898994028568], "reward": 0.33404830948983616}