{"action": [0.699999988079071, 0.003935092594474554], "reward": 0.3641846897387577}