{"action": [0.699999988079071, 0.00030613673152402043], "reward": 0.4442550832110974}