{"action": [0.699999988079071, 0.002443246776238084], "reward": 0.08615817544707581}