{"action": [0.699999988079071, 0.016122186556458473], "reward": 0.12254059156693241}