{"action": [0.699999988079071, 0.008822510950267315], "reward": 0.1886371592455672}