{"action": [0.699999988079071, 0.005178927443921566], "reward": 0.35310049381639275}