{"action": [0.699999988079071, 0.00868524331599474], "reward": 0.31440972592012384}