{"action": [0.699999988079071, 0.0038339602760970592], "reward": 0.10418123901583781}