{"action": [0.699999988079071, 0.012407077476382256], "reward": 0.40723317304705203}