{"action": [0.699999988079071, 0.004698451142758131], "reward": 0.2283459908597246}