{"action": [0.699999988079071, 0.10157811641693115], "reward": 0.21486846979799853}