{"action": [0.699999988079071, 0.36730483174324036], "reward": -0.05045227384980724}