{"action": [0.699999988079071, 0.18430253863334656], "reward": 0.08763880936177003}