{"action": [0.699999988079071, 0.06882096081972122], "reward": 0.5332146126509651}