{"action": [0.699999988079071, 0.019071117043495178], "reward": 0.27091179298994367}