{"action": [0.699999988079071, 0.00397524144500494], "reward": 0.12414369657013191}