{"action": [0.699999988079071, 0.007576992269605398], "reward": 0.3906350581707346}