{"action": [0.623518705368042, 0.010979248210787773], "reward": 0.7835571075704867}