{"action": [0.699999988079071, 0.0027357819490134716], "reward": 0.2229680234729999}