{"action": [0.699999988079071, 0.0021642439533025026], "reward": 0.14404396982622375}