{"action": [0.699999988079071, 0.0016841685865074396], "reward": 0.0221661797271331}