{"action": [0.699999988079071, 0.003757824655622244], "reward": 0.08421259438214261}