{"action": [0.15785305202007294, -0.006076633930206299], "reward": 0.4863827122803936}