{"action": [0.699999988079071, -0.005143145564943552], "reward": 0.29614049245115587}