{"action": [0.5766914486885071, 0.003925025463104248], "reward": 0.762297837896934}