{"action": [0.699999988079071, -0.004563346970826387], "reward": 0.3836322414041615}