{"action": [0.5775998830795288, 0.005230673123151064], "reward": 0.7476126274262169}