{"action": [0.699999988079071, 0.08117588609457016], "reward": -0.01209383249367289}