{"action": [0.699999988079071, 0.0005184875335544348], "reward": 0.2720518678601102}