{"action": [0.699999988079071, 0.019087137654423714], "reward": 0.39618744192533484}