{"action": [0.5615228414535522, -0.00013910216512158513], "reward": 0.8192987712500195}