{"action": [0.699999988079071, -0.0026342805940657854], "reward": 0.12039840714325731}