{"action": [0.699999988079071, 0.0005102069117128849], "reward": 0.2823933729939115}