{"action": [0.699999988079071, 0.0009104825439862907], "reward": 0.09729869247821595}