{"action": [0.699999988079071, -0.004902224522083998], "reward": 0.10654417190091231}