{"action": [0.699999988079071, -0.0036897549871355295], "reward": 0.1498062984351932}