{"action": [0.699999988079071, -0.004130383022129536], "reward": 0.09694944251472803}