{"action": [0.699999988079071, -0.013326513580977917], "reward": 0.2574155868035964}