{"action": [0.699999988079071, -0.005004022270441055], "reward": 0.35167040862472665}