{"action": [0.699999988079071, -0.024456152692437172], "reward": 0.0002727894241243301}