{"action": [0.699999988079071, -0.005097757559269667], "reward": -0.0003711903428186264}