{"action": [0.699999988079071, 5.934733053436503e-05], "reward": 0.46276500442529755}