{"action": [0.699999988079071, 0.005813228897750378], "reward": 0.22668103197044465}