{"action": [0.699999988079071, 0.007658858317881823], "reward": 0.3770368239335536}