{"action": [0.699999988079071, -0.006527727469801903], "reward": 0.43157832355563186}