{"action": [0.699999988079071, 0.0041615404188632965], "reward": 0.22627427242958306}