{"action": [0.699999988079071, 7.5030325206171256e-06], "reward": 0.45780072419194323}