{"action": [0.699999988079071, 3.87076725019142e-05], "reward": 0.14445541845697968}