{"action": [0.699999988079071, 0.006308985408395529], "reward": 0.30826222032974154}