{"action": [0.699999988079071, 0.006618842016905546], "reward": 0.34216694311561596}