{"action": [0.699999988079071, 0.0048628514632582664], "reward": 0.0757779950368319}