{"action": [0.699999988079071, 0.0013377477880567312], "reward": 0.23009671372246226}