{"action": [0.699999988079071, 0.014145247638225555], "reward": 0.27107915200623756}