{"action": [0.699999988079071, 0.007885941304266453], "reward": 0.11937163077533923}