{"action": [0.699999988079071, 0.006722831632941961], "reward": 0.38798463594146626}