{"action": [0.699999988079071, 0.004627636633813381], "reward": 0.27329649892937724}