{"action": [0.699999988079071, -0.03342296928167343], "reward": 0.36126008522362657}