{"action": [0.699999988079071, 0.003451697062700987], "reward": 0.09117902850865557}