{"action": [0.699999988079071, 0.204413041472435], "reward": -0.02051561435789136}