{"action": [0.699999988079071, 0.022587541490793228], "reward": 0.10077860528318443}