{"action": [0.699999988079071, 0.0073644258081912994], "reward": 0.04164367472518396}