{"action": [0.38772767782211304, -0.005191426258534193], "reward": 0.39273967784960867}