{"action": [0.699999988079071, 0.01276431418955326], "reward": 0.14654987137942213}