{"action": [0.699999988079071, 0.2204769402742386], "reward": -0.03295383719770436}