{"action": [0.699999988079071, 0.20340189337730408], "reward": -0.0035387556399528973}