{"action": [0.699999988079071, -0.03149767220020294], "reward": 0.37198646668755125}