{"action": [0.699999988079071, 0.006829897407442331], "reward": 0.1223737130437661}