{"action": [0.699999988079071, -0.0018896658439189196], "reward": 0.3778953989935347}