{"action": [0.699999988079071, -0.0063611469231545925], "reward": 0.3621936985730592}