{"action": [0.699999988079071, -0.0013966286787763238], "reward": 0.38428728333342793}