{"action": [0.699999988079071, -0.005520383361726999], "reward": 0.40287765982425566}