{"action": [0.699999988079071, -0.021993320435285568], "reward": 0.38403655996932834}