{"action": [0.699999988079071, -0.0008972929208539426], "reward": 0.3209796649441925}