{"action": [0.699999988079071, -0.006276300642639399], "reward": 0.2785007865656546}