{"action": [0.699999988079071, -0.00021415550145320594], "reward": 0.11339422181630332}