{"action": [0.699999988079071, -0.01330834161490202], "reward": 0.12767677642988234}