{"action": [0.699999988079071, 0.005620421841740608], "reward": 0.3843115889627054}