{"action": [0.699999988079071, 1.758968210197054e-05], "reward": 0.10577944153895154}