{"action": [0.699999988079071, -0.01750473491847515], "reward": 0.19468360675394686}