{"action": [0.699999988079071, 0.00016882468480616808], "reward": 0.08540913762686685}