{"action": [0.699999988079071, 0.00037876522401347756], "reward": 0.3513536181512851}