{"action": [0.699999988079071, -0.0019344909815117717], "reward": 0.28598363293511236}