{"action": [0.5008047223091125, -0.0046600052155554295], "reward": 0.43445590442914817}