{"action": [0.699999988079071, -0.0013996813213452697], "reward": 0.3803806428867371}