{"action": [0.699999988079071, -0.02674989216029644], "reward": 0.20484788873839277}