{"action": [0.4346710443496704, -0.02691594697535038], "reward": 0.8466749245770869}