{"action": [0.699999988079071, -3.21090283250669e-07], "reward": 0.30048572805627993}