{"action": [0.699999988079071, -0.0054805949330329895], "reward": 0.4318494266467475}