{"action": [0.4497169852256775, -6.339735409710556e-05], "reward": 0.4214576566151719}