{"action": [0.699999988079071, 0.015039220452308655], "reward": 0.0528636726093341}