{"action": [0.699999988079071, 0.0044492678716778755], "reward": 0.06551278029806425}