{"action": [0.4514591693878174, -9.951569518307224e-05], "reward": 0.42050470071063484}