{"action": [0.699999988079071, 0.0038287974894046783], "reward": 0.07423395936352659}