{"action": [0.699999988079071, 0.014673025347292423], "reward": 0.05858566262536652}