{"action": [0.699999988079071, 0.0023228200152516365], "reward": 0.226863386095036}