{"action": [0.699999988079071, 0.0020700173918157816], "reward": 0.278262513540079}