{"action": [0.699999988079071, 0.0009788827737793326], "reward": 0.3675805247091671}