{"action": [0.699999988079071, -0.00010921800276264548], "reward": 0.34655769430609124}