{"action": [0.699999988079071, -2.085264441120671e-06], "reward": 0.2768008538498409}