{"action": [0.699999988079071, 0.000519974622875452], "reward": 0.1604146486098034}