{"action": [0.699999988079071, -0.0013307887129485607], "reward": 0.2971263686700358}