{"action": [0.699999988079071, -0.004307283088564873], "reward": 0.08466888878268071}