{"action": [0.699999988079071, -0.008165334351360798], "reward": 0.014353740185272723}