{"action": [0.699999988079071, -0.01130146998912096], "reward": 0.29270811745348385}