{"action": [0.699999988079071, -0.0037198616191744804], "reward": 0.2445695458352115}