{"action": [0.699999988079071, -0.014562088996171951], "reward": 0.25661416327362285}