{"action": [0.699999988079071, 0.003180437022820115], "reward": 0.4107280866769589}