{"action": [0.699999988079071, -0.0001422394416294992], "reward": 0.03825930604749772}