{"action": [0.5866747498512268, -0.0005160272121429443], "reward": 0.854065661501107}