{"action": [0.699999988079071, 0.0054735299199819565], "reward": 0.37569560543579034}