{"action": [0.699999988079071, 0.00030489396885968745], "reward": 0.09722032577347078}