{"action": [0.699999988079071, 1.2992135452805087e-05], "reward": 0.21521870447896316}