{"action": [0.699999988079071, 4.3510066461749375e-05], "reward": 0.17253435742916412}