{"action": [0.699999988079071, -0.0002979795972350985], "reward": 0.02953741689353737}