{"action": [0.699999988079071, -0.002298932056874037], "reward": 0.2772714751791622}