{"action": [0.699999988079071, -0.002164258621633053], "reward": 0.009984977772454665}