{"action": [0.699999988079071, 0.0004800412571057677], "reward": 0.08384309165663584}