{"action": [0.699999988079071, 0.0003946635115426034], "reward": 0.11691703049565363}