{"action": [0.699999988079071, -0.007957120425999165], "reward": 0.20604651789241726}