{"action": [0.699999988079071, -0.006625773850828409], "reward": 0.07105164851747651}