{"action": [0.699999988079071, -0.002262858673930168], "reward": 0.31414447584280497}