{"action": [0.699999988079071, 0.013053998351097107], "reward": 0.37189061065131224}