{"action": [0.699999988079071, -0.0033385453280061483], "reward": 0.28170094792575406}