{"action": [0.699999988079071, -0.001171815674751997], "reward": 0.33047096061229086}