{"action": [0.699999988079071, -0.00991000048816204], "reward": 0.12433276977589318}