{"action": [0.699999988079071, -0.0072470251470804214], "reward": 0.28753161007756833}