{"action": [0.699999988079071, -0.014244038611650467], "reward": 0.7281015386748144}