{"action": [0.699999988079071, 0.020349906757473946], "reward": 0.08467728192309806}