{"action": [0.699999988079071, 0.026295162737369537], "reward": -0.0028403943213719156}