{"action": [0.699999988079071, 0.0030329900328069925], "reward": 0.15385293484024695}