{"action": [0.699999988079071, 0.026162365451455116], "reward": 0.00577131468996282}