{"action": [0.699999988079071, 0.015187124721705914], "reward": 0.2609528058114415}