{"action": [0.699999988079071, 0.02902248688042164], "reward": 0.1257584432960852}