{"action": [0.699999988079071, 0.01146791037172079], "reward": 0.222720411400595}