{"action": [0.699999988079071, 0.025918403640389442], "reward": 0.24990381363933825}