{"action": [0.699999988079071, 0.0018116309074684978], "reward": 0.10542560882273808}