{"action": [0.699999988079071, -0.0011372808367013931], "reward": 0.12684309974879776}