{"action": [0.699999988079071, 0.0030987123027443886], "reward": 0.33224900620819414}