{"action": [0.699999988079071, -0.0051382542587816715], "reward": 0.24576277673962993}