{"action": [0.5650409460067749, -0.011951045133173466], "reward": 0.8221984637818448}