{"action": [0.699999988079071, -0.0002817741478793323], "reward": 0.10130145498285321}