{"action": [-1.0, -0.01936287246644497], "reward": 0.14770896467600367}