{"action": [0.699999988079071, -0.02631455659866333], "reward": 0.06479390751131853}