{"action": [0.699999988079071, 0.0031590259168297052], "reward": 0.26636040204457956}