{"action": [0.699999988079071, -0.05947228521108627], "reward": 0.005271134183709985}