{"action": [0.699999988079071, -0.004842578433454037], "reward": 0.021354606987524706}