{"action": [0.699999988079071, 0.004337843041867018], "reward": -0.00038647516569178066}