{"action": [0.699999988079071, 0.052955884486436844], "reward": -0.00041420102580297206}