{"action": [0.699999988079071, 0.005774536170065403], "reward": 0.22147553060712782}