{"action": [0.699999988079071, 0.053835805505514145], "reward": -0.005609467134107093}