{"action": [0.699999988079071, 0.052667807787656784], "reward": 0.37843439312815846}