{"action": [0.699999988079071, 0.024959532544016838], "reward": 0.5099948749056827}