{"action": [0.4206918179988861, -0.0027884275186806917], "reward": 0.9003897191347737}