{"action": [0.4144284725189209, -0.0021606478840112686], "reward": 0.8813412453822198}