{"action": [0.45050179958343506, -0.007016415242105722], "reward": 0.8526824195361307}