{"action": [-0.2965835630893707, 0.800000011920929], "reward": -0.1065402200092268}