{"action": [0.3991736173629761, -0.002256811363622546], "reward": 0.9183041564633211}