{"action": [0.4998272657394409, 0.18581056594848633], "reward": 0.763868296071246}