{"action": [0.6910240650177002, 0.10223042964935303], "reward": 0.5207930025367875}