{"action": [0.3835115432739258, -0.0013949983986094594], "reward": 0.7531382869668459}