{"action": [0.3853425979614258, -0.0033599822781980038], "reward": 0.7628074716198161}