{"action": [0.38808393478393555, -0.0057669747620821], "reward": 0.7303271293629214}