{"action": [0.30414870381355286, -0.018620409071445465], "reward": 0.4329685100760145}