{"action": [-1.0, -0.0012698988430202007], "reward": 0.41752927436062115}