{"action": [0.23333638906478882, -0.024768995121121407], "reward": 0.4281377815182636}