{"action": [-1.0, -1.6631543985567987e-05], "reward": 6.866129112825929e-05}