{"action": [-1.0, -0.0007629049941897392], "reward": -8.429019428869221e-05}