{"action": [0.2578774690628052, -0.010644483380019665], "reward": 0.44476870090296944}