{"action": [0.699999988079071, -0.0007690432830713689], "reward": 0.050951726428828795}