{"action": [-1.0, -0.0007623684941790998], "reward": -7.267433182662086e-05}