{"action": [-1.0, -1.555854032631032e-05], "reward": -1.9068919159185726e-06}