{"action": [-1.0, -1.502203940617619e-05], "reward": -1.6572304470894352e-06}