{"action": [-1.0, -1.555854032631032e-05], "reward": 1.8524300214453337e-06}