{"action": [0.699999988079071, -1.2796522241842467e-06], "reward": 0.21624824964304096}