{"action": [0.699999988079071, 0.0092563945800066], "reward": 0.2870364270009412}