{"action": [0.5845872759819031, 0.0028106304816901684], "reward": 0.7709173859255152}