{"action": [0.699999988079071, -0.006119526922702789], "reward": 0.3832629576002101}