{"action": [0.5957667827606201, 0.0007059101480990648], "reward": 0.8405089886927194}