{"action": [0.6175132989883423, -0.6638935208320618], "reward": 0.6863489399949285}