{"action": [0.47786152362823486, -0.11391444504261017], "reward": 0.6590974163548398}