{"action": [0.42592653632164, -0.2210659682750702], "reward": 0.7107792141080976}