{"action": [0.4073118269443512, -0.009307010099291801], "reward": 0.8024878812468451}