{"action": [0.44595736265182495, -0.28223270177841187], "reward": 0.7931808924585754}