{"action": [0.40573355555534363, -0.16970326006412506], "reward": 0.6327815153213777}