{"action": [0.5194505453109741, -0.07623573392629623], "reward": 0.718359001386185}