{"action": [-1.0, 0.018295234069228172], "reward": 0.28369290721477675}