{"action": [0.699999988079071, 0.009229542687535286], "reward": 0.2713342028088192}