{"action": [-1.0, 0.005876299925148487], "reward": 0.4468566825777609}