{"action": [-1.0, 0.00724867032840848], "reward": 0.2384624606796822}