{"action": [-1.0, 0.018419167026877403], "reward": -0.002736343920614912}