{"action": [0.699999988079071, 0.011680308729410172], "reward": 0.4003322449861292}