{"action": [-1.0, 0.0026631930377334356], "reward": -0.0003992855598788465}