{"action": [-1.0, 0.002658364363014698], "reward": -0.00039859115495536755}