{"action": [0.699999988079071, 0.002669673413038254], "reward": 0.002870949950424687}