{"action": [0.5515565276145935, 0.46553316712379456], "reward": 0.2923604017345535}