{"action": [0.699999988079071, 0.44844526052474976], "reward": 0.536412152953802}