{"action": [-1.0, 0.018418630585074425], "reward": -0.0027623600718390813}