{"action": [0.699999988079071, 0.01851275935769081], "reward": 0.00046827926936188376}