{"action": [0.5606118440628052, 0.31893235445022583], "reward": 0.46073733111645826}