{"action": [0.4322699308395386, 0.005156264640390873], "reward": 0.9117263773679236}