{"action": [0.699999988079071, -0.0018814577488228679], "reward": 0.6197969617041722}