{"action": [0.5086244344711304, 0.038083042949438095], "reward": 0.746389507026385}