{"action": [-1.0, 0.004618740640580654], "reward": -0.00032344776104903925}