{"action": [0.699999988079071, 0.004634331911802292], "reward": 0.0024025937539827583}