{"action": [0.16733460128307343, 0.027920741587877274], "reward": 0.41247441824722714}