{"action": [0.699999988079071, -2.9592752980533987e-05], "reward": 0.2244041437212441}