{"action": [0.699999988079071, -0.002390405395999551], "reward": 0.30630606865916093}