{"action": [-1.0, 0.022865844890475273], "reward": -0.003056584592960615}