{"action": [-0.30031993985176086, 0.007194641511887312], "reward": 0.5135643579347735}