{"action": [-1.0, 0.0038858738262206316], "reward": 0.7801544637914591}