{"action": [0.699999988079071, 0.002891066949814558], "reward": 0.713345725332116}