{"action": [-1.0, 0.007042653858661652], "reward": 0.4166575613111614}