{"action": [0.699999988079071, 0.006653140764683485], "reward": 0.013112358567831205}