{"action": [0.6373663544654846, -0.01706809736788273], "reward": 0.7720304033971843}