{"action": [0.04374995455145836, 0.008938184939324856], "reward": 0.4802456982912536}