{"action": [0.699999988079071, 0.0019519461784511805], "reward": 0.5249974366287583}