{"action": [0.699999988079071, -0.022340888157486916], "reward": 0.694877832425168}