{"action": [0.5765613317489624, -0.001070624333806336], "reward": 0.4235849991483434}