{"action": [0.4485509991645813, 0.007678645197302103], "reward": 0.43641312431531576}