{"action": [0.6268109679222107, 0.00400498928502202], "reward": 0.7546703730383428}