{"action": [0.699999988079071, 0.004744569305330515], "reward": 0.5535262491919261}