{"action": [0.699999988079071, 0.0011958860559388995], "reward": 0.6169049156274665}