{"action": [0.699999988079071, 0.0013934457674622536], "reward": 0.6036294988459551}