{"action": [0.699999988079071, -0.022389784455299377], "reward": 0.7127122546194207}