{"action": [0.4237399399280548, -0.004557396750897169], "reward": 0.9039259243035583}