{"action": [0.699999988079071, -0.06394761800765991], "reward": 0.6286600012213389}