{"action": [0.699999988079071, 0.08850626647472382], "reward": -0.011769742145918817}