{"action": [0.5727816224098206, 0.009297918528318405], "reward": 0.760774522582389}