{"action": [0.44297677278518677, -0.013592999428510666], "reward": 0.8468642466247984}