{"action": [0.699999988079071, -2.531779136916157e-05], "reward": 0.7843507879754924}