{"action": [0.4723353385925293, 1.4559268493030686e-05], "reward": 0.4140929494100761}