{"action": [0.699999988079071, -0.007078954484313726], "reward": 0.7599538950098923}