{"action": [0.4763668179512024, 0.0033081129658967257], "reward": 0.8587320821003179}