{"action": [0.42189472913742065, -0.0031099829357117414], "reward": 0.9039297549935373}