{"action": [0.5424759387969971, -0.010247833095490932], "reward": 0.7746128904356284}