{"action": [0.4356011748313904, -0.0010482885409146547], "reward": 0.9219873273874774}