{"action": [0.4415777027606964, 0.0049547492526471615], "reward": 0.8877368347500117}