{"action": [0.4639599025249481, 0.0040194131433963776], "reward": 0.8716585940468908}