{"action": [0.0946655198931694, -0.0022262264974415302], "reward": 0.470202501079276}