{"action": [0.699999988079071, -0.0028990234714001417], "reward": 0.5027150112983079}