{"action": [-1.0, -0.000327265850501135], "reward": 0.3679802678822218}