{"action": [0.699999988079071, -0.0023052245378494263], "reward": 0.30495849091312816}