{"action": [0.699999988079071, -0.00033282124786637723], "reward": 0.3482955422341711}