{"action": [0.699999988079071, -0.00184336316306144], "reward": 0.21449252179803005}