{"action": [0.699999988079071, -0.005249003879725933], "reward": 0.6839266774637109}