{"action": [0.699999988079071, -0.009476306848227978], "reward": 0.6822240201600356}