{"action": [0.699999988079071, -0.00012165784573880956], "reward": 0.1325696993943893}