{"action": [-0.05512218549847603, 0.021589813753962517], "reward": 0.3947429828025051}