{"action": [0.699999988079071, -0.0040619466453790665], "reward": 0.5070853184416068}