{"action": [0.699999988079071, 0.012723371386528015], "reward": 0.5625365019886975}