{"action": [0.6763176321983337, -0.0018646476091817021], "reward": 0.7378352411774742}