{"action": [0.4850339889526367, -0.0008732674177736044], "reward": 0.8692169951784381}