{"action": [0.30901047587394714, 0.021803230047225952], "reward": 0.4386259604439381}