{"action": [0.28002476692199707, 0.019208498299121857], "reward": 0.451281674835447}