{"action": [-0.3106549084186554, 0.0013659127289429307], "reward": 0.8062361315485556}