{"action": [0.5801928043365479, -0.0011444897390902042], "reward": 0.8318662897323112}