{"action": [0.49764108657836914, -0.0005251881084404886], "reward": 0.8816292841823244}