{"action": [0.699999988079071, 0.003991031087934971], "reward": 0.6652973080348191}