{"action": [0.699999988079071, -0.0008709354442544281], "reward": 0.3034317668835299}