{"action": [-1.0, -0.0016213072231039405], "reward": -0.00022437575646636719}