{"action": [0.699999988079071, -0.0024334159679710865], "reward": 0.3954945116587689}