{"action": [0.5097802877426147, -0.0015160038601607084], "reward": 0.8638227119506423}