{"action": [0.4718184471130371, -5.443437839858234e-05], "reward": 0.8880561411472724}