{"action": [0.29420730471611023, -0.004088335204869509], "reward": 0.42885152489506895}