{"action": [0.6178500056266785, 0.0034163687378168106], "reward": 0.7916014037454413}