{"action": [0.699999988079071, 0.0013900973135605454], "reward": 0.8584256689897212}