{"action": [0.5337841510772705, 0.0024062853772193193], "reward": 0.7819734273014753}