{"action": [0.4170039892196655, -0.0004474121378734708], "reward": 0.9150228585140894}