{"action": [0.14391818642616272, 0.0001523383252788335], "reward": 0.4792361700327133}