{"action": [-0.7414851188659668, 1.4396308642972144e-06], "reward": 0.7502576126216082}