{"action": [0.699999988079071, 0.0014127008616924286], "reward": 0.8571005069332398}