{"action": [0.6286717057228088, -0.25622445344924927], "reward": 0.47694350196865415}