{"action": [0.4688555598258972, -0.29485273361206055], "reward": 0.6910799708014921}