{"action": [0.4565607011318207, -0.0017080634133890271], "reward": 0.7802582823047544}