{"action": [0.6123232245445251, -0.1238246038556099], "reward": 0.6020098922780985}