{"action": [0.478854775428772, -0.3151600658893585], "reward": 0.42652304424122706}