{"action": [0.5901055335998535, -0.13446806371212006], "reward": 0.573676870718618}