{"action": [0.629356324672699, -0.06789317727088928], "reward": 0.7633957192049686}