{"action": [0.42017894983291626, -0.24609597027301788], "reward": 0.655470266906831}