{"action": [0.699999988079071, -0.0016871080733835697], "reward": 0.723870877032055}