{"action": [0.4845035672187805, -0.007088780403137207], "reward": 0.8689738624855092}