{"action": [0.665166437625885, -0.002315347082912922], "reward": 0.37850015035006757}