{"action": [0.699999988079071, -0.03000899776816368], "reward": 0.3848555469904811}