{"action": [-1.0, -9.12052382773254e-06], "reward": -1.1805035511463307e-06}