{"action": [-1.0, -9.12052382773254e-06], "reward": -1.2500704527160212e-06}