{"action": [-1.0, -8.58402290759841e-06], "reward": 7.924773991090758e-06}