{"action": [0.699999988079071, 0.0017207302153110504], "reward": 0.8124724890216921}