{"action": [0.699999988079071, 0.0021450885105878115], "reward": 0.7046482955529202}