{"action": [0.28500694036483765, -0.0009583354112692177], "reward": 0.4367849124641111}