{"action": [0.3777802586555481, -0.041607566177845], "reward": 0.3844036345694903}