{"action": [0.4231656789779663, 0.001301450189203024], "reward": 0.9314949314627119}