{"action": [0.407450795173645, 0.0013083245139569044], "reward": 0.924429459953644}