{"action": [-1.0, -1.0193526577495504e-05], "reward": -9.523045749768086e-07}