{"action": [-1.0, -9.12052382773254e-06], "reward": -8.83768110606576e-07}