{"action": [0.699999988079071, -9.710312042443547e-06], "reward": 0.013020716919674562}