{"action": [-1.0, -9.657025657361373e-06], "reward": -1.4246265848014636e-06}