{"action": [-1.0, -9.657025657361373e-06], "reward": -1.3753900712207142e-06}