{"action": [0.4203566312789917, 0.0012838741531595588], "reward": 0.9149256527891904}