{"action": [0.5147269368171692, -0.006357200909405947], "reward": 0.8233177018826866}