{"action": [0.42243391275405884, 0.0034948503598570824], "reward": 0.9048952131318243}