{"action": [0.31054240465164185, 0.006818118970841169], "reward": 0.6908210832921656}