{"action": [0.4745115637779236, -0.3278499245643616], "reward": 0.6877313893968469}