{"action": [-0.06841934472322464, 0.0025171050801873207], "reward": 0.8500594697058269}