{"action": [0.5053883194923401, 0.003579474985599518], "reward": 0.6604708880912865}