{"action": [0.44556277990341187, -0.3204152286052704], "reward": 0.7084870334959329}