{"action": [0.41051819920539856, -0.28043830394744873], "reward": 0.6984158049786432}