{"action": [0.6239649057388306, 5.916404552408494e-05], "reward": 0.7595705183164098}