{"action": [0.34018439054489136, 0.008772783912718296], "reward": 0.6654430405489106}