{"action": [0.41818881034851074, -0.2599484622478485], "reward": 0.6395744395412521}