{"action": [0.518875002861023, -0.06902376562356949], "reward": 0.8409102351559937}