{"action": [0.3178269863128662, 0.007922792807221413], "reward": 0.6762784488029047}