{"action": [0.6439195275306702, 0.800000011920929], "reward": 0.2346948608665808}