{"action": [0.3499066233634949, 0.029165128245949745], "reward": 0.435020868166626}