{"action": [0.6064310073852539, -0.800000011920929], "reward": -0.12000000178813934}