{"action": [0.47060173749923706, -0.000465991732198745], "reward": 0.9013199682794656}