{"action": [0.3143235743045807, 0.02532767876982689], "reward": 0.4445217509146503}