{"action": [0.26830950379371643, 0.055265091359615326], "reward": 0.42017770224165263}