{"action": [0.6275232434272766, -0.17795833945274353], "reward": 0.0015736384145308528}