{"action": [-1.0, 0.004841925110667944], "reward": -0.000725999442516858}