{"action": [0.6023876070976257, 0.31777045130729675], "reward": 0.061889409143393324}