{"action": [-1.0, 0.0048424615524709225], "reward": -0.0007212858568810549}