{"action": [0.699999988079071, 0.0003912682586815208], "reward": 0.09734455467570356}