{"action": [0.699999988079071, 0.004894696641713381], "reward": -0.00020900308871667087}