{"action": [-1.0, 0.004844607785344124], "reward": -0.0007266277291906708}