{"action": [-1.0, 0.0008573292288929224], "reward": 0.07913996985584675}