{"action": [0.46834874153137207, -0.0005801375955343246], "reward": 0.9013853754537205}