{"action": [0.699999988079071, -0.0003171816351823509], "reward": 0.7359387450284925}