{"action": [0.699999988079071, -8.619284926680848e-05], "reward": 0.11481248570205858}