{"action": [0.699999988079071, 0.0013284374726936221], "reward": 0.14215544769906374}