{"action": [0.699999988079071, 6.427645712392405e-05], "reward": 0.3454362229058432}