{"action": [0.699999988079071, -0.0026571929920464754], "reward": 0.12254900354253356}