{"action": [0.699999988079071, 0.0002741620410233736], "reward": 0.163806056628806}