{"action": [0.699999988079071, -0.008527179248631], "reward": 0.21819805558283525}