{"action": [0.699999988079071, -0.0039537325501441956], "reward": 0.32035087357792386}