{"action": [0.699999988079071, -0.003678649663925171], "reward": 0.13788583909738183}