{"action": [0.699999988079071, -0.004294866696000099], "reward": 0.28518876950146}