{"action": [0.699999988079071, -0.0042695351876318455], "reward": 0.29698646834944514}