{"action": [0.699999988079071, -0.002497656038030982], "reward": 0.30512036345963617}