{"action": [0.699999988079071, -0.0007286113686859608], "reward": 0.24584933425112832}