{"action": [0.699999988079071, -0.00014908862067386508], "reward": 0.3091646729970455}