{"action": [0.5103405117988586, -0.0020851176232099533], "reward": 0.8273327708196336}