{"action": [0.699999988079071, -0.0002155816473532468], "reward": 0.2977464216100973}