{"action": [0.699999988079071, 5.1749764679698274e-05], "reward": 0.2071342423605413}