{"action": [0.699999988079071, -0.0030826220754534006], "reward": 0.3156192587437434}