{"action": [0.699999988079071, -0.0044385818764567375], "reward": 0.08296962544612765}