{"action": [0.699999988079071, 0.0007217875681817532], "reward": 0.27283366293970135}