{"action": [0.699999988079071, 0.11635958403348923], "reward": 0.35633900818927094}