{"action": [0.699999988079071, 0.1420968472957611], "reward": 0.32949583576481306}