{"action": [0.699999988079071, 0.03620394691824913], "reward": 0.30509727781509516}