{"action": [0.699999988079071, 0.0006686255219392478], "reward": 0.26016858611089866}