{"action": [0.699999988079071, 0.12322541326284409], "reward": 0.272824380444839}