{"action": [0.699999988079071, -0.0008185292244888842], "reward": 0.21678997547704598}