{"action": [0.699999988079071, 0.00010749625653261319], "reward": 0.2236705005326217}