{"action": [0.699999988079071, -0.004456506576389074], "reward": 0.16055425428873157}