{"action": [0.699999988079071, -0.0027870400808751583], "reward": 0.1643068794231301}