{"action": [0.699999988079071, -0.0010081821819767356], "reward": 0.24234818542120654}