{"action": [0.699999988079071, -3.366750752320513e-05], "reward": 0.3929860720661161}