{"action": [0.699999988079071, 0.0001375580468447879], "reward": 0.10400477229901661}