{"action": [0.699999988079071, -0.002039157086983323], "reward": 0.24815282176071446}