{"action": [0.699999988079071, -0.001831780537031591], "reward": 0.32305911314887464}