{"action": [0.699999988079071, 1.1312007700325921e-05], "reward": 0.2533767820687356}