{"action": [0.699999988079071, 0.0003975087602157146], "reward": 0.287989680562044}