{"action": [0.699999988079071, 0.01719081774353981], "reward": 0.6626167541433572}