{"action": [0.699999988079071, 0.011743825860321522], "reward": 0.17334541717933308}