{"action": [0.699999988079071, 0.014047382399439812], "reward": 0.1556887078441236}