{"action": [0.699999988079071, 0.002571326680481434], "reward": 0.19163973060462625}