{"action": [0.699999988079071, -0.008188806474208832], "reward": 0.30867722929904934}