{"action": [0.699999988079071, -0.0015185812953859568], "reward": 0.1856196377576862}