{"action": [0.699999988079071, -0.008062559179961681], "reward": 0.34463019494872127}