{"action": [0.699999988079071, -5.46371938980883e-06], "reward": 0.17223403762616354}