{"action": [0.699999988079071, -0.005180764477699995], "reward": 0.11999540609827919}