{"action": [0.699999988079071, -0.0008355698664672673], "reward": 0.1663939421010037}