{"action": [0.699999988079071, -0.006408626213669777], "reward": 0.14951043174426612}