{"action": [0.699999988079071, -0.0049441298469901085], "reward": 0.13073682332768266}