{"action": [0.699999988079071, -0.003234297502785921], "reward": 0.21448125533973014}