{"action": [0.699999988079071, 0.018953388556838036], "reward": 0.6400802465263586}