{"action": [0.699999988079071, -0.00653788261115551], "reward": 0.1638769480498596}