{"action": [0.699999988079071, 0.13537725806236267], "reward": 0.2634317827739013}