{"action": [0.699999988079071, 0.10436160862445831], "reward": 0.30756183028784595}