{"action": [0.699999988079071, 0.094650998711586], "reward": 0.2787937154047157}