{"action": [0.48167580366134644, 0.0008574930834583938], "reward": 0.7526795142068683}