{"action": [0.699999988079071, -0.005508102010935545], "reward": 0.20693317467927527}