{"action": [0.699999988079071, -0.0018299270886927843], "reward": 0.13547840931234267}