{"action": [0.699999988079071, -0.005118641536682844], "reward": 0.19128751612634928}