{"action": [0.699999988079071, -0.005576523952186108], "reward": 0.19330348993509225}