{"action": [0.699999988079071, 0.00014815086615271866], "reward": 0.2790609751546786}