{"action": [0.699999988079071, -0.005592094734311104], "reward": 0.20764326346815495}