{"action": [0.699999988079071, -0.0054978253319859505], "reward": 0.22081900084533437}