{"action": [0.699999988079071, 0.004047052469104528], "reward": 0.15808823724519944}