{"action": [0.699999988079071, 0.013206093572080135], "reward": 0.1633609721279614}