{"action": [0.699999988079071, -0.0013121099909767509], "reward": 0.33578310800142774}