{"action": [0.5185681581497192, -0.0023554223589599133], "reward": 0.8167548568280694}