{"action": [0.699999988079071, -0.003148466581478715], "reward": 0.21370945015389947}