{"action": [0.699999988079071, -0.002637089230120182], "reward": 0.20896248346493085}