{"action": [0.699999988079071, 0.012670403346419334], "reward": 0.14582104112603164}