{"action": [0.6894351840019226, -0.006948475260287523], "reward": 0.7890445626435707}