{"action": [0.699999988079071, 2.151250782844727e-06], "reward": 0.24651994190597118}