{"action": [0.6060489416122437, -0.006506742909550667], "reward": 0.8318547461524515}