{"action": [0.699999988079071, -0.0030111544765532017], "reward": 0.26104932596527003}