{"action": [0.699999988079071, 0.001116051571443677], "reward": 0.24993406630646403}