{"action": [0.699999988079071, -0.008007322438061237], "reward": 0.25160646069096754}