{"action": [0.699999988079071, -0.00031496130395680666], "reward": 0.23792644307585936}