{"action": [0.699999988079071, 0.0010611391626298428], "reward": 0.2582749255769366}