{"action": [0.699999988079071, -0.07072874903678894], "reward": -0.008813278563929886}