{"action": [0.699999988079071, 0.004295836668461561], "reward": 0.22749893889885792}