{"action": [0.699999988079071, -5.5815653468016535e-05], "reward": 0.40115955722309654}