{"action": [0.699999988079071, -0.0037196914199739695], "reward": 0.33230514954995566}