{"action": [0.637732207775116, -0.00028732186183333397], "reward": 0.751570726991168}