{"action": [0.5356295108795166, 0.002962763886898756], "reward": 0.7966951720512254}