{"action": [0.5262657999992371, 0.01002294011414051], "reward": 0.8270570601813004}