{"action": [0.5203781127929688, 0.015745220705866814], "reward": 0.7908911825892072}