{"action": [0.5978578925132751, 0.005479633808135986], "reward": 0.7643455044205273}