{"action": [0.6366177201271057, 0.0030833804048597813], "reward": 0.7515400551373868}