{"action": [0.5083253979682922, 0.008225536905229092], "reward": 0.8009063261314151}