{"action": [0.5950080752372742, 0.007024314254522324], "reward": 0.7768905983539794}