{"action": [0.5821170210838318, 0.0023482937831431627], "reward": 0.8197699599953614}