{"action": [0.6068388223648071, 9.998148743761703e-05], "reward": 0.7777283832574855}