{"action": [0.6320284008979797, -0.0002216614520875737], "reward": 0.7772350063008805}