{"action": [0.6118183732032776, 0.006941945292055607], "reward": 0.7839135872634039}