{"action": [-1.0, -4.72121246275492e-05], "reward": 0.5556192277739056}