{"action": [0.6719984412193298, 0.0003781495033763349], "reward": 0.7841376369733094}