{"action": [0.699999988079071, 1.667857213760726e-05], "reward": 0.6528069038813502}