{"action": [-1.0, -0.00023337811580859125], "reward": 0.0009078951629228777}