{"action": [0.699999988079071, 0.00013570720329880714], "reward": 0.7351684637265038}