{"action": [0.20220395922660828, 3.098159868386574e-05], "reward": 0.4582650051234849}