{"action": [0.699999988079071, 1.6093251176130252e-09], "reward": 0.6106199364682302}