{"action": [0.5938234925270081, -1.6570031220908277e-05], "reward": 0.8102156627786921}