{"action": [0.45362919569015503, 0.0039043647702783346], "reward": 0.8729022874230595}