{"action": [0.699999988079071, -0.0002873790799640119], "reward": 0.3817387134093223}