{"action": [0.699999988079071, -0.00022260028345044702], "reward": 0.11246543342577954}