{"action": [0.44029778242111206, 0.003518203040584922], "reward": 0.8800298674754503}