{"action": [0.699999988079071, -1.6281009038721095e-06], "reward": 0.07537037676205832}