{"action": [0.699999988079071, 0.002014752710238099], "reward": 0.2788319860080533}