{"action": [0.6368883848190308, 0.006683229468762875], "reward": 0.3705896181635342}