{"action": [0.699999988079071, 0.00225286022759974], "reward": 0.324254633556408}