{"action": [-1.0, 0.006639741361141205], "reward": 0.0009372222100955637}