{"action": [0.26544976234436035, 0.007367371115833521], "reward": 0.4762724242909534}