{"action": [0.699999988079071, 0.002107607200741768], "reward": 0.29563954867816994}