{"action": [-1.0, 0.0062470221891999245], "reward": -0.0007819019127380225}