{"action": [0.699999988079071, 0.0016223887214437127], "reward": 0.6989753956211345}