{"action": [-1.0, 0.006248631980270147], "reward": -0.000890158259383247}