{"action": [0.6160411834716797, 0.006836750544607639], "reward": 0.3907481428240701}