{"action": [0.4630948305130005, -0.007977900095283985], "reward": 0.42013420124682005}