{"action": [0.699999988079071, 0.006297148764133453], "reward": 0.0034343323476714177}