{"action": [0.699999988079071, -0.00930419284850359], "reward": 0.191881819848927}