{"action": [-1.0, -0.010586782358586788], "reward": 0.28022092518255615}