{"action": [0.699999988079071, -0.02626614086329937], "reward": 0.5642969781041312}