{"action": [0.699999988079071, -0.002708123065531254], "reward": 0.6225107718979415}