{"action": [0.699999988079071, -0.0037648784928023815], "reward": 0.6373959647412439}