{"action": [0.6598077416419983, 0.0027149105444550514], "reward": 0.7424080094853334}