{"action": [0.503351628780365, 0.01236957311630249], "reward": 0.7491794248115955}