{"action": [0.5614830851554871, -0.2092333287000656], "reward": 0.7131006034418355}