{"action": [0.6015243530273438, -0.21197474002838135], "reward": 0.7047401378168948}