{"action": [0.6219265460968018, -0.12761123478412628], "reward": 0.7565508605229343}