{"action": [0.4925612807273865, -0.16310788691043854], "reward": 0.6894910888791304}