{"action": [0.699999988079071, -0.015574163757264614], "reward": 0.5630471140284099}