{"action": [0.699999988079071, 0.0001479618513258174], "reward": 0.6618392711877097}