{"action": [0.699999988079071, 0.10783964395523071], "reward": 0.5770599581694089}