{"action": [0.699999988079071, 0.43614205718040466], "reward": 0.5269060742502891}