{"action": [0.25965994596481323, 0.800000011920929], "reward": 0.30403315191979163}