{"action": [0.3456733524799347, 0.17317791283130646], "reward": 0.37579586409032056}