{"action": [0.4043203592300415, 0.4557437300682068], "reward": 0.4528702401145299}