{"action": [0.5648829936981201, 0.03614351153373718], "reward": 0.7733335142241665}