{"action": [0.699999988079071, 0.0698108822107315], "reward": 0.5948029871818682}