{"action": [0.699999988079071, 0.0516364648938179], "reward": 0.6813008875481029}