{"action": [0.5214166045188904, 0.000804562063422054], "reward": 0.7320270506149575}