{"action": [0.699999988079071, -0.003288618754595518], "reward": 0.7030644734775343}