{"action": [0.6463375091552734, -0.022264515981078148], "reward": 0.6464198264310467}