{"action": [0.699999988079071, 0.016355572268366814], "reward": 0.2612317768824326}