{"action": [0.699999988079071, -0.01196561474353075], "reward": 0.665748794805699}