{"action": [0.699999988079071, -0.017453083768486977], "reward": 0.5921534859156156}