{"action": [0.699999988079071, 0.01593959331512451], "reward": 0.4622029134863986}