{"action": [0.44754713773727417, 0.31738942861557007], "reward": 0.4918082119574908}