{"action": [0.699999988079071, 0.12413998693227768], "reward": 0.10704219817615987}