{"action": [0.699999988079071, 0.06124437600374222], "reward": 0.4472526323326837}