{"action": [0.6260862350463867, 0.006933536380529404], "reward": 0.5530752844728718}