{"action": [0.4640343189239502, -0.002767881378531456], "reward": 0.6812208893726526}