{"action": [0.4025622010231018, -0.004102109465748072], "reward": 0.7165618846700653}