{"action": [0.3690972328186035, -0.007418831344693899], "reward": 0.8818279424233525}