{"action": [0.41671961545944214, -0.00838043075054884], "reward": 0.8764408518915004}