{"action": [0.4450467526912689, -0.0038995868526399136], "reward": 0.8997600248362277}