{"action": [0.37886321544647217, -0.0013938930351287127], "reward": 0.8837400257841267}