{"action": [0.4308255612850189, -0.0011154337553307414], "reward": 0.8942608216785192}