{"action": [0.14634187519550323, -0.0021099557634443045], "reward": 0.791901030090156}