{"action": [0.3640848994255066, -0.00028850475791841745], "reward": 0.9492813720154667}