{"action": [0.6834887862205505, 0.0032615982927381992], "reward": 0.7221555187170062}