{"action": [0.37381255626678467, -0.0004706419422291219], "reward": 0.940311505684493}