{"action": [0.15156278014183044, -0.008675429970026016], "reward": 0.4764153929389449}