{"action": [0.14364135265350342, -0.004632427357137203], "reward": 0.4746811007844114}