{"action": [0.699999988079071, -0.008639897219836712], "reward": 0.3844919674692448}