{"action": [0.2918621301651001, -0.0013944213278591633], "reward": 0.46680649824718745}