{"action": [-1.0, -0.00031653582118451595], "reward": 0.3417649596431709}