{"action": [-1.0, -0.00018294698384124786], "reward": -2.7217979641817086e-05}