{"action": [0.699999988079071, 0.00973584596067667], "reward": 0.6944838525702411}