{"action": [-1.0, -0.00018509298388380557], "reward": -2.7642736042649556e-05}