{"action": [-1.0, -0.00018509298388380557], "reward": -2.767209520772406e-05}