{"action": [-1.0, -0.00018670248391572386], "reward": -2.785445605373423e-05}