{"action": [0.4458619952201843, 0.4672936201095581], "reward": 0.5605898078047771}