{"action": [-1.0, -0.00018401998386252671], "reward": -2.74061240131398e-05}