{"action": [0.699999988079071, -0.00018861443095374852], "reward": 0.07611419370937883}