{"action": [0.699999988079071, -0.00018528754299040884], "reward": 0.008461639547974853}