{"action": [0.21306389570236206, -0.0012061473680660129], "reward": 0.6011346014812453}