{"action": [0.699999988079071, -0.0009236966143362224], "reward": 0.4592514820986107}