{"action": [0.6170891523361206, 0.800000011920929], "reward": 0.3026696016186407}