{"action": [-1.0, -0.0025596481282263994], "reward": -0.00038373231307907424}