{"action": [-1.0, -0.0025596481282263994], "reward": -0.0003836711457223324}