{"action": [-1.0, -0.0025312136858701706], "reward": -0.00037932261925393386}