{"action": [-1.0, -0.0025312136858701706], "reward": -0.0003793823498099955}