{"action": [-1.0, -0.002535505685955286], "reward": -0.00038013006217949973}