{"action": [0.699999988079071, -0.0025525945238769054], "reward": 0.09027663175841684}