{"action": [-1.0, -0.0018171302508562803], "reward": -0.0002697482172627565}