{"action": [-1.0, -0.0018182032508775592], "reward": -0.00026767800149359597}