{"action": [-1.0, -0.0019469636026769876], "reward": 0.18783412815289166}