{"action": [-1.0, -0.0016154057811945677], "reward": 0.10174113771861219}