{"action": [0.699999988079071, -0.0014927928568795323], "reward": 0.4078816264030656}