{"action": [-1.0, -0.001576777664013207], "reward": -0.00023232495434900562}