{"action": [0.699999988079071, 0.06848268210887909], "reward": 0.5791935969424093}