{"action": [0.6220237016677856, 0.0662008672952652], "reward": 0.6303643410747709}