{"action": [0.5472813844680786, 0.4998413324356079], "reward": 0.6523724153371269}