{"action": [0.6590284109115601, 0.053771376609802246], "reward": 0.6848747735985922}