{"action": [0.699999988079071, 0.16865073144435883], "reward": 0.33591741911596423}