{"action": [0.699999988079071, 0.11557186394929886], "reward": 0.44988438537447956}