{"action": [0.2274041622877121, 0.026237845420837402], "reward": 0.4320906873949198}