{"action": [0.5279389023780823, 0.04778151214122772], "reward": 0.733098618732036}