{"action": [0.5018430352210999, 0.007133567240089178], "reward": 0.3882709334006304}