{"action": [0.2600739002227783, 0.0005179758300073445], "reward": 0.4448642513927523}