{"action": [0.2794826924800873, 0.0001208424218930304], "reward": 0.4431726183766897}