{"action": [-1.0, -0.00020440704247448593], "reward": 0.03741499829703082}