{"action": [0.699999988079071, -0.0003647819103207439], "reward": 0.21324116469471496}