{"action": [0.699999988079071, -0.006522525567561388], "reward": 0.3063098677223705}