{"action": [0.699999988079071, -0.006635329220443964], "reward": 0.5802344072758482}