{"action": [0.4738272726535797, -0.004118818324059248], "reward": 0.886135390930131}