{"action": [0.2918996214866638, 0.023782290518283844], "reward": 0.733210943550226}