{"action": [0.699999988079071, -0.016275309026241302], "reward": 0.6939036886696501}