{"action": [0.5460630059242249, -0.005895277019590139], "reward": 0.7815354310098955}