{"action": [0.699999988079071, -0.028546404093503952], "reward": 0.5765221354050826}