{"action": [-0.48071709275245667, 0.015729449689388275], "reward": 0.5200361061051263}