{"action": [0.6275807619094849, 0.018174707889556885], "reward": 0.6954640419435896}