{"action": [0.4809175133705139, 0.0056495461612939835], "reward": 0.8311687755512172}