{"action": [0.5398653745651245, 0.004069063346832991], "reward": 0.7284506647191161}