{"action": [0.699999988079071, -0.0013636783696711063], "reward": 0.6221562759171185}