{"action": [0.6681151390075684, -0.0077189183793962], "reward": 0.7586369729634438}