{"action": [0.3533012866973877, -0.00644430099055171], "reward": 0.8734623016111931}