{"action": [0.4168802499771118, -0.009938727132976055], "reward": 0.9003219382021117}