{"action": [0.3682546019554138, -0.00786557886749506], "reward": 0.912640471893615}