{"action": [0.5040490627288818, 0.00011312562128296122], "reward": 0.8508120163131143}