{"action": [0.4276503026485443, -0.00012018884444842115], "reward": 0.8514040046641932}