{"action": [0.4445757567882538, 0.0022773053497076035], "reward": 0.38234671422955496}