{"action": [0.42595723271369934, 0.0012432632502168417], "reward": 0.4060079319199811}