{"action": [0.4746033251285553, -9.578108438290656e-05], "reward": 0.8500959023119858}