{"action": [0.42320698499679565, -0.009272062219679356], "reward": 0.8580593554094355}