{"action": [0.42479047179222107, -0.0004752684326376766], "reward": 0.9005629085988996}