{"action": [0.3661257028579712, -0.00015679704665672034], "reward": 0.8962758700830502}