{"action": [-1.0, 0.011711289174854755], "reward": -0.0017546024897721992}