{"action": [-1.0, 0.01170967984944582], "reward": -0.0017492327637617356}