{"action": [0.31035637855529785, 0.009774326346814632], "reward": 0.42426187243874486}