{"action": [-1.0, 0.000614294083788991], "reward": -9.036241214744502e-05}