{"action": [-1.0, 0.000614294083788991], "reward": -9.19432086379019e-05}