{"action": [-1.0, 0.0006083925836719573], "reward": -9.112663413117356e-05}