{"action": [-1.0, 0.0006100020837038755], "reward": -9.144821520058907e-05}