{"action": [0.699999988079071, 0.03295489028096199], "reward": -0.00316916899530893}