{"action": [0.6052259206771851, 0.014740590937435627], "reward": 0.7542910501190033}