{"action": [0.4731195867061615, 0.011678076349198818], "reward": 0.8427929867710778}