{"action": [0.45472219586372375, 0.010606980882585049], "reward": 0.8515195517085052}