{"action": [0.5073149800300598, 0.007750598713755608], "reward": 0.7928020468987041}