{"action": [0.4912455379962921, 0.013989437371492386], "reward": 0.8270722543417469}