{"action": [-1.0, -0.0024432274512946606], "reward": -0.00036539257497951374}