{"action": [-1.0, -0.0024453734513372183], "reward": -0.00036648774765861707}