{"action": [0.4231940805912018, -0.012287822552025318], "reward": 0.8236595761127646}