{"action": [0.41098034381866455, -0.009211299940943718], "reward": 0.8899127956684145}