{"action": [0.41054949164390564, -0.012196915224194527], "reward": 0.865496510995673}