{"action": [0.404640793800354, -0.008146996609866619], "reward": 0.8994165873349014}