{"action": [0.38811177015304565, -0.07650543749332428], "reward": 0.8468056834798229}