{"action": [0.4480286240577698, -0.01590540073812008], "reward": 0.888642142136682}