{"action": [0.5148596167564392, -0.4510354697704315], "reward": 0.48273412035849356}