{"action": [0.47037237882614136, -0.12861201167106628], "reward": 0.8512545724109971}