{"action": [0.6521363854408264, -0.07480911910533905], "reward": 0.6477139991273937}