{"action": [0.699999988079071, -0.0039654625579714775], "reward": 0.6270009253761719}