{"action": [0.699999988079071, -0.0039002869743853807], "reward": 0.4442122664867923}