{"action": [0.699999988079071, -0.005315128248184919], "reward": 0.4397767550093998}