{"action": [0.699999988079071, -0.0006127385422587395], "reward": 0.45022650494400124}