{"action": [0.699999988079071, 0.0037960775662213564], "reward": 0.49980917599724684}