{"action": [0.699999988079071, 0.005623988341540098], "reward": 0.646215470990996}