{"action": [0.699999988079071, -0.018681548535823822], "reward": 0.7286546278609549}