{"action": [0.699999988079071, -0.002274485072121024], "reward": 0.9419657143325872}