{"action": [0.699999988079071, -0.0006800207193009555], "reward": 0.9455305433881083}