{"action": [0.699999988079071, 0.003714804071933031], "reward": 0.5380449592122134}