{"action": [0.699999988079071, 0.003996751736849546], "reward": 0.2892753761123424}