{"action": [0.699999988079071, 0.003990878816694021], "reward": -0.18410442996280574}