{"action": [0.699999988079071, 0.0053569660522043705], "reward": -0.35069680103053874}