{"action": [0.699999988079071, 0.0017159798881039023], "reward": -1.4198158993728491}