{"action": [0.699999988079071, 0.000205311065656133], "reward": -1.514350989442664}