{"action": [0.699999988079071, 0.001039103139191866], "reward": -1.9118520752979318}