{"action": [0.699999988079071, 0.01676137186586857], "reward": 0.11108360825506161}