{"action": [-1.0, -0.0024469830095767975], "reward": -0.000366901221880252}