{"action": [0.699999988079071, -0.013178876601159573], "reward": -2.039302119543648}