{"action": [0.699999988079071, -0.001629192614927888], "reward": 0.8303656209720084}