{"action": [0.699999988079071, 0.010968349874019623], "reward": 0.901909846367551}