{"action": [-1.0, -0.006181569304317236], "reward": 0.29412924419125236}