{"action": [-1.0, -0.007409084588289261], "reward": -0.0011110591109033416}