{"action": [-1.0, -0.007454687263816595], "reward": -0.0011171803387660648}