{"action": [-1.0, -0.007455223705619574], "reward": -0.0011175252867950262}