{"action": [-1.0, -0.007460588589310646], "reward": -0.0011187755011843623}