{"action": [-1.0, -0.007431617472320795], "reward": -0.0011135402061236204}