{"action": [-1.0, -0.007432690355926752], "reward": -0.0011146506550576147}