{"action": [0.699999988079071, -0.01776808872818947], "reward": 0.347685604611573}