{"action": [0.699999988079071, -0.01779569871723652], "reward": 0.3099947217650266}