{"action": [0.699999988079071, -0.01600300334393978], "reward": 0.40860738738714303}