{"action": [0.699999988079071, 0.0003916787391062826], "reward": 0.006584107968124838}