{"action": [-1.0, -0.002451275009661913], "reward": -0.0003676791953361556}