{"action": [0.699999988079071, 0.0003631103609222919], "reward": 0.059942709462922544}