{"action": [-1.0, 0.0003610654384829104], "reward": -3.796216990914769e-05}