{"action": [-1.0, 0.0003610654384829104], "reward": -5.405292252909379e-05}