{"action": [-1.0, 0.0003610654384829104], "reward": -5.398332220562667e-05}