{"action": [0.43116962909698486, 0.007625493220984936], "reward": 0.8561873403685534}