{"action": [0.6355894804000854, 0.005922304466366768], "reward": 0.7927698706691192}