{"action": [0.699999988079071, -0.000532315403688699], "reward": 0.4963280839010651}