{"action": [-1.0, -0.030122945085167885], "reward": 0.3508121847892045}