{"action": [-1.0, -0.0904611125588417], "reward": 0.45406677737561624}