{"action": [0.699999988079071, -0.18471848964691162], "reward": 0.04619654080890752}