{"action": [0.699999988079071, -0.19219720363616943], "reward": -0.015020285761539931}