{"action": [0.699999988079071, -0.24891790747642517], "reward": 0.48928844823794}