{"action": [0.6914892196655273, -0.24615882337093353], "reward": 0.5414758651613044}