{"action": [0.6704280972480774, -0.26249557733535767], "reward": 0.665680642885895}