{"action": [0.699999988079071, -0.09170897305011749], "reward": 0.44427212622390544}