{"action": [0.699999988079071, 0.012841430492699146], "reward": 0.6771818593706169}