{"action": [0.699999988079071, -0.0024153930135071278], "reward": 0.1554814668522447}