{"action": [0.699999988079071, -0.002016185550019145], "reward": 0.1921573110759895}