{"action": [0.45412716269493103, -0.008599968627095222], "reward": 0.839124490883448}