{"action": [0.40102267265319824, -0.001404841779731214], "reward": 0.8901597570429363}