{"action": [0.39615923166275024, -0.0005315820453688502], "reward": 0.902169433890109}