{"action": [0.5686221122741699, 0.004296837840229273], "reward": 0.840559914232365}