{"action": [0.699999988079071, -0.007327091880142689], "reward": 0.3458300237857228}