{"action": [0.5309553742408752, -0.0005523163126781583], "reward": 0.8648746392297455}