{"action": [0.699999988079071, -0.2775965929031372], "reward": -0.04148177710278755}