{"action": [0.699999988079071, -0.2716212868690491], "reward": 0.12136859109963097}