{"action": [0.6059572100639343, 0.0013795801205560565], "reward": 0.6805536435808638}