{"action": [0.5466980934143066, -0.02658143639564514], "reward": 0.47775562127415866}