{"action": [0.10490795969963074, -0.019072528928518295], "reward": 0.7478455786808211}