{"action": [0.699999988079071, -0.3057277202606201], "reward": 0.3434255147507848}