{"action": [0.18223758041858673, -0.07741200178861618], "reward": 0.6543121148674225}