{"action": [0.699999988079071, -0.33034124970436096], "reward": 0.33894666197883266}