{"action": [0.699999988079071, -0.42019811272621155], "reward": 0.37849551881463545}