{"action": [0.63878333568573, -0.4423736035823822], "reward": 0.5792359499054427}