{"action": [0.5953643321990967, 0.800000011920929], "reward": -0.00035157314595776756}