{"action": [0.699999988079071, 0.10315408557653427], "reward": -0.015455186409263499}