{"action": [0.699999988079071, 0.09383899718523026], "reward": 0.38796840640269287}