{"action": [0.699999988079071, 0.10495778173208237], "reward": -0.01574093062336236}