{"action": [0.699999988079071, -0.0018739445367828012], "reward": 0.6001026065530493}