{"action": [0.6688086986541748, -0.009071067906916142], "reward": 0.7399241544905694}