{"action": [0.4028730094432831, -0.013765215873718262], "reward": 0.8505508591962049}