{"action": [0.3968365490436554, -0.012420418672263622], "reward": 0.8182671151154193}