{"action": [0.4003300070762634, -0.013476800173521042], "reward": 0.8567446921747058}