{"action": [0.699999988079071, -0.011809165589511395], "reward": 0.4604570756142712}