{"action": [-0.4578799903392792, 0.13531692326068878], "reward": 0.476683077528876}