{"action": [-1.0, 0.7226759791374207], "reward": -0.10805084779251774}