{"action": [0.699999988079071, 0.7262027859687805], "reward": -0.10775126591753285}