{"action": [0.699999988079071, -0.005658647511154413], "reward": 0.5538921719127461}