{"action": [0.6923350691795349, 0.45509466528892517], "reward": 0.22863678851358937}