{"action": [0.35732337832450867, 0.05137743428349495], "reward": 0.7911741664748886}