{"action": [0.44106370210647583, 0.07477747648954391], "reward": 0.7612932753642913}