{"action": [0.4679851531982422, 0.08698350191116333], "reward": 0.7307624734555921}