{"action": [0.699999988079071, -0.004168537445366383], "reward": 0.5514905103349609}