{"action": [0.5705564022064209, 0.1598636955022812], "reward": 0.5991574516374749}