{"action": [0.37403708696365356, 0.033698275685310364], "reward": 0.6931995722018817}