{"action": [0.699999988079071, 0.02948075532913208], "reward": 0.5878225536384122}