{"action": [0.699999988079071, 0.00491638109087944], "reward": 0.6019767886123703}