{"action": [0.491569846868515, -0.005737645085901022], "reward": 0.8041994096811366}