{"action": [0.699999988079071, -0.005930478218942881], "reward": 0.754856355790459}