{"action": [0.4173692464828491, -0.0031912801787257195], "reward": 0.9335337516145006}