{"action": [0.699999988079071, -0.000260550674283877], "reward": 0.6754580408940327}