{"action": [0.6137534379959106, 0.0037529796827584505], "reward": 0.7674187100987224}