{"action": [0.6568707227706909, 0.0036351196467876434], "reward": 0.7688651486070331}