{"action": [0.6843317747116089, 0.003048706566914916], "reward": 0.7644492328061058}