{"action": [-0.6228833198547363, 0.00163362140301615], "reward": 0.5960101655760851}