{"action": [0.699999988079071, 6.070655581424944e-05], "reward": 0.3922375344541111}