{"action": [0.699999988079071, 0.00010227829625364393], "reward": 0.3530603593735253}