{"action": [0.534949779510498, -0.008718528784811497], "reward": 0.8317966627174156}