{"action": [-1.0, -0.0012956508435308933], "reward": -0.0001941336777462202}