{"action": [-1.0, -0.0041780127212405205], "reward": -0.0006257906661000733}