{"action": [-1.0, -0.0041745551861822605], "reward": -0.0006260147140611165}