{"action": [0.699999988079071, -0.001306086196564138], "reward": 0.019801484516223843}