{"action": [0.699999988079071, -0.009432068094611168], "reward": 0.3667016617913097}