{"action": [0.6317781805992126, -0.010422417894005775], "reward": 0.7887213073030827}