{"action": [0.5708028674125671, -0.008430172689259052], "reward": 0.81864736699668}