{"action": [0.699999988079071, 0.0011553887743502855], "reward": 0.5882876590918924}