{"action": [0.565988302230835, 0.000214670886634849], "reward": 0.8254997611531455}