{"action": [0.6465526819229126, -0.001691638957709074], "reward": 0.8214022537852516}