{"action": [0.699999988079071, -0.0009386795572936535], "reward": 0.5818977488188793}