{"action": [0.513901948928833, -0.002219695597887039], "reward": 0.9000775848817317}