{"action": [0.40664908289909363, -0.01216018944978714], "reward": 0.8426169546001369}