{"action": [0.699999988079071, -0.0072403582744300365], "reward": 0.49115662090944257}