{"action": [0.699999988079071, -0.008997284807264805], "reward": 0.47567424647490764}