{"action": [-1.0, -0.0012216137256473303], "reward": -0.00018102508065460693}