{"action": [0.6810654997825623, -0.025638645514845848], "reward": 0.6886146308247646}