{"action": [-1.0, -0.0012173217255622149], "reward": -0.00018223421243760646}