{"action": [-1.0, -0.0012226867256686091], "reward": -0.00018277227513172463}