{"action": [-1.0, -0.0012242961674928665], "reward": -0.00018362813581367159}