{"action": [0.699999988079071, -0.0006280452362261713], "reward": 0.4424444832768031}