{"action": [0.4154606759548187, 0.10079903900623322], "reward": 0.6620782208812075}