{"action": [0.699999988079071, 0.0012247952399775386], "reward": 0.6996289122550285}