{"action": [0.5470788478851318, 0.0015416474780067801], "reward": 0.881077982533632}