{"action": [0.523788571357727, 0.0025678600650280714], "reward": 0.8308118371878934}