{"action": [0.699999988079071, 0.07533999532461166], "reward": 0.42592351713831206}