{"action": [0.699999988079071, 0.4840899407863617], "reward": 0.3897514536093545}