{"action": [0.699999988079071, 0.7079351544380188], "reward": 0.2751802520966765}