{"action": [0.699999988079071, 0.4720727801322937], "reward": 0.3804594550200327}