{"action": [0.6078124046325684, 0.05399449169635773], "reward": 0.6968125763661605}