{"action": [0.699999988079071, 0.014281190000474453], "reward": 0.6889729279167888}