{"action": [0.3965000510215759, 0.001152203418314457], "reward": 0.8930929771296383}