{"action": [0.3506353497505188, 0.00047707284102216363], "reward": 0.9046421662362512}