{"action": [0.699999988079071, 4.944604734191671e-05], "reward": 0.6170379649416298}