{"action": [0.699999988079071, -0.00042009729077108204], "reward": 0.7047580205895307}