{"action": [0.699999988079071, -0.00041825976222753525], "reward": 0.5650448636935452}