{"action": [0.699999988079071, -0.0022003832273185253], "reward": 0.6116394942664094}