{"action": [0.699999988079071, 0.09551717340946198], "reward": -0.014325219369296498}