{"action": [0.699999988079071, 0.09387921541929245], "reward": 0.11301267132443882}