{"action": [0.699999988079071, 0.017034370452165604], "reward": 0.6570161884444572}