{"action": [0.5375688076019287, 7.424491923302412e-05], "reward": 0.7341398692825005}