{"action": [0.580695390701294, 1.9824547052849084e-06], "reward": 0.7353005123622262}