{"action": [-1.0, -0.010428388603031635], "reward": 0.6678997763666618}