{"action": [0.4050259590148926, -0.01257023774087429], "reward": 0.43355925705390913}