{"action": [0.6474137306213379, -0.017905350774526596], "reward": 0.3255539389976091}