{"action": [0.46990570425987244, -0.002936433767899871], "reward": 0.8361352465269574}