{"action": [-1.0, -0.0070743076503276825], "reward": -0.001060915210365994}