{"action": [0.699999988079071, -0.001113152946345508], "reward": 0.525402834665443}