{"action": [-1.0, 0.011776742525398731], "reward": -0.0017664010706388955}