{"action": [0.699999988079071, 0.011832751333713531], "reward": -0.0010810330444787288}