{"action": [0.699999988079071, 0.01191646046936512], "reward": 0.09127370204137462}