{"action": [-0.48904937505722046, 0.24412888288497925], "reward": 0.4930671045459459}