{"action": [0.699999988079071, 0.34226420521736145], "reward": 0.4166686641844271}