{"action": [0.6415940523147583, 0.2870727777481079], "reward": 0.5538611901808752}