{"action": [0.699999988079071, 0.1740109920501709], "reward": 0.5639187247573806}