{"action": [0.34469231963157654, 0.0023685155902057886], "reward": 0.8448352150538515}