{"action": [0.41738948225975037, -0.0017614476382732391], "reward": 0.8817740219844584}