{"action": [0.699999988079071, -0.022523583844304085], "reward": 0.785364466753659}