{"action": [0.4890342354774475, -0.01887192577123642], "reward": 0.7880552243202255}