{"action": [0.5221368670463562, -0.006900236010551453], "reward": 0.8271409866756183}