{"action": [0.3804026246070862, -0.0010684856679290533], "reward": 0.9167321036687904}