{"action": [0.4851970374584198, 0.002807857468724251], "reward": 0.8576578602517515}