{"action": [0.35503947734832764, 0.008285246789455414], "reward": 0.922748664130179}