{"action": [0.699999988079071, -0.006455578375607729], "reward": 0.3848972394622557}