{"action": [0.6527646780014038, -0.00048102933214977384], "reward": 0.7720883895175772}