{"action": [-1.0, -0.018515735864639282], "reward": -0.002776942992995763}