{"action": [-1.0, -0.018510907888412476], "reward": -0.0027763604954108806}