{"action": [0.699999988079071, -0.020958200097084045], "reward": 0.3033612063178894}