{"action": [0.6450079679489136, -0.0008557555847801268], "reward": 0.8273950577761416}