{"action": [0.699999988079071, -0.0010675250086933374], "reward": 0.7823337396907474}