{"action": [0.45808690786361694, 6.405073509085923e-05], "reward": 0.40908779835597986}