{"action": [0.6635101437568665, 0.0016779870493337512], "reward": 0.37335336703952204}