{"action": [0.5765285491943359, 0.0005265272338874638], "reward": 0.3577463670420195}