{"action": [0.699999988079071, 0.003034440567716956], "reward": 0.20016454238953155}