{"action": [0.699999988079071, 0.009385484270751476], "reward": 0.4662340949139685}