{"action": [0.699999988079071, 0.011442236602306366], "reward": 0.7268321438966515}