{"action": [0.38068243861198425, 0.006643460597842932], "reward": 0.9223569676842671}