{"action": [0.36946842074394226, 0.004164126235991716], "reward": 0.8975755406895674}