{"action": [0.3752185106277466, 0.00019602720567490906], "reward": 0.9230501438245201}