{"action": [0.48581305146217346, -0.22915388643741608], "reward": 0.7935922247773473}