{"action": [0.699999988079071, 0.0004552561149466783], "reward": 0.6969093119785669}