{"action": [0.47337934374809265, 0.002210926730185747], "reward": 0.850761119339788}