{"action": [0.4447895288467407, 0.001999571919441223], "reward": 0.8582080519876322}