{"action": [0.40052056312561035, -0.23057886958122253], "reward": 0.6923366991998933}