{"action": [-1.0, 0.014143786393105984], "reward": -0.0021102338091957364}