{"action": [-1.0, 0.014143249951303005], "reward": -0.0021199577906700776}