{"action": [-1.0, 0.014151833951473236], "reward": -0.0021223915119605303}