{"action": [-1.0, 0.014153443276882172], "reward": -0.0021229450493572923}