{"action": [-1.0, 0.014159881509840488], "reward": -0.002123761926447019}