{"action": [-1.0, 0.01416846551001072], "reward": -0.002125202037378811}