{"action": [-1.0, 0.014166319742798805], "reward": -0.0021249125470906055}