{"action": [-1.0, 0.014188316650688648], "reward": -0.00212812626101043}