{"action": [-1.0, 0.014196900650858879], "reward": -0.0021294315968127743}