{"action": [0.5320213437080383, -0.0907476395368576], "reward": 0.6651505677092736}