{"action": [0.4364929795265198, 0.00026082663680426776], "reward": 0.921701829198561}