{"action": [-0.07866890728473663, -0.0037521461490541697], "reward": 0.8082078587868172}