{"action": [0.3457493185997009, 0.00010714749805629253], "reward": 0.9242790985830376}