{"action": [0.699999988079071, -0.0021984498016536236], "reward": 0.4851687348624788}