{"action": [0.5157536864280701, 0.5850390791893005], "reward": 0.18003120659623478}