{"action": [0.6518568396568298, 0.48300284147262573], "reward": 0.21610491305405655}