{"action": [0.60541832447052, 0.24994905292987823], "reward": 0.39857026225066805}