{"action": [0.4626530706882477, -0.03213650733232498], "reward": 0.7978420316205791}