{"action": [0.4474591016769409, 0.029881348833441734], "reward": 0.7946267534813294}