{"action": [0.40302661061286926, 0.00137722073122859], "reward": 0.8880570288076418}