{"action": [0.699999988079071, -0.17695651948451996], "reward": -0.022675907522625372}