{"action": [0.4361380636692047, -0.0007207953021861613], "reward": 0.8457915710552151}