{"action": [0.699999988079071, -0.001279532676562667], "reward": 0.5929648554241642}