{"action": [0.42701464891433716, 0.004592906683683395], "reward": 0.8460835715577882}