{"action": [0.407458633184433, 0.028829192742705345], "reward": 0.7740221839467659}