{"action": [0.38946932554244995, 0.011452989652752876], "reward": 0.896735550419583}