{"action": [0.385949969291687, 0.004026725422590971], "reward": 0.8932647668680925}