{"action": [0.38166677951812744, 0.0070707243867218494], "reward": 0.8941944554465191}