{"action": [0.3810884952545166, 0.007593267131596804], "reward": 0.8954635109942094}