{"action": [0.3943619728088379, 0.0012268933933228254], "reward": 0.8758787774730321}