{"action": [0.4728769063949585, 0.001171695883385837], "reward": 0.861768731553225}