{"action": [0.4817463755607605, 0.001007604063488543], "reward": 0.8756561265686686}