{"action": [0.4362918734550476, -5.1952006288047414e-06], "reward": 0.8892950400131274}