{"action": [0.4237763583660126, -0.003976135049015284], "reward": 0.7838116584945527}