{"action": [0.4749715328216553, -0.005502150394022465], "reward": 0.7839276252034014}