{"action": [0.4338609576225281, -0.2594159245491028], "reward": -0.03891238868236541}