{"action": [0.4110453426837921, -0.2573012113571167], "reward": -0.0385951817035675}