{"action": [0.3882632851600647, -0.21199358999729156], "reward": 0.5959096313616141}