{"action": [0.43003448843955994, 0.0007568109431304038], "reward": 0.8714264323352833}