{"action": [0.45288777351379395, 0.0004365292261354625], "reward": 0.8561870452885768}