{"action": [0.699999988079071, 0.0426202192902565], "reward": 0.760724362899012}