{"action": [0.4968382716178894, 0.013197159394621849], "reward": 0.8346517901865782}