{"action": [0.47060492634773254, 0.007924102246761322], "reward": 0.8337887971801898}