{"action": [0.48357295989990234, 0.0029354565776884556], "reward": 0.8250696967348337}