{"action": [0.4645502269268036, 0.007287123240530491], "reward": 0.8125954882535693}