{"action": [0.4218728244304657, 1.3354596376302652e-05], "reward": 0.890905610012091}