{"action": [0.44134682416915894, 0.00015918076678644866], "reward": 0.8665217645035579}