{"action": [0.3925471305847168, -0.00036726248799823225], "reward": 0.9251991821740009}