{"action": [0.5691439509391785, -0.0021709157153964043], "reward": 0.8571352306838101}