{"action": [0.39229723811149597, 0.0003001524310093373], "reward": 0.9389364866721275}