{"action": [0.42576178908348083, 6.779324758099392e-05], "reward": 0.9156212145329582}