{"action": [0.41371843218803406, 0.00010580146044958383], "reward": 0.9234099050123443}