{"action": [0.4442419707775116, 0.0010192309273406863], "reward": 0.9051029166046981}