{"action": [0.4168775975704193, 0.0009031849331222475], "reward": 0.9320455554020582}