{"action": [0.5026358366012573, -0.0015157758025452495], "reward": 0.8679420856241733}