{"action": [0.5293014049530029, -0.001341057475656271], "reward": 0.8511466496426394}