{"action": [0.44525909423828125, 0.0033295173197984695], "reward": 0.899731047127993}