{"action": [0.45447567105293274, 0.3514478802680969], "reward": 0.7699913112797522}