{"action": [0.5487434267997742, 0.012641463428735733], "reward": 0.8248353434578778}