{"action": [0.5024917125701904, 0.010516895912587643], "reward": 0.8452551169288637}