{"action": [0.40229296684265137, 0.0064729684963822365], "reward": 0.8841755581821058}