{"action": [0.37188977003097534, 0.0030465961899608374], "reward": 0.8947367655847266}