{"action": [-1.0, -0.0066192783415317535], "reward": 0.7918764715725299}