{"action": [0.33456629514694214, -0.005921166855841875], "reward": 0.4353887045508358}