{"action": [-0.20846834778785706, -0.0063787419348955154], "reward": 0.5424544001771548}