{"action": [0.39738762378692627, -0.0016282916767522693], "reward": 0.44635833944388065}