{"action": [0.27045121788978577, -0.0029122980777174234], "reward": 0.43051238326060604}