{"action": [0.28083738684654236, -0.005649882834404707], "reward": 0.4714866714229922}