{"action": [0.37074998021125793, -0.014133692719042301], "reward": 0.44773583581393245}