{"action": [0.30098608136177063, -0.011082243174314499], "reward": 0.48512843030717656}