{"action": [0.2169753611087799, -8.216088463086635e-05], "reward": 0.4765569753673008}