{"action": [0.699999988079071, 0.004015524405986071], "reward": 0.78332900382746}