{"action": [0.16716992855072021, 0.008291848935186863], "reward": 0.48321937391439934}