{"action": [0.2736508548259735, 0.00957125797867775], "reward": 0.4643908637120119}