{"action": [0.2586095333099365, 0.004675250966101885], "reward": 0.47145590114348007}