{"action": [0.2527155876159668, 0.007221699226647615], "reward": 0.47029458191247026}