{"action": [-1.0, 0.00244215433485806], "reward": 0.26900980114903694}