{"action": [-1.0, 0.0021942907478660345], "reward": -0.0002340287284587842}