{"action": [0.4235530495643616, 0.00030909827910363674], "reward": 0.9027431159298502}