{"action": [-1.0, 0.00218838918954134], "reward": -0.00032811692402907297}