{"action": [-1.0, 0.002187316305935383], "reward": -0.0003279050737543849}