{"action": [-1.0, 0.0021894623059779406], "reward": -0.0003281603182509359}