{"action": [-1.0, 0.0021889256313443184], "reward": -0.0003283243625839043}