{"action": [0.699999988079071, 0.0026814218144863844], "reward": 0.11005188333932814}