{"action": [0.339851051568985, -0.002434752183035016], "reward": 0.434806672240998}