{"action": [0.3161519765853882, -0.003559632459655404], "reward": 0.45438400153721825}