{"action": [0.37910622358322144, -0.0037619236391037703], "reward": 0.4529117250221209}