{"action": [-0.32867997884750366, -8.370119758183137e-05], "reward": 0.599649187110719}