{"action": [0.699999988079071, -0.0002579534484539181], "reward": 0.6028969448165544}