{"action": [0.699999988079071, -0.02335207723081112], "reward": 0.6737348524674649}