{"action": [0.4482724666595459, 0.014252101071178913], "reward": 0.8086041470898487}