{"action": [0.48534899950027466, 0.011893954128026962], "reward": 0.8161444431270859}