{"action": [0.6323885321617126, -0.015940628945827484], "reward": 0.7840450226972769}