{"action": [0.5747217535972595, -0.3853391706943512], "reward": -0.057800875604152674}