{"action": [0.45114728808403015, -0.3143487274646759], "reward": 0.6150295474378432}