{"action": [0.38015633821487427, -0.03974441438913345], "reward": 0.8321933334326829}