{"action": [0.6037531495094299, -0.14528070390224457], "reward": 0.584648921976002}