{"action": [0.4355432987213135, -0.06929873675107956], "reward": 0.7554194236635298}