{"action": [0.377220094203949, -0.02824460156261921], "reward": 0.8624945752038974}