{"action": [0.5498185753822327, -0.013278788886964321], "reward": 0.8089364798806588}