{"action": [0.6235469579696655, 0.004159095697104931], "reward": 0.7298230573020887}