{"action": [0.3901109993457794, 0.022841302677989006], "reward": 0.6690114335342568}