{"action": [0.2564464509487152, 0.024508988484740257], "reward": 0.6886532456277453}