{"action": [0.10222801566123962, 0.03116917423903942], "reward": 0.4573319593743868}