{"action": [0.21070484817028046, 0.002795636188238859], "reward": 0.4468116062384145}