{"action": [0.4634101986885071, -0.013327991589903831], "reward": 0.821088560714126}