{"action": [-1.0, 0.0011658176081255078], "reward": -0.00017281946684166914}