{"action": [0.699999988079071, 0.0046971202827990055], "reward": -0.0006980789285345868}