{"action": [0.699999988079071, 0.004809129051864147], "reward": -0.0007209128928052142}