{"action": [0.5095208287239075, 0.0008192350505851209], "reward": 0.8670950559338885}