{"action": [0.5387006402015686, 0.0008251576218754053], "reward": 0.863958952934184}