{"action": [0.4183741807937622, -1.8046974219032563e-05], "reward": 0.9436610731123991}