{"action": [0.4766737222671509, -5.652962954627583e-06], "reward": 0.9196373449795063}