{"action": [0.36135420203208923, -0.2308531552553177], "reward": 0.69590359349705}