{"action": [0.3832523822784424, -0.21573913097381592], "reward": 0.7129210355227795}