{"action": [0.5747911930084229, -0.28937631845474243], "reward": -0.04340644776821136}