{"action": [0.699999988079071, -0.20847520232200623], "reward": 0.4368636182454906}