{"action": [-0.8648672699928284, -0.01451172400265932], "reward": 0.6805834256413077}