{"action": [0.699999988079071, -0.02205006778240204], "reward": 0.35676330940752066}