{"action": [0.699999988079071, -0.003277247305959463], "reward": 0.18963001857868333}