{"action": [0.699999988079071, -0.0014075246872380376], "reward": 0.41379879113248047}