{"action": [0.5721784234046936, -0.0005839614314027131], "reward": 0.8230692298176202}