{"action": [0.699999988079071, 0.015266356989741325], "reward": 0.48053657803472744}