{"action": [0.3051398992538452, 2.4871518689906225e-05], "reward": 0.45708527453242187}