{"action": [0.3243464231491089, -0.0008750404813326895], "reward": 0.46366950105347365}