{"action": [0.699999988079071, 0.045331764966249466], "reward": 0.7594160184660936}