{"action": [0.3780425786972046, 0.11796461045742035], "reward": 0.6471785577582008}