{"action": [0.31899285316467285, 0.037336599081754684], "reward": 0.8211912728630659}