{"action": [0.34008750319480896, 0.08000194281339645], "reward": 0.7549661248839931}