{"action": [0.38189974427223206, 0.0018388540484011173], "reward": 0.7695095168552027}