{"action": [-0.23980264365673065, 0.004152751062065363], "reward": 0.43399012466648584}