{"action": [0.40478262305259705, 0.0026151007041335106], "reward": 0.4507427322144224}