{"action": [0.6834166049957275, 0.004385296255350113], "reward": 0.3055474325325337}