{"action": [-1.0, 0.0007162293768487871], "reward": 0.0032709448164998534}