{"action": [-1.0, 0.0007215943769551814], "reward": -0.00010769447668313718}