{"action": [-1.0, 0.0007339339354075491], "reward": -1.7910468004830442e-05}