{"action": [0.699999988079071, 0.014604412950575352], "reward": 0.6410113918355929}