{"action": [-1.0, 0.0007333974353969097], "reward": -0.00010969288097944974}