{"action": [-1.0, 0.000735006935428828], "reward": -0.00011010501057437053}