{"action": [-1.0, 0.0007360799354501069], "reward": -0.00010954260179545708}