{"action": [-1.0, 0.0007355434354394674], "reward": -0.00011028368899135532}