{"action": [-1.0, 0.0007376894354820251], "reward": -9.696740302554681e-05}