{"action": [0.699999988079071, 2.5448207452427596e-06], "reward": 0.3263000122018304}