{"action": [0.699999988079071, 0.0027053356170654297], "reward": 0.6528512097413322}