{"action": [0.699999988079071, -3.626477700890973e-05], "reward": 0.6704684109161134}