{"action": [0.699999988079071, -0.000634102092590183], "reward": 0.6597580747234639}