{"action": [0.4355224072933197, -0.0009852671064436436], "reward": 0.9152838461287657}