{"action": [0.5198541879653931, 0.00015895094838924706], "reward": 0.8643146527355637}