{"action": [0.4399324953556061, -0.1615130454301834], "reward": 0.5949274179641368}