{"action": [0.5652381777763367, -0.008907366544008255], "reward": 0.7970948462455328}