{"action": [0.699999988079071, -0.0006502174073830247], "reward": 0.6825371622485105}