{"action": [0.38751912117004395, -0.00039431333425454795], "reward": 0.9281372741615386}