{"action": [0.42792046070098877, 0.005601688288152218], "reward": 0.8703132726222547}