{"action": [0.699999988079071, 0.010989859700202942], "reward": 0.5096177862639854}