{"action": [0.1869966983795166, 0.006976952310651541], "reward": 0.47173638501261417}