{"action": [0.2257404327392578, 0.0046640606597065926], "reward": 0.4652145910839927}