{"action": [0.4329719841480255, -0.006390341557562351], "reward": 0.8619329200742489}