{"action": [-1.0, 0.0013723706360906363], "reward": -0.00020559124385523977}