{"action": [0.699999988079071, 0.0005365032702684402], "reward": 0.4246610315303581}