{"action": [0.5867223143577576, 8.921527478378266e-05], "reward": 0.6902582807448139}