{"action": [0.43178626894950867, -0.006636480800807476], "reward": 0.8768670185932166}