{"action": [0.30789071321487427, 0.004977941047400236], "reward": 0.865168650852771}