{"action": [0.4303439259529114, -0.0030611278489232063], "reward": 0.9091793414682372}