{"action": [0.41034775972366333, -0.005371564533561468], "reward": 0.90114392137589}