{"action": [0.699999988079071, -0.0246581993997097], "reward": 0.22406942490128356}