{"action": [0.10771586745977402, -0.005269140470772982], "reward": 0.5343289531467379}