{"action": [0.48512008786201477, -0.004878329578787088], "reward": 0.4051843624107324}