{"action": [-1.0, -0.0002274766011396423], "reward": -2.8941478086668818e-05}