{"action": [-1.0, -0.00022854960116092116], "reward": -3.4163866811136884e-05}