{"action": [-1.0, -0.00022854960116092116], "reward": -3.407508160636011e-05}