{"action": [-1.0, -0.00022854960116092116], "reward": -3.40750032479667e-05}