{"action": [0.6549170613288879, -0.012390146031975746], "reward": 0.7763824257609127}