{"action": [-1.0, -0.00022640360111836344], "reward": -1.1321622019691202e-05}