{"action": [-1.0, -0.00022640360111836344], "reward": -3.334310865932697e-05}