{"action": [-1.0, -0.00022586708655580878], "reward": -3.3674965769436465e-05}