{"action": [-1.0, -0.00022586708655580878], "reward": -3.1882022113922846e-05}