{"action": [-1.0, -0.00022694010112900287], "reward": -3.3030470897576914e-05}