{"action": [-1.0, -0.00022854960116092116], "reward": -2.6870768044858197e-05}