{"action": [-1.0, -0.00022586708655580878], "reward": -3.3865215066059486e-05}