{"action": [0.5987408757209778, -0.007645255886018276], "reward": 0.7519050823026255}