{"action": [0.55108642578125, 0.007545151747763157], "reward": 0.7862525851405943}