{"action": [0.6684934496879578, 0.014493280090391636], "reward": 0.6758225538454554}