{"action": [0.699999988079071, 0.005308182444423437], "reward": 0.5918341041635446}