{"action": [0.5185402035713196, 0.00866316445171833], "reward": 0.8631569124542715}