{"action": [0.699999988079071, 0.0038982199039310217], "reward": 0.4816760924604338}