{"action": [0.699999988079071, 0.004677182529121637], "reward": 0.6236539335371839}