{"action": [0.699999988079071, 0.004546950105577707], "reward": 0.45068127306049716}