{"action": [0.2917425334453583, 8.838396024657413e-05], "reward": 0.45545314261281833}