{"action": [0.4893665015697479, -0.0004994983901269734], "reward": 0.41401097599189}