{"action": [-1.0, -0.0014678678708150983], "reward": 0.11527767780662745}