{"action": [-1.0, -0.0015574635472148657], "reward": -0.0001494856373955801}