{"action": [-1.0, -0.001558000105433166], "reward": -0.00023342001638855037}