{"action": [-1.0, -0.001558000105433166], "reward": -0.0002328041922300713}