{"action": [0.5602400302886963, 0.015810828655958176], "reward": 0.7563623518676681}