{"action": [-1.0, -0.0015558541053906083], "reward": -0.00022954150614673435}