{"action": [0.2750518321990967, -0.007219480816274881], "reward": 0.46302799419875323}