{"action": [-1.0, -0.007963290438055992], "reward": -0.00033242638933808546}