{"action": [0.699999988079071, -0.007975831627845764], "reward": 0.06351764574694721}