{"action": [-1.0, -0.007976165972650051], "reward": -0.0007747464308229686}