{"action": [0.699999988079071, -0.008438726887106895], "reward": 0.38190631994459945}