{"action": [0.699999988079071, -0.0077720219269394875], "reward": 0.3971961200824808}