{"action": [0.699999988079071, -0.00764350313693285], "reward": 0.42748448466767663}