{"action": [0.699999988079071, -0.007021038793027401], "reward": 0.4702871439200861}