{"action": [0.699999988079071, -0.0028301887214183807], "reward": 0.7383513652367487}