{"action": [0.6277378797531128, 0.000257485342444852], "reward": 0.770626904256012}