{"action": [0.31934958696365356, -0.04781922325491905], "reward": 0.8755469403555562}