{"action": [0.5288501381874084, 0.004289636854082346], "reward": 0.8341038599528341}