{"action": [0.699999988079071, -0.07371343672275543], "reward": 0.6168805843102122}