{"action": [0.6983171701431274, -0.07777096331119537], "reward": 0.6984814725507993}