{"action": [0.699999988079071, -0.0659526064991951], "reward": 0.7026498042468914}