{"action": [0.699999988079071, -0.09045552462339401], "reward": 0.673348324086325}