{"action": [0.699999988079071, -0.09792205691337585], "reward": 0.6497840690889856}