{"action": [0.699999988079071, -0.10385039448738098], "reward": 0.6274168637504758}