{"action": [0.699999988079071, -0.10215792804956436], "reward": 0.6514153964795417}