{"action": [0.5663726925849915, -0.09690334647893906], "reward": 0.6635748600300263}