{"action": [0.6198606491088867, -0.06459604948759079], "reward": 0.8025063934657307}