{"action": [0.5559183359146118, -0.03593045473098755], "reward": 0.7608606300524534}