{"action": [0.699999988079071, -0.14835962653160095], "reward": 0.48598455613672964}