{"action": [0.699999988079071, -0.15188387036323547], "reward": 0.46499646941499656}