{"action": [0.3933801054954529, 0.004490301478654146], "reward": 0.8909186669207824}