{"action": [0.699999988079071, 0.00312106404453516], "reward": 0.7961394246459188}