{"action": [0.699999988079071, -0.09914608299732208], "reward": 0.506475139400432}