{"action": [0.699999988079071, -0.5180661082267761], "reward": 0.4617494224204753}