{"action": [0.5134886503219604, -0.28894105553627014], "reward": 0.8312250038183464}