{"action": [0.32069554924964905, -0.2229613959789276], "reward": -0.03344420939683914}