{"action": [0.6350486278533936, -0.22546103596687317], "reward": 0.4983772708877031}