{"action": [0.45765405893325806, -0.1662880927324295], "reward": 0.8658865821641284}