{"action": [0.6104649901390076, -0.005015434231609106], "reward": 0.7046286337884075}