{"action": [0.699999988079071, 0.0056854067370295525], "reward": 0.7145965190793133}