{"action": [0.4350926876068115, -0.06837538629770279], "reward": 0.7103985665179874}