{"action": [0.46930384635925293, -0.17695394158363342], "reward": 0.84250348603587}