{"action": [0.699999988079071, 1.5665173123124987e-05], "reward": 0.6766873606558019}