{"action": [0.699999988079071, 0.0014471047325059772], "reward": 0.66612864936116}