{"action": [0.699999988079071, -4.318237188272178e-06], "reward": 0.40430180664263005}