{"action": [0.608829140663147, 0.002281596651300788], "reward": 0.8073953207738794}