{"action": [0.699999988079071, 0.0011964667355641723], "reward": 0.5797092117401323}