{"action": [0.699999988079071, 4.111450834898278e-05], "reward": 0.7273376359541626}