{"action": [0.5009908676147461, -0.0003152263234369457], "reward": 0.8177292696430968}