{"action": [0.699999988079071, 2.6264367988915183e-05], "reward": 0.7309179359139283}