{"action": [0.699999988079071, 0.0014538122341036797], "reward": 0.7027604090698077}