{"action": [0.6056177020072937, -0.0646868571639061], "reward": 0.6521754309813406}