{"action": [0.5959949493408203, -0.05534982308745384], "reward": 0.7077468711839426}