{"action": [0.699999988079071, 0.09287986904382706], "reward": 0.5714398898147683}