{"action": [0.6176421642303467, -0.01747223734855652], "reward": 0.7359322229915305}