{"action": [0.5228129029273987, -0.01892516203224659], "reward": 0.7712982117745288}