{"action": [0.699999988079071, 0.12666520476341248], "reward": -0.01899978071451187}