{"action": [0.461439311504364, -0.035123903304338455], "reward": 0.7962049057222593}