{"action": [0.6438077092170715, -0.03663055971264839], "reward": 0.6390903319612009}