{"action": [0.699999988079071, -0.07001951336860657], "reward": 0.33420328796808724}