{"action": [0.4905382990837097, -0.004906162153929472], "reward": 0.28320778422332}