{"action": [0.32696717977523804, -0.1216602623462677], "reward": 0.35667330076998865}