{"action": [0.3064992129802704, -0.12394611537456512], "reward": 0.33665253016109165}