{"action": [0.511722981929779, -0.005042667500674725], "reward": 0.3158984316008555}