{"action": [0.31197255849838257, -0.113116554915905], "reward": 0.3507882913714724}