{"action": [0.699999988079071, -0.02365206554532051], "reward": 0.6248524727072997}