{"action": [0.40944144129753113, -0.0025869575329124928], "reward": 0.9068593313957232}