{"action": [0.699999988079071, -0.07449263334274292], "reward": -0.007554048080139299}