{"action": [0.4995032548904419, 0.01628412865102291], "reward": 0.7919841284973719}