{"action": [0.6599218845367432, 0.027831364423036575], "reward": 0.7188895351547432}