{"action": [0.6180394887924194, 0.02343200519680977], "reward": 0.7682717821948022}