{"action": [0.5133743286132812, 0.014824778772890568], "reward": 0.7972718419272871}