{"action": [0.699999988079071, 0.015142214484512806], "reward": 0.6366743407674119}