{"action": [0.699999988079071, 0.014339403249323368], "reward": 0.41781462603552877}