{"action": [0.6553440093994141, 0.800000011920929], "reward": 0.14917619708270213}