{"action": [0.699999988079071, 3.4780779969878495e-05], "reward": 0.40883335162532997}