{"action": [0.5585047006607056, 0.800000011920929], "reward": 0.4283702278278532}