{"action": [0.5785431265830994, 0.22828525304794312], "reward": 0.7924318266566107}