{"action": [0.699999988079071, 0.19727429747581482], "reward": -0.02959114462137222}