{"action": [0.5027702450752258, 0.2273327261209488], "reward": 0.312137692981001}