{"action": [0.6559780836105347, 0.24628226459026337], "reward": 0.6311511026198784}