{"action": [0.5064694881439209, 0.16885928809642792], "reward": 0.7334999324386103}