{"action": [0.5062351822853088, 0.13032421469688416], "reward": 0.2098792423903098}