{"action": [0.699999988079071, 0.0008696222794242203], "reward": 0.6054498861811664}