{"action": [0.5838131308555603, 0.19266502559185028], "reward": 0.6866722737479141}