{"action": [0.5970906615257263, 0.22565095126628876], "reward": 0.6700501217200037}