{"action": [0.612274706363678, 0.19826337695121765], "reward": 0.6621003731032005}