{"action": [0.699999988079071, -0.027462366968393326], "reward": 0.6070017159347881}