{"action": [0.5631212592124939, 0.4360457956790924], "reward": 0.4507447612595587}