{"action": [0.699999988079071, -0.02304891310632229], "reward": 0.6189611489041031}