{"action": [0.6373941898345947, 0.21552276611328125], "reward": 0.5497207796845118}