{"action": [0.5126447081565857, 0.000982633326202631], "reward": 0.809242039718597}