{"action": [0.699999988079071, -0.022749247029423714], "reward": 0.571078864658512}