{"action": [0.47415778040885925, 0.5745744705200195], "reward": 0.4409642179722578}