{"action": [0.6019332408905029, 0.11063780635595322], "reward": 0.5497407592285827}