{"action": [0.4705710709095001, 0.6853518486022949], "reward": 0.7427105008489758}