{"action": [0.6203229427337646, 0.18792685866355896], "reward": 0.5612338942829933}