{"action": [0.36868733167648315, -0.0041275289840996265], "reward": 0.869657914553062}