{"action": [0.41085922718048096, 0.800000011920929], "reward": -0.12000000178813934}