{"action": [0.39505767822265625, -0.006291406229138374], "reward": 0.8784741334361876}