{"action": [0.6215369701385498, 0.12630945444107056], "reward": 0.575789966107639}