{"action": [0.699999988079071, 0.38353821635246277], "reward": 0.5050807946585586}