{"action": [0.699999988079071, -0.03652485832571983], "reward": 0.6241389178616081}