{"action": [0.6045950651168823, -0.19204933941364288], "reward": 0.49071648108665683}