{"action": [0.6253787279129028, -0.004611417185515165], "reward": 0.7222442926660764}