{"action": [0.4483262896537781, 0.05606609582901001], "reward": 0.7603020507129667}