{"action": [0.4959479570388794, 0.04128961265087128], "reward": 0.7312145735644042}