{"action": [0.5782778859138489, 0.0019638286903500557], "reward": 0.8040297319315712}