{"action": [0.43195757269859314, 0.027432581409811974], "reward": 0.7788178137077161}