{"action": [0.6584929823875427, -0.006222040392458439], "reward": 0.6951588494861718}