{"action": [0.699999988079071, 0.007745303679257631], "reward": 0.6371818418248615}