{"action": [0.44513005018234253, -0.0013049945700913668], "reward": 0.8435538585587663}