{"action": [0.6377750635147095, 0.002535623963922262], "reward": 0.7746962395629317}