{"action": [0.48745495080947876, 0.000970655120909214], "reward": 0.8452616435527796}