{"action": [0.5476310849189758, -0.002323415596038103], "reward": 0.42999867760690075}