{"action": [-1.0, -0.0015939456643536687], "reward": -0.00023885792984028708}