{"action": [0.699999988079071, -0.005107711534947157], "reward": 0.754011519280956}