{"action": [0.011164491064846516, -0.002965610707178712], "reward": 0.49972362338144727}