{"action": [0.1341768056154251, -0.0035444707609713078], "reward": 0.4710241467357342}