{"action": [-1.0, -0.0013219569809734821], "reward": 0.7937931795080734}