{"action": [0.5994442701339722, -0.004181233700364828], "reward": 0.41796810207486707}