{"action": [0.699999988079071, -0.004596701357513666], "reward": 0.6815803712348937}