{"action": [0.6574705243110657, -0.007196590770035982], "reward": 0.8012426627949651}