{"action": [0.2995293438434601, -0.004591073375195265], "reward": 0.4740957420071636}