{"action": [0.27710628509521484, -0.004691505338996649], "reward": 0.46818086721469326}