{"action": [0.5692455768585205, -0.007346208672970533], "reward": 0.6852115293717144}