{"action": [0.699999988079071, 1.0799112715176307e-05], "reward": 0.4386976699325901}