{"action": [0.699999988079071, 4.2181320168310776e-05], "reward": 0.359021298506685}