{"action": [0.699999988079071, 1.3994523214932997e-05], "reward": 0.41656848444660227}