{"action": [0.6709690690040588, -0.004802759271115065], "reward": 0.7223375630497093}