{"action": [0.699999988079071, 9.728188160806894e-06], "reward": 0.4567245472606456}