{"action": [0.699999988079071, 0.0025589102879166603], "reward": 0.21699154777424356}