{"action": [0.699999988079071, 0.00016785039042588323], "reward": 0.0037115449583037517}