{"action": [0.699999988079071, -0.08179029822349548], "reward": 0.0389129071465345}