{"action": [0.699999988079071, 0.008039583452045918], "reward": 0.1061002995874839}