{"action": [0.699999988079071, 0.003743600333109498], "reward": 0.1513966755048575}