{"action": [0.699999988079071, -9.912520908983424e-05], "reward": 0.039197569953791915}