{"action": [0.699999988079071, -0.01282118633389473], "reward": 0.6507116126651242}