{"action": [0.686654806137085, -0.011825939640402794], "reward": 0.7283485486449081}