{"action": [0.699999988079071, -0.061159975826740265], "reward": 0.008206190084279948}