{"action": [0.699999988079071, -0.12137031555175781], "reward": 0.2101315611040639}