{"action": [0.699999988079071, -0.16301245987415314], "reward": 0.11476488124293543}