{"action": [0.699999988079071, -0.09777955710887909], "reward": 0.19286946002490488}