{"action": [0.699999988079071, -0.2490318864583969], "reward": 0.055540668466282875}