{"action": [0.699999988079071, -0.12749716639518738], "reward": 0.1441145497039095}