{"action": [0.699999988079071, -0.007528664544224739], "reward": 0.9327869337931911}