{"action": [0.699999988079071, -0.15077029168605804], "reward": 0.13779930770871238}