{"action": [0.699999988079071, -0.16230718791484833], "reward": 0.1327980224247778}