{"action": [0.699999988079071, -0.08723165839910507], "reward": 0.06341065940848073}