{"action": [0.699999988079071, -0.08083373308181763], "reward": 0.09489459415310807}