{"action": [0.699999988079071, -0.09996145963668823], "reward": 0.2453865058709213}