{"action": [0.699999988079071, -0.15784375369548798], "reward": 0.022989624370040596}