{"action": [0.699999988079071, -0.1932576298713684], "reward": 0.057433662773937674}