{"action": [0.699999988079071, -0.006377811543643475], "reward": -0.44393825103962203}