{"action": [0.699999988079071, -0.027437252923846245], "reward": 0.13880769534211068}