{"action": [0.699999988079071, -0.02163476124405861], "reward": 0.20619414716628987}