{"action": [0.699999988079071, 0.005677022505551577], "reward": 0.19353914972766673}