{"action": [0.699999988079071, 0.0063498313538730145], "reward": 0.23024225046690408}