{"action": [0.699999988079071, 0.002767870668321848], "reward": 0.12463782257793124}