{"action": [0.699999988079071, -0.0039377352222800255], "reward": 0.19364667743056288}