{"action": [0.699999988079071, -0.0012314269552007318], "reward": 0.21445973654906175}