{"action": [0.699999988079071, -0.0077072023414075375], "reward": 0.12166360811312692}