{"action": [0.699999988079071, -0.008476689457893372], "reward": 0.06024076792736895}