{"action": [0.699999988079071, -0.03739864379167557], "reward": 0.11600059337534245}