{"action": [0.699999988079071, -0.0034090427216142416], "reward": -1.3775702169683726}