{"action": [0.699999988079071, -0.004349749069660902], "reward": -1.0116725129585893}