{"action": [0.699999988079071, -0.004340794403105974], "reward": 0.11251697347346852}