{"action": [0.699999988079071, -0.002127093728631735], "reward": 0.15327492809553547}