{"action": [0.699999988079071, 2.1571515844698297e-06], "reward": 0.10228692506149525}