{"action": [0.699999988079071, 0.0042350562289357185], "reward": 0.07776046436445191}