{"action": [0.699999988079071, 0.0010004272917285562], "reward": 0.10346528863911479}