{"action": [0.699999988079071, -0.00040853957762010396], "reward": 0.26597233237913787}