{"action": [0.699999988079071, -0.00017961507546715438], "reward": 0.18838483290943395}