{"action": [0.699999988079071, -0.004373730160295963], "reward": 0.23001491076645714}