{"action": [0.699999988079071, -0.0024451708886772394], "reward": 0.20673757907110932}