{"action": [0.699999988079071, -0.002227220218628645], "reward": 0.16703200068950885}