{"action": [0.699999988079071, -0.0001651216298341751], "reward": 0.205377375515935}