{"action": [0.699999988079071, -0.005285348743200302], "reward": 0.11540695083682546}