{"action": [0.699999988079071, -0.003951425664126873], "reward": 0.14982056461414342}