{"action": [0.699999988079071, -0.003967187367379665], "reward": 0.0731488467775592}