{"action": [0.699999988079071, -0.0074951546266674995], "reward": 0.16806419198661365}