{"action": [0.699999988079071, -0.0037649967707693577], "reward": 0.1776229737641002}