{"action": [0.699999988079071, -0.0043424381874501705], "reward": 0.19895444921421682}