{"action": [0.6308136582374573, -0.003242983017116785], "reward": -1.1676796968985892}