{"action": [0.699999988079071, 9.055263217305765e-05], "reward": 0.15076470978063722}