{"action": [0.699999988079071, 0.000210551981581375], "reward": 0.11317663268098388}