{"action": [0.699999988079071, 0.00025637049111537635], "reward": 0.18406293073242824}