{"action": [0.699999988079071, 6.811648199800402e-05], "reward": 0.2064445493246604}