{"action": [0.699999988079071, 7.460611959686503e-05], "reward": 0.18037935486700954}