{"action": [0.699999988079071, 0.000435989088146016], "reward": 0.16602581355107943}