{"action": [0.699999988079071, 0.21105965971946716], "reward": 0.10527139428805826}