{"action": [0.699999988079071, -0.011037812568247318], "reward": 0.1165098390714733}