{"action": [0.699999988079071, -0.01128496415913105], "reward": 0.07435613903870876}