{"action": [0.699999988079071, -0.016873782500624657], "reward": 0.12940073406751632}