{"action": [0.699999988079071, -0.00034853536635637283], "reward": 0.24813958589464058}