{"action": [0.699999988079071, 0.046518050134181976], "reward": 0.2590295603278771}