{"action": [0.699999988079071, 0.2728971242904663], "reward": 0.04296012524291885}