{"action": [0.699999988079071, 0.18687833845615387], "reward": 0.16494571270380548}