{"action": [0.699999988079071, 0.18343788385391235], "reward": 0.17997649916536848}