{"action": [0.699999988079071, 0.07009559869766235], "reward": 0.20664563539946873}