{"action": [0.699999988079071, 0.39105987548828125], "reward": 0.1256093192525164}