{"action": [0.699999988079071, 0.07325967401266098], "reward": 0.19409110943736355}