{"action": [0.699999988079071, 0.1296820044517517], "reward": 0.17367629200375725}