{"action": [0.699999988079071, 0.188557967543602], "reward": 0.10437250890098179}