{"action": [0.699999988079071, 0.11838158220052719], "reward": 0.21676638128924627}