{"action": [0.699999988079071, 0.0007735115941613913], "reward": 0.140304471756046}