{"action": [0.699999988079071, 0.010634537786245346], "reward": 0.20863915296679908}