{"action": [0.699999988079071, -0.014760630205273628], "reward": 0.20259926804584183}