{"action": [0.699999988079071, -0.0001596021029399708], "reward": 0.1244205401753359}