{"action": [0.699999988079071, -0.0012465768959373236], "reward": 0.24279663088900538}