{"action": [0.699999988079071, 0.0006373808137141168], "reward": 0.1534210159409962}