{"action": [0.699999988079071, -0.011924810707569122], "reward": 0.2978129629970889}