{"action": [0.699999988079071, -0.0034565506502985954], "reward": 0.1868263037584959}