{"action": [0.699999988079071, 0.0174116101115942], "reward": 0.13979076547155395}