{"action": [0.699999988079071, -2.4255396056105383e-05], "reward": 0.6887068895265769}