{"action": [0.699999988079071, -0.00035915791522711515], "reward": 0.544310503627488}