{"action": [0.699999988079071, -0.0003370758786331862], "reward": 0.5403413001205869}