{"action": [0.699999988079071, 3.019905307155568e-05], "reward": 0.3048006408364371}