{"action": [0.699999988079071, -0.0001318728900514543], "reward": 0.541187820067502}