{"action": [0.699999988079071, 1.1922730891456013e-06], "reward": 0.041810969062799304}