{"action": [0.5494444370269775, 0.18269583582878113], "reward": 0.644743718169955}