{"action": [0.4870442748069763, 0.00025380332954227924], "reward": 0.9339977683540476}