{"action": [0.699999988079071, 0.0], "reward": 8.503751963618496e-07}