{"action": [0.6088788509368896, 0.24396687746047974], "reward": 0.5834203096257405}