{"action": [0.5181080102920532, -0.5253586173057556], "reward": 0.49016907076402494}