{"action": [0.6870717406272888, 0.4555409550666809], "reward": 0.47345333307875237}