{"action": [0.687007486820221, -0.010694660246372223], "reward": 0.7215499937296374}