{"action": [0.699999988079071, -0.008333634585142136], "reward": 0.7595636521476361}