{"action": [0.699999988079071, 0.005936698988080025], "reward": 0.6354798928222695}