{"action": [0.5551709532737732, -0.004654549527913332], "reward": 0.7935177305565048}