{"action": [0.699999988079071, 0.06055329740047455], "reward": 0.4824686066408099}