{"action": [0.699999988079071, -0.037590391933918], "reward": 0.20081919707862309}