{"action": [-1.0, -0.02100510336458683], "reward": -0.0031174052938050963}