{"action": [0.699999988079071, 6.279761146288365e-05], "reward": 0.6602018219914539}