{"action": [0.699999988079071, -5.4420950618805364e-05], "reward": 0.6615382145801681}