{"action": [0.22131942212581635, 0.015955191105604172], "reward": 0.49731650281108225}