{"action": [0.699999988079071, 0.0013328479835763574], "reward": 0.9235337607296222}