{"action": [-1.0, -0.02059950865805149], "reward": -0.002810345353594888}