{"action": [-1.0, -0.01846691407263279], "reward": 0.24027513459771993}