{"action": [0.699999988079071, -0.0012256160844117403], "reward": 0.6537098257861579}