{"action": [-1.0, 0.01475110650062561], "reward": -0.001999968234518171}