{"action": [0.699999988079071, -0.003741078544408083], "reward": 0.8927603731465221}