{"action": [-1.0, 0.010333017446100712], "reward": -0.0013152195456119292}