{"action": [0.699999988079071, -0.002590965013951063], "reward": 0.8754602387155866}