{"action": [-1.0, 0.011332519352436066], "reward": -0.0016940844506604807}