{"action": [0.699999988079071, 0.014506115578114986], "reward": 0.09967315111650461}