{"action": [0.699999988079071, 0.013359234668314457], "reward": 0.02943473102307391}