{"action": [0.699999988079071, 0.0013030996778979897], "reward": 0.5047995944889218}