{"action": [0.699999988079071, -0.0002343240921618417], "reward": 0.9124656644369387}