{"action": [0.4420599937438965, 0.41363784670829773], "reward": 0.6962003477276518}