{"action": [0.14132794737815857, 0.21086613833904266], "reward": 0.3190374172987018}