{"action": [0.699999988079071, 0.0010193174239248037], "reward": 0.544867051731887}