{"action": [0.07609166949987411, 0.308463454246521], "reward": 0.5502224294336218}