{"action": [0.699999988079071, 0.17763859033584595], "reward": 0.19351847544664577}