{"action": [0.699999988079071, 0.0010800540912896395], "reward": 0.029252378991285202}