{"action": [0.699999988079071, 0.004550735000520945], "reward": 0.2491035318943693}