{"action": [0.27351099252700806, 0.21422982215881348], "reward": 0.29654632018625504}