{"action": [0.699999988079071, 0.0011091118212789297], "reward": 0.12475088538140887}