{"action": [0.699999988079071, 0.216337651014328], "reward": 0.29277455583353834}