{"action": [-1.0, 0.08930173516273499], "reward": -0.012675333754600414}