{"action": [-1.0, 0.06296112388372421], "reward": 0.032226693254936156}