{"action": [-1.0, 0.08999864757061005], "reward": -0.013330381130531976}