{"action": [-1.0, 0.025870097801089287], "reward": -0.003879355572612149}