{"action": [-1.0, 0.07036537677049637], "reward": -0.010452981444473356}