{"action": [0.6652857661247253, -0.013234797865152359], "reward": 0.9028842596415944}