{"action": [-1.0, 0.0060613928362727165], "reward": -0.000908359490349849}