{"action": [0.699999988079071, 0.006416140124201775], "reward": 0.15501655351453061}