{"action": [0.11961743980646133, 0.01348456833511591], "reward": 0.489391232136672}