{"action": [-1.0, 0.0060624657198786736], "reward": -0.0009054444623300641}