{"action": [0.699999988079071, 0.022969042882323265], "reward": 0.1788272330864796}