{"action": [0.621044933795929, -0.011677028611302376], "reward": 0.9073308031148719}