{"action": [0.699999988079071, 0.006504326593130827], "reward": 0.04477737955070485}