{"action": [0.31681469082832336, -0.00196549273096025], "reward": 0.4259153740309803}