{"action": [-1.0, 0.0011942521668970585], "reward": 0.18328876364908878}