{"action": [0.699999988079071, 0.000922607141546905], "reward": 0.6079913655643933}