{"action": [0.5010970234870911, -0.007486655842512846], "reward": 0.9117540097283758}