{"action": [0.4076511859893799, -0.004487168975174427], "reward": 0.6191273766324721}