{"action": [0.41262999176979065, 0.3947531580924988], "reward": 0.2896000034212449}