{"action": [0.699999988079071, 0.15230001509189606], "reward": 0.5660496361900589}