{"action": [0.29865938425064087, -0.011704662814736366], "reward": 0.4264302600968432}