{"action": [0.05102773383259773, 0.5112831592559814], "reward": 0.35771291363318547}