{"action": [0.3975701332092285, -0.011418703943490982], "reward": 0.4121866694265263}