{"action": [0.2866208851337433, 0.3370099365711212], "reward": 0.3023091927431408}