{"action": [0.699999988079071, 0.17957791686058044], "reward": 0.5051275372149747}