{"action": [0.699999988079071, 0.11322641372680664], "reward": 0.6357830461736375}