{"action": [0.0694366991519928, 0.5165536403656006], "reward": 0.3440687173843181}