{"action": [0.46153146028518677, -0.001074269413948059], "reward": 0.3418633892153619}