{"action": [0.699999988079071, -0.007015432231128216], "reward": 0.33767441858713215}