{"action": [0.37705203890800476, 0.3881307542324066], "reward": 0.2946861607831066}