{"action": [0.5052593350410461, 0.0013496138853952289], "reward": 0.7957069835969633}