{"action": [0.5390036702156067, 0.0002913567586801946], "reward": 0.8529870701391553}