{"action": [0.3807404935359955, -0.0011930065229535103], "reward": 0.8255111010535483}