{"action": [0.699999988079071, -0.02494807355105877], "reward": 0.6813046353579182}