{"action": [0.6359124779701233, -0.03030960075557232], "reward": 0.6997081096719926}