{"action": [0.3141123056411743, -0.006835898384451866], "reward": 0.8868426766556994}