{"action": [0.699999988079071, 0.010894463397562504], "reward": 0.5530255208412188}