{"action": [0.6093755960464478, -0.010037739761173725], "reward": 0.7011421479383154}