{"action": [0.699999988079071, 0.04290641099214554], "reward": 0.39551293740568194}