{"action": [0.3974900245666504, 0.000507000891957432], "reward": 0.9486673826213136}