{"action": [0.699999988079071, -0.00011298686149530113], "reward": 0.43202625624699115}