{"action": [0.4185692369937897, 0.006649682763963938], "reward": 0.46073279326451566}