{"action": [-0.6909494996070862, 0.007972314022481441], "reward": 0.408915503541381}