{"action": [0.699999988079071, 0.000509906851220876], "reward": 0.662524187775172}