{"action": [0.699999988079071, -3.806173845077865e-05], "reward": 0.4206529398282578}