{"action": [0.6039240956306458, -0.5466626882553101], "reward": 0.7839162012737187}