{"action": [0.06733725965023041, 0.0036229202523827553], "reward": 0.5241609975865849}