{"action": [0.699999988079071, -0.014160619117319584], "reward": 0.08927254411952172}