{"action": [0.699999988079071, 0.004019401967525482], "reward": 0.6824362576931667}