{"action": [-1.0, -0.013001038692891598], "reward": 0.08461435284936267}