{"action": [0.21659424901008606, -0.001702324254438281], "reward": 0.47467612062738995}