{"action": [0.19730070233345032, -0.0013866653898730874], "reward": 0.48201856951419386}