{"action": [0.42275455594062805, -0.3434704840183258], "reward": 0.7379382926667178}