{"action": [0.699999988079071, -0.014423311688005924], "reward": 0.02048627109253136}