{"action": [0.48789212107658386, -0.5014708042144775], "reward": 0.6533835927117428}