{"action": [0.5142350196838379, -0.00016563027747906744], "reward": 0.8774586702592628}