{"action": [0.43782249093055725, -0.00011966609599767253], "reward": 0.8695975221736264}