{"action": [0.4689522683620453, -0.0002702239726204425], "reward": 0.9176694201009494}