{"action": [0.38773125410079956, 0.39485692977905273], "reward": 0.34538485775950106}