{"action": [0.4548870921134949, 0.5132606029510498], "reward": 0.11792983270664396}