{"action": [0.43431738018989563, -0.4775734543800354], "reward": 0.7635159707541895}