{"action": [0.41787710785865784, -0.800000011920929], "reward": 0.0009928928069616871}