{"action": [0.5018962025642395, -0.4472353458404541], "reward": 0.7314110039538925}