{"action": [0.699999988079071, 0.7745294570922852], "reward": 0.38374944484686135}