{"action": [0.366180956363678, -0.41477304697036743], "reward": 0.7056401552687376}