{"action": [0.43596768379211426, -0.800000011920929], "reward": 0.5039807378752021}