{"action": [0.6940455436706543, -0.800000011920929], "reward": 0.17415959866661057}