{"action": [0.3741633892059326, -0.1972048282623291], "reward": 0.10864596267594483}