{"action": [0.622552752494812, -0.800000011920929], "reward": -0.029345247681398554}