{"action": [0.5674012303352356, 0.800000011920929], "reward": -0.006874644114730585}