{"action": [0.5724957585334778, -0.0058646006509661674], "reward": 0.802851423241503}