{"action": [0.4421100318431854, 0.0312933512032032], "reward": 0.6945070518491602}