{"action": [0.5421254634857178, 0.3320268988609314], "reward": 0.5147313823853662}