{"action": [0.699999988079071, -0.2119906097650528], "reward": -0.1962824552752737}