{"action": [0.5287226438522339, 0.800000011920929], "reward": 0.08793787831096687}