{"action": [0.6350994110107422, 0.800000011920929], "reward": 0.19255412795819737}