{"action": [0.40782082080841064, -0.48555830121040344], "reward": 0.5210499998498449}