{"action": [0.41263672709465027, 0.15534590184688568], "reward": 0.6341681396127735}