{"action": [0.4701876640319824, 0.06095891073346138], "reward": 0.6650554137549319}