{"action": [0.49317166209220886, 0.800000011920929], "reward": -0.04796592508146985}