{"action": [0.699999988079071, 3.3852873457362875e-05], "reward": -4.978940980914414e-06}