{"action": [0.5039999485015869, 0.800000011920929], "reward": -0.12000000178813934}