{"action": [0.699999988079071, -0.00938514992594719], "reward": 0.6671385841436415}