{"action": [0.699999988079071, 3.783684951486066e-05], "reward": 0.001269018643953835}