{"action": [0.699999988079071, 3.746491711353883e-05], "reward": 0.013310623880494829}