{"action": [0.699999988079071, 3.310900865471922e-05], "reward": -2.579207151293601e-06}