{"action": [0.679513156414032, -0.04545634239912033], "reward": -0.801476589955347}