{"action": [0.6317219734191895, 0.0010324366157874465], "reward": 0.8608514924641978}