{"action": [0.699999988079071, 3.507238579913974e-05], "reward": -4.988604198503313e-06}