{"action": [0.699999988079071, 0.0006754948408342898], "reward": 0.75494226153948}