{"action": [0.699999988079071, 3.764015491469763e-05], "reward": 0.005270089558450685}