{"action": [0.553344190120697, 0.800000011920929], "reward": -0.12000000178813934}