{"action": [0.4924769401550293, -0.800000011920929], "reward": 0.21393875708571714}