{"action": [0.4738595187664032, 0.13360632956027985], "reward": 0.01263034981293273}