{"action": [0.699999988079071, 0.2913874089717865], "reward": -0.030111484982871695}