{"action": [0.4788629114627838, -0.800000011920929], "reward": -0.12000000178813934}