{"action": [0.4547344446182251, 0.15454794466495514], "reward": 0.6420675844784216}