{"action": [0.6194595694541931, 0.06290434300899506], "reward": 0.7647277621982911}