{"action": [0.699999988079071, -0.0006282422691583633], "reward": 0.8164419753723232}