{"action": [0.699999988079071, 0.0010302974842488766], "reward": 0.8004622705305147}