{"action": [0.6058545112609863, 5.8039666328113526e-05], "reward": 0.8700169636177533}