{"action": [0.4321870505809784, -0.17290499806404114], "reward": -1.6045939553393582}