{"action": [0.699999988079071, 0.037666987627744675], "reward": -0.18703012452260306}