{"action": [0.6722802519798279, -0.0037614062894135714], "reward": -0.5257063261101794}