{"action": [0.49022942781448364, 0.0013306313194334507], "reward": 0.8535888593862723}