{"action": [0.699999988079071, 0.02054242603480816], "reward": 0.8675544728565469}