{"action": [0.699999988079071, 0.05265200510621071], "reward": 0.5811258158672762}