{"action": [0.699999988079071, 0.02724209614098072], "reward": 0.8171157567053199}