{"action": [0.36450260877609253, 2.3053564291330986e-05], "reward": 0.3233541631479773}