{"action": [0.4715566635131836, 0.00786837749183178], "reward": 0.8832254848264165}