{"action": [0.3996800482273102, -0.09603207558393478], "reward": -2.1281624801958383}