{"action": [0.4754178524017334, 0.00716737424954772], "reward": 0.8845590282572079}