{"action": [0.5128124356269836, 0.0001591583131812513], "reward": 0.9652961439819223}