{"action": [0.4057443141937256, -0.10068733990192413], "reward": -2.179298570578179}