{"action": [0.2585766017436981, -0.0001138080406235531], "reward": 0.4641007871071626}