{"action": [-1.0, 1.716804581519682e-05], "reward": -1.8665579771603522e-06}