{"action": [-1.0, 1.6631543985567987e-05], "reward": -1.1435827435280458e-06}