{"action": [0.699999988079071, -0.009836559183895588], "reward": 0.476709625011745}