{"action": [0.17458057403564453, -0.015362909995019436], "reward": 0.45094865476477564}