{"action": [0.614310622215271, 0.010292770341038704], "reward": 0.9101152913626731}