{"action": [0.699999988079071, 5.165636684978381e-05], "reward": 0.26304616967742517}