{"action": [-1.0, 1.6095042155939154e-05], "reward": -2.05166302103406e-06}