{"action": [-1.0, 2.420032069494482e-05], "reward": -6.350609258298395e-08}