{"action": [0.558548629283905, 0.00986342504620552], "reward": 0.9042915427872839}