{"action": [0.699999988079071, -0.06006979942321777], "reward": 0.6443415721664302}