{"action": [0.699999988079071, 0.0032313521951436996], "reward": 0.8929672229977805}