{"action": [0.5718296766281128, -0.005926343612372875], "reward": 0.8781576959956481}