{"action": [0.699999988079071, 0.005409622564911842], "reward": 0.8091915111873808}