{"action": [0.699999988079071, 0.0024099384900182486], "reward": 0.9057506177416693}