{"action": [0.46480146050453186, 0.013307629153132439], "reward": 0.7524569675571122}