{"action": [0.699999988079071, -0.03708246350288391], "reward": 0.6736430167349668}