{"action": [0.5951681733131409, 0.004201981239020824], "reward": 0.9398862409272997}