{"action": [0.699999988079071, 0.007297253701835871], "reward": 0.9157385937408872}