{"action": [0.5093996524810791, 0.004088536836206913], "reward": 0.9394772754863474}