{"action": [0.5050365328788757, 0.0010048599215224385], "reward": 0.8691333431769378}