{"action": [-1.0, -0.0014034876367077231], "reward": -0.00021022250724309953}