{"action": [-1.0, -0.0013573485193774104], "reward": 0.049487606090074694}