{"action": [0.699999988079071, 7.162660040194169e-05], "reward": 0.5311927080198916}