{"action": [0.26150819659233093, -0.0005764811066910625], "reward": 0.48088367417761624}