{"action": [-1.0, -0.0014013416366651654], "reward": -0.0002096200875678078}