{"action": [-1.0, -0.0014088527532294393], "reward": -0.00021120637020449832}