{"action": [-1.0, -0.0014093891950324178], "reward": -0.00021123425362489922}