{"action": [-1.0, -0.0014093891950324178], "reward": -0.0002112749243873039}