{"action": [-1.0, -0.0014099257532507181], "reward": -0.00020679030486515018}