{"action": [0.699999988079071, 0.007555712014436722], "reward": -1.9091161033896087}