{"action": [0.19401609897613525, -0.0019237034721300006], "reward": 0.4938673203744469}