{"action": [0.4221898019313812, -0.0011567630572244525], "reward": 0.4544813389045378}