{"action": [0.699999988079071, -0.0014205864863470197], "reward": 0.016573682980471637}