{"action": [0.699999988079071, 0.005543410312384367], "reward": -1.825398491709445}