{"action": [0.23249024152755737, -0.001801276346668601], "reward": 0.5016459816548022}