{"action": [0.30157262086868286, -0.0009944778867065907], "reward": 0.4648703098415196}