{"action": [0.25421032309532166, -0.0009907387429848313], "reward": 0.4666477937825648}