{"action": [-1.0, -0.0019571571610867977], "reward": -0.0002934914566573789}