{"action": [-1.0, -0.0019571571610867977], "reward": -0.00029344666659903183}