{"action": [0.699999988079071, 0.002839284483343363], "reward": -3.1006611007149942}