{"action": [0.699999988079071, 0.0017517757369205356], "reward": -3.380096055800183}