{"action": [0.699999988079071, 0.004571592900902033], "reward": -2.780957009224546}