{"action": [-1.0, -0.001956620719283819], "reward": -0.00029307130419975707}