{"action": [-1.0, -0.001958766719326377], "reward": -0.00029332373310923945}