{"action": [-1.0, -0.00195501116104424], "reward": -0.000292930788988222}