{"action": [0.5346136093139648, 0.003085564821958542], "reward": 0.8407861428383062}