{"action": [0.699999988079071, -5.424022901934222e-07], "reward": 4.073419101519055e-05}