{"action": [0.4331941604614258, -0.00029412441654130816], "reward": 0.9227064304974213}