{"action": [0.4343973994255066, -0.00031947114621289074], "reward": 0.9219345000480758}