{"action": [0.699999988079071, 9.41157196621134e-08], "reward": 0.001402523022688959}