{"action": [0.6385008692741394, 3.4806747862603515e-05], "reward": -5.040758492874617}