{"action": [0.5386912226676941, -0.0002187799254897982], "reward": 0.8823255449269507}