{"action": [0.6738633513450623, 0.002168628154322505], "reward": 0.7860166007284592}