{"action": [0.5807050466537476, 0.0019156207563355565], "reward": 0.7768349730365213}