{"action": [0.5369254350662231, 4.8397964746982325e-08], "reward": 0.8640708217700853}