{"action": [0.699999988079071, 0.0020214710384607315], "reward": 0.7467618838522951}