{"action": [0.45991283655166626, 0.002093223389238119], "reward": 0.7816267885597807}