{"action": [0.35920286178588867, 0.007035257760435343], "reward": 0.9067922322671482}