{"action": [0.5356824398040771, 0.009189892560243607], "reward": 0.7957007201640001}