{"action": [0.6386578679084778, -0.006076749414205551], "reward": -4.241273059606033}