{"action": [0.699999988079071, 0.12780624628067017], "reward": 0.5496407378701453}