{"action": [0.4651232361793518, -0.3542563021183014], "reward": 0.5601071129662264}