{"action": [0.5415449738502502, -0.44769832491874695], "reward": 0.6131175814155779}