{"action": [0.5705622434616089, 0.038795214146375656], "reward": 0.7487316534236299}