{"action": [0.4515811800956726, -0.26401859521865845], "reward": 0.7434311042931689}