{"action": [0.4649292230606079, -0.3280612528324127], "reward": 0.5214294721467979}