{"action": [0.44582968950271606, -0.2674967348575592], "reward": 0.7389392970506444}