{"action": [0.4409174919128418, -0.2693958878517151], "reward": 0.702164178330466}