{"action": [0.4289328455924988, -0.02771656960248947], "reward": 0.7035404590117342}