{"action": [0.5795578956604004, 0.0346083790063858], "reward": 0.783131364732776}