{"action": [0.699999988079071, 0.004553856328129768], "reward": -3.2157612217510803}