{"action": [0.699999988079071, 0.05106939375400543], "reward": 0.6023863633321106}