{"action": [0.4843215346336365, -0.022922003641724586], "reward": 0.6879102483574592}