{"action": [0.699999988079071, 0.007710088510066271], "reward": -3.1825292627896182}