{"action": [0.699999988079071, 0.015310041606426239], "reward": 0.694317651665004}