{"action": [0.6693153381347656, 0.034564610570669174], "reward": 0.6529874971210716}