{"action": [0.6112523674964905, -0.013883342035114765], "reward": 0.7587110375706069}