{"action": [0.699999988079071, 0.006286084186285734], "reward": 0.6055721836861367}