{"action": [0.41097894310951233, -0.007901458069682121], "reward": 0.8374666484309221}