{"action": [0.699999988079071, -0.017406048253178596], "reward": 0.5493116042420046}