{"action": [0.5935518741607666, -0.009185438975691795], "reward": 0.8308378609593315}