{"action": [0.4435945153236389, 0.017034029588103294], "reward": 0.8258187418779611}