{"action": [0.699999988079071, 0.008293652907013893], "reward": 0.6014964982942188}