{"action": [0.5508530735969543, -0.011650606989860535], "reward": 0.7741675222194577}