{"action": [0.699999988079071, -0.019777873530983925], "reward": 0.5576104398692848}