{"action": [0.699999988079071, 0.0434204526245594], "reward": -2.200172099423624}