{"action": [0.699999988079071, -0.017053071409463882], "reward": 0.6333709742543646}