{"action": [0.43493378162384033, -0.004952981136739254], "reward": 0.8727323640993161}