{"action": [0.4457997679710388, -0.003968148026615381], "reward": 0.871842119186213}