{"action": [0.4428737461566925, 1.334864464297425e-05], "reward": 0.8939021950094698}