{"action": [0.699999988079071, -0.014205521903932095], "reward": 0.7142058788396705}