{"action": [0.6474151611328125, -0.017157044261693954], "reward": -1.033540734483555}