{"action": [0.5990323424339294, 0.0009834693046286702], "reward": -1.0967497314648333}