{"action": [0.699999988079071, 0.006898918654769659], "reward": -0.6420309373282361}