{"action": [0.524834156036377, -0.01900320313870907], "reward": -1.6816704992998408}