{"action": [0.699999988079071, 0.004026878159493208], "reward": -3.6165728905675487}