{"action": [0.699999988079071, 0.28336212038993835], "reward": 0.5503967475163062}