{"action": [0.699999988079071, 0.005255269352346659], "reward": -3.466657086902612}