{"action": [0.6017143130302429, 0.0014724252978339791], "reward": -1.0174722392989048}