{"action": [0.699999988079071, 0.10763442516326904], "reward": 0.018522255264787946}