{"action": [0.699999988079071, 0.005282973404973745], "reward": -2.088893592570253}