{"action": [0.699999988079071, 0.0021109632216393948], "reward": -3.7238805432092463}