{"action": [0.699999988079071, -0.004299013875424862], "reward": -1.7387913758024092}