{"action": [0.6712086200714111, 0.0006177315954118967], "reward": -0.9811713786284844}