{"action": [0.699999988079071, 0.004113169386982918], "reward": -2.7714765668381007}