{"action": [0.699999988079071, 0.007870057597756386], "reward": -3.7845151212258763}