{"action": [0.5209908485412598, 2.5148450731649064e-05], "reward": -1.5073652148861092}