{"action": [0.6800333261489868, 0.004693059716373682], "reward": -4.065336019536673}