{"action": [0.5602982044219971, -4.636484300135635e-05], "reward": -5.060693345126947}