{"action": [0.6678851842880249, -0.0027958438731729984], "reward": -4.272836184199586}