{"action": [0.34075310826301575, -0.0004922736552543938], "reward": -2.630595171166712}