{"action": [0.6301746964454651, -0.0016257574316114187], "reward": -4.6346434721692775}