{"action": [0.5400537252426147, 0.004397619049996138], "reward": -5.2055511502891205}