{"action": [0.5493946671485901, 0.004519998095929623], "reward": -5.260565942648732}