{"action": [0.6592252850532532, 0.0012958963634446263], "reward": -4.222035999961211}