{"action": [0.6761416792869568, -0.003644873620942235], "reward": -4.495541920985551}