{"action": [0.533306360244751, 0.0011904641287401319], "reward": -5.378451177761786}