{"action": [0.566384494304657, -0.00372099201194942], "reward": -5.230231784148034}