{"action": [0.6569271683692932, -0.00013174950436223298], "reward": -4.34709732339506}