{"action": [0.3522414565086365, -0.004631910938769579], "reward": -2.3943759503349296}