{"action": [0.4065391421318054, -0.0011809583520516753], "reward": -2.2590253307021797}