{"action": [0.40522801876068115, -0.0012409150367602706], "reward": -2.2483783827640518}