{"action": [0.699999988079071, 0.0], "reward": 8.809835642798012e-05}