{"action": [0.40728309750556946, 0.004209667909890413], "reward": 0.9062022697483367}