{"action": [0.5678428411483765, 0.003564773127436638], "reward": 0.8086121968964897}