{"action": [0.3662579655647278, 0.004153484478592873], "reward": 0.9351308445261066}