{"action": [0.5462738871574402, -0.0004228887555655092], "reward": 0.8047306911291635}