{"action": [0.3588562607765198, 0.003489068243652582], "reward": 0.9425131384644002}