{"action": [0.3235061764717102, -0.0006728382431901991], "reward": 0.4712381172809523}