{"action": [0.3410375118255615, -0.0007047728286124766], "reward": 0.45802477039402584}