{"action": [0.699999988079071, -0.000980703392997384], "reward": 0.008618911563112383}