{"action": [0.37421706318855286, 0.002782904077321291], "reward": 0.9403714458089422}