{"action": [0.699999988079071, -0.0022105465177446604], "reward": 0.45439147968566046}