{"action": [0.699999988079071, -0.0013384100748226047], "reward": 0.042792632268935295}