{"action": [0.699999988079071, -0.001904122531414032], "reward": 0.5999341563898117}