{"action": [0.699999988079071, -0.002092943759635091], "reward": 0.3133065766658606}