{"action": [0.699999988079071, -0.0018474260577932], "reward": 0.6840332038082702}