{"action": [0.699999988079071, -0.021183500066399574], "reward": 0.606005304047219}