{"action": [0.699999988079071, -0.012391657568514347], "reward": 0.6973712957549312}