{"action": [0.6945638656616211, -0.0019754506647586823], "reward": 0.7495267219196217}