{"action": [0.3683170676231384, -0.011303931474685669], "reward": 0.8935665469538406}