{"action": [0.699999988079071, -0.003385440446436405], "reward": 0.6827156522435501}