{"action": [0.4787357747554779, -0.00010134595504496247], "reward": 0.8651102197997977}