{"action": [0.5213475227355957, -0.0009212775621563196], "reward": 0.8029434931453382}