{"action": [0.6756943464279175, 0.00012665987014770508], "reward": 0.7613888065824613}