{"action": [0.48715466260910034, -0.00014594024105463177], "reward": 0.8475147542691707}