{"action": [0.4092036485671997, -0.007255714386701584], "reward": 0.888659955623645}