{"action": [0.699999988079071, -0.026045426726341248], "reward": 0.5612709682544241}