{"action": [0.375487744808197, -0.011805270798504353], "reward": 0.8856506778092106}