{"action": [0.42223891615867615, -0.0011236302088946104], "reward": 0.9177216374479283}