{"action": [0.699999988079071, -0.03474820405244827], "reward": 0.41319294895106473}