{"action": [0.699999988079071, 0.001193010713905096], "reward": 0.610394060018074}