{"action": [0.5531115531921387, 0.00011546308087417856], "reward": -1.6581069328923148}