{"action": [0.699999988079071, -0.004540471360087395], "reward": 0.598444232976279}