{"action": [0.699999988079071, 0.0010286954930052161], "reward": 0.5382098512501647}