{"action": [0.5292032957077026, -0.0008302879869006574], "reward": 0.8024004442477052}