{"action": [0.699999988079071, 0.008631804026663303], "reward": 0.6082583384075427}