{"action": [0.5168152451515198, -0.016002722084522247], "reward": 0.8890758405449044}