{"action": [0.4329459071159363, 3.5605560697149485e-05], "reward": 0.6691134180158754}