{"action": [0.5015470385551453, 0.002211813349276781], "reward": -1.5938758696177917}