{"action": [0.699999988079071, 0.012648147530853748], "reward": 0.8952231242855799}