{"action": [0.5552322268486023, 0.00647756177932024], "reward": 0.8963318444952179}