{"action": [0.5093260407447815, 0.0018723502289503813], "reward": -1.6898897356157445}