{"action": [0.42229193449020386, 1.5258683561114594e-05], "reward": 0.6240594718099499}