{"action": [0.568069338798523, 0.800000011920929], "reward": 0.5013886675222652}