{"action": [0.5478534698486328, 0.0033073287922888994], "reward": -1.5866767573833913}