{"action": [0.699999988079071, -0.020987506955862045], "reward": -0.8520193333477547}