{"action": [0.5021382570266724, 0.0011589593486860394], "reward": -1.9697544371809539}