{"action": [0.62532639503479, -0.021749868988990784], "reward": -1.2391513825313485}