{"action": [0.43540072441101074, 0.004098055884242058], "reward": -2.2702539250680895}