{"action": [0.49958357214927673, 0.5759268403053284], "reward": 0.8004254860795887}