{"action": [0.4729840159416199, 0.5223656296730042], "reward": 0.7313703379156187}