{"action": [0.5215189456939697, 0.00976740475744009], "reward": -1.4917390710769851}