{"action": [0.4273897111415863, 0.008812442421913147], "reward": -1.9883294825179048}