{"action": [0.3916623592376709, 0.008055086247622967], "reward": -2.0394877022620097}