{"action": [0.5630918145179749, -0.006637651938945055], "reward": -1.3090459969935155}