{"action": [0.497654527425766, 0.0006054395344108343], "reward": -1.888888761630907}