{"action": [0.5568950772285461, -0.012108135968446732], "reward": -1.4168021673878595}