{"action": [0.5304675698280334, -0.0006861648871563375], "reward": -1.8669702623167013}