{"action": [0.5422981977462769, -0.0008384662214666605], "reward": -1.3762874061097932}