{"action": [0.567112147808075, -0.0005794133758172393], "reward": -1.4431558427119449}