{"action": [0.6305471658706665, 0.0024285928811877966], "reward": -1.317163792309444}