{"action": [0.699999988079071, 0.03280353546142578], "reward": -1.308307763608823}