{"action": [0.5595054626464844, 0.016634050756692886], "reward": -1.154808065322979}