{"action": [0.5459904074668884, 0.08421532809734344], "reward": -1.275235906285846}