{"action": [0.5882812142372131, 0.013397826813161373], "reward": -1.1646795977130913}