{"action": [0.5594419836997986, 0.0128932548686862], "reward": -1.3887764576797899}