{"action": [0.573698878288269, 0.11245809495449066], "reward": -1.3578987802803961}