{"action": [0.4901297092437744, 0.11946577578783035], "reward": -1.842463674710347}