{"action": [0.46513116359710693, 0.10726534575223923], "reward": -1.9890740701448797}