{"action": [0.46584948897361755, 0.12423664331436157], "reward": -1.5682729404416407}