{"action": [0.5161147713661194, 0.13077785074710846], "reward": -1.4663718126178142}