{"action": [0.44386109709739685, 0.13454774022102356], "reward": -1.8532388400089366}