{"action": [0.5800670385360718, 0.207257941365242], "reward": -1.0167350903691954}