{"action": [0.5251681804656982, 0.13394315540790558], "reward": -1.5021016978261268}