{"action": [0.43711724877357483, 0.14172060787677765], "reward": -1.8224658169235892}