{"action": [0.4906403124332428, 0.12385236471891403], "reward": -1.730422020825205}