{"action": [0.5066890120506287, 0.114253930747509], "reward": -1.6241634146767385}