{"action": [0.5755658149719238, 0.028169404715299606], "reward": 0.8534003642728882}