{"action": [0.592463493347168, -0.01023077592253685], "reward": -1.46666030975706}