{"action": [0.4875698387622833, -2.3722826881567016e-05], "reward": 0.8837920634534561}