{"action": [0.30041423439979553, -0.01272344309836626], "reward": 0.45090881180830283}