{"action": [0.4287280738353729, -0.009644802659749985], "reward": 0.879709874345005}