{"action": [0.5147577524185181, -0.005954432301223278], "reward": -1.5605098605982373}