{"action": [0.358238160610199, -0.011299804784357548], "reward": 0.5332870460322322}