{"action": [0.4758422374725342, -0.00013113903696648777], "reward": -1.63788632713069}