{"action": [0.699999988079071, -0.002124716294929385], "reward": 0.41062439515624083}