{"action": [0.699999988079071, -0.001207712572067976], "reward": 0.3179679802039038}