{"action": [0.699999988079071, -2.75313846032077e-06], "reward": 9.20328778664979e-05}