{"action": [0.4719717502593994, -0.009137960150837898], "reward": -1.8257102572833432}