{"action": [0.699999988079071, -0.00188924721442163], "reward": 0.3394003386438244}