{"action": [0.5966289639472961, 4.0341557905776426e-05], "reward": 0.84703511113826}