{"action": [0.46069595217704773, -0.00934076402336359], "reward": -1.9296568811958752}