{"action": [0.699999988079071, -0.0024970152880996466], "reward": 0.6230443894400177}