{"action": [0.699999988079071, -0.0137726329267025], "reward": 0.517502455749528}