{"action": [0.699999988079071, -0.006446188781410456], "reward": 0.5384531533326884}