{"action": [0.3986918032169342, 0.0019347397610545158], "reward": 0.9286773652687507}