{"action": [0.699999988079071, 0.0033010703045874834], "reward": 0.9459869335068252}