{"action": [0.699999988079071, -0.00286945141851902], "reward": 0.5269057301797012}