{"action": [0.4688405990600586, -0.0034851364325731993], "reward": -1.929087601328339}