{"action": [0.699999988079071, 0.002560173161327839], "reward": 0.8729666002426516}