{"action": [0.699999988079071, 0.00621948204934597], "reward": 0.37148784002885377}