{"action": [0.699999988079071, 0.006389803718775511], "reward": 0.9316877224742991}