{"action": [0.699999988079071, 0.0027895094826817513], "reward": 0.5570222269450079}