{"action": [0.699999988079071, 0.00299381697550416], "reward": -0.12163634472105872}