{"action": [0.649467408657074, -6.873309757793322e-06], "reward": -0.8486585471540409}