{"action": [0.699999988079071, 0.005452618468552828], "reward": 0.1278291305435671}