{"action": [0.699999988079071, 0.00315058883279562], "reward": -0.03515275843181671}