{"action": [0.699999988079071, 0.00332009163685143], "reward": 0.05432171325433533}