{"action": [0.699999988079071, 0.003515677759423852], "reward": 0.2857041431990524}