{"action": [0.5747244358062744, -0.0010037175379693508], "reward": -1.43959315982543}