{"action": [0.4542461037635803, -0.0037839682772755623], "reward": -1.8726344194143345}