{"action": [0.699999988079071, -0.00555783323943615], "reward": 0.026139903928866046}