{"action": [0.48188331723213196, -0.0010548019781708717], "reward": -1.9875138058688915}