{"action": [0.4860506057739258, -0.0011781625216826797], "reward": -1.7129581300472467}