{"action": [0.699999988079071, 0.009894231334328651], "reward": 0.5535145045568993}