{"action": [0.48865967988967896, 0.00019247960881330073], "reward": -1.96776807632974}