{"action": [-1.0, -1.2883841918664984e-05], "reward": -1.8131941736527277}