{"action": [0.49979832768440247, -0.0012316787615418434], "reward": -1.7075118179340125}