{"action": [0.479930579662323, -0.002242051064968109], "reward": -1.948497044237035}