{"action": [0.699999988079071, -0.055183470249176025], "reward": 0.08543566905476692}