{"action": [0.699999988079071, 0.07967304438352585], "reward": 0.36281603558020903}