{"action": [0.6060491800308228, 0.0018390800105407834], "reward": -1.0091311095484783}