{"action": [0.6433492302894592, -0.0006429623463191092], "reward": -0.8239479369149563}