{"action": [0.699999988079071, 0.0009935583220794797], "reward": -0.030901128309147815}