{"action": [0.699999988079071, -0.020913202315568924], "reward": -0.14818018815424908}