{"action": [0.6801674962043762, 0.03933302313089371], "reward": -0.7593434749411868}