{"action": [0.5850663185119629, 0.0024340813979506493], "reward": -1.2164532983317726}