{"action": [0.699999988079071, -0.0001911244326038286], "reward": -0.06231599861457188}