{"action": [0.5533541440963745, -0.0016936353640630841], "reward": -1.3354290662925299}