{"action": [0.5339834690093994, -0.0009394476073794067], "reward": -1.5000503571017447}