{"action": [0.5244336724281311, -0.008173707872629166], "reward": 0.9175033249948452}