{"action": [0.12329037487506866, -0.01823396049439907], "reward": 0.4549154368628254}