{"action": [0.4963090717792511, -0.010443075560033321], "reward": 0.8942073298303284}