{"action": [0.5294238328933716, -0.012649579904973507], "reward": 0.8978260637159134}