{"action": [-1.0, -0.0006706267595291138], "reward": -0.0001004220919777995}