{"action": [0.699999988079071, -9.932876128004864e-05], "reward": 0.29705585111402066}