{"action": [0.699999988079071, 0.0004936785553582013], "reward": 0.49406422759084834}