{"action": [0.5319163799285889, -0.011193647049367428], "reward": -1.5561486608243205}