{"action": [0.5376204252243042, -0.0104273846372962], "reward": -1.442205243297531}