{"action": [0.699999988079071, 0.009292295202612877], "reward": 0.7186743614695262}