{"action": [0.699999988079071, -0.01849433034658432], "reward": 0.6455643776620746}