{"action": [0.6421314477920532, 0.0013228817842900753], "reward": 0.9295242768277912}