{"action": [0.5349187254905701, 0.001374598010443151], "reward": 0.935730395461482}