{"action": [0.3967301845550537, 0.007627831306308508], "reward": 0.5039445362882223}