{"action": [0.6390693783760071, -0.01299313548952341], "reward": 0.9034952563647363}