{"action": [0.568170964717865, -0.0002834890619851649], "reward": 0.9239319224124483}