{"action": [0.5573938488960266, 0.002312606666237116], "reward": 0.911209078075083}