{"action": [0.699999988079071, 0.011713635176420212], "reward": 0.8125089010313485}