{"action": [0.5038084983825684, -0.017032494768500328], "reward": -1.5673041149375846}