{"action": [-0.07094591110944748, 0.09598537534475327], "reward": 0.8887002588194592}