{"action": [0.5530295968055725, -0.001276788767427206], "reward": 0.9085179081178492}