{"action": [0.490702360868454, 0.0032794601283967495], "reward": 0.8948739712337119}