{"action": [-1.0, 0.0030022619757801294], "reward": -0.00044659599454964234}