{"action": [-1.0, 0.0030006524175405502], "reward": 0.000684894059559858}