{"action": [-1.0, 0.0030033348593860865], "reward": -0.0003016661427662216}