{"action": [0.4906892478466034, -0.012268967926502228], "reward": -1.700819133731318}