{"action": [0.699999988079071, 0.005520257167518139], "reward": 0.6031459602215248}