{"action": [-0.0610477551817894, -0.0037766904570162296], "reward": -0.7338074525623196}