{"action": [-1.0, 0.002997433301061392], "reward": -0.0004492993863355481}