{"action": [-1.0, 0.002997433301061392], "reward": -0.0004491712219494038}