{"action": [-1.0, 0.0029968968592584133], "reward": -0.00043958932708932676}