{"action": [0.5942149758338928, 0.023063603788614273], "reward": 0.7616977575598011}