{"action": [0.699999988079071, 0.09901650995016098], "reward": 0.538862614930373}