{"action": [0.22622568905353546, -0.0061502112075686455], "reward": 0.10255460710857943}