{"action": [0.699999988079071, 0.05876486375927925], "reward": 0.6144561746503083}