{"action": [0.6088655591011047, -0.008451376110315323], "reward": 0.7938210695054532}