{"action": [0.287335067987442, -0.007118590176105499], "reward": 0.2737454145109597}