{"action": [0.3578507900238037, 0.00025863194605335593], "reward": 0.8531502044220248}