{"action": [0.699999988079071, -0.006713187322020531], "reward": 0.7247336960025941}