{"action": [0.699999988079071, -0.012990038841962814], "reward": 0.43409898101149674}