{"action": [0.37312081456184387, -0.008942578919231892], "reward": 0.8934904489715743}