{"action": [0.4004673361778259, 0.00430305628105998], "reward": 0.8888306079051718}