{"action": [0.699999988079071, -0.005972771439701319], "reward": 0.920018221608703}