{"action": [0.699999988079071, -0.008982472121715546], "reward": 0.7770005367512709}