{"action": [0.699999988079071, 0.00640668673440814], "reward": 0.5056138829083995}