{"action": [0.699999988079071, 0.0001444982917746529], "reward": 0.6426369814174197}