{"action": [0.699999988079071, -0.001355072483420372], "reward": 0.6519386126189168}