{"action": [0.699999988079071, 0.010151972994208336], "reward": 0.8188759755918523}