{"action": [0.699999988079071, 0.04511190578341484], "reward": 0.35133873030654966}