{"action": [0.699999988079071, 0.0015001667197793722], "reward": -0.23748440903074813}