{"action": [0.699999988079071, 0.02197730541229248], "reward": 0.6396982247341776}