{"action": [0.5026705265045166, -0.014936041086912155], "reward": 0.8862423525779483}