{"action": [0.5424148440361023, -0.013256862759590149], "reward": 0.896926305243647}