{"action": [0.699999988079071, -0.0016253760550171137], "reward": 0.8061881601635622}