{"action": [0.699999988079071, -0.005679280497133732], "reward": 0.9092721860552058}