{"action": [0.48975998163223267, -0.007786449510604143], "reward": 0.8927206029303155}