{"action": [0.699999988079071, -0.0006626399699598551], "reward": 0.9577459835020681}