{"action": [0.699999988079071, -0.001451280782930553], "reward": 0.9189113722249785}