{"action": [0.6879461407661438, -0.0025997187476605177], "reward": -0.837178299292834}