{"action": [0.699999988079071, 0.003892123932018876], "reward": 0.9264543906505543}