{"action": [0.699999988079071, 0.003295467933639884], "reward": 0.8476008169088779}