{"action": [0.699999988079071, -0.010770871303975582], "reward": 0.8938390298173505}