{"action": [0.4488077163696289, -0.00546949403360486], "reward": 0.736942651701116}