{"action": [0.5692306756973267, 9.179107252066387e-09], "reward": 0.9031300610090404}