{"action": [0.4188072681427002, -5.288720217322407e-07], "reward": 0.9456509106693949}