{"action": [0.4679293632507324, 1.1135340400869609e-06], "reward": 0.9625424797506859}