{"action": [0.699999988079071, -0.0011524190194904804], "reward": 0.9499489461799169}