{"action": [0.699999988079071, -0.009463710710406303], "reward": 0.9507545451660545}