{"action": [0.699999988079071, -0.011993339285254478], "reward": 0.9417463561288555}