{"action": [0.699999988079071, -0.5926762223243713], "reward": 0.6930390466994226}