{"action": [0.5197475552558899, -0.12333417683839798], "reward": 0.8097799029530944}