{"action": [0.4812873601913452, -0.16447864472866058], "reward": 0.7708692051991338}