{"action": [0.4292786717414856, -0.1276358813047409], "reward": 0.556380528257547}