{"action": [0.6634950041770935, -0.0002014147030422464], "reward": 0.6766060987668975}