{"action": [0.699999988079071, -0.00023878645151853561], "reward": 0.6351102256091998}