{"action": [0.36063963174819946, -0.0005897802766412497], "reward": 0.3634561749603108}