{"action": [0.699999988079071, -0.0004224153817631304], "reward": 0.6783865575187445}