{"action": [0.699999988079071, -4.5299501927331676e-09], "reward": 0.5015099663035182}