{"action": [0.08944573253393173, 0.0011552668875083327], "reward": 0.925479210406314}