{"action": [-0.08308400213718414, 0.0019508861005306244], "reward": 0.9168870483166559}