{"action": [-0.001015674788504839, 0.001819037483073771], "reward": 0.9189508529770667}