{"action": [0.6773213744163513, -4.7784706111997366e-05], "reward": 0.9602698208675573}