{"action": [0.6548729538917542, -0.0010660686530172825], "reward": 0.8161175402403625}