{"action": [0.3576851189136505, -0.004618838895112276], "reward": 0.3952066534118559}