{"action": [0.44859641790390015, -0.02077183872461319], "reward": 0.8231756758896107}