{"action": [0.3578936755657196, -0.0005982655566185713], "reward": 0.6651166313071903}