{"action": [0.4159255027770996, 0.0001565192360430956], "reward": 0.6813081374995482}