{"action": [0.699999988079071, -0.05754861235618591], "reward": 0.6835213914948254}