{"action": [-0.47997117042541504, -0.0321832150220871], "reward": 0.8719871082599783}