{"action": [0.5425648093223572, -0.027607208117842674], "reward": 0.5893084618167646}