{"action": [0.6519140005111694, -0.02975626103579998], "reward": 0.05307066289844331}