{"action": [0.696526288986206, -0.03081839717924595], "reward": 0.025332766849863783}