{"action": [0.699999988079071, -0.0300150066614151], "reward": 0.8763698847330117}