{"action": [0.699999988079071, -0.08034546673297882], "reward": 0.19219292235341576}