{"action": [0.6716265082359314, -0.11422087997198105], "reward": -0.8783123541600558}