{"action": [0.4050925076007843, -0.09560487419366837], "reward": -2.2568147626461306}