{"action": [0.4160718321800232, -0.10616965591907501], "reward": -2.1484975555504344}