{"action": [0.42134889960289, -0.1308201551437378], "reward": -1.9911696193191148}