{"action": [0.699999988079071, -0.018187979236245155], "reward": -1.1613360920156732}