{"action": [0.699999988079071, -0.00629390450194478], "reward": -1.5251751781760166}