{"action": [0.699999988079071, -0.008675453253090382], "reward": -1.4277900846888054}