{"action": [0.699999988079071, 0.0023674347903579473], "reward": -1.9918928578351387}