{"action": [0.699999988079071, 0.0019296003738418221], "reward": -2.034124654147778}