{"action": [0.5982751250267029, 0.011710548773407936], "reward": -4.540635113255432}