{"action": [0.5521752834320068, 0.008244514465332031], "reward": -4.755217822958909}