{"action": [0.622482419013977, 0.005386113654822111], "reward": -4.166730980452373}