{"action": [0.6155031323432922, 0.0034262335393577814], "reward": -4.571237541667227}