{"action": [0.586746335029602, 0.0002480068360455334], "reward": -4.741426809340083}