{"action": [0.14355936646461487, -0.004857197869569063], "reward": -3.4979870225255167}