{"action": [0.699999988079071, 0.0002845309500116855], "reward": 0.6967334459643374}