{"action": [0.4579255282878876, -0.031997423619031906], "reward": -1.4557001644832221}