{"action": [0.4803417921066284, -0.03936072438955307], "reward": -1.347225509794216}