{"action": [0.5040642023086548, -0.025804368779063225], "reward": -1.4327895111295912}