{"action": [0.44981682300567627, 0.011631172150373459], "reward": -1.9875452006869352}