{"action": [0.4630320072174072, 0.01842929795384407], "reward": -1.8169868276496999}