{"action": [0.4534096121788025, 0.0131762670353055], "reward": -1.9567318284087567}