{"action": [0.5937913656234741, -0.003747346345335245], "reward": -1.164276897566841}