{"action": [0.5030603408813477, -0.0008096813689917326], "reward": -1.8344710705116698}