{"action": [0.5093476176261902, 0.0006950487731955945], "reward": -1.6187481199648843}