{"action": [0.645551323890686, 0.00451258197426796], "reward": -0.9180868949262289}