{"action": [0.699999988079071, -0.0018748611910268664], "reward": 0.8695187467176843}