{"action": [-0.5579810738563538, -0.006608661264181137], "reward": 0.634594829545404}