{"action": [0.5386996865272522, 8.642256034363527e-06], "reward": 0.7721932415754983}