{"action": [0.2384396642446518, 0.020966701209545135], "reward": 0.45103611710570285}