{"action": [0.699999988079071, 0.02153708040714264], "reward": 0.48007607540622166}