{"action": [0.699999988079071, 0.009935490787029266], "reward": 0.7328486920557338}