{"action": [0.699999988079071, 0.012825272977352142], "reward": 0.8563076164215094}