{"action": [0.699999988079071, 0.010998427867889404], "reward": 0.7686865737927358}