{"action": [0.699999988079071, 0.011795644648373127], "reward": 0.8109022525262405}