{"action": [0.699999988079071, 0.0], "reward": 3.4218279534022404e-06}