{"action": [0.4186452627182007, -9.357921548769355e-09], "reward": 0.9640437446553417}