{"action": [0.5901127457618713, -1.2159350859519691e-08], "reward": 0.9066995464296331}