{"action": [0.5105487704277039, -0.0005966920289210975], "reward": 0.8808114981830725}