{"action": [0.699999988079071, -0.02276538498699665], "reward": 0.6299182405105983}