{"action": [0.699999988079071, -0.004590580239892006], "reward": 0.7529839706295519}