{"action": [0.4832712411880493, -0.0007933904998935759], "reward": 0.8894951458228607}