{"action": [0.4997428357601166, -0.0008311218698509037], "reward": 0.8788905995241847}