{"action": [0.699999988079071, 0.00022475629521068186], "reward": 0.8215127866540582}