{"action": [0.699999988079071, 0.0005149122443981469], "reward": 0.9450748809718937}