{"action": [0.44782668352127075, 0.000993529218249023], "reward": 0.6625573282022463}