{"action": [0.5348058938980103, 0.0009034708491526544], "reward": 0.8805131203632426}