{"action": [0.699999988079071, 0.0006560024921782315], "reward": 0.940052368411435}