{"action": [0.405941903591156, 0.0012586117954924703], "reward": 0.58762094769814}