{"action": [0.5840781927108765, 0.0005044923746027052], "reward": 0.9780390787684659}