{"action": [0.605455219745636, 0.00048603350296616554], "reward": 0.978087218831832}