{"action": [0.699999988079071, 0.0010410989634692669], "reward": 0.7704736740693332}