{"action": [0.699999988079071, 0.0010210034670308232], "reward": 0.807353200166216}