{"action": [0.5409316420555115, 0.0004599336825776845], "reward": 0.8525381466555604}