{"action": [0.699999988079071, 0.004110631532967091], "reward": 0.8337434622061235}