{"action": [0.5053562521934509, 0.0005818588542751968], "reward": 0.8800138561569109}