{"action": [0.699999988079071, 0.004508438520133495], "reward": 0.9449897564157953}