{"action": [0.6243460774421692, 0.0028401785530149937], "reward": 0.9452344913007794}