{"action": [0.44683170318603516, -0.1665959358215332], "reward": 0.6747714419685651}