{"action": [0.45427966117858887, -0.11127804964780807], "reward": 0.7650523964788897}