{"action": [0.3880709409713745, -0.023405250161886215], "reward": 0.7968391008194364}