{"action": [0.5765076279640198, -0.4118913412094116], "reward": 0.6989605001998654}