{"action": [0.42807066440582275, -0.013881808146834373], "reward": 0.4872540839767801}