{"action": [0.47068682312965393, -0.027953919023275375], "reward": 0.5629115227855734}