{"action": [0.4690132737159729, -0.0003134937142021954], "reward": 0.8026770637400849}