{"action": [0.6702651977539062, 0.0010614830534905195], "reward": 0.758247921315294}