{"action": [0.699999988079071, 0.0217304490506649], "reward": 0.8298725635188657}