{"action": [0.699999988079071, 0.00321212038397789], "reward": 0.920975206617251}