{"action": [0.699999988079071, 0.002551234094426036], "reward": 0.9139230449248918}