{"action": [0.699999988079071, -0.000397086376324296], "reward": 0.9292809865365851}