{"action": [0.6272340416908264, -0.001816164585761726], "reward": 0.9612330975026715}