{"action": [0.49123820662498474, -0.006020728964358568], "reward": 0.930652725896631}