{"action": [0.699999988079071, -0.009148978628218174], "reward": 0.7497725097638942}