{"action": [0.5237773060798645, -0.017741238698363304], "reward": 0.9053233793022059}