{"action": [0.5142936110496521, -0.026849614456295967], "reward": 0.7472705590054117}