{"action": [0.675345778465271, 0.0011554912198334932], "reward": 0.757057208271217}