{"action": [0.40993019938468933, -0.02595091238617897], "reward": 0.7408731381861665}