{"action": [0.43306198716163635, -0.03203984349966049], "reward": 0.6115310957716562}