{"action": [0.699999988079071, -0.040818095207214355], "reward": 0.7820547977084901}