{"action": [0.699999988079071, -0.08973237872123718], "reward": 0.6705226757169913}