{"action": [0.699999988079071, 0.00038173235952854156], "reward": 0.5505411986615943}