{"action": [0.699999988079071, -0.027450647205114365], "reward": 0.8586894504859639}