{"action": [0.699999988079071, -0.020352555438876152], "reward": 0.47559032271905}