{"action": [0.699999988079071, -0.02291794680058956], "reward": 0.508369834160593}