{"action": [0.6928517818450928, -0.047720663249492645], "reward": -0.686024119794413}