{"action": [0.536081075668335, -0.0709269717335701], "reward": -1.3952541195913883}