{"action": [0.5903899669647217, -0.10369961708784103], "reward": -0.9962056227657113}