{"action": [0.574524998664856, -0.10862487554550171], "reward": -1.194213948257149}