{"action": [0.6501634120941162, -0.10725569725036621], "reward": -1.0564867134894207}