{"action": [0.699999988079071, -0.11019743233919144], "reward": -0.5622092389659636}