{"action": [0.5474507808685303, -0.09784845262765884], "reward": -1.5718276192437979}