{"action": [0.522369921207428, -0.1024668961763382], "reward": -1.6851893625482224}