{"action": [0.5114874839782715, -0.04235775023698807], "reward": -1.5900305727692774}