{"action": [0.699999988079071, -0.004059419501572847], "reward": -0.4982838349449022}