{"action": [0.699999988079071, -0.006522854790091515], "reward": -0.5109110947106633}