{"action": [0.699999988079071, -0.002347488421946764], "reward": -0.6946727345906363}