{"action": [0.699999988079071, -0.005057660862803459], "reward": -0.5045155867562907}