{"action": [0.6142063736915588, -0.004701928235590458], "reward": -5.162989123090411}