{"action": [0.5818914771080017, -0.004191546700894833], "reward": -4.692314374650717}