{"action": [0.5548979043960571, 0.00048443800187669694], "reward": -5.184892678330774}