{"action": [0.699999988079071, -0.002058983314782381], "reward": 0.9559860053742274}