{"action": [0.699999988079071, -0.007675596047192812], "reward": -0.7934880817997123}