{"action": [0.5678604245185852, -0.0014137045945972204], "reward": -1.140816995822095}