{"action": [0.699999988079071, 0.001548917032778263], "reward": 0.7508806957107067}