{"action": [0.699999988079071, -0.00019196697394363582], "reward": -0.8508121314068269}