{"action": [0.5334280133247375, 0.0011423341929912567], "reward": -1.3273746472512218}