{"action": [0.699999988079071, -0.0004148104053456336], "reward": -0.6834893351726116}