{"action": [0.6615195870399475, -0.0022425781935453415], "reward": -0.9190872363486936}