{"action": [0.5590946674346924, -0.005163424648344517], "reward": -1.5858658675929067}