{"action": [0.5735729336738586, 0.005241375882178545], "reward": -1.4275458873728804}