{"action": [0.49852776527404785, 0.008060174994170666], "reward": -1.8941288823165192}