{"action": [0.48198652267456055, -0.0016155419871211052], "reward": 0.8853225132906953}