{"action": [0.699999988079071, 0.014708761125802994], "reward": -0.4019150316064237}