{"action": [0.5909187197685242, -0.001949423924088478], "reward": -1.1440800814385537}