{"action": [0.5499469041824341, -0.007870407775044441], "reward": -1.5856971001446378}