{"action": [0.5226272940635681, -0.0062863812781870365], "reward": -1.4620162316336314}