{"action": [0.5211102962493896, -0.009404490701854229], "reward": -1.4942312460174378}