{"action": [0.45906636118888855, -0.0006771585321985185], "reward": 0.9392861020060751}