{"action": [0.5450384020805359, 0.0005429575103335083], "reward": -1.5325477843207351}