{"action": [0.2808062732219696, -0.0005009106243960559], "reward": 0.9766432743418063}