{"action": [0.22061440348625183, 0.0032772046979516745], "reward": 0.756023786973528}