{"action": [-1.0, 0.0002618126745801419], "reward": -2.328489149910404e-05}