{"action": [0.3118186593055725, -0.00045435765059664845], "reward": 0.9731839289866306}