{"action": [-1.0, 0.00026073967455886304], "reward": -3.450964130036587e-05}