{"action": [0.31257790327072144, 0.0007462184876203537], "reward": 0.45933648248377806}