{"action": [-1.0, 0.0002602031745482236], "reward": -3.831336100283363e-05}