{"action": [0.5043826103210449, 0.001403161557391286], "reward": 0.5486717161447325}