{"action": [0.699999988079071, 0.0002454121713526547], "reward": 0.004240573466994849}