{"action": [0.699999988079071, 0.0002560703724157065], "reward": -3.3536505569895083e-05}