{"action": [0.699999988079071, 0.0027974226977676153], "reward": 0.6858068275990828}