{"action": [0.5147181153297424, 0.007183689624071121], "reward": 0.8529643516764759}