{"action": [0.3708844482898712, 0.005102620460093021], "reward": -0.0007653930690139531}