{"action": [0.37994179129600525, 0.005693911574780941], "reward": 0.9004503695500842}