{"action": [0.699999988079071, 0.0022192499600350857], "reward": 0.8145299426081631}