{"action": [0.44071879982948303, -0.00398770347237587], "reward": 0.7387838327043319}