{"action": [0.5068236589431763, -0.0005857210489921272], "reward": 0.9491593439032047}