{"action": [0.49634474515914917, -0.000473057443741709], "reward": 0.9176918132281444}