{"action": [0.4832054376602173, -0.0007996722706593573], "reward": 0.9463087179970269}