{"action": [0.5289908647537231, 0.0051328521221876144], "reward": 0.9319719079859752}