{"action": [0.38932520151138306, 0.002637979807332158], "reward": 0.7552184488701901}