{"action": [0.40403038263320923, 0.0016762198647484183], "reward": 0.6243704758861731}