{"action": [0.699999988079071, 0.0019175311317667365], "reward": 0.7735971843937322}