{"action": [0.4285809099674225, -0.003783556167036295], "reward": 0.6783926166736919}