{"action": [0.36778658628463745, -0.004970702342689037], "reward": 0.42007247229135025}