{"action": [0.32797306776046753, -0.004621709696948528], "reward": 0.2789165880932882}