{"action": [0.38585221767425537, 0.0027200086042284966], "reward": 0.48264872044157936}