{"action": [0.3904971480369568, 0.006465816404670477], "reward": 0.5927994349848035}