{"action": [0.699999988079071, 0.05492272973060608], "reward": 0.3873443681103089}