{"action": [0.699999988079071, 0.0004674444207921624], "reward": 0.4225732057127441}