{"action": [0.699999988079071, 0.0004092956078238785], "reward": 0.42194515327836596}