{"action": [0.699999988079071, -0.00725624430924654], "reward": 0.7377039454177486}