{"action": [0.699999988079071, -0.0003705170238390565], "reward": 0.23519814591249893}