{"action": [-1.0, -0.0003138533211313188], "reward": 0.0007913945508203175}