{"action": [0.699999988079071, -0.0002820651570800692], "reward": 0.002638281251071523}