{"action": [-1.0, -0.00031814532121643424], "reward": -2.1080559905462233e-05}