{"action": [-1.0, -0.0003176088212057948], "reward": -4.664481049260101e-05}