{"action": [-1.0, -0.00031438982114195824], "reward": -4.5328835556861606e-05}