{"action": [-1.0, -0.00031492632115259767], "reward": -4.677361632787017e-05}