{"action": [-1.0, -0.0003133168211206794], "reward": -4.681565965131414e-05}