{"action": [-1.0, -0.00031278032111003995], "reward": -4.424883790152906e-05}