{"action": [-1.0, -0.00031438982114195824], "reward": -4.018637440037133e-05}