{"action": [-1.0, -0.00031438982114195824], "reward": -4.671122323201174e-05}