{"action": [0.699999988079071, 0.004676078446209431], "reward": 0.6684445834868126}