{"action": [-1.0, -0.00031438982114195824], "reward": -4.696415315488007e-05}