{"action": [-1.0, -0.00031438982114195824], "reward": -4.682257573086528e-05}