{"action": [-1.0, -0.00031438982114195824], "reward": -4.69859967083961e-05}