{"action": [-1.0, -0.00031438982114195824], "reward": -4.684960236602943e-05}