{"action": [-1.0, -0.00031117082107812166], "reward": -4.505790294071646e-05}