{"action": [-1.0, -0.00031063432106748223], "reward": -3.342759993771895e-05}