{"action": [-1.0, -0.0003052692918572575], "reward": -4.092298426658172e-05}