{"action": [-1.0, -0.0003052692918572575], "reward": -4.1403658800039935e-05}