{"action": [-1.0, 1.3412534826784395e-05], "reward": 5.6813481789273976e-05}