{"action": [0.699999988079071, 0.0003403396112844348], "reward": 0.1947646197989725}