{"action": [0.699999988079071, 0.00374533305875957], "reward": 0.46498997771369}