{"action": [-1.0, 0.002905691508203745], "reward": -0.0004348680516464409}