{"action": [0.699999988079071, 0.007489193230867386], "reward": 0.6711858652497793}