{"action": [0.699999988079071, 0.007430098485201597], "reward": 0.6152183316494333}