{"action": [0.6301659941673279, 0.0013489333214238286], "reward": 0.9639607640761545}