{"action": [0.699999988079071, -0.003650319529697299], "reward": -0.24364697788903994}