{"action": [0.699999988079071, 0.0007735816761851311], "reward": 0.7309474908185772}