{"action": [0.699999988079071, 0.00046227389248088], "reward": 0.7870416218698177}