{"action": [0.699999988079071, -0.010815258137881756], "reward": -0.6365473938845401}