{"action": [0.699999988079071, 0.0003010718210134655], "reward": 0.83271270466248}