{"action": [0.6544905304908752, -0.008310270495712757], "reward": -0.9878634706041576}