{"action": [0.497657835483551, 0.007712285965681076], "reward": -1.7601233393340625}