{"action": [0.47457242012023926, 0.006324201822280884], "reward": -1.816506096039195}