{"action": [0.46877598762512207, 0.0053814854472875595], "reward": -1.8651842775802239}