{"action": [0.4318492114543915, 0.005593814887106419], "reward": -1.9100709893100785}