{"action": [0.4300253987312317, 0.005843413062393665], "reward": -1.8869577840756375}