{"action": [0.699999988079071, 0.002177214715629816], "reward": 0.8476105765171161}