{"action": [0.699999988079071, 0.0037830013316124678], "reward": -2.7423940293956814}