{"action": [0.699999988079071, 0.002328345784917474], "reward": 0.9306876351748095}