{"action": [0.6918480396270752, -0.0032395408488810062], "reward": -4.092380487019964}