{"action": [0.6953702569007874, -0.003736908081918955], "reward": -3.972617928147644}