{"action": [0.699999988079071, -0.009547285735607147], "reward": -3.4100914562602114}