{"action": [0.699999988079071, 0.0019511925056576729], "reward": 0.9584392004005992}