{"action": [0.68555748462677, -0.00011710275430232286], "reward": -4.516390397082305}