{"action": [0.699999988079071, -0.0005341042997315526], "reward": -4.074573663281665}