{"action": [0.674551784992218, 0.004023711662739515], "reward": -4.41814927355472}