{"action": [0.699999988079071, -0.004713876638561487], "reward": -4.075264960160256}