{"action": [0.6442278027534485, 0.007954448461532593], "reward": -4.5354374037309215}