{"action": [0.61954265832901, -0.014694432727992535], "reward": -4.682325872212983}