{"action": [0.5615466237068176, -0.0185314379632473], "reward": -4.603288116712962}