{"action": [0.5673871040344238, 0.01055323425680399], "reward": -5.110477810183755}