{"action": [0.699999988079071, 0.001480445615015924], "reward": 0.7026759338623035}