{"action": [0.5865519642829895, -0.002685095649212599], "reward": -5.223110337754983}