{"action": [0.699999988079071, 0.0005312644643709064], "reward": 0.3458234072515081}