{"action": [0.699999988079071, -1.0678172657208052e-06], "reward": 0.005845175715371775}