{"action": [0.5055655241012573, 0.001633351668715477], "reward": -5.839596448426635}