{"action": [0.699999988079071, 0.0004721273435279727], "reward": 0.2055005295234059}