{"action": [0.699999988079071, 5.442500423669117e-07], "reward": 0.0006307254394393092}