{"action": [0.699999988079071, -0.0003138934262096882], "reward": 0.7522222565935465}