{"action": [0.6369561553001404, -0.002808063756674528], "reward": 0.7803232218565984}