{"action": [0.699999988079071, -0.00025878168526105583], "reward": 0.721807727833431}