{"action": [0.5454766750335693, -0.0031228051520884037], "reward": 0.7952133230748449}