{"action": [0.699999988079071, 0.0001401042245561257], "reward": -0.0315977044237468}