{"action": [0.3519628047943115, -0.000484024960314855], "reward": 0.9374547401121046}