{"action": [0.41631725430488586, -0.0025355410762131214], "reward": 0.863914949343491}