{"action": [0.4926750659942627, -0.0020724537316709757], "reward": 0.8348344138781839}