{"action": [0.699999988079071, -0.00413135252892971], "reward": 0.7467017428086644}