{"action": [0.6807253360748291, -0.002886305097490549], "reward": 0.8063991369085486}