{"action": [0.652594804763794, -0.800000011920929], "reward": 0.5590535504358889}