{"action": [0.4181745648384094, -0.002158751245588064], "reward": -0.0003238126868382096}