{"action": [0.699999988079071, -0.6728016138076782], "reward": -0.10092024207115173}