{"action": [0.699999988079071, 0.22360309958457947], "reward": 0.5455135851182404}