{"action": [0.6938113570213318, 0.01011723279953003], "reward": 0.6121860834406115}