{"action": [0.5272706747055054, 0.0003376833919901401], "reward": 0.7285741239505524}