{"action": [0.4901331663131714, -0.00015513825928792357], "reward": 0.8500665598226639}