{"action": [0.5694261193275452, 3.340089460834861e-05], "reward": 0.7666594130656407}