{"action": [0.5078837871551514, -0.0001612308551557362], "reward": 0.7611738258359165}