{"action": [0.4849082827568054, -0.002693886635825038], "reward": 0.8945687728238111}