{"action": [0.5833815932273865, -0.0024088998325169086], "reward": 0.8297893947898107}