{"action": [0.42604905366897583, -0.0021245365496724844], "reward": 0.9050390894779842}