{"action": [0.6762297749519348, -0.0027597486041486263], "reward": 0.743776023117658}