{"action": [0.5831580758094788, -0.0009792533237487078], "reward": 0.8703161345054966}