{"action": [0.34179893136024475, -0.0004469440900720656], "reward": 0.955670009153644}