{"action": [0.699999988079071, 0.03391357883810997], "reward": 0.5198020466054215}