{"action": [0.4785364270210266, 0.011545076966285706], "reward": 0.8965914086145973}