{"action": [0.699999988079071, 0.09217174351215363], "reward": 0.3530804144021108}