{"action": [0.6118828654289246, 0.003115326864644885], "reward": 0.7854681419989596}