{"action": [0.48691269755363464, 0.012129507958889008], "reward": 0.5692089225151723}