{"action": [0.4383758008480072, 0.013314698822796345], "reward": 0.7163259177628732}