{"action": [0.699999988079071, 0.007565764244645834], "reward": 0.6795579180882729}