{"action": [0.6577603220939636, -0.004654445685446262], "reward": 0.7692274859747597}