{"action": [0.6933690309524536, -0.0026917827781289816], "reward": 0.6830163226987461}