{"action": [0.5856981873512268, -0.02015172317624092], "reward": 0.7691024256332005}