{"action": [0.5481643080711365, -0.0193141158670187], "reward": 0.8020692947728403}