{"action": [0.699999988079071, 0.01778939738869667], "reward": 0.10477422951771069}