{"action": [0.699999988079071, -0.0007740157307125628], "reward": 0.5724809107234701}