{"action": [0.699999988079071, 0.004298612475395203], "reward": 0.6323970046873166}