{"action": [0.699999988079071, 0.007166887633502483], "reward": 0.19860181417332154}