{"action": [0.699999988079071, 0.005797530058771372], "reward": 0.6881567060502387}