{"action": [0.699999988079071, 0.006483018863946199], "reward": 0.62130384154146}