{"action": [0.699999988079071, 0.007637754548341036], "reward": 0.3177776489342858}