{"action": [0.699999988079071, 0.00656714616343379], "reward": 0.45683767864959957}