{"action": [0.3405447006225586, 0.005685222335159779], "reward": 0.9373745595426445}