{"action": [0.6117806434631348, 0.0017222949536517262], "reward": 0.8637811180058591}