{"action": [0.3074037432670593, 0.0005674413405358791], "reward": 0.9440114083636827}