{"action": [0.3761451840400696, 0.00045474685612134635], "reward": 0.8992209396845487}