{"action": [0.6034900546073914, -0.00020146417955402285], "reward": 0.7818343754668978}