{"action": [0.699999988079071, -0.0033750557340681553], "reward": 0.4596687606737293}