{"action": [0.699999988079071, -0.0071288784965872765], "reward": 0.5911402967560179}