{"action": [0.699999988079071, -0.012487189844250679], "reward": 0.6416648777375276}