{"action": [0.35309886932373047, -0.009270998649299145], "reward": 0.8824127578572547}