{"action": [0.4439164400100708, -0.008652672171592712], "reward": 0.8792664690331841}