{"action": [0.5204160213470459, -0.0011599840363487601], "reward": 0.8331576676658434}