{"action": [0.699999988079071, 0.00024212444259319454], "reward": 0.7983497295844619}