{"action": [0.31512191891670227, 0.36111414432525635], "reward": 0.5378556055986207}