{"action": [0.5029999613761902, 0.689374566078186], "reward": 0.34296148721661757}