{"action": [0.5295183658599854, 0.49601709842681885], "reward": 0.4555235134159813}