{"action": [0.4230666160583496, 0.013786573894321918], "reward": 0.5554960960595158}