{"action": [0.4393245577812195, 0.01139712892472744], "reward": 0.5761592847896313}