{"action": [0.4324684143066406, 0.011778784915804863], "reward": 0.565323641348093}