{"action": [0.43228626251220703, -0.02359987050294876], "reward": 0.6728138068027949}