{"action": [0.13173244893550873, -0.021105825901031494], "reward": 0.6845282769999665}