{"action": [0.5409860610961914, -0.06484410166740417], "reward": 0.4293492233981271}