{"action": [0.699999988079071, -0.015103723853826523], "reward": 0.35734259362097676}