{"action": [0.5774064064025879, 0.010956812649965286], "reward": 0.3444448034771013}