{"action": [0.5156535506248474, 0.046578362584114075], "reward": 0.41169383069110727}