{"action": [0.642038881778717, 0.09530715644359589], "reward": 0.6783490964763301}