{"action": [0.699999988079071, -0.02899361029267311], "reward": -0.26528234286679425}