{"action": [0.6454910635948181, 0.0440916046500206], "reward": 0.6411804636383021}