{"action": [0.699999988079071, 0.07259448617696762], "reward": 0.615792993766338}