{"action": [0.699999988079071, 0.14271071553230286], "reward": 0.6846740012318211}