{"action": [0.6468285322189331, 0.119048573076725], "reward": 0.7151492890558337}