{"action": [0.699999988079071, 0.15861520171165466], "reward": 0.37688634031373947}