{"action": [0.699999988079071, 0.18513716757297516], "reward": 0.48930058524805087}