{"action": [0.3077039122581482, 0.10007242113351822], "reward": 0.8907863490344516}