{"action": [0.4675256013870239, 0.10992292314767838], "reward": 0.8631571864702822}