{"action": [0.6946684718132019, 0.06576090306043625], "reward": 0.6964642062272851}