{"action": [0.639574408531189, 0.02907666377723217], "reward": 0.7656746299379439}