{"action": [0.4706813097000122, 0.055231232196092606], "reward": 0.622346032051182}