{"action": [0.3093826174736023, 0.010327686555683613], "reward": 0.8487895374820694}