{"action": [0.40831875801086426, 0.007433540187776089], "reward": 0.803231290510783}