{"action": [0.12046711146831512, -0.004333625081926584], "reward": -0.35997403446599585}