{"action": [0.13822878897190094, -0.003613437060266733], "reward": -0.2989853836346375}