{"action": [0.5385421514511108, -0.005670472513884306], "reward": 0.740117768809735}