{"action": [0.5713156461715698, 0.800000011920929], "reward": 0.2315010713485553}