{"action": [0.26702815294265747, -0.0008380840299651027], "reward": 0.229635769399323}