{"action": [0.5775771141052246, 0.08061464130878448], "reward": 0.6342257301330919}