{"action": [0.696265697479248, 0.023317987099289894], "reward": 0.602193681986846}