{"action": [0.38022172451019287, -0.021180765703320503], "reward": 0.831134484833144}