{"action": [0.49908119440078735, -0.017253844067454338], "reward": 0.7712023941900998}