{"action": [0.637453556060791, -0.005507355555891991], "reward": 0.7264843098959975}