{"action": [0.699999988079071, 6.571549602085724e-05], "reward": 0.736810008290039}