{"action": [0.5539568066596985, 0.008993197232484818], "reward": 0.7721804032195216}