{"action": [0.4431174695491791, 0.01150648482143879], "reward": 0.8540612607187511}