{"action": [0.699999988079071, 0.0], "reward": 2.5147843156804433e-07}