{"action": [0.4337116777896881, -0.00027413098723627627], "reward": 0.9231257628990546}