{"action": [0.46081244945526123, -0.0004175374051555991], "reward": 0.9098244924598888}