{"action": [0.36094874143600464, -0.0008318967884406447], "reward": 0.9632349856325775}