{"action": [0.4960147440433502, 0.6454811692237854], "reward": 0.5988056405631809}