{"action": [0.699999988079071, 0.051101312041282654], "reward": 0.323335680519089}