{"action": [0.699999988079071, -0.057894062250852585], "reward": -0.5810204539732687}