{"action": [0.699999988079071, -0.02395913191139698], "reward": -0.29032519896765896}