{"action": [0.47222092747688293, 0.004309044219553471], "reward": 0.8677874306398231}