{"action": [0.699999988079071, 0.04761222377419472], "reward": -4.026908312576037}