{"action": [0.6495504975318909, 0.03986155986785889], "reward": -4.515959419105717}