{"action": [0.6264578700065613, 0.0657707080245018], "reward": -4.3296778686428325}