{"action": [0.6394851803779602, 0.08190879970788956], "reward": -4.122782174522137}