{"action": [0.5342962145805359, 0.02849198319017887], "reward": -5.073779125860968}