{"action": [0.5531542897224426, 0.03337212651968002], "reward": -5.108790934527519}