{"action": [0.542159378528595, -0.04550778120756149], "reward": 0.601486039038018}