{"action": [0.699999988079071, -0.0032408032566308975], "reward": 0.7314508894208598}