{"action": [0.699999988079071, -0.005036473274230957], "reward": 0.7221664587004027}