{"action": [0.699999988079071, -0.01002742163836956], "reward": 0.9173105200892052}