{"action": [0.699999988079071, -0.012260657735168934], "reward": 0.9059958129495574}