{"action": [0.699999988079071, -0.010109740309417248], "reward": 0.618141767050674}