{"action": [0.699999988079071, -0.01108456403017044], "reward": -0.11380342999138857}