{"action": [0.699999988079071, -0.0009207941475324333], "reward": -1.3965678590744197}