{"action": [0.699999988079071, 0.0020812274888157845], "reward": -2.0897887058497115}