{"action": [0.699999988079071, 0.013414551503956318], "reward": -2.6727530139573457}