{"action": [0.699999988079071, -0.016443150117993355], "reward": -3.214417237597764}