{"action": [0.699999988079071, -0.01798131689429283], "reward": -3.0740240481991106}