{"action": [0.009907566010951996, -0.04148805886507034], "reward": -4.9963486608087}