{"action": [0.5841552019119263, 0.058799028396606445], "reward": -4.689396840118475}