{"action": [0.6409304141998291, 0.06057770922780037], "reward": -4.00975633535888}