{"action": [0.5941691994667053, 0.046389952301979065], "reward": -4.701514275329716}