{"action": [0.699999988079071, -0.011006301268935204], "reward": 0.3318308928483172}