{"action": [0.5758055448532104, 0.046047572046518326], "reward": -4.941862412000977}