{"action": [0.6225206851959229, 0.08026421070098877], "reward": -3.894947141666983}