{"action": [0.6180175542831421, 0.06444200873374939], "reward": -3.881305309951852}