{"action": [0.6632607579231262, 0.036950670182704926], "reward": -3.6481631157738574}