{"action": [0.6541287899017334, 0.03711489588022232], "reward": -4.102838059981576}