{"action": [0.5865491032600403, 0.04837888106703758], "reward": -4.8567955240675005}