{"action": [0.08001160621643066, 0.0877041146159172], "reward": -3.1991641730690077}