{"action": [-0.06911367923021317, 0.08828450739383698], "reward": -3.846993930342216}