{"action": [0.24161756038665771, 0.05957818776369095], "reward": -2.5456814767436344}