{"action": [0.3021635115146637, 0.02871391735970974], "reward": -2.5683791184387195}