{"action": [0.2956118583679199, 0.03242328763008118], "reward": -2.5391274226773666}