{"action": [0.20624276995658875, 0.0038311148528009653], "reward": 0.8257715831763951}