{"action": [0.4797784686088562, -0.04811742901802063], "reward": 0.7583514265539476}