{"action": [0.458820641040802, -0.046837858855724335], "reward": 0.7565731427378074}