{"action": [0.4001542925834656, -0.04462846368551254], "reward": 0.7494840639526574}