{"action": [0.699999988079071, -0.048764076083898544], "reward": 0.6380373816466661}