{"action": [0.699999988079071, -0.03125104680657387], "reward": 0.6788911302632147}