{"action": [0.6847356557846069, -0.026742739602923393], "reward": 0.7145333267502559}