{"action": [0.6242510676383972, -0.02176818624138832], "reward": 0.7551153532797158}