{"action": [0.699999988079071, -0.0068980329670012], "reward": -1.9973961150797401}