{"action": [0.699999988079071, -0.003356530098244548], "reward": -0.8323377139976273}