{"action": [0.699999988079071, -0.0029435071628540754], "reward": -0.9485864107190048}