{"action": [0.699999988079071, -0.008785560727119446], "reward": -1.1748270449852525}