{"action": [0.699999988079071, -0.0012046917108818889], "reward": -1.3625752754272786}