{"action": [0.699999988079071, 0.006262479815632105], "reward": 0.5678181371249036}