{"action": [0.699999988079071, 0.008439591154456139], "reward": 0.9144809195753502}