{"action": [0.699999988079071, 0.0020116749219596386], "reward": 0.9248910371196188}