{"action": [0.699999988079071, 0.002917356789112091], "reward": 0.9195070654923408}