{"action": [0.699999988079071, 0.0005728930700570345], "reward": 0.7158113628180903}