{"action": [0.699999988079071, 0.08216778188943863], "reward": 0.554337214664182}