{"action": [0.699999988079071, 0.0009806683519855142], "reward": -0.11883952086692254}