{"action": [0.699999988079071, 0.07087034732103348], "reward": 0.5972669160847504}