{"action": [0.699999988079071, 0.05985833331942558], "reward": 0.6017104394513058}