{"action": [0.699999988079071, 0.0041643669828772545], "reward": 0.042298731973390444}