{"action": [0.699999988079071, 0.005178093910217285], "reward": 0.1006661059328948}