{"action": [0.699999988079071, 0.003504784544929862], "reward": -0.5934299916052457}