{"action": [0.699999988079071, 0.006457920651882887], "reward": -1.2897830722778596}