{"action": [0.699999988079071, 0.07370792329311371], "reward": -1.8548411093292752}