{"action": [0.699999988079071, 0.06614727526903152], "reward": -1.9849383280650212}