{"action": [0.699999988079071, 0.05505070090293884], "reward": -2.5367942564734975}