{"action": [0.699999988079071, 0.058186136186122894], "reward": -2.4293904730066003}