{"action": [0.699999988079071, 0.1123751848936081], "reward": -2.9812420696720663}