{"action": [0.699999988079071, 0.0035834056325256824], "reward": 0.6720493828549732}