{"action": [0.699999988079071, 0.010801838710904121], "reward": 0.8116506702553664}