{"action": [0.6995720267295837, 0.104063980281353], "reward": -3.633907479226979}