{"action": [0.6961921453475952, 0.12102124840021133], "reward": -3.1725333280918147}