{"action": [0.6417258381843567, 0.023284345865249634], "reward": -3.6755437030473943}