{"action": [0.699999988079071, -8.195138070732355e-05], "reward": 0.41230966773006317}