{"action": [0.699999988079071, 0.00014878326328471303], "reward": 0.4411139308900177}