{"action": [0.699999988079071, 0.0005422829417511821], "reward": 0.7116169029832967}