{"action": [0.699999988079071, -0.2879472076892853], "reward": 0.46754693313302054}