{"action": [0.6374190449714661, 0.01744825579226017], "reward": 0.7507587106648659}