{"action": [0.4441702663898468, 0.009386496618390083], "reward": 0.8585906569864648}