{"action": [0.6808203458786011, 0.006406009662896395], "reward": 0.7222401836477215}