{"action": [0.6342863440513611, 0.0062202089466154575], "reward": 0.7115961440133233}