{"action": [0.43935853242874146, 0.007451982237398624], "reward": 0.8518883138710532}