{"action": [0.5604214072227478, -0.00013161868264432997], "reward": 0.8261753086567676}