{"action": [0.5480072498321533, -0.006496739108115435], "reward": 0.81642279285888}