{"action": [0.5835564136505127, -0.011980314739048481], "reward": 0.8266735461888681}