{"action": [0.663703978061676, -0.012862487696111202], "reward": 0.7871469532335034}