{"action": [0.4588981866836548, -0.010171047411859035], "reward": 0.8754661544328571}