{"action": [-1.0, -0.800000011920929], "reward": 0.15531369137711354}