{"action": [0.699999988079071, 0.04090512916445732], "reward": 0.11232091464525003}