{"action": [0.699999988079071, -0.20864515006542206], "reward": 0.09858109058283188}