{"action": [0.4538307785987854, 0.014858781360089779], "reward": 0.7634124751851382}