{"action": [0.4485986828804016, -0.0036954497918486595], "reward": 0.8587160215677219}