{"action": [0.699999988079071, 0.00010714781092246994], "reward": 6.271313361137855e-06}