{"action": [0.699999988079071, 0.00010908329568337649], "reward": -1.0660802190695255e-05}