{"action": [0.699999988079071, 0.1583842784166336], "reward": 0.4909399378291751}