{"action": [0.46071553230285645, 0.23791182041168213], "reward": 0.7841759116258965}