{"action": [0.472442626953125, 0.2673129737377167], "reward": 0.7569221320920382}