{"action": [0.47158676385879517, 0.268728643655777], "reward": 0.7621238354584056}