{"action": [0.699999988079071, 0.4592830538749695], "reward": 0.40229120762591963}