{"action": [0.699999988079071, 0.40659937262535095], "reward": 0.4881980498602028}