{"action": [0.699999988079071, 0.4313318431377411], "reward": 0.43245459419924914}