{"action": [0.699999988079071, 0.17443251609802246], "reward": 0.38368264350803843}