{"action": [0.699999988079071, 0.0006825686432421207], "reward": 0.5846126519998442}