{"action": [0.699999988079071, 0.0006988684763200581], "reward": 0.6276338048732204}