{"action": [0.699999988079071, 0.0006475336849689484], "reward": 0.7312401358111897}