{"action": [0.699999988079071, 0.0004746854247059673], "reward": 0.6583759297413653}