{"action": [0.6698550581932068, 0.032397106289863586], "reward": 0.6958114156313582}