{"action": [0.619687020778656, 0.031431570649147034], "reward": 0.6857971689829504}