{"action": [0.5686101317405701, 0.024071194231510162], "reward": 0.8092979531126037}