{"action": [0.4505982995033264, 0.018640687689185143], "reward": 0.8581761401704898}