{"action": [0.4790973663330078, 0.012263821437954903], "reward": 0.8335960448471017}