{"action": [0.5335712432861328, 0.015902699902653694], "reward": 0.8013147410737557}