{"action": [0.5061929225921631, 0.007756228558719158], "reward": 0.8378471427256448}