{"action": [0.5103732347488403, 0.06914262473583221], "reward": 0.8004921464980052}