{"action": [0.6791627407073975, -0.06372617930173874], "reward": 0.6515894126262819}