{"action": [0.699999988079071, -0.02447657845914364], "reward": 0.5501428201514281}