{"action": [0.699999988079071, -0.028041182085871696], "reward": 0.5423753303574641}