{"action": [0.44166672229766846, -0.028226500377058983], "reward": 0.8296669468332033}