{"action": [0.504388689994812, -0.005342561285942793], "reward": 0.7350590400662302}