{"action": [0.6852017045021057, 0.0023560940753668547], "reward": 0.7572029915562702}