{"action": [0.699999988079071, 0.005112990736961365], "reward": 0.6992668483731042}