{"action": [0.6462999582290649, 0.0018044074531644583], "reward": 0.7920580455939212}