{"action": [0.699999988079071, 0.003631716361269355], "reward": 0.6468777811114457}