{"action": [0.699999988079071, 0.0021275049075484276], "reward": 0.7847952565690597}