{"action": [0.47975409030914307, 0.006653753109276295], "reward": 0.8770025231506972}