{"action": [0.6300010681152344, 0.16117329895496368], "reward": 0.6115782396943208}