{"action": [0.668848991394043, 0.22318385541439056], "reward": 0.6130770508435993}