{"action": [0.699999988079071, 0.2591888904571533], "reward": 0.5401915490084409}