{"action": [0.6308642625808716, 0.16555310785770416], "reward": 0.6818264468121404}