{"action": [0.43948233127593994, 0.13559384644031525], "reward": 0.7851587725947371}