{"action": [0.699999988079071, 0.24034519493579865], "reward": 0.44787857394205965}