{"action": [0.4564918279647827, 0.12649299204349518], "reward": 0.803793655026049}