{"action": [0.3608890175819397, -0.0006541752372868359], "reward": 0.9640335192395993}