{"action": [0.6510456800460815, 0.13013949990272522], "reward": 0.6650619412155452}