{"action": [0.5678201913833618, 0.11955981701612473], "reward": 0.6580795275527042}