{"action": [0.6316839456558228, 0.1302982121706009], "reward": 0.6517877855139913}