{"action": [0.46096187829971313, 0.12338278442621231], "reward": 0.7739876093390141}