{"action": [0.46984294056892395, 0.12450050562620163], "reward": 0.7722083131883946}