{"action": [0.49887239933013916, 0.12472603470087051], "reward": 0.7632799155006734}