{"action": [0.5797929167747498, 0.11110463738441467], "reward": 0.6678591357925666}