{"action": [0.46979379653930664, 0.11935508996248245], "reward": 0.7701927702044945}