{"action": [0.35840094089508057, -0.0008358751656487584], "reward": 0.9622320113605708}