{"action": [0.37973129749298096, -0.0011385736288502812], "reward": 0.9131754272518436}