{"action": [0.6557124257087708, -0.015338306315243244], "reward": 0.7425438534474884}