{"action": [0.6173644661903381, -0.01563403196632862], "reward": 0.7707766875336093}