{"action": [0.40882161259651184, -0.0012906333431601524], "reward": 0.916442162393564}