{"action": [0.699999988079071, -0.0005323506775312126], "reward": 0.41541054559972956}