{"action": [0.699999988079071, 0.0048004984855651855], "reward": 0.6159727221764908}