{"action": [0.699999988079071, -0.00010671907512005419], "reward": 0.5189275777113617}