{"action": [0.5358352065086365, -0.0049965232610702515], "reward": 0.8052531503300638}