{"action": [0.699999988079071, 0.0001928223791765049], "reward": 0.47806212911672413}