{"action": [0.4342806041240692, -0.0018868534825742245], "reward": 0.8843049320219686}