{"action": [0.45100992918014526, -0.010117556899785995], "reward": 0.8574773445385763}