{"action": [0.699999988079071, -0.2659946084022522], "reward": 0.5995972533183634}