{"action": [0.699999988079071, -0.3964484632015228], "reward": 0.2315341963269504}