{"action": [0.48183128237724304, -0.365906685590744], "reward": 0.7321114637967148}