{"action": [0.5391564965248108, -0.329895943403244], "reward": 0.5950346379984736}