{"action": [0.6348797082901001, -0.3532467782497406], "reward": 0.6440055258528948}