{"action": [0.47381800413131714, -0.2671332061290741], "reward": 0.7091276183866737}