{"action": [0.4574325680732727, -0.3207087218761444], "reward": 0.7486951942144567}