{"action": [0.699999988079071, 0.0], "reward": 7.593066119780681e-07}