{"action": [0.31969308853149414, 0.0013652653433382511], "reward": 0.9676961007162344}