{"action": [0.40983331203460693, 0.005935373716056347], "reward": 0.8919717863615373}