{"action": [0.699999988079071, -0.001064196927472949], "reward": 0.5874559935930587}