{"action": [0.6596014499664307, -0.016862373799085617], "reward": 0.8478205077010901}