{"action": [0.5669268369674683, -0.08590701967477798], "reward": 0.6391764684486297}