{"action": [0.699999988079071, -0.13110867142677307], "reward": 0.5009647918382499}