{"action": [0.3165246844291687, -0.06518471240997314], "reward": 0.8798646534034317}