{"action": [0.6519052386283875, -0.10071734338998795], "reward": 0.6569675442661174}