{"action": [0.6044783592224121, -0.08712170273065567], "reward": 0.7436729192468928}