{"action": [0.515065610408783, -0.06983893364667892], "reward": 0.8389727177079936}