{"action": [0.699999988079071, -0.08362195640802383], "reward": 0.7006796807993142}