{"action": [0.699999988079071, -0.1257508248090744], "reward": 0.5128483267994727}