{"action": [0.699999988079071, -0.10603120177984238], "reward": 0.5735260563569042}