{"action": [0.5710365772247314, -0.0725095123052597], "reward": 0.8025568606998655}