{"action": [0.699999988079071, -0.10105275362730026], "reward": 0.5996885325389226}