{"action": [0.699999988079071, -0.1531199812889099], "reward": 0.4542742078239601}