{"action": [0.49468696117401123, -0.060808777809143066], "reward": 0.8437594575427485}