{"action": [0.5860148072242737, -0.0544009804725647], "reward": 0.7154926513452718}