{"action": [0.45931777358055115, -0.05701707303524017], "reward": 0.7483855120413193}