{"action": [0.5057187676429749, 0.000896123587153852], "reward": 0.6082021178254643}