{"action": [0.2745572626590729, 0.1473715901374817], "reward": 0.7214952660911742}