{"action": [0.3972817659378052, -0.010944830253720284], "reward": 0.8247789636349032}