{"action": [0.5720747113227844, -0.0008221271564252675], "reward": 0.6918101254977865}