{"action": [0.699999988079071, -0.36686351895332336], "reward": 0.3583577931619075}