{"action": [0.699999988079071, -0.08365603536367416], "reward": 0.14352522153332964}