{"action": [0.699999988079071, -0.0019734243396669626], "reward": 0.20332245032895643}