{"action": [0.5092434287071228, 0.002511347411200404], "reward": 0.8563137472858984}