{"action": [-1.0, -0.0007607589941471815], "reward": -0.00011332384835208121}