{"action": [-1.0, -0.0007671969942748547], "reward": 0.0005507596903401992}