{"action": [-1.0, -0.0007559304940514266], "reward": -0.00011322688403570292}