{"action": [0.08350010216236115, -0.07869184762239456], "reward": 0.8702897243816925}