{"action": [0.249691441655159, -0.0020635463297367096], "reward": 0.5221360999303608}