{"action": [0.699999988079071, -0.02179558202624321], "reward": 0.40404736740551567}