{"action": [0.6544771790504456, -0.015124771744012833], "reward": 0.6295323772647243}