{"action": [0.699999988079071, -0.01889357715845108], "reward": 0.5865314800895819}