{"action": [0.027632752433419228, 0.046923160552978516], "reward": 0.8790443968161734}