{"action": [0.699999988079071, -0.001900288974866271], "reward": 0.5169088990517076}