{"action": [0.699999988079071, 0.03550826013088226], "reward": 0.5892874165237344}