{"action": [0.699999988079071, -0.028102539479732513], "reward": 0.4985458716791131}