{"action": [0.699999988079071, -0.08418024331331253], "reward": 0.5786161576567663}