{"action": [0.699999988079071, -0.06866583973169327], "reward": 0.6300856343915765}