{"action": [0.699999988079071, 0.0261288620531559], "reward": 0.733643216957512}