{"action": [0.699999988079071, 2.1651401766575873e-05], "reward": 0.6563265717684524}