{"action": [0.699999988079071, -0.0032963843550533056], "reward": 0.400410570493873}