{"action": [0.5442042350769043, -0.006092042196542025], "reward": 0.8409489646564203}