{"action": [0.699999988079071, -0.012526414357125759], "reward": 0.6619006021056246}