{"action": [0.699999988079071, -0.010248750448226929], "reward": 0.46146561713257744}