{"action": [0.44089946150779724, -0.0033109504729509354], "reward": 0.8832024537325526}