{"action": [0.6555961966514587, -0.014273934997618198], "reward": 0.7172656134906812}