{"action": [0.5995016694068909, 0.0037866609636694193], "reward": 0.8255122086647882}