{"action": [0.699999988079071, -0.002230995101854205], "reward": 0.7364791841485756}