{"action": [0.699999988079071, 0.000996211776509881], "reward": 0.5770344645671771}