{"action": [0.6277255415916443, -0.01155236829072237], "reward": 0.6973378813484232}