{"action": [0.41851806640625, -0.00474828016012907], "reward": 0.8433944338664796}