{"action": [0.699999988079071, 0.0010365842608734965], "reward": 0.759716819216557}