{"action": [0.6329628825187683, 0.0008708068053238094], "reward": 0.7766163240974122}