{"action": [0.32125046849250793, 0.0009347944869659841], "reward": 0.42889146732468625}