{"action": [0.699999988079071, -0.001328559359535575], "reward": 0.5203061749278314}