{"action": [0.5705697536468506, -1.1658430594252422e-05], "reward": 0.8533829492068008}