{"action": [0.699999988079071, -0.0009368126047775149], "reward": 0.33455079434011403}