{"action": [-1.0, 0.00012661433720495552], "reward": -1.8600361665390044e-05}