{"action": [0.5080264806747437, 0.0018328264122828841], "reward": 0.3926596548237435}