{"action": [0.6727250218391418, 0.2827741801738739], "reward": 0.3181036338626436}