{"action": [-1.0, 0.00012661433720495552], "reward": -1.7090247719190515e-05}