{"action": [0.28573089838027954, 0.0073189702816307545], "reward": 0.42297551281212337}