{"action": [0.3336794376373291, 0.09034211188554764], "reward": 0.5377720150726899}