{"action": [-1.0, 0.00012876033724751323], "reward": -1.897634444777417e-05}