{"action": [0.699999988079071, 0.00501772528514266], "reward": 0.5031353750091362}