{"action": [-1.0, 0.00012661433720495552], "reward": -1.896715400113376e-05}