{"action": [-1.0, 0.000125004822621122], "reward": -1.862919292651588e-05}