{"action": [0.699999988079071, 0.00012823808356188238], "reward": 0.006290291291358306}