{"action": [0.699999988079071, -0.005651645828038454], "reward": 0.6723047816317963}