{"action": [0.699999988079071, 0.00013075495371595025], "reward": 0.03550652455043963}