{"action": [-1.0, 0.00012661433720495552], "reward": -1.8897626079051353e-05}