{"action": [-1.0, 0.000125004822621122], "reward": -1.8666483993089994e-05}