{"action": [0.412085622549057, -0.00948184635490179], "reward": 0.5344124372543269}