{"action": [0.4092505872249603, -0.0054516540840268135], "reward": 0.42681097123032324}