{"action": [0.3435012996196747, -0.0047568646259605885], "reward": 0.47908000714412363}