{"action": [0.3860984146595001, -0.004866628907620907], "reward": 0.453190833878999}