{"action": [0.4525487422943115, -0.009445126168429852], "reward": 0.517545393658498}