{"action": [-1.0, 0.00023820663045626134], "reward": -3.5463060749372495e-05}