{"action": [-1.0, 0.00023820663045626134], "reward": -3.549501189657752e-05}