{"action": [0.008203953504562378, 0.002335971686989069], "reward": 0.9593622919628104}