{"action": [-1.0, 0.00023820663045626134], "reward": -3.570382640010368e-05}