{"action": [-1.0, 0.00023015910119283944], "reward": -3.4287125080961165e-05}