{"action": [-1.0, 0.00023015910119283944], "reward": -3.4259150927952284e-05}