{"action": [-1.0, 0.0002312321012141183], "reward": -3.462066659999688e-05}