{"action": [-1.0, 0.00023015910119283944], "reward": -3.4458642364865335e-05}