{"action": [-1.0, 0.00023015910119283944], "reward": -3.433768713362771e-05}