{"action": [0.5902000665664673, 0.004499177914112806], "reward": 0.8299379390144408}