{"action": [-1.0, 0.00023069560120347887], "reward": -3.456934114366759e-05}