{"action": [-1.0, 0.00023015910119283944], "reward": -3.450954642622125e-05}