{"action": [-1.0, 0.00023015910119283944], "reward": -3.428166718270491e-05}