{"action": [0.699999988079071, 0.004858703818172216], "reward": 0.44280017648766895}