{"action": [0.5398793816566467, 0.004863123409450054], "reward": 0.38714146286533374}