{"action": [0.5693876147270203, 0.004917595535516739], "reward": 0.40135192411274606}