{"action": [0.4782838225364685, 0.00038285827031359076], "reward": 0.8550564803146455}