{"action": [0.45446377992630005, 0.00043608504347503185], "reward": 0.859983963142118}