{"action": [0.25156185030937195, 0.004107770510017872], "reward": 0.4630710114413496}