{"action": [0.699999988079071, 0.018965231254696846], "reward": -0.0028362716683160245}