{"action": [-1.0, 0.00034818940912373364], "reward": -5.19059199427266e-05}