{"action": [-1.0, 0.0003079518210142851], "reward": -4.6159222816360085e-05}