{"action": [-1.0, 0.0003079518210142851], "reward": -4.6091671584653154e-05}