{"action": [-1.0, 0.0003079518210142851], "reward": -4.5892355836497245e-05}