{"action": [-1.0, 0.00025913017452694476], "reward": -3.463721310482735e-05}