{"action": [-1.0, 0.0002859552623704076], "reward": -2.3363759921879366e-05}