{"action": [-1.0, 0.00028917426243424416], "reward": -4.3283884907739585e-05}