{"action": [-1.0, 0.00028917426243424416], "reward": -4.3029816798541846e-05}