{"action": [-1.0, 0.0003079518210142851], "reward": -4.616689646645375e-05}