{"action": [-1.0, 0.00026127617456950247], "reward": -3.543904673599706e-05}