{"action": [-1.0, 0.00024410814512521029], "reward": -2.176736104395533e-05}