{"action": [0.699999988079071, -0.011016268283128738], "reward": 0.5999602948069157}