{"action": [-1.0, 0.00025913017452694476], "reward": -3.8652587524182546e-05}