{"action": [-1.0, 0.00028917426243424416], "reward": -4.1610152769987554e-05}