{"action": [-1.0, 0.00025913017452694476], "reward": -3.885256438826503e-05}