{"action": [-1.0, 0.00025913017452694476], "reward": -3.8825227306494484e-05}