{"action": [-1.0, 0.00028917426243424416], "reward": -4.323212686570333e-05}