{"action": [0.6032845973968506, 0.005945876240730286], "reward": 0.39731048830790766}