{"action": [0.699999988079071, -0.022406840696930885], "reward": 0.6421075861767018}