{"action": [0.6529019474983215, 0.005966908764094114], "reward": 0.37277930929453607}