{"action": [-1.0, 0.00026503170374780893], "reward": -3.73352393899565e-05}