{"action": [0.699999988079071, -7.006764462857973e-06], "reward": 0.39202413838920847}