{"action": [0.5930037498474121, 0.019264720380306244], "reward": 0.45914006302692106}