{"action": [0.699999988079071, 0.015165065415203571], "reward": 0.4180333490193553}