{"action": [-1.0, 0.00015397591050714254], "reward": -9.481054648441742e-06}