{"action": [0.30414730310440063, 0.005621784366667271], "reward": 0.4704677907440789}