{"action": [0.699999988079071, 0.00015826958406250924], "reward": 0.5144929504130373}