{"action": [0.699999988079071, -1.3615310308523476e-05], "reward": 0.6394361571376452}