{"action": [0.5159551501274109, 3.661411756183952e-05], "reward": 0.9103223911422302}