{"action": [0.699999988079071, -0.0010307753691449761], "reward": 0.7606980073042919}