{"action": [0.699999988079071, -0.0004444066435098648], "reward": 0.7065026480600647}