{"action": [0.699999988079071, -0.006591444369405508], "reward": 0.6284741580454029}