{"action": [0.699999988079071, -0.0003193154407199472], "reward": 0.7124290747822379}