{"action": [0.699999988079071, -0.003000805154442787], "reward": 0.607176800740804}