{"action": [0.699999988079071, -0.004950122907757759], "reward": 0.6084169013823338}