{"action": [0.6006444096565247, 0.012997016310691833], "reward": 0.8260882867428356}