{"action": [0.699999988079071, 0.009918623603880405], "reward": 0.46424258357719145}