{"action": [0.6563906669616699, 0.014904186129570007], "reward": 0.7389343361235653}