{"action": [0.6550646424293518, -0.0003538281307555735], "reward": 0.765448699774657}