{"action": [0.5077921152114868, -0.003483183914795518], "reward": 0.8090197649066975}