{"action": [0.699999988079071, 0.0013709687627851963], "reward": 0.6303401539307553}