{"action": [0.699999988079071, -6.175291491672397e-05], "reward": 0.7537007923622504}