{"action": [0.699999988079071, 0.0012867085170000792], "reward": 0.7618108559875018}