{"action": [0.43120077252388, 0.0019401501631364226], "reward": 0.8752504753245814}