{"action": [0.600659191608429, -0.0006216565379872918], "reward": 0.7853452374874417}