{"action": [0.5157299041748047, -0.2644530236721039], "reward": 0.550819518507294}