{"action": [0.3810771107673645, 0.0012154534924775362], "reward": 0.9324444668680972}