{"action": [0.3400942087173462, -0.009275254793465137], "reward": 0.9230403749646412}