{"action": [0.38963544368743896, 0.00217725383117795], "reward": 0.9299070707444669}