{"action": [0.38831138610839844, 0.0021945559419691563], "reward": 0.9304657064273969}