{"action": [0.43588176369667053, 4.100692240172066e-05], "reward": 0.8790082996053963}