{"action": [0.44398200511932373, 0.0016703441506251693], "reward": 0.8488969120947096}