{"action": [0.6015884280204773, -0.1573808789253235], "reward": 0.5391749689762904}