{"action": [0.5363269448280334, -0.006085688713937998], "reward": 0.7982016434676386}