{"action": [0.6534139513969421, -0.00812862440943718], "reward": 0.7643782186242737}