{"action": [0.4254658818244934, -0.005374128930270672], "reward": 0.8286705627001003}