{"action": [0.5243632197380066, -0.000354629271896556], "reward": 0.8103332850467878}