{"action": [0.41500014066696167, -0.00058064388576895], "reward": 0.8797055272849454}