{"action": [0.5616502165794373, 0.010400837287306786], "reward": 0.7405439325272356}