{"action": [0.47665509581565857, -0.05966527760028839], "reward": 0.7498850669852163}