{"action": [-1.0, 0.0017066110158339143], "reward": -0.00025576489684692985}