{"action": [-1.0, 0.0016867604572325945], "reward": -0.000137254176652135}