{"action": [-1.0, 0.0017495311331003904], "reward": -0.0002614444516725679}