{"action": [-1.0, 0.0017672356916591525], "reward": -0.00026482795943937314}