{"action": [0.4525834918022156, -0.010522975586354733], "reward": 0.8610449381012908}