{"action": [-1.0, 0.001792987692169845], "reward": -0.00026822185509622513}