{"action": [0.45404839515686035, -0.008663215674459934], "reward": 0.8608448342648575}