{"action": [0.4838244616985321, -0.017269788309931755], "reward": 0.8230189038350217}