{"action": [-1.0, 0.0017908416921272874], "reward": -0.0002475849874253293}