{"action": [-1.0, 0.001792987692169845], "reward": -0.000266297971958684}