{"action": [0.44943898916244507, -0.007085061632096767], "reward": 0.8612133512990628}