{"action": [-1.0, 0.0017919146921485662], "reward": -0.0002617615219971267}