{"action": [-1.0, 0.0017607975751161575], "reward": -0.000261760384566541}