{"action": [-1.0, 0.0017447025747969747], "reward": -0.00026131365166517435}