{"action": [0.699999988079071, 0.00176541181281209], "reward": 0.08617005210446593}