{"action": [0.16984006762504578, 0.0029769898392260075], "reward": 0.5162266090597027}