{"action": [0.699999988079071, 0.004085440654307604], "reward": 0.166529384260751}