{"action": [-1.0, 0.0016931984573602676], "reward": -0.00025380534792128473}