{"action": [0.699999988079071, 0.004019408952444792], "reward": 0.0004032497924880451}