{"action": [0.4467480182647705, -0.0025873216800391674], "reward": 0.8654854416668191}