{"action": [-1.0, 0.0017361185746267438], "reward": -0.00025969395364371615}