{"action": [-1.0, 0.0017624071333557367], "reward": -0.0002638016317148666}