{"action": [-1.0, 0.0017361185746267438], "reward": -0.0002601548284041179}