{"action": [0.699999988079071, -0.21304059028625488], "reward": 0.5714345999533651}