{"action": [0.699999988079071, -0.12841899693012238], "reward": 0.4718416545266186}