{"action": [0.699999988079071, -0.22015264630317688], "reward": 0.56818161520056}