{"action": [0.699999988079071, -0.06792604178190231], "reward": 0.3700879952798009}