{"action": [0.699999988079071, -0.11369868367910385], "reward": 0.43300765349297}