{"action": [0.447704553604126, 0.005992123391479254], "reward": 0.4205370860539698}