{"action": [0.699999988079071, -0.17726179957389832], "reward": 0.5830306034816497}