{"action": [0.699999988079071, 0.005717060063034296], "reward": 0.012630344186634132}