{"action": [0.19897082448005676, -0.0005669515230692923], "reward": 0.5112494885395892}