{"action": [0.699999988079071, 0.004651407711207867], "reward": 0.7275197214338367}