{"action": [0.40950077772140503, -0.0026638731360435486], "reward": 0.4320678200217155}