{"action": [0.699999988079071, 0.003984470386058092], "reward": 0.7824701399635792}