{"action": [0.3767366409301758, -0.002275153761729598], "reward": 0.4261056194343325}