{"action": [0.6231381893157959, -0.109937384724617], "reward": 0.6983937596718675}