{"action": [0.1271945685148239, -0.012717040255665779], "reward": 0.5284415532706238}