{"action": [0.699999988079071, -0.013384702615439892], "reward": 0.04886461754395111}