{"action": [0.699999988079071, 0.00810151919722557], "reward": -0.0012148989861510025}