{"action": [0.4604896903038025, -0.013788270764052868], "reward": 0.48970478930300054}