{"action": [0.699999988079071, -0.013225625269114971], "reward": 0.20992115210011758}