{"action": [0.699999988079071, -0.011122554540634155], "reward": 0.6678873052392721}