{"action": [0.699999988079071, 0.011557767167687416], "reward": 0.757855090956402}