{"action": [0.699999988079071, 0.02426946349442005], "reward": 0.7348878074801882}