{"action": [0.48003116250038147, 0.008404108695685863], "reward": 0.8408322237654234}