{"action": [0.670421302318573, -0.005923672579228878], "reward": 0.7291526187455504}