{"action": [0.6512465476989746, 7.068815648381133e-06], "reward": 0.7598197399990413}