{"action": [0.699999988079071, -3.90566565329209e-05], "reward": 0.70807973602825}