{"action": [0.699999988079071, 0.01617063581943512], "reward": 0.6077521165053028}