{"action": [0.6235542893409729, 0.002042797626927495], "reward": 0.7447339991915436}