{"action": [0.44689464569091797, 0.004982687998563051], "reward": 0.8569206211264054}