{"action": [0.699999988079071, 0.003440470201894641], "reward": 0.7362354126779183}