{"action": [0.5443304181098938, -0.2639954388141632], "reward": 0.711310609382449}