{"action": [0.46814829111099243, -0.0307917557656765], "reward": 0.8175283681771105}