{"action": [0.4647059440612793, -0.02707214653491974], "reward": 0.8316915179517482}