{"action": [0.699999988079071, 0.025773119181394577], "reward": 0.5402995508734207}