{"action": [0.4029242694377899, 2.8221846150700003e-05], "reward": 0.8645946902042572}