{"action": [0.46850401163101196, 5.944371423538541e-06], "reward": 0.619508014109852}