{"action": [0.32504308223724365, 0.0028291235212236643], "reward": 0.42551216841497663}