{"action": [0.4730014204978943, -0.0006587757379747927], "reward": 0.8337150875009519}