{"action": [0.43581706285476685, -0.0013973669847473502], "reward": 0.885111098916986}