{"action": [0.06768080592155457, 0.0026225512847304344], "reward": 0.48141204689033773}