{"action": [0.4821926951408386, -2.1263540475047193e-05], "reward": 0.8902822271009051}