{"action": [0.29148876667022705, 0.016335483640432358], "reward": 0.454753371865031}