{"action": [0.6157004237174988, 0.0001288802013732493], "reward": 0.8272494409478195}