{"action": [0.5314266085624695, -0.0019563562236726284], "reward": 0.8299387720508605}