{"action": [0.4680304527282715, -0.034613002091646194], "reward": 0.8424330668963664}