{"action": [0.37866804003715515, -0.303188681602478], "reward": 0.7626304915982359}