{"action": [0.4489099979400635, -0.24533140659332275], "reward": -0.03679971098899841}