{"action": [0.4365829825401306, 0.0012021709699183702], "reward": 0.912144659357771}