{"action": [0.699999988079071, 0.0030512583907693624], "reward": 0.5136276287866233}