{"action": [0.4971849322319031, 0.004430836997926235], "reward": 0.45307701134708395}