{"action": [-1.0, 0.007426252588629723], "reward": -0.001113854655344322}