{"action": [0.699999988079071, 6.630415009567514e-05], "reward": 0.6348330579376423}