{"action": [0.699999988079071, 0.0008345439564436674], "reward": 0.7854476141394301}