{"action": [0.699999988079071, 0.00469411863014102], "reward": 0.4885505392777642}