{"action": [-1.0, 0.007421960588544607], "reward": -0.001113071038880392}