{"action": [0.6955367922782898, 0.0035018858034163713], "reward": 0.532793978042774}