{"action": [-1.0, 0.007404256146401167], "reward": -0.0011105245879133865}