{"action": [0.699999988079071, 0.0006072361138649285], "reward": 0.425729117231614}