{"action": [-1.0, 0.0005799580249004066], "reward": 3.146847498844035e-05}