{"action": [0.699999988079071, 6.857442349428311e-05], "reward": 0.7141656573066308}