{"action": [0.522114098072052, -0.000394893460907042], "reward": 0.8448608464465798}