{"action": [0.583868145942688, -0.62191241979599], "reward": 0.5854745376059408}