{"action": [0.699999988079071, 0.0030925911851227283], "reward": 0.375577439782454}