{"action": [0.4757814109325409, 0.01727726124227047], "reward": 0.7921373643375685}