{"action": [0.699999988079071, -0.800000011920929], "reward": 0.3999284662470171}