{"action": [0.6321954727172852, 0.02187144197523594], "reward": 0.8007636888067587}