{"action": [0.5576886534690857, 0.008453654125332832], "reward": 0.7664746718486968}