{"action": [0.6778948307037354, -0.07751161605119705], "reward": 0.6593864570679614}