{"action": [0.46327638626098633, -0.2525741159915924], "reward": 0.6847328175347296}