{"action": [0.699999988079071, -0.055377062410116196], "reward": 0.4907100570868796}