{"action": [0.5482291579246521, -0.2751050293445587], "reward": -0.041265754401683806}