{"action": [0.48764821887016296, 0.0006220758077688515], "reward": 0.892028866355649}