{"action": [0.5201506614685059, 0.0009571066475473344], "reward": 0.811292238396586}