{"action": [0.33575326204299927, -0.3144119679927826], "reward": 0.74274176989246}