{"action": [0.699999988079071, 0.00023098051315173507], "reward": 0.7196770295288988}