{"action": [0.6521040797233582, -0.07469820976257324], "reward": 0.623022748628043}