{"action": [0.45858293771743774, 0.006261860951781273], "reward": 0.8737455102121744}