{"action": [0.699999988079071, 0.0009653950110077858], "reward": 0.20127284365620324}