{"action": [0.699999988079071, -0.011201269924640656], "reward": 0.5978077493898817}