{"action": [0.38851702213287354, 0.016622498631477356], "reward": 0.44272793342265326}