{"action": [0.369520366191864, -0.008622375316917896], "reward": 0.8366805263566507}