{"action": [-1.0, 0.017553789541125298], "reward": -0.0026327693090572356}