{"action": [0.21502886712551117, 0.016316819936037064], "reward": 0.3993942383506049}