{"action": [0.699999988079071, 0.01608571968972683], "reward": 0.4090705611703535}