{"action": [0.694790244102478, 0.013959973119199276], "reward": 0.30918549048186084}