{"action": [0.699999988079071, -0.0001894208835437894], "reward": 0.6971092293787359}