{"action": [0.699999988079071, 0.0037500401958823204], "reward": -0.00016997285039399064}