{"action": [0.4664202034473419, -5.4368436394724995e-05], "reward": 0.8940223766860993}