{"action": [0.6493465304374695, 0.0086818253621459], "reward": 0.7866700466944285}