{"action": [0.699999988079071, 0.014236298389732838], "reward": 0.593261228786072}