{"action": [0.699999988079071, 0.003724888898432255], "reward": -5.900439617608291e-05}