{"action": [0.699999988079071, 0.006835362873971462], "reward": 0.4859022379484457}