{"action": [0.699999988079071, 0.004026706796139479], "reward": 0.005717834530365686}