{"action": [0.699999988079071, 0.021374903619289398], "reward": 0.4523244497087785}