{"action": [0.699999988079071, 0.003324379911646247], "reward": 0.41481055253647564}