{"action": [0.699999988079071, -8.883708505891263e-05], "reward": 0.7047610348195814}