{"action": [0.3642115592956543, -0.0037685309071093798], "reward": 0.909920357811281}