{"action": [0.23943005502223969, -0.08817323297262192], "reward": 0.31580718800673857}