{"action": [0.5559504628181458, -0.0769210234284401], "reward": 0.37895065748029316}