{"action": [0.13192486763000488, -0.0967344418168068], "reward": 0.3921156930833095}