{"action": [0.06673901528120041, 0.016276882961392403], "reward": 0.47464016065965114}