{"action": [0.5079504251480103, 0.0029278206638991833], "reward": 0.6906187738423144}