{"action": [0.4173189699649811, -0.06452383100986481], "reward": 0.414837367547916}