{"action": [0.5142837762832642, -0.005217014811933041], "reward": 0.6177116417462584}