{"action": [0.5076847076416016, 0.004040177911520004], "reward": 0.7216243476636461}