{"action": [0.699999988079071, 0.004007256589829922], "reward": 0.4618822399437342}