{"action": [0.699999988079071, 0.0008201885502785444], "reward": 0.19759250517238688}