{"action": [0.699999988079071, -0.0008806568221189082], "reward": 0.9712928222184297}