{"action": [0.699999988079071, 0.000584096007514745], "reward": 0.3810213321710057}