{"action": [0.699999988079071, 0.0006901961169205606], "reward": 0.8118724818352008}