{"action": [0.5308951735496521, 0.014849916100502014], "reward": 0.4004183455834716}