{"action": [0.699999988079071, 0.002702586119994521], "reward": 0.5426784395935491}