{"action": [0.5313826203346252, 0.006360765080899], "reward": 0.44082021882192235}