{"action": [0.699999988079071, -0.00025704537983983755], "reward": -3.8967893126818423}