{"action": [0.699999988079071, -0.00015000617713667452], "reward": -3.7292941274913884}