{"action": [0.699999988079071, -0.0003920364542864263], "reward": -4.066184802083847}