{"action": [0.699999988079071, -0.00398174487054348], "reward": -0.5010695768762538}