{"action": [0.6018693447113037, 0.0037344254087656736], "reward": -5.397015359366195}