{"action": [-1.0, -0.00020512031915131956], "reward": 0.7809826149774401}