{"action": [0.699999988079071, 0.028089510276913643], "reward": -1.0495115147811653}