{"action": [0.5925881862640381, 0.033274248242378235], "reward": -4.307036478791309}