{"action": [0.6413410902023315, -0.009354990907013416], "reward": -4.499347468154562}