{"action": [0.5718926787376404, 0.013953400775790215], "reward": -4.435365747305317}