{"action": [0.6037715077400208, 0.0037881091702729464], "reward": -5.190253759034777}