{"action": [0.5056949853897095, 0.0002484964206814766], "reward": -5.980643479139871}