{"action": [0.5505504012107849, 0.0002174647815991193], "reward": -6.023989720649736}