{"action": [0.6153819561004639, 0.0025925608351826668], "reward": -4.8562927872026815}