{"action": [0.5168192386627197, 0.0033287224359810352], "reward": -5.60984944114076}