{"action": [0.656854510307312, 0.011911947280168533], "reward": -3.8858301057070994}