{"action": [0.48836657404899597, -0.20854432880878448], "reward": 0.5255884940222464}