{"action": [0.699999988079071, -0.38076162338256836], "reward": 0.4653694781737818}