{"action": [0.3567008376121521, -0.05934152007102966], "reward": 0.8097168068902998}