{"action": [-0.4129748046398163, -0.007686236407607794], "reward": 0.4374429234427292}