{"action": [0.699999988079071, 0.008819354698061943], "reward": 0.4836676697974969}