{"action": [-1.0, -0.000330484879668802], "reward": -4.948326021774587e-05}