{"action": [0.4079524278640747, 2.047061934717931e-05], "reward": 0.41507294278663814}