{"action": [-1.0, -0.000330484879668802], "reward": -4.944104402104147e-05}