{"action": [0.699999988079071, 0.0038439962081611156], "reward": 0.9415779732730789}