{"action": [0.699999988079071, 0.00842196587473154], "reward": 0.5040222037683721}