{"action": [0.1344318687915802, 0.0012546388898044825], "reward": 0.48571912170222015}