{"action": [-1.0, -0.00355807738378644], "reward": -0.000521635912828235}