{"action": [-1.0, -0.00032458335044793785], "reward": -4.836423523074273e-05}