{"action": [-1.0, -0.00032833885052241385], "reward": -4.912088240208476e-05}