{"action": [-1.0, -0.00032458335044793785], "reward": -4.83183325959402e-05}