{"action": [0.2962513864040375, -0.0030915774405002594], "reward": 0.4529164004712087}