{"action": [0.699999988079071, -0.0016568392748013139], "reward": 0.2714906002188995}