{"action": [0.699999988079071, -0.0003869959036819637], "reward": 0.2911660305769786}