{"action": [-1.0, -0.0003278023505117744], "reward": -4.902414737761576e-05}