{"action": [0.2855534851551056, -0.004498863127082586], "reward": 0.41987295731283913}