{"action": [-1.0, -0.000330484879668802], "reward": -4.9242238477891935e-05}