{"action": [-1.0, -0.000330484879668802], "reward": -4.928240261973415e-05}