{"action": [-1.0, -0.006823761388659477], "reward": -0.0010232956865735311}