{"action": [-1.0, -0.006813568063080311], "reward": -0.0010219277853082973}