{"action": [-1.0, -0.006811958272010088], "reward": -0.0010217443465964332}