{"action": [0.3479621112346649, -0.006737527437508106], "reward": 0.4469826087339457}