{"action": [0.699999988079071, -0.014691323041915894], "reward": 0.309015672769662}