{"action": [0.699999988079071, -0.006865443661808968], "reward": 0.018488714970930444}