{"action": [0.699999988079071, -0.00759941665455699], "reward": 0.2701043037417815}