{"action": [-1.0, -0.006792644504457712], "reward": -0.001018811095369176}