{"action": [-1.0, -0.0068087391555309296], "reward": -0.0010211686612363916}