{"action": [0.699999988079071, 2.5320062491118733e-07], "reward": 0.9376282332205769}