{"action": [-1.0, 0.0015333209885284305], "reward": -0.00022993846103117266}