{"action": [0.699999988079071, -0.0046859546564519405], "reward": 0.6056272955539791}