{"action": [0.5337045192718506, -0.0007130377925932407], "reward": 0.831862950902576}