{"action": [0.699999988079071, 0.003679380752146244], "reward": 0.6019378536054855}