{"action": [0.6206462979316711, 4.57432288385462e-05], "reward": 0.6875451899893432}