{"action": [0.699999988079071, -0.004830983933061361], "reward": 0.7219619938038394}