{"action": [0.5506775975227356, -0.0066383881494402885], "reward": 0.8015660492767204}