{"action": [0.37784549593925476, 0.002413262613117695], "reward": 0.8042487593992853}