{"action": [0.48178309202194214, -0.007491150870919228], "reward": 0.8284982420869634}