{"action": [0.699999988079071, 0.09062213450670242], "reward": -0.013574584965612979}