{"action": [0.699999988079071, 0.09009814262390137], "reward": -0.013514647197003076}