{"action": [0.5293349623680115, -0.006675980519503355], "reward": 0.8435075075942078}