{"action": [0.699999988079071, 0.0012743505649268627], "reward": 0.6694351685388495}