{"action": [0.32670342922210693, 0.004146873950958252], "reward": 0.9476747539464866}