{"action": [0.06459701806306839, 0.08763977140188217], "reward": 0.45869226273195346}