{"action": [0.3988005518913269, 0.003877597860991955], "reward": 0.8967046772484298}