{"action": [0.699999988079071, 0.009302053600549698], "reward": 0.6516529163505758}