{"action": [0.4417738914489746, 0.00012045229959767312], "reward": 0.9067682415307904}