{"action": [0.47286587953567505, -1.3626862710225396e-05], "reward": 0.9407642942566262}