{"action": [0.4101319909095764, 0.3001421093940735], "reward": 0.6837251711014636}