{"action": [0.699999988079071, 0.011665456928312778], "reward": 0.5876740824169769}