{"action": [0.699999988079071, 0.0008364857640117407], "reward": 0.6912132168330584}