{"action": [0.699999988079071, 0.07916838675737381], "reward": 0.4855009715179849}