{"action": [0.60589998960495, 0.004095516633242369], "reward": 0.8240137916313001}