{"action": [0.6060428023338318, -0.0025078868493437767], "reward": 0.8177798006254412}