{"action": [0.46230432391166687, 0.0030689991544932127], "reward": 0.7472056350747073}