{"action": [0.4532359540462494, 0.007925625890493393], "reward": 0.7601547564625772}