{"action": [0.4031302332878113, 0.009324279613792896], "reward": 0.7631060447897754}