{"action": [0.699999988079071, 0.26795631647109985], "reward": 0.6118034205281405}