{"action": [0.699999988079071, -0.002823401242494583], "reward": 0.27543927173460153}