{"action": [-0.7739320397377014, 9.230762952938676e-05], "reward": 0.6315632097445879}