{"action": [0.6107626557350159, 0.008439920842647552], "reward": 0.7545524883883645}