{"action": [0.699999988079071, -0.0004830709658563137], "reward": 0.12788562134150663}