{"action": [0.3956032395362854, 0.00018694813479669392], "reward": 0.9788587712697824}