{"action": [-0.629771888256073, -0.0004714212554972619], "reward": 0.2267343893464015}