{"action": [0.699999988079071, 0.0019783794414252043], "reward": 0.5269133873881753}