{"action": [0.699999988079071, -0.00025520985946059227], "reward": 0.3567539048750112}