{"action": [0.6094776391983032, -0.004724105820059776], "reward": 0.8103860389497545}