{"action": [-1.0, -0.010457995347678661], "reward": -0.0015686555415354523}