{"action": [-1.0, -0.0029657797422260046], "reward": -0.0004197577512109866}