{"action": [-1.0, -0.002996360417455435], "reward": -0.0004493092150875973}