{"action": [-1.0, -0.002877257065847516], "reward": -0.00028199318777776645}