{"action": [0.699999988079071, -0.0024474961683154106], "reward": 0.46783655116167694}