{"action": [0.5922850370407104, 4.6610793447143806e-08], "reward": 0.8869219155897644}