{"action": [0.699999988079071, 0.001429159427061677], "reward": 0.69226017153704}