{"action": [0.699999988079071, 0.00043637340422719717], "reward": 0.712632292855096}