{"action": [0.699999988079071, 0.0011587999761104584], "reward": 0.6458026087687756}