{"action": [0.699999988079071, 0.000222643677261658], "reward": -1.0946289487211203}