{"action": [0.699999988079071, 0.00022777837875764817], "reward": 0.7207177869904912}