{"action": [0.5204522013664246, 0.014209894463419914], "reward": 0.8584052274882485}