{"action": [0.699999988079071, 0.003552644047886133], "reward": 0.6385226508091304}