{"action": [0.40337783098220825, -0.0006145080551505089], "reward": 0.9392048460205881}