{"action": [0.699999988079071, 0.0029465577099472284], "reward": 0.7715779763314181}