{"action": [0.699999988079071, 0.004122499376535416], "reward": 0.6875874874309119}