{"action": [0.5715593695640564, -2.053707794402726e-05], "reward": 0.7782846721147727}