{"action": [0.667833149433136, -3.283470869064331e-05], "reward": 0.7191349810489815}