{"action": [0.3199459910392761, -0.0015368207823485136], "reward": 0.9130860671897033}