{"action": [0.699999988079071, 0.00852486677467823], "reward": 0.421608316033277}