{"action": [0.699999988079071, 0.005753267556428909], "reward": 0.6069845720640301}