{"action": [0.699999988079071, 0.0005796673358418047], "reward": 0.5873939161525891}