{"action": [0.2942689061164856, -0.0008329993579536676], "reward": 0.9537568642041309}