{"action": [0.3996044099330902, -0.004105291794985533], "reward": 0.9086682375098585}