{"action": [0.699999988079071, 0.0002799730864353478], "reward": 0.4042088819139036}