{"action": [0.699999988079071, 2.5268793251598254e-05], "reward": 0.36286472693633964}