{"action": [0.4293895363807678, -0.004617653787136078], "reward": 0.8993819094727448}