{"action": [0.508537769317627, 0.407620370388031], "reward": 0.7090636014690869}