{"action": [0.5788835287094116, 0.800000011920929], "reward": 0.4903768208205361}