{"action": [0.67367023229599, -0.005428490228950977], "reward": 0.6838753204807343}