{"action": [0.3161851763725281, -0.005419110879302025], "reward": 0.9172183015356454}