{"action": [0.699999988079071, -0.007422653026878834], "reward": -1.1381132144966462}