{"action": [0.6554781198501587, 0.022962354123592377], "reward": 0.7355277091898118}