{"action": [0.5049159526824951, 0.011970501393079758], "reward": 0.7327515344906413}