{"action": [0.699999988079071, -0.023130450397729874], "reward": 0.47065343717548286}