{"action": [0.6841474771499634, 0.028697218745946884], "reward": 0.7019538766959621}