{"action": [0.3933503031730652, -0.002097509801387787], "reward": 0.9196553118543299}