{"action": [0.699999988079071, 0.06510960310697556], "reward": -0.009592562805036777}