{"action": [0.699999988079071, 0.06711374223232269], "reward": -0.010062718483183438}