{"action": [0.37893569469451904, -0.004386744927614927], "reward": 0.9354677768231628}