{"action": [0.699999988079071, 0.06445344537496567], "reward": -0.0057999460777647584}