{"action": [0.37310177087783813, -0.0027145431376993656], "reward": 0.9284618225097341}