{"action": [0.2664906680583954, -0.003707695286720991], "reward": 0.9359270134676958}