{"action": [0.699999988079071, 0.0605253167450428], "reward": 0.42991078434226554}