{"action": [0.699999988079071, 0.06471733748912811], "reward": -0.008744457209521564}