{"action": [0.699999988079071, 0.0712076798081398], "reward": 0.01765139148330918}