{"action": [0.330069899559021, -0.008788748644292355], "reward": 0.9273456910041906}