{"action": [0.13925763964653015, -0.0005765153327956796], "reward": 0.4844532238924142}