{"action": [0.699999988079071, -0.027971282601356506], "reward": 0.24353604177945637}