{"action": [0.699999988079071, -0.01501138973981142], "reward": -1.2067795855162038}