{"action": [0.32473045587539673, -1.9163533579558134e-05], "reward": 0.4550623641397996}