{"action": [0.04435550048947334, -0.0176275335252285], "reward": 0.5044150117333477}