{"action": [0.650705873966217, 5.484707799041644e-09], "reward": 0.3967428775668816}