{"action": [-1.0, 0.0002602031745482236], "reward": -3.730734224548136e-05}