{"action": [0.06061263009905815, -0.015532532706856728], "reward": 0.5023322981352838}