{"action": [-1.0, 0.0002602031745482236], "reward": -3.377628763522248e-05}