{"action": [0.699999988079071, -0.013208944350481033], "reward": 0.3817977164687777}