{"action": [0.32928571105003357, 2.43890899582766e-05], "reward": 0.4610726020745284}