{"action": [0.699999988079071, 0.00026453446480445564], "reward": 0.06996002541681039}