{"action": [0.699999988079071, -0.011554189957678318], "reward": -1.1099238502855675}