{"action": [-1.0, 0.007036752533167601], "reward": -0.0010552958549157473}