{"action": [0.699999988079071, -0.0032163229770958424], "reward": -1.4963826983456798}