{"action": [-1.0, 0.007058212533593178], "reward": -0.0010561272371258658}