{"action": [0.699999988079071, 0.001987924799323082], "reward": -1.510760112770445}