{"action": [-1.0, 0.007058748975396156], "reward": -0.0010561912977926813}