{"action": [0.6814749240875244, -0.004951817449182272], "reward": 0.7074356046913108}