{"action": [-1.0, 0.007136005442589521], "reward": -0.0010632859032675144}