{"action": [0.6779021620750427, -0.009934485889971256], "reward": 0.7330247718605539}