{"action": [0.36440378427505493, 0.02294875681400299], "reward": 0.8418182505051939}