{"action": [0.4582734704017639, 0.800000011920929], "reward": 0.4079529301937413}