{"action": [0.5175127387046814, 0.4005541503429413], "reward": 0.6064632468550286}