{"action": [0.699999988079071, -0.02285744436085224], "reward": 0.6979503013850693}