{"action": [0.699999988079071, 0.0034468169324100018], "reward": 0.7651391573488734}