{"action": [0.5046699047088623, 0.003027145052328706], "reward": 0.8772467697337284}