{"action": [0.28099384903907776, 0.0016313360538333654], "reward": 0.964337332255762}