{"action": [0.4467860460281372, -0.00456366129219532], "reward": 0.8949330533683413}