{"action": [0.29314565658569336, 0.0008400640217587352], "reward": 0.9724531179441926}