{"action": [0.460465669631958, -0.004951854702085257], "reward": 0.8805141268993509}