{"action": [0.5335085391998291, -0.005462815053761005], "reward": 0.8336206101020853}