{"action": [0.36985790729522705, -0.0030881979037076235], "reward": 0.9192977505228231}