{"action": [0.5200253129005432, 4.755288318847306e-05], "reward": 0.8395548734478563}