{"action": [0.43037182092666626, -0.0007197580416686833], "reward": 0.8926204060299953}