{"action": [0.551674485206604, 0.00010984057007590309], "reward": 0.8609424059697705}