{"action": [0.357088565826416, 0.0003868604835588485], "reward": 0.8211305537225306}