{"action": [0.699999988079071, 0.011812395416200161], "reward": 0.3009012472314604}