{"action": [0.699999988079071, 0.0030891026835888624], "reward": 0.5618920061299292}