{"action": [0.6222104430198669, 0.001367051969282329], "reward": 0.8093165291466684}