{"action": [0.15012267231941223, 0.006623162887990475], "reward": 0.4945684502308117}