{"action": [0.699999988079071, 0.0008918311796151102], "reward": 0.7368198934991349}