{"action": [0.699999988079071, 0.004767321515828371], "reward": 0.3417135155508387}