{"action": [0.4142621159553528, 0.00679418258368969], "reward": 0.35848902946352057}