{"action": [0.699999988079071, -0.0006974649732001126], "reward": 0.4558550925253072}