{"action": [0.40978968143463135, 0.0009395371307618916], "reward": 0.39376350542194294}