{"action": [0.699999988079071, -0.00013273704098537564], "reward": 0.3177221873231021}