{"action": [0.699999988079071, 0.004913792014122009], "reward": 0.3939370502118997}