{"action": [0.699999988079071, -0.00028945415397174656], "reward": 0.45601877393633206}