{"action": [0.699999988079071, -0.00034208237775601447], "reward": 0.2682539271470021}