{"action": [0.3482641875743866, -0.00847530085593462], "reward": 0.8250240276610967}