{"action": [0.48008888959884644, 0.0063200220465660095], "reward": 0.8526263557276114}