{"action": [0.40685880184173584, 0.003741246648132801], "reward": 0.9127077569268802}