{"action": [0.44041574001312256, -0.00927059818059206], "reward": 0.8780119650359882}