{"action": [0.45460447669029236, 0.006498632952570915], "reward": 0.8680813217429778}