{"action": [0.423977255821228, 0.00018180275219492614], "reward": 0.9096816036277716}