{"action": [0.36177465319633484, 0.0021463504526764154], "reward": 0.9330754863631424}