{"action": [-1.0, 0.0023251972161233425], "reward": -0.0003450378592651321}