{"action": [0.429482638835907, -0.00011068358435295522], "reward": 0.8824569432305068}