{"action": [0.5343305468559265, 9.950406365533127e-07], "reward": 0.811868020234591}