{"action": [0.4740949869155884, -0.008564356714487076], "reward": 0.8544750272436842}