{"action": [0.4324103593826294, -0.0002815662301145494], "reward": 0.8841173925297003}