{"action": [0.07621510326862335, -0.00918840803205967], "reward": 0.7068597532346244}