{"action": [0.699999988079071, -0.012690442614257336], "reward": 0.6613382026523226}