{"action": [0.49136316776275635, -1.1599085780744645e-07], "reward": 0.9110770431568808}