{"action": [0.699999988079071, -0.013048658147454262], "reward": 0.5901069123494337}