{"action": [0.1988811194896698, 0.014845280908048153], "reward": 0.46462776330565564}