{"action": [0.6778384447097778, -0.000488260411657393], "reward": 0.7709038234987796}