{"action": [0.15748529136180878, -0.01086456049233675], "reward": 0.49898583337258556}