{"action": [0.699999988079071, -0.01163982879370451], "reward": 0.6168864736819242}