{"action": [0.699999988079071, -0.013035725802183151], "reward": 0.6152862250920151}