{"action": [0.6794125437736511, -0.0006452236557379365], "reward": 0.7391290044561721}