{"action": [-0.42290985584259033, 0.010494677349925041], "reward": 0.48718505875759116}