{"action": [0.28558287024497986, 0.002354581607505679], "reward": 0.47255316975154266}