{"action": [0.5268185138702393, -1.7215611478604842e-06], "reward": 0.8868759175062562}