{"action": [-1.0, -0.006250241305679083], "reward": -0.0009374468470322321}