{"action": [0.699999988079071, -0.0016883325297385454], "reward": 0.4217967314889706}