{"action": [-1.0, -0.006259361747652292], "reward": -0.0009386661519496464}