{"action": [-1.0, -0.006246485747396946], "reward": -0.0009366514188991878}