{"action": [-1.0, -0.0062459493055939674], "reward": -0.000936636952800158}