{"action": [-1.0, -0.005152559373527765], "reward": 0.3511556702940882}