{"action": [-1.0, -0.0062566795386374], "reward": -0.0009382375424687253}