{"action": [0.12755173444747925, -0.0003980206383857876], "reward": 0.4865312893944856}