{"action": [0.242996484041214, -0.021325228735804558], "reward": 0.46070169771599984}