{"action": [0.19848430156707764, -0.0007790034869685769], "reward": 0.4695480067353673}