{"action": [-1.0, -0.006250777747482061], "reward": -0.0009375466479771376}