{"action": [0.6800064444541931, -0.007347273640334606], "reward": 0.37952445896455644}