{"action": [0.2812456786632538, -0.0241085197776556], "reward": 0.4573819078091337}