{"action": [0.699999988079071, -0.006260052789002657], "reward": 0.007098318942003349}