{"action": [0.5100021362304688, -0.013729384168982506], "reward": 0.4000132207506252}