{"action": [0.699999988079071, -0.16125233471393585], "reward": 0.4118698658552645}