{"action": [0.33890485763549805, 0.00039003731217235327], "reward": 0.4823516320376031}