{"action": [-1.0, -0.0004050585557706654], "reward": 0.27791233912863317}