{"action": [0.699999988079071, -0.0022975979372859], "reward": 0.3552997337980308}