{"action": [0.4759260416030884, -0.0015893912641331553], "reward": 0.42158503565495187}