{"action": [0.2167925387620926, 0.0011031669564545155], "reward": 0.4778265463052787}