{"action": [0.4546457529067993, -0.09493541717529297], "reward": 0.6912466412315196}