{"action": [0.5114321708679199, -0.019781000912189484], "reward": 0.7968343927209884}