{"action": [0.4073055684566498, -0.008791512809693813], "reward": 0.8529679984957286}