{"action": [0.5248298048973083, -0.16217225790023804], "reward": 0.5686369340736633}