{"action": [0.35923516750335693, 0.0046890368685126305], "reward": 0.44220376085078744}