{"action": [0.4426742494106293, -0.0016245234292000532], "reward": 0.8680699191078896}