{"action": [0.43206703662872314, -0.06749164313077927], "reward": 0.7502760831592957}