{"action": [0.3659260869026184, -0.004233398009091616], "reward": 0.8758694714022999}