{"action": [0.699999988079071, 0.008633780293166637], "reward": 0.4887621013577768}