{"action": [-1.0, 0.0097739826887846], "reward": -0.0014592724653768763}