{"action": [0.699999988079071, 0.006178437732160091], "reward": 0.512585044492152}