{"action": [-1.0, 0.009785785339772701], "reward": -0.0014676250613304622}