{"action": [-1.0, 0.009798125363886356], "reward": -0.0014695121893943503}