{"action": [-1.0, 0.009778274223208427], "reward": -0.0014666934159075994}