{"action": [-1.0, 0.009776128455996513], "reward": -0.001466341783565961}