{"action": [-1.0, 0.009776664897799492], "reward": -0.0014663861959538706}