{"action": [-1.0, 0.009452618658542633], "reward": -0.0014177322130397372}