{"action": [-1.0, 0.009451008401811123], "reward": -0.0014174799690735659}