{"action": [0.699999988079071, 1.2539803719846532e-05], "reward": 0.5631479943766882}