{"action": [0.39603373408317566, -0.2952354848384857], "reward": -0.044285322725772854}