{"action": [0.699999988079071, -0.5503784418106079], "reward": 0.6117303466246661}