{"action": [0.699999988079071, 0.013295586220920086], "reward": 0.3574937321333623}