{"action": [0.4513436555862427, 0.002485135802999139], "reward": 0.845409363392455}