{"action": [0.699999988079071, -0.08739633113145828], "reward": -0.011866642471713982}