{"action": [0.699999988079071, -0.08342541754245758], "reward": -0.012420917392160958}