{"action": [0.39577341079711914, 0.00590157276019454], "reward": 0.8906045084625327}