{"action": [0.699999988079071, -0.08554384112358093], "reward": -0.007474361377365901}