{"action": [0.49828606843948364, -0.00010323796595912427], "reward": 0.8265976863676161}