{"action": [0.6162726283073425, -0.002540899906307459], "reward": 0.6875975980193986}