{"action": [0.44346940517425537, -0.008000786416232586], "reward": 0.8676129213793266}