{"action": [0.5513895153999329, -0.01297627855092287], "reward": 0.8205550597253318}