{"action": [0.4260924458503723, -0.006882262881845236], "reward": 0.8806550003830145}