{"action": [0.5272226929664612, 0.000653033668641001], "reward": 0.8437197534366081}