{"action": [0.429856538772583, 0.00029103673296049237], "reward": 0.9146847854573587}