{"action": [0.5272724032402039, -0.10152862221002579], "reward": 0.6937475572582456}