{"action": [-1.0, 0.01288300845772028], "reward": -0.0019320903988743266}