{"action": [0.5764302015304565, 0.03017714060842991], "reward": 0.7599491744643567}