{"action": [-1.0, 0.01288300845772028], "reward": -0.001931983153900968}