{"action": [0.6309141516685486, 0.018764076754450798], "reward": 0.680175271621085}