{"action": [-1.0, 0.012887836433947086], "reward": -0.0019324483921093838}