{"action": [0.6306331157684326, 0.03150564432144165], "reward": 0.7259022534981839}