{"action": [-1.0, 0.012869595550000668], "reward": -0.001463402906856665}