{"action": [-1.0, 0.012910369783639908], "reward": -0.0019363348606012331}