{"action": [-1.0, 0.012880326248705387], "reward": -0.0019318496675317688}