{"action": [0.5796620845794678, -0.006248785182833672], "reward": 0.7931284084193464}