{"action": [-1.0, 0.012916271574795246], "reward": -0.0019368634184536288}