{"action": [0.40922731161117554, -0.0019199961097911], "reward": 0.8816135456789322}