{"action": [-1.0, 0.012951680459082127], "reward": -0.0019404114432505677}