{"action": [-1.0, 0.012942023575305939], "reward": -0.001941300559623772}