{"action": [0.4748119115829468, -7.833973359083757e-05], "reward": 0.8688364787364224}