{"action": [0.22489416599273682, -0.00047623287537135184], "reward": 0.46778816872074835}