{"action": [-0.030307603999972343, -0.0074037816375494], "reward": 0.5021267340327435}