{"action": [0.3978782296180725, 4.2623301851563156e-05], "reward": 0.9152043199120411}