{"action": [0.2682139575481415, -0.012361525557935238], "reward": 0.46105645896020314}