{"action": [0.699999988079071, -0.0053799208253622055], "reward": 0.5418430716411581}