{"action": [0.699999988079071, -0.014009562321007252], "reward": 0.3940348706854785}