{"action": [0.5243762135505676, 0.25526973605155945], "reward": 0.4573308062733001}