{"action": [0.6363353729248047, 0.0015831859782338142], "reward": 0.7099483874691362}