{"action": [0.6133033037185669, 0.2699456214904785], "reward": 0.48608038514133556}