{"action": [0.5718967914581299, 8.724469080334529e-05], "reward": 0.7588901024708681}