{"action": [0.6843673586845398, 0.800000011920929], "reward": 0.5302615701051153}