{"action": [0.42224928736686707, 0.00989681575447321], "reward": 0.863288821821331}