{"action": [0.4920656979084015, 0.0013066387036815286], "reward": 0.8741223880568847}