{"action": [0.6159108877182007, -0.0040678116492927074], "reward": 0.7263771079807976}