{"action": [0.5145516395568848, -0.02008562721312046], "reward": 0.8138822200482885}