{"action": [0.4773397743701935, -0.004377895966172218], "reward": 0.7967442652841896}