{"action": [0.5596705079078674, -0.013335827738046646], "reward": 0.7772949013825053}