{"action": [0.5272310376167297, -0.002206602366641164], "reward": 0.8689854564286194}