{"action": [0.3897154629230499, 0.0025698968674987555], "reward": 0.928108469208009}