{"action": [0.46542486548423767, 0.001595017616637051], "reward": 0.8265661590555851}