{"action": [0.4037153124809265, 0.010838521644473076], "reward": 0.8828547554857028}