{"action": [0.39537155628204346, 0.010203550569713116], "reward": 0.8902362766275135}