{"action": [0.699999988079071, 0.03543791174888611], "reward": 0.8127473598352031}