{"action": [0.699999988079071, 0.004144743550568819], "reward": 0.5318985843118765}