{"action": [-1.0, 0.0035511411260813475], "reward": 0.8346923142647481}