{"action": [0.5036486983299255, 0.0106898732483387], "reward": 0.8055491102215029}