{"action": [0.2606509029865265, 0.0001771284732967615], "reward": 0.4635500014966548}