{"action": [0.32516413927078247, -0.000282883585896343], "reward": 0.44149729338150817}