{"action": [-1.0, -0.002288178540766239], "reward": -0.00034064030041005243}