{"action": [0.2848224341869354, 0.00041796130244620144], "reward": 0.45778297991785655}