{"action": [-1.0, -0.0022876420989632607], "reward": -0.0003417416842705468}