{"action": [0.12515217065811157, 0.0010885876836255193], "reward": 0.4622438710758052}