{"action": [-1.0, -0.002288178540766239], "reward": -0.00033946797783446773}