{"action": [0.4234112501144409, -0.0032093592453747988], "reward": 0.8678847820875407}