{"action": [0.699999988079071, -0.002730487147346139], "reward": 0.7101027124232373}