{"action": [0.6968290209770203, -0.002647720742970705], "reward": 0.7889113998882479}