{"action": [0.6158343553543091, -0.010729094035923481], "reward": 0.7973687056049512}