{"action": [0.699999988079071, -0.0034916717559099197], "reward": 0.45307981130984537}