{"action": [0.699999988079071, -0.007196355145424604], "reward": 0.527683814496333}