{"action": [0.6547005772590637, -0.01070772297680378], "reward": 0.697991071436623}