{"action": [0.699999988079071, -0.0022900665644556284], "reward": 0.0030421619698445964}