{"action": [0.4996585547924042, 0.04477374628186226], "reward": 0.7593568373493886}