{"action": [0.38759058713912964, -0.006995584815740585], "reward": 0.896095181062935}