{"action": [0.6795270442962646, -0.0002547214680816978], "reward": 0.7332935156136681}