{"action": [0.5122019052505493, -0.0019165200646966696], "reward": 0.843274028978065}