{"action": [0.3899490237236023, -0.005550895351916552], "reward": 0.9022715004206289}