{"action": [0.5799156427383423, 0.800000011920929], "reward": 0.17581528000576935}