{"action": [0.5352683067321777, 0.0012300364905968308], "reward": 0.7970767752787287}