{"action": [0.699999988079071, 0.0074079385958611965], "reward": 0.745662782761163}