{"action": [0.699999988079071, -0.006694800686091185], "reward": 0.677918218193263}