{"action": [0.699999988079071, 0.007036206778138876], "reward": 0.6194055831214895}