{"action": [0.5426891446113586, 0.0016803992912173271], "reward": 0.8096877305927241}