{"action": [0.3905460834503174, 0.006961650215089321], "reward": 0.9031993075166411}