{"action": [0.39337360858917236, 0.007042849436402321], "reward": 0.9030298168087673}