{"action": [-1.0, -0.016316616907715797], "reward": -0.0024471544527118454}