{"action": [0.699999988079071, -0.0003327570448163897], "reward": 0.7397863730159872}