{"action": [0.39942342042922974, -0.0037293999921530485], "reward": 0.9009297764948777}