{"action": [0.3320417106151581, -0.0039572762325406075], "reward": 0.9365718836078805}