{"action": [0.6436566114425659, -0.0012021317379549146], "reward": 0.7550828714958479}