{"action": [0.699999988079071, 0.004457645118236542], "reward": 0.30760637184926337}