{"action": [0.4870977997779846, -0.2946915328502655], "reward": 0.7151425181694228}