{"action": [0.699999988079071, -0.0038965819403529167], "reward": 0.5289402480571354}