{"action": [0.35002124309539795, -0.2349049150943756], "reward": 0.7120397251337682}