{"action": [0.3408888578414917, -0.2410089373588562], "reward": -0.03615134060382843}