{"action": [0.4968513250350952, -0.800000011920929], "reward": -0.12000000178813934}