{"action": [0.3443443179130554, -7.657892274437472e-05], "reward": 0.9549114489914201}