{"action": [0.699999988079071, -0.010191642679274082], "reward": 0.6879953942522616}