{"action": [0.6817153096199036, -0.009011355228722095], "reward": 0.7811161823763977}