{"action": [0.4977521598339081, 4.560239176498726e-05], "reward": 0.8736885672596494}