{"action": [0.45322325825691223, -0.001467346679419279], "reward": 0.8509864385390447}