{"action": [0.49014046788215637, -0.0005307890824042261], "reward": 0.8965902949893879}