{"action": [0.6226372718811035, -0.021832527592778206], "reward": 0.7319014176984947}