{"action": [0.699999988079071, 0.013816336169838905], "reward": 0.44964125986455716}