{"action": [0.4338960349559784, 0.0006844555609859526], "reward": 0.8997045602985444}