{"action": [0.4678399860858917, 0.0014828175771981478], "reward": 0.45490903468546867}