{"action": [0.699999988079071, -0.004144201520830393], "reward": 0.4096151631504895}