{"action": [0.699999988079071, -0.0062198820523917675], "reward": 0.49473207897392146}