{"action": [0.699999988079071, -0.0017849404830485582], "reward": 0.6867153692507563}