{"action": [-1.0, 0.006986812222748995], "reward": 0.7112431543588777}