{"action": [0.3585197329521179, 0.004047376569360495], "reward": 0.41722832888275757}