{"action": [0.5147709846496582, -0.004540677182376385], "reward": 0.8458372450166306}