{"action": [0.6228650808334351, 0.06883213669061661], "reward": 0.7485549954614634}