{"action": [0.699999988079071, 0.001777056255377829], "reward": 0.6490705832519084}