{"action": [0.699999988079071, 0.5031053423881531], "reward": 0.55713317295129}