{"action": [0.699999988079071, -0.0016001132316887379], "reward": 0.6768680170179389}