{"action": [0.699999988079071, 0.004282557405531406], "reward": 0.5695474185504582}