{"action": [0.699999988079071, -0.0028748740442097187], "reward": 0.6358599455527641}