{"action": [0.49406999349594116, -0.00682996679097414], "reward": 0.8219258240159772}