{"action": [0.6698465943336487, 0.0017253815894946456], "reward": 0.7965999892713821}