{"action": [0.2810751795768738, 0.0029811023268848658], "reward": 0.46800501579348525}