{"action": [0.2632405459880829, 0.002620399696752429], "reward": 0.47328032631139133}