{"action": [-1.0, 0.0034534595906734467], "reward": -0.0005152481526850751}