{"action": [0.699999988079071, -0.024659467861056328], "reward": 0.43243308541698594}