{"action": [0.699999988079071, 0.0019246634328737855], "reward": 0.7140900771135904}