{"action": [-1.0, 0.0034497040323913097], "reward": -0.00043705628140633715}