{"action": [-1.0, 0.003453996032476425], "reward": -0.000518002940832181}