{"action": [0.66848224401474, 0.0019581264350563288], "reward": 0.7395736768473864}