{"action": [0.699999988079071, 0.0004755845002364367], "reward": 0.0009590215125964893}