{"action": [0.699999988079071, 0.006948948837816715], "reward": 0.28934403376970774}