{"action": [0.699999988079071, -0.0030119752045720816], "reward": 0.7697214234962786}