{"action": [0.699999988079071, -0.0038556326180696487], "reward": 0.647172570126347}