{"action": [0.50461345911026, -0.002241338836029172], "reward": 0.8287940814122022}