{"action": [0.6097469329833984, 0.800000011920929], "reward": 0.02984809761028727}