{"action": [0.699999988079071, -0.0036908171605318785], "reward": 0.6093901442803557}