{"action": [0.699999988079071, -0.011715248227119446], "reward": 0.4323899387049079}