{"action": [0.2525392770767212, 0.0025245866272598505], "reward": 0.45292780095145635}