{"action": [-1.0, 0.003941139206290245], "reward": -0.0005651495919388442}