{"action": [-1.0, 0.003945967648178339], "reward": -0.0005917243351258157}