{"action": [0.699999988079071, 0.003804018022492528], "reward": 0.22523936534962702}