{"action": [0.699999988079071, 0.0030014512594789267], "reward": 0.06913699958030242}