{"action": [0.699999988079071, 0.005848119966685772], "reward": 0.20055034211484257}