{"action": [0.46528738737106323, 0.0074738189578056335], "reward": 0.3987320028377236}