{"action": [0.3254891335964203, 0.008558767847716808], "reward": 0.46558332330104635}