{"action": [0.26553040742874146, 0.009023383259773254], "reward": 0.46959638725493574}