{"action": [0.2890416979789734, 0.009153150022029877], "reward": 0.4642488326913886}