{"action": [0.35852041840553284, 0.003741610562428832], "reward": 0.4754781688329455}