{"action": [0.3091275095939636, 0.007297924254089594], "reward": 0.4855636531361022}