{"action": [0.2393236756324768, 0.0018535911804065108], "reward": 0.5114484749926013}