{"action": [0.699999988079071, -0.0005792125593870878], "reward": 0.3632971049265557}