{"action": [0.699999988079071, 0.0027242936193943024], "reward": 0.26460106461376764}