{"action": [0.25160908699035645, -0.0018662085058167577], "reward": 0.48382299308671844}