{"action": [0.699999988079071, -0.04049065709114075], "reward": 0.4773767403874055}