{"action": [0.699999988079071, -0.14462043344974518], "reward": 0.5941972932282478}