{"action": [0.699999988079071, -0.29734042286872864], "reward": 0.42782744748610785}