{"action": [0.699999988079071, -0.24862655997276306], "reward": 0.4726996478057598}