{"action": [0.5356540679931641, 0.0012604204239323735], "reward": 0.9555901285304237}