{"action": [0.5076211094856262, -0.013608590699732304], "reward": 0.8190320474184762}