{"action": [0.45992693305015564, -0.006830295547842979], "reward": 0.8902581807576085}