{"action": [0.39958637952804565, -0.005845991428941488], "reward": 0.9099937645197981}