{"action": [0.29113370180130005, -0.00697766337543726], "reward": 0.9319941116232983}