{"action": [0.699999988079071, -0.0018889392958953977], "reward": 0.5683148644455144}