{"action": [0.699999988079071, 0.00026107783196493983], "reward": 0.3635432645412605}