{"action": [0.41973114013671875, 0.0047878725454211235], "reward": 0.8998548167620055}