{"action": [0.699999988079071, 0.0009838269324973226], "reward": 0.5499507969212218}