{"action": [0.0604509674012661, 0.000731979904230684], "reward": 0.5684691566129979}