{"action": [0.07504688948392868, 0.00043305332656018436], "reward": 0.5051387987487543}