{"action": [0.2479577362537384, 0.0016029342077672482], "reward": 0.4758066124475316}