{"action": [-0.0989486575126648, 0.0009622839279472828], "reward": 0.5202864697024548}