{"action": [0.44964367151260376, 0.0036205006763339043], "reward": 0.8886375059965096}