{"action": [0.44968748092651367, 0.0031915418803691864], "reward": 0.8885748137966246}