{"action": [-1.0, 0.0023863583337515593], "reward": -0.00035043492971077684}