{"action": [-1.0, 0.0023863583337515593], "reward": -0.00035605920032830406}