{"action": [-1.0, 0.0023767012171447277], "reward": -0.00035088373174831436}