{"action": [-1.0, 0.0023788472171872854], "reward": -0.0003559708857762283}