{"action": [0.699999988079071, 0.0024350180756300688], "reward": 0.1902672376246777}