{"action": [-1.0, 0.0019979311618953943], "reward": 0.3556292323714428}