{"action": [0.5435324907302856, 0.002766116987913847], "reward": 0.8514343680042521}