{"action": [-1.0, 0.002041387837380171], "reward": 0.0025717192805079624}