{"action": [0.699999988079071, 0.0020539844408631325], "reward": 0.42602806417925804}