{"action": [0.699999988079071, 0.0021088048815727234], "reward": 0.3795433861892849}