{"action": [0.699999988079071, 6.775653309887275e-05], "reward": 0.6096587283601663}