{"action": [0.699999988079071, -2.1062136511318386e-05], "reward": 0.004013689675450703}