{"action": [0.699999988079071, -2.0997047613491304e-05], "reward": 0.002119224253589187}