{"action": [0.5843252539634705, 0.5247629284858704], "reward": 0.5043059646238737}