{"action": [0.5548531413078308, 0.800000011920929], "reward": 0.16167149757535892}