{"action": [0.5771759748458862, 0.004508942365646362], "reward": 0.8233609704251735}