{"action": [0.33483150601387024, 0.05908239260315895], "reward": 0.7918073306563533}