{"action": [0.555147111415863, -0.0019395459676161408], "reward": 0.7919901390566373}