{"action": [0.699999988079071, -0.013041801750659943], "reward": 0.14853232784135176}