{"action": [0.699999988079071, -0.013772116042673588], "reward": 0.0005899724819059264}