{"action": [0.699999988079071, -0.012917201034724712], "reward": 0.29505343381074556}