{"action": [0.699999988079071, -0.0008525064331479371], "reward": 0.7099407265959334}