{"action": [0.699999988079071, 0.2773205041885376], "reward": 0.27380291107883403}