{"action": [0.699999988079071, 0.33998313546180725], "reward": 0.4224428876344773}