{"action": [-1.0, 0.4465612471103668], "reward": -0.06441970614768931}