{"action": [0.699999988079071, -0.00045393890468403697], "reward": 0.7301348528787257}