{"action": [-1.0, 0.44608697295188904], "reward": -0.052903005164885025}