{"action": [0.699999988079071, 0.4488297402858734], "reward": -0.06342459498997492}