{"action": [0.699999988079071, 0.4298102855682373], "reward": -0.058592181743419056}