{"action": [0.699999988079071, 0.4054209291934967], "reward": 0.2429557661746959}