{"action": [0.699999988079071, 0.3384783864021301], "reward": 0.33875071348502017}