{"action": [0.699999988079071, 0.3548653721809387], "reward": 0.2886531626503446}