{"action": [0.4438072443008423, -0.0019724967423826456], "reward": 0.8963598970737718}