{"action": [0.699999988079071, 0.1294202357530594], "reward": 0.6039045820371111}