{"action": [0.6455951929092407, 0.021004416048526764], "reward": 0.7529659021644441}