{"action": [0.4932507872581482, -0.0037749893963336945], "reward": 0.7952958226696687}