{"action": [0.33818307518959045, -0.001839732052758336], "reward": 0.9226299792854138}