{"action": [0.5238189697265625, -0.01246593426913023], "reward": 0.8363946668851133}