{"action": [0.5254009962081909, -1.8234186427434906e-05], "reward": 0.8010661156456804}