{"action": [0.3601345121860504, -0.011371191591024399], "reward": 0.8953540456337612}