{"action": [0.2998582720756531, -0.00507721584290266], "reward": 0.9248431309893176}