{"action": [0.5274344086647034, 0.006522153504192829], "reward": 0.7786901581559528}