{"action": [0.27433672547340393, 0.009053859859704971], "reward": 0.7969652781131737}