{"action": [0.699999988079071, 0.005645593628287315], "reward": 0.5915611658727602}