{"action": [0.3694569170475006, -0.0007420664769597352], "reward": 0.9248503003266766}