{"action": [0.47185540199279785, -0.2423676997423172], "reward": 0.7313373001781169}