{"action": [0.38646990060806274, -3.691684833029285e-05], "reward": 0.9273032659993857}