{"action": [0.26941806077957153, 0.001889716600999236], "reward": 0.9619278955419759}