{"action": [0.2631301283836365, 0.0016479594632983208], "reward": 0.9639141589862991}