{"action": [0.6463486552238464, 2.1619736799038947e-05], "reward": 0.8233407791849913}