{"action": [0.42611148953437805, 0.16841116547584534], "reward": 0.7131017448827287}