{"action": [0.3618101477622986, 0.6001412272453308], "reward": 0.44411208714124983}