{"action": [0.48162057995796204, 0.800000011920929], "reward": 0.38093474196552907}