{"action": [0.5844128727912903, 0.384467750787735], "reward": 0.45912501999919}