{"action": [0.366687148809433, -0.01363365538418293], "reward": 0.8715197108548686}