{"action": [0.5180087089538574, -0.006434240378439426], "reward": 0.7649629792244697}