{"action": [0.6470658779144287, -0.1846977025270462], "reward": 0.37865244489808214}