{"action": [0.5302184224128723, -0.15593677759170532], "reward": 0.424202290749486}