{"action": [0.5464766621589661, -0.01795043610036373], "reward": 0.7877209120511649}