{"action": [0.5215662717819214, -0.04512593895196915], "reward": 0.6748327295567972}