{"action": [0.699999988079071, 0.05609466880559921], "reward": 0.412865991195212}