{"action": [0.5404044985771179, -0.03735175356268883], "reward": 0.6992908938240074}