{"action": [0.3506341278553009, -0.0023136420641094446], "reward": 0.9394986446702778}