{"action": [0.699999988079071, 0.0032632197253406048], "reward": 0.6024742136295161}