{"action": [0.699999988079071, 0.0037809403147548437], "reward": 0.6049539959022453}