{"action": [0.699999988079071, 0.005136396270245314], "reward": 0.6370540524421906}