{"action": [-0.09048042446374893, -0.007463309448212385], "reward": 0.4731510302775141}