{"action": [0.699999988079071, -0.008051792159676552], "reward": 0.6391785726685575}