{"action": [0.699999988079071, -0.011305357329547405], "reward": 0.42881090796788235}