{"action": [0.699999988079071, -5.011397661291994e-05], "reward": 0.4161738568995554}