{"action": [0.4108774662017822, 0.003730924567207694], "reward": 0.8979621442480901}