{"action": [0.47169727087020874, -0.006461713928729296], "reward": 0.8166907765934761}