{"action": [0.699999988079071, -0.024130482226610184], "reward": 0.6862826008948126}