{"action": [0.699999988079071, -0.40908345580101013], "reward": 0.2960343551552228}