{"action": [0.699999988079071, -0.5723767280578613], "reward": 0.2442626118895334}