{"action": [0.699999988079071, -0.6364830732345581], "reward": 0.2759614279063278}