{"action": [-0.7367560863494873, 0.01261191163212061], "reward": 0.7659658958567497}