{"action": [0.699999988079071, 0.021741438657045364], "reward": 0.6751613674719904}