{"action": [0.699999988079071, 0.017642328515648842], "reward": 0.4837339325450451}