{"action": [0.699999988079071, 0.0017098450334742665], "reward": 0.6201576723730793}