{"action": [0.699999988079071, 0.0029112647753208876], "reward": 0.6202029578767115}