{"action": [0.699999988079071, 0.002012731274589896], "reward": 0.6202185254611927}