{"action": [0.699999988079071, 0.0038274480029940605], "reward": 0.5962138901869785}