{"action": [0.45338404178619385, -5.561042780755088e-05], "reward": 0.8906144175806308}