{"action": [0.6577874422073364, -0.00028159128851257265], "reward": 0.7273365216703684}