{"action": [0.47971612215042114, -0.309640109539032], "reward": 0.7568037596492704}