{"action": [0.3823959231376648, -0.24724523723125458], "reward": 0.4784254003044636}