{"action": [0.6461489200592041, -0.07179344445466995], "reward": 0.6319277126236414}