{"action": [0.4523879289627075, -0.037147607654333115], "reward": 0.8327529640294851}