{"action": [0.3753412663936615, 1.8592774722492322e-05], "reward": 0.8482665840332266}