{"action": [0.699999988079071, 0.010588083416223526], "reward": 0.7255460336281}