{"action": [0.6388174891471863, 0.011052130721509457], "reward": 0.7577426348871731}