{"action": [0.38191330432891846, 0.008041063323616982], "reward": 0.8875400717891395}