{"action": [0.699999988079071, 0.00023665493063163012], "reward": 0.7249068487288713}