{"action": [0.699999988079071, 0.005548371933400631], "reward": 0.6574142142350978}