{"action": [0.6406029462814331, -0.0051074279472231865], "reward": 0.7758061496681699}