{"action": [0.390485554933548, -0.004578698426485062], "reward": 0.9027636083896339}