{"action": [0.3546121418476105, -0.006365595851093531], "reward": 0.8314408409649003}