{"action": [0.699999988079071, -0.004335382953286171], "reward": 0.6282454456522443}