{"action": [0.699999988079071, -0.0015479994472116232], "reward": 0.6055398249298724}