{"action": [0.699999988079071, -0.0039462740533053875], "reward": 0.5900588452518155}