{"action": [0.699999988079071, -1.8466112123860512e-06], "reward": 0.6638260224577676}