{"action": [0.4165029227733612, 0.016132285818457603], "reward": 0.784056102048806}