{"action": [0.6136782765388489, -0.002600596286356449], "reward": 0.836375364055446}