{"action": [0.699999988079071, 0.030904559418559074], "reward": 0.3683379732286538}