{"action": [0.699999988079071, -0.0008817465859465301], "reward": 0.6258772135314739}