{"action": [0.699999988079071, 0.0016829310916364193], "reward": 0.7018261569237819}