{"action": [0.4156312644481659, 0.00578631367534399], "reward": 0.904733574564613}