{"action": [0.4403252899646759, 0.01551431231200695], "reward": 0.7930896028305947}