{"action": [0.36409926414489746, 0.007455012295395136], "reward": 0.9199498358358916}