{"action": [0.3380126357078552, 0.004411637783050537], "reward": 0.9243268175736391}