{"action": [0.5600990056991577, -0.005088089033961296], "reward": 0.8333985911547405}