{"action": [0.4769126772880554, -0.0008878824301064014], "reward": 0.8873827062843787}