{"action": [0.3684844374656677, 0.000635824806522578], "reward": 0.8759039226422035}