{"action": [0.459576278924942, -0.00030783467809669673], "reward": 0.8564903891343388}