{"action": [0.34768903255462646, -0.0015976730501279235], "reward": 0.9380765894487885}