{"action": [0.39076733589172363, -0.022987475618720055], "reward": 0.737751553847187}