{"action": [0.699999988079071, 0.006699446123093367], "reward": 0.7233294453198627}