{"action": [0.5134933590888977, -0.005040858872234821], "reward": 0.8560624468410604}