{"action": [0.699999988079071, 0.005077870562672615], "reward": 0.7629825951561573}