{"action": [0.41462844610214233, 0.0032795961014926434], "reward": 0.9013025222870786}