{"action": [0.38023263216018677, 0.006076365243643522], "reward": 0.419350366679542}