{"action": [-1.0, 0.009407015517354012], "reward": 0.03440270475153984}