{"action": [-1.0, 0.009067947044968605], "reward": -0.00043835166829696195}