{"action": [0.44766008853912354, -0.17224252223968506], "reward": 0.7238039295912964}