{"action": [0.4529206156730652, -0.1871703714132309], "reward": 0.6957550554047703}