{"action": [-1.0, 0.009100137278437614], "reward": -0.001364924546728116}