{"action": [0.699999988079071, 0.00834162998944521], "reward": 0.44637258236308064}