{"action": [0.4484221339225769, -0.21817360818386078], "reward": 0.6298756379976359}