{"action": [0.4482218623161316, -0.23773883283138275], "reward": 0.6293171171387755}