{"action": [0.3329617977142334, 0.005995567422360182], "reward": 0.6734310169694562}