{"action": [0.44910484552383423, -0.23385705053806305], "reward": 0.5981937218974834}