{"action": [0.6562906503677368, 0.0021863472647964954], "reward": 0.5121487635254631}