{"action": [0.4484752416610718, -0.21615123748779297], "reward": 0.5861806449260435}