{"action": [-0.21924805641174316, 0.0010423555504530668], "reward": 0.5592766767017543}