{"action": [0.699999988079071, 0.0036640437319874763], "reward": 0.6903361623205675}