{"action": [0.6354849338531494, 0.47229719161987305], "reward": 0.6908941290994949}