{"action": [0.5822851657867432, 0.04982755705714226], "reward": 0.5911005045061805}