{"action": [0.3550208806991577, 0.05590778961777687], "reward": 0.7637573814770442}