{"action": [0.699999988079071, 0.04984085261821747], "reward": 0.5851734718650302}