{"action": [0.699999988079071, 0.030541781336069107], "reward": 0.21125314572981913}