{"action": [0.699999988079071, -0.01160341128706932], "reward": 0.7475787033590637}