{"action": [0.699999988079071, -0.005567802116274834], "reward": 0.4438297106579747}