{"action": [0.699999988079071, -0.0020604385063052177], "reward": 0.4222138092093651}