{"action": [0.699999988079071, -0.014551644213497639], "reward": 0.586309713143592}