{"action": [-1.0, -0.20056778192520142], "reward": 0.5265541030919819}