{"action": [-0.48457828164100647, -0.18425586819648743], "reward": 0.28971153844696707}