{"action": [0.699999988079071, -0.19177331030368805], "reward": 0.33831391604020217}