{"action": [0.699999988079071, -0.1674489825963974], "reward": 0.44405458861961483}