{"action": [0.46018186211586, -0.14953002333641052], "reward": 0.8210118193028195}