{"action": [0.699999988079071, -0.0020856524351984262], "reward": 0.7084012570620812}