{"action": [0.699999988079071, 0.01167493499815464], "reward": 0.8980523380281777}