{"action": [0.699999988079071, 0.015461604110896587], "reward": 0.523126104556048}