{"action": [0.699999988079071, 0.006423611659556627], "reward": -1.5593888806747265}