{"action": [0.699999988079071, -0.041713420301675797], "reward": 0.708555429043988}