{"action": [0.699999988079071, -0.0009309882880188525], "reward": 0.06880596750392447}