{"action": [0.43264704942703247, -0.01217099092900753], "reward": 0.8443496502855261}