{"action": [0.699999988079071, 0.01212222222238779], "reward": 0.8397212844733473}