{"action": [0.699999988079071, 0.0026315932627767324], "reward": 0.034707468350145855}