{"action": [0.699999988079071, -0.006626269780099392], "reward": 0.8940429331718699}