{"action": [0.699999988079071, -0.001614255248568952], "reward": -0.2149125357012176}