{"action": [0.699999988079071, -0.0018641179194673896], "reward": 0.3006662176042305}