{"action": [0.699999988079071, -0.00125024258159101], "reward": -1.1736084092998205}