{"action": [0.699999988079071, -0.004433295223861933], "reward": 0.5522184382932872}