{"action": [0.699999988079071, -0.007631855551153421], "reward": 0.551677411614451}