{"action": [0.699999988079071, 0.009660216048359871], "reward": 0.7555667794759416}