{"action": [0.699999988079071, 0.009424956515431404], "reward": 0.7129393440238418}