{"action": [0.699999988079071, 0.0022043543867766857], "reward": 0.4362737033157623}