{"action": [0.699999988079071, 7.234455551952124e-05], "reward": 0.5242073064094169}