{"action": [0.699999988079071, -0.00021759486116934568], "reward": 0.5900681100837367}