{"action": [0.699999988079071, -0.0027550922241061926], "reward": 0.3224559117061509}