{"action": [0.11889688670635223, -0.010010511614382267], "reward": 0.46850685474550297}