{"action": [0.25764796137809753, -0.012563250958919525], "reward": 0.4901040790552424}