{"action": [-1.0, -0.010063156485557556], "reward": -0.0013942493500187733}