{"action": [0.699999988079071, -3.457069741585883e-09], "reward": 0.31647769906760137}