{"action": [0.699999988079071, 0.011215083301067352], "reward": 0.29837226543298806}