{"action": [-1.0, 0.009243919514119625], "reward": -0.0003831380190828745}