{"action": [0.699999988079071, 0.009224969893693924], "reward": 0.1075377512733674}