{"action": [0.699999988079071, 0.009268656373023987], "reward": 0.03879427565998691}