{"action": [-1.0, -3.54090916516725e-05], "reward": -5.127302771116737e-06}