{"action": [-1.0, -3.54090916516725e-05], "reward": -5.265738369500496e-06}