{"action": [-1.0, -4.6139120968291536e-05], "reward": -4.169113612761923e-06}