{"action": [-1.0, -4.560262095765211e-05], "reward": -6.815740177801001e-06}