{"action": [-1.0, -4.560262095765211e-05], "reward": -6.819704993473148e-06}