{"action": [-1.0, -4.6675620978930965e-05], "reward": -6.9966103807291065e-06}