{"action": [-1.0, -4.9358128308085725e-05], "reward": -7.236760867903277e-06}