{"action": [-1.0, -6.116116128396243e-05], "reward": -9.01994156100741e-06}