{"action": [-1.0, -6.116116128396243e-05], "reward": -9.157969325943734e-06}