{"action": [-1.0, -6.75991759635508e-05], "reward": -1.00463057559646e-05}