{"action": [-1.0, -6.75991759635508e-05], "reward": -9.970746703930144e-06}