{"action": [0.699999988079071, -0.003185626585036516], "reward": 0.9518712033675415}