{"action": [-1.0, -6.813567597419024e-05], "reward": -1.0200720084820287e-05}