{"action": [0.699999988079071, -7.298624404938892e-05], "reward": 0.1943323671908782}