{"action": [0.6005399823188782, -0.00018484318570699543], "reward": 0.48003834023921477}