{"action": [0.41419294476509094, -0.00012311023601796478], "reward": 0.5068512951133346}