{"action": [0.699999988079071, -0.014178270474076271], "reward": 0.4436363258146375}