{"action": [0.699999988079071, -0.009322337806224823], "reward": 0.8806631617079042}