{"action": [0.699999988079071, -0.0022092212457209826], "reward": 0.7434384667814865}