{"action": [0.5738308429718018, -0.0002592573291622102], "reward": 0.7059248696513497}