{"action": [0.6196014881134033, -0.005349114071577787], "reward": 0.7610297179576586}