{"action": [0.458452045917511, -0.021836090832948685], "reward": 0.7973441074644838}