{"action": [0.699999988079071, -0.006716902833431959], "reward": 0.9205209584000776}