{"action": [0.44909268617630005, 0.011887822300195694], "reward": 0.8549727568863552}