{"action": [0.699999988079071, -0.012795348651707172], "reward": 0.9038248327540781}