{"action": [0.3953080475330353, 3.2810210541356355e-05], "reward": 0.6728050344937484}