{"action": [0.687841534614563, 7.934331733849831e-06], "reward": 0.7950011910988621}