{"action": [0.699999988079071, -0.009980806149542332], "reward": 0.731351116640037}