{"action": [0.699999988079071, -0.00022588456340599805], "reward": 0.6602019037907986}