{"action": [0.699999988079071, -0.009717446751892567], "reward": 0.6876759758947276}