{"action": [0.699999988079071, -0.0002771537401713431], "reward": 0.6473002342409012}