{"action": [0.699999988079071, -0.03049566224217415], "reward": 0.5941768054253834}