{"action": [0.699999988079071, -0.055814579129219055], "reward": 0.6532893467908567}