{"action": [0.699999988079071, -0.0207352451980114], "reward": 0.8863672094625333}