{"action": [0.699999988079071, -6.145211955299601e-05], "reward": 0.7220737793582986}