{"action": [0.2916923463344574, 0.001114489627070725], "reward": 0.9466462282952993}