{"action": [0.4194059371948242, 0.004983512219041586], "reward": 0.8949404518909616}