{"action": [0.699999988079071, 0.0266469344496727], "reward": 0.45834784611579776}