{"action": [0.699999988079071, 0.01921985112130642], "reward": 0.5588919170164329}