{"action": [0.699999988079071, 0.005717070773243904], "reward": 0.770945821701197}