{"action": [0.699999988079071, -0.0015689489664509892], "reward": 0.2091553371706027}