{"action": [0.45256534218788147, -0.262483686208725], "reward": 0.731612486627111}