{"action": [0.699999988079071, 0.004091034643352032], "reward": -0.0003962755716761544}