{"action": [0.699999988079071, -0.027180522680282593], "reward": 0.04253248179566058}