{"action": [0.699999988079071, -0.02810218371450901], "reward": 0.0031754389454639364}