{"action": [0.699999988079071, -0.0046356841921806335], "reward": 0.7103759393748305}