{"action": [0.5626944303512573, -0.0014184998581185937], "reward": 0.8302150102425477}