{"action": [0.47907084226608276, -0.0018962663598358631], "reward": 0.8822640395508264}