{"action": [-0.9514525532722473, -0.001907226163893938], "reward": 0.7428901729116132}