{"action": [0.4388165771961212, -0.0008336970931850374], "reward": 0.8472427679949962}