{"action": [0.011718641966581345, -0.0037083993665874004], "reward": 0.5216064131772468}