{"action": [0.699999988079071, -0.0059572444297373295], "reward": 0.006505771284404984}