{"action": [0.699999988079071, -0.006303170695900917], "reward": 0.34627978657062386}