{"action": [-1.0, -0.00395723432302475], "reward": 0.28016671255533504}