{"action": [0.699999988079071, -0.002971058012917638], "reward": 0.485635332235703}