{"action": [0.699999988079071, -0.003320820163935423], "reward": 0.3889356852212674}