{"action": [0.699999988079071, -0.00404344592243433], "reward": 0.21881119873769414}