{"action": [0.6484687328338623, 0.009956233203411102], "reward": 0.7540086407255037}