{"action": [0.5530407428741455, 0.0279404204338789], "reward": 0.7780219063710159}