{"action": [0.699999988079071, -0.00013379170559346676], "reward": 0.9492146512957125}