{"action": [0.4688737392425537, 0.009007477201521397], "reward": 0.8062818398455147}