{"action": [0.699999988079071, -2.7925991162192076e-05], "reward": 0.9533744175589312}