{"action": [0.699999988079071, -0.32653939723968506], "reward": 0.5093845129258395}