{"action": [0.699999988079071, -0.04029018431901932], "reward": 0.538448913431769}