{"action": [0.6291418075561523, -0.001338090281933546], "reward": 0.6951704843916328}