{"action": [0.5452292561531067, 0.004217999521642923], "reward": 0.7321572524268037}