{"action": [0.4192981421947479, 0.014757283963263035], "reward": 0.8509265102375901}