{"action": [0.584441065788269, 0.0015325882704928517], "reward": 0.7900051583732054}