{"action": [0.6221902966499329, 0.002036597579717636], "reward": 0.7708669940659936}