{"action": [0.5120180249214172, 0.0036947582848370075], "reward": 0.8737213416617824}