{"action": [0.699999988079071, 0.0008742182981222868], "reward": -0.021423401763892232}