{"action": [0.6720265746116638, 0.01102956011891365], "reward": 0.7496282263165659}