{"action": [0.392681360244751, 0.000652204966172576], "reward": 0.8967634387021222}