{"action": [0.39404696226119995, 0.0005584826576523483], "reward": 0.8986086991697853}