{"action": [0.6743140816688538, -0.016796980053186417], "reward": 0.7016851504736829}