{"action": [0.699999988079071, -0.011239581741392612], "reward": 0.5469782059266733}