{"action": [0.699999988079071, -0.021861914545297623], "reward": 0.459820798450946}