{"action": [0.699999988079071, -0.009297731332480907], "reward": 0.5441633047250095}