{"action": [0.0054557472467422485, -0.003866394516080618], "reward": 0.5057750560715721}