{"action": [0.27620452642440796, -0.00034830602817237377], "reward": 0.4963020648458057}