{"action": [0.699999988079071, 0.002086471766233444], "reward": 0.12913955529703802}