{"action": [0.699999988079071, 0.015297556295990944], "reward": 0.5579636419877207}