{"action": [0.699999988079071, 0.00934404693543911], "reward": 0.5123575796474347}