{"action": [0.699999988079071, 0.01817352883517742], "reward": 0.531689609794643}