{"action": [0.699999988079071, 0.014161679893732071], "reward": 0.6309358587415063}