{"action": [0.5101252794265747, 0.005045772530138493], "reward": 0.8510219586441677}