{"action": [0.4076399505138397, 0.0021170300897210836], "reward": 0.9109159535917243}