{"action": [0.699999988079071, 0.006790101528167725], "reward": 0.6171853362563192}