{"action": [0.699999988079071, 0.010025971569120884], "reward": -1.500680315933872}