{"action": [0.4926519989967346, -0.009085414931178093], "reward": 0.7898301244069833}