{"action": [0.4893103539943695, 0.0003873500681947917], "reward": 0.8840067860496686}