{"action": [0.6879144906997681, 2.5291561541962437e-05], "reward": 0.7206185690138344}