{"action": [0.699999988079071, -0.003771058516576886], "reward": 0.7098075018275988}