{"action": [0.699999988079071, -0.002554698148742318], "reward": 0.49975902511437864}