{"action": [0.699999988079071, -0.005295857321470976], "reward": 0.4121171085349522}