{"action": [0.699999988079071, 0.44125843048095703], "reward": 0.495697071903676}