{"action": [0.36663615703582764, 0.0013093408197164536], "reward": 0.8316270062147333}