{"action": [0.5451578497886658, -7.15960850357078e-05], "reward": 0.7884484025015301}