{"action": [0.699999988079071, -0.011358610354363918], "reward": 0.4806918022504419}