{"action": [0.682113528251648, -0.013141912408173084], "reward": 0.3196189930004737}