{"action": [0.2760336697101593, -0.011511747725307941], "reward": 0.4637286536305462}