{"action": [0.32927000522613525, -0.012380705215036869], "reward": 0.45971043196183164}