{"action": [-1.0, -0.008168233558535576], "reward": -0.0012248567843799057}