{"action": [-1.0, -0.008159649558365345], "reward": -0.0012235371487392282}