{"action": [-1.0, -0.00816286914050579], "reward": -0.0012241553007648414}