{"action": [-1.0, -0.00814516469836235], "reward": -0.0012170755157021762}