{"action": [-1.0, -0.008129606023430824], "reward": -0.001216460769920711}