{"action": [0.6312019228935242, -0.007544821593910456], "reward": -4.843928043312813}