{"action": [-1.0, -0.008126922883093357], "reward": -0.001218647182662489}