{"action": [0.699999988079071, -0.008205986581742764], "reward": 0.01103249871922733}