{"action": [0.699999988079071, -0.007305617909878492], "reward": 0.05274665096425453}