{"action": [0.699999988079071, -5.773406883236021e-05], "reward": 0.7041165809064815}