{"action": [0.6015850901603699, -0.00011886918218806386], "reward": -4.767081870728167}