{"action": [0.535844087600708, 0.4312528669834137], "reward": 0.4736027381313287}