{"action": [0.41341668367385864, 0.2453121542930603], "reward": 0.464265311713997}