{"action": [0.3453531265258789, 0.015375039540231228], "reward": 0.8871152704307225}