{"action": [-0.10393211990594864, 0.0024727871641516685], "reward": 0.47958408077865666}