{"action": [0.46699485182762146, 0.001479057944379747], "reward": 0.8019585428384615}