{"action": [0.4166620969772339, 0.0005604499601759017], "reward": 0.39502851617124424}