{"action": [0.699999988079071, -0.00010992759780492634], "reward": 0.4815020780949637}