{"action": [0.4378127455711365, -0.0009180570486932993], "reward": 0.9092396801994744}