{"action": [0.42041298747062683, -0.0008481431286782026], "reward": 0.9174502975050829}