{"action": [0.5552964806556702, -0.014852119609713554], "reward": 0.7663918904796045}