{"action": [0.4128694236278534, -0.0001516446500318125], "reward": 0.8748652570872745}