{"action": [0.699999988079071, 0.006273629609495401], "reward": 0.7049182276395883}