{"action": [0.6868603229522705, -0.009855616837739944], "reward": -3.794845346608665}