{"action": [0.699999988079071, -0.10001497715711594], "reward": -0.015002038183517518}