{"action": [0.6205906271934509, -0.01468051690608263], "reward": 0.7968757719537973}