{"action": [0.41217195987701416, -0.009187938645482063], "reward": 0.7428648032884084}