{"action": [0.44944337010383606, 0.007142895832657814], "reward": 0.8629005905348899}