{"action": [0.4611121416091919, -0.0004148192529100925], "reward": 0.917636594424385}