{"action": [0.699999988079071, -0.005393006838858128], "reward": 0.5078443177889784}