{"action": [0.699999988079071, -0.004789603408426046], "reward": 0.6591768905265522}