{"action": [-1.0, -0.0077458699233829975], "reward": -2.4573107809831076}