{"action": [0.5856843590736389, -0.0014483024133369327], "reward": 0.8436350897281368}