{"action": [0.5384661555290222, -0.0021118903532624245], "reward": 0.7672374006890333}