{"action": [0.5811519026756287, 9.467957170272712e-06], "reward": 0.8512719432783044}