{"action": [-1.0, -0.009746861644089222], "reward": 0.6174213597532673}