{"action": [0.6344772577285767, 0.0036993480753153563], "reward": 0.7575884622593997}