{"action": [-0.4057435393333435, -0.019184179604053497], "reward": 0.6978086104759328}