{"action": [0.43966761231422424, 0.010044422000646591], "reward": 0.7159348124791693}