{"action": [0.469766765832901, -0.001585185993462801], "reward": 0.7566087871190107}