{"action": [0.4861786961555481, -0.0007812195690348744], "reward": 0.8888648585316541}