{"action": [0.6228345036506653, -8.270698162959889e-05], "reward": 0.8251501828979261}