{"action": [0.49262160062789917, 0.0006204628734849393], "reward": 0.84061285490526}