{"action": [0.6341917514801025, 0.004048501141369343], "reward": 0.8061908100943881}