{"action": [0.5516553521156311, -0.001001165946945548], "reward": 0.8483394768556443}