{"action": [0.699999988079071, 0.000987980398349464], "reward": 0.7141346410268183}