{"action": [0.4403255581855774, 0.3506149351596832], "reward": 0.217856246881883}