{"action": [0.44592082500457764, 0.11451520770788193], "reward": 0.6214643549735293}