{"action": [0.6288135647773743, 0.04488326236605644], "reward": 0.6752756161209289}