{"action": [0.5762481689453125, 0.028144825249910355], "reward": 0.7744401873224883}