{"action": [0.6376838684082031, 0.006476945243775845], "reward": 0.7494599558038648}