{"action": [0.4809541404247284, 0.003331882180646062], "reward": 0.46261906604038927}