{"action": [-1.0, 0.0015016674296930432], "reward": -0.00022509718699487467}