{"action": [0.6334998607635498, 0.04707814007997513], "reward": 0.3468035959863419}