{"action": [0.46658042073249817, 0.001219147932715714], "reward": 0.43311631820300384}