{"action": [0.699999988079071, 0.001700541120953858], "reward": 0.17466801666494208}