{"action": [0.49262118339538574, 0.0016578332288190722], "reward": 0.4384084268773618}