{"action": [0.4338502883911133, 0.041898053139448166], "reward": 0.4145673529775408}