{"action": [0.699999988079071, -0.0008357189944945276], "reward": 0.4142079227501945}