{"action": [0.3403276205062866, -0.002016181591898203], "reward": 0.6184863242374591}