{"action": [0.43616044521331787, -0.0031558359041810036], "reward": 0.571093366614207}