{"action": [0.5598030686378479, -0.00211765943095088], "reward": 0.87888672512609}