{"action": [0.4571748375892639, -0.005742998328059912], "reward": 0.832604241789337}