{"action": [0.4765831232070923, 0.49051493406295776], "reward": 0.5816983429787475}