{"action": [0.5769602060317993, 0.10774993151426315], "reward": 0.6158548858255657}