{"action": [0.4369615614414215, 0.0010819832095876336], "reward": 0.8458489495947448}