{"action": [0.4509229063987732, 0.0025126012042164803], "reward": 0.8346135886030591}