{"action": [0.6241906881332397, 0.0010289407800883055], "reward": 0.7417725694434234}