{"action": [0.699999988079071, -0.0015265640104189515], "reward": 0.7728442626946163}