{"action": [0.516101598739624, -0.010982432402670383], "reward": 0.7803879800601385}