{"action": [0.5896680951118469, -0.00772342411801219], "reward": 0.7714082067431841}