{"action": [0.593821108341217, -0.006021155044436455], "reward": 0.7752455504726022}