{"action": [0.6154395341873169, -0.003602168522775173], "reward": 0.8156211595338533}