{"action": [0.5232887268066406, -0.0014970562187954783], "reward": 0.8816096326872368}