{"action": [0.5675753951072693, -0.00015344405255746096], "reward": 0.8199648369757242}