{"action": [0.699999988079071, 0.0030432376079261303], "reward": 0.7628334311863052}