{"action": [0.699999988079071, 0.0025627859868109226], "reward": 0.673285064579383}