{"action": [0.3990614116191864, 0.004157946445047855], "reward": 0.8490623033251372}