{"action": [0.699999988079071, 0.026495303958654404], "reward": 0.25559603091120103}