{"action": [0.699999988079071, 0.0005283327191136777], "reward": 0.7659827330301274}