{"action": [0.699999988079071, 0.0007556559867225587], "reward": 0.7171130425936988}