{"action": [0.699999988079071, -0.009602890349924564], "reward": 0.7158659244737162}