{"action": [0.621629536151886, -0.012921923771500587], "reward": 0.7522157478691607}