{"action": [0.699999988079071, -0.007374442182481289], "reward": 0.49165367898637535}