{"action": [0.699999988079071, 0.012023388408124447], "reward": 0.6145934602812486}