{"action": [0.6827232241630554, -0.0004928592243231833], "reward": 0.7815344103909566}