{"action": [0.699999988079071, -0.0058423238806426525], "reward": 0.6249080233293843}