{"action": [0.5170015096664429, 8.681523468112573e-05], "reward": 0.833859378066352}