{"action": [0.5555499792098999, 0.0029282839968800545], "reward": 0.8331711503197979}