{"action": [0.699999988079071, 0.0036319626960903406], "reward": 0.8634064648767751}