{"action": [0.43292707204818726, 0.00026274079573340714], "reward": 0.863781598385565}