{"action": [0.699999988079071, -0.015033917501568794], "reward": 0.658760359008143}