{"action": [0.6478497982025146, -0.009833201766014099], "reward": 0.4089357735063103}