{"action": [-1.0, -0.00788764376193285], "reward": -0.0011828941517041606}