{"action": [-1.0, -0.007890862412750721], "reward": -0.0011835366423379105}