{"action": [0.5295349955558777, -0.0002464329591020942], "reward": 0.7962703092209593}