{"action": [0.699999988079071, -0.007906642742455006], "reward": 0.003900654385280462}