{"action": [0.550412118434906, -0.005949680227786303], "reward": 0.4312556474881047}