{"action": [0.29115572571754456, -0.005097895860671997], "reward": 0.4516814925912711}