{"action": [0.3153025805950165, -2.9166923923185095e-05], "reward": 0.4629161025333924}