{"action": [0.44580426812171936, 1.350432648905553e-05], "reward": 0.40733874153601374}