{"action": [0.4069002866744995, 0.00010647809540387243], "reward": 0.43884118924088517}