{"action": [-1.0, -0.00023176860122475773], "reward": -1.5213607682822527e-05}