{"action": [0.699999988079071, 0.10073614865541458], "reward": -0.014735002162911872}