{"action": [0.699999988079071, 0.06363502889871597], "reward": 0.4268794037087027}