{"action": [0.699999988079071, 0.002430311869829893], "reward": 0.6772571875763782}