{"action": [0.43123048543930054, 1.130315285990946e-05], "reward": 0.8794203616534367}