{"action": [0.42696982622146606, -0.003789721755310893], "reward": 0.8538248718274823}