{"action": [0.699999988079071, 0.003227244596928358], "reward": 0.5776549098998479}