{"action": [0.455763041973114, 0.4152650535106659], "reward": 0.5634565595450363}