{"action": [0.3824961185455322, 0.04302127659320831], "reward": 0.8322514159178908}