{"action": [0.3809387683868408, 0.05351267009973526], "reward": 0.8083156108554101}