{"action": [0.5435491800308228, 0.021694839000701904], "reward": 0.7748670084550502}