{"action": [0.6088241338729858, 0.016052676364779472], "reward": 0.7286619621804874}