{"action": [-1.0, -0.003914314322173595], "reward": 0.07733357502276211}