{"action": [-1.0, 7.471144272130914e-06], "reward": 0.7865176777424105}