{"action": [-1.0, -0.004255529027432203], "reward": -0.0006381705206130589}