{"action": [0.699999988079071, -0.0042639742605388165], "reward": 0.003636248413326516}