{"action": [0.699999988079071, -0.005400929134339094], "reward": 0.531061776044387}