{"action": [0.699999988079071, -0.00869100820273161], "reward": 0.45170992285330736}