{"action": [-1.0, 0.0002420304372208193], "reward": 0.7853045495338815}