{"action": [0.699999988079071, 0.0011622144374996424], "reward": 0.70558995080402}