{"action": [0.6282636523246765, 0.002198220696300268], "reward": 0.7861863157474904}