{"action": [0.699999988079071, -0.0021825190633535385], "reward": 0.9579188826986647}