{"action": [-0.03433467447757721, -0.35815778374671936], "reward": 0.6623220883970097}