{"action": [0.699999988079071, -0.0020716593135148287], "reward": 0.7790492497543782}