{"action": [0.29081597924232483, -0.14273126423358917], "reward": -0.021409689635038375}