{"action": [0.26004379987716675, -0.31511062383651733], "reward": 0.24428208029303514}