{"action": [0.24261823296546936, -0.3062089681625366], "reward": 0.24684881588032512}