{"action": [-1.0, -0.32059070467948914], "reward": 0.054729490924512104}