{"action": [0.699999988079071, -0.3693797290325165], "reward": 0.26045179256850554}