{"action": [0.3872356414794922, -0.08413919806480408], "reward": 0.7736635508666497}