{"action": [0.4736819565296173, 0.026484379544854164], "reward": 0.7857570423792171}