{"action": [0.49918559193611145, -0.008950537070631981], "reward": 0.7839277261553612}