{"action": [0.699999988079071, -0.027672741562128067], "reward": 0.39911183601913686}