{"action": [0.699999988079071, -0.006056512240320444], "reward": 0.6904683789814483}