{"action": [0.699999988079071, -0.0004136240459047258], "reward": 0.6942856611360956}