{"action": [0.5940953493118286, 0.006083646323531866], "reward": 0.7968207075327941}