{"action": [0.5568971037864685, 0.006287609227001667], "reward": 0.8203416580823488}