{"action": [0.5630278587341309, -3.036814996448811e-05], "reward": 0.8022458477994636}