{"action": [0.589684784412384, -0.0016324137104675174], "reward": 0.8054990088976651}