{"action": [0.40077170729637146, 0.0018436837708577514], "reward": 0.9214076690168194}