{"action": [0.5929016470909119, 0.004151095170527697], "reward": 0.8161941548944138}