{"action": [0.5472644567489624, 0.004004931543022394], "reward": 0.787132076374278}