{"action": [-1.0, -0.0016995128244161606], "reward": 0.20176301137009248}