{"action": [0.46825170516967773, 0.0073064519092440605], "reward": 0.8293013148628474}