{"action": [0.43884196877479553, 0.0024658520705997944], "reward": 0.8339958561667931}