{"action": [0.43157488107681274, -0.0021545111667364836], "reward": 0.883143058408346}