{"action": [0.699999988079071, -0.28176096081733704], "reward": 0.6062837192812405}