{"action": [0.5789817571640015, -0.30215147137641907], "reward": 0.5923719736332763}