{"action": [0.5391126871109009, -0.31227177381515503], "reward": 0.6588673144202895}