{"action": [0.6644350290298462, -0.4070297181606293], "reward": 0.5396036569520682}