{"action": [0.4069666564464569, -0.06115247309207916], "reward": 0.780030737337506}