{"action": [0.5368131995201111, -0.14536385238170624], "reward": 0.604475694479659}