{"action": [0.3828814625740051, -0.03655049577355385], "reward": 0.7792734489556197}