{"action": [0.5314421057701111, -0.00602746894583106], "reward": 0.7552912263316075}