{"action": [-0.04321487620472908, 0.041032444685697556], "reward": 0.763256521000701}