{"action": [0.699999988079071, -0.00010197901428909972], "reward": 0.47449736179437335}