{"action": [0.699999988079071, 0.018344545736908913], "reward": 0.4454889505710526}