{"action": [0.699999988079071, 0.013540358282625675], "reward": 0.5951984606371828}