{"action": [0.699999988079071, 0.009299753233790398], "reward": 0.7252512068392085}