{"action": [0.699999988079071, 0.0033189125824719667], "reward": 0.658817536731938}