{"action": [0.027466880157589912, 0.0030328731518238783], "reward": 0.48177872668492233}