{"action": [0.699999988079071, 0.00197885325178504], "reward": 0.7762553526957855}