{"action": [0.699999988079071, 0.0009479958098381758], "reward": 0.9414925769001364}