{"action": [0.699999988079071, -0.0018240550998598337], "reward": 0.7057678031867691}