{"action": [0.699999988079071, -0.013987917453050613], "reward": 0.6148028531157426}