{"action": [-1.0, -0.007359189912676811], "reward": 0.6221351384294659}