{"action": [0.25617343187332153, 0.00597011111676693], "reward": 0.43017075542546745}