{"action": [0.699999988079071, -0.010609466582536697], "reward": 0.6934517879049675}