{"action": [0.699999988079071, 0.0011616800911724567], "reward": 0.5843218567832971}