{"action": [0.699999988079071, -0.0061579556204378605], "reward": 0.8813244862908703}