{"action": [-1.0, 0.007014756090939045], "reward": -0.001040695788028933}