{"action": [0.699999988079071, -0.009060818701982498], "reward": 0.910189013544893}