{"action": [0.699999988079071, -0.009850788861513138], "reward": 0.908717504877685}