{"action": [0.699999988079071, 0.007163109257817268], "reward": 0.008145877046917232}