{"action": [0.699999988079071, -0.009301241487264633], "reward": 0.3307442461926165}