{"action": [0.699999988079071, -0.008094949647784233], "reward": -0.5998962700695517}