{"action": [0.699999988079071, -0.012951482087373734], "reward": -0.39436804232892064}