{"action": [0.699999988079071, 3.501772880554199e-05], "reward": -1.3038127851033408}