{"action": [0.699999988079071, -4.511176939558936e-06], "reward": -1.509777622730693}