{"action": [0.699999988079071, -0.0038164155557751656], "reward": -1.1619162436297665}