{"action": [0.699999988079071, 0.00219669914804399], "reward": -0.9147283153228644}