{"action": [0.699999988079071, -0.09034819900989532], "reward": -0.013551991877693719}