{"action": [0.699999988079071, -0.08941200375556946], "reward": -0.013411418464500773}