{"action": [-1.0, 0.007193947210907936], "reward": -0.0010789328838811843}