{"action": [0.699999988079071, -0.00032521950197406113], "reward": 0.6453645288053278}