{"action": [0.699999988079071, 0.008050626143813133], "reward": 0.68459720049845}