{"action": [0.49556198716163635, 0.01861242949962616], "reward": 0.8043863431579116}