{"action": [0.5175725817680359, 0.008283964358270168], "reward": 0.7659111269996025}