{"action": [0.699999988079071, 0.02042047493159771], "reward": 0.5588557695374631}