{"action": [0.699999988079071, 0.006864937953650951], "reward": 0.7513072837257033}