{"action": [0.4381505846977234, 0.007895540446043015], "reward": 0.8742601631347106}