{"action": [0.699999988079071, 0.004863407928496599], "reward": 0.5516487971203117}