{"action": [0.699999988079071, 8.285044827971433e-07], "reward": 0.5515406965109649}