{"action": [0.699999988079071, -0.0009199119522236288], "reward": 0.6403055915036384}