{"action": [0.5203966498374939, -0.0007153279148042202], "reward": 0.901463807346626}