{"action": [0.6897217631340027, -0.0010501343058422208], "reward": 0.8232826986694176}