{"action": [0.5463178157806396, -0.004403627011924982], "reward": 0.8373869854817755}