{"action": [0.4159088134765625, -0.004221132956445217], "reward": 0.9054973710718099}