{"action": [0.4396682679653168, -0.005823262967169285], "reward": 0.8796844527794555}