{"action": [0.6973267197608948, 0.0010026493109762669], "reward": 0.7427318637270331}