{"action": [0.43340346217155457, 0.006447389721870422], "reward": 0.8162801066078883}