{"action": [0.5062371492385864, 0.007126942276954651], "reward": 0.8011491681893951}