{"action": [0.42934679985046387, 0.004482519347220659], "reward": 0.8826751677508249}