{"action": [0.46635985374450684, 0.00030884690931998193], "reward": 0.8820473766062906}