{"action": [0.5125515460968018, 0.0005743195652030408], "reward": 0.8495337488290559}