{"action": [0.4969983696937561, 0.0007835444412194192], "reward": 0.8336407434112544}