{"action": [0.44654417037963867, 0.00011647798237390816], "reward": 0.8973294888100731}