{"action": [0.4486357867717743, 0.00018955665291287005], "reward": 0.8926142637341615}