{"action": [0.45371872186660767, 4.095278200111352e-05], "reward": 0.9031119695609022}