{"action": [0.699999988079071, -0.009101109579205513], "reward": 0.6336004305280636}