{"action": [0.699999988079071, -0.0053287469781935215], "reward": 0.7248869528433755}