{"action": [0.5360795259475708, -0.01079824659973383], "reward": 0.8049714637292374}