{"action": [0.6273210048675537, -0.016673658043146133], "reward": 0.3586958198084986}