{"action": [0.12540295720100403, -0.025954796001315117], "reward": 0.80339271149505}