{"action": [-0.019566288217902184, -0.02611604705452919], "reward": 0.5440964061079036}