{"action": [-1.0, 0.006525466684252024], "reward": -0.00087025026639934}