{"action": [0.42173346877098083, -0.34775590896606445], "reward": 0.28137496290244746}