{"action": [0.3986147940158844, -0.011997560039162636], "reward": 0.44093460358852116}