{"action": [0.4158843755722046, -0.4126501679420471], "reward": 0.25925388785597303}