{"action": [0.699999988079071, -0.032851506024599075], "reward": 0.5144497313541679}