{"action": [0.27187058329582214, -0.0047920942306518555], "reward": 0.4776300582786056}