{"action": [0.699999988079071, 0.003598955227062106], "reward": 0.38045623432912273}