{"action": [0.5172545909881592, -0.005394292995333672], "reward": 0.44377761837306295}