{"action": [-1.0, 0.006480400450527668], "reward": -0.000971935431224096}