{"action": [0.699999988079071, 0.0025898017920553684], "reward": 0.24775126440465772}