{"action": [0.20977988839149475, 2.9843331503798254e-05], "reward": 0.46519248650483935}