{"action": [-1.0, 0.006480400450527668], "reward": -0.0009718817220111296}