{"action": [0.699999988079071, 0.4200693964958191], "reward": 0.3125207815957347}