{"action": [0.012529291212558746, -1.0165816092921887e-05], "reward": 0.4869148097654634}