{"action": [0.003349019680172205, 0.0010825465433299541], "reward": 0.5099283413716883}