{"action": [0.699999988079071, -0.0005936275701969862], "reward": 0.3886758938954948}