{"action": [0.2739114761352539, 0.03229609131813049], "reward": 0.4671819439630648}