{"action": [0.25870513916015625, 0.0009536223951727152], "reward": 0.46147882740181606}