{"action": [0.2755511403083801, 0.00866104755550623], "reward": 0.4356519751801287}