{"action": [0.31652992963790894, 0.006756816990673542], "reward": 0.4766729888320927}