{"action": [0.6503839492797852, -0.03812805190682411], "reward": 0.6128966337674319}