{"action": [0.699999988079071, -0.012600714340806007], "reward": -0.0018889809833968682}