{"action": [-1.0, 0.006844684947282076], "reward": -0.0010198303951546289}