{"action": [-1.0, -5.980420610285364e-05], "reward": 0.8331524581093664}