{"action": [0.4544045329093933, -0.0005811061128042638], "reward": 0.858838581372835}