{"action": [0.25647827982902527, -0.0014282048214226961], "reward": 0.4696549158368254}