{"action": [0.4716247022151947, -0.0001621228875592351], "reward": 0.898585961394142}