{"action": [0.699999988079071, -0.010619595646858215], "reward": 0.6466046884398537}