{"action": [-1.0, -0.002021051710471511], "reward": 0.648608298060803}