{"action": [0.6594040393829346, -1.669347329880111e-05], "reward": 0.6230494301161169}