{"action": [0.08459001034498215, 0.03372502326965332], "reward": 0.5046891373039095}