{"action": [0.699999988079071, 0.011965853162109852], "reward": 0.4764837709744289}