{"action": [-1.0, -0.0010987549321725965], "reward": -0.0001637497080131687}