{"action": [-1.0, -0.0011009009322151542], "reward": -0.00016440407936246847}