{"action": [0.699999988079071, -0.0010166432475671172], "reward": 0.3375916143709619}