{"action": [0.699999988079071, 0.0072466228157281876], "reward": 0.4415940860592947}