{"action": [0.699999988079071, 0.0069332728162407875], "reward": 0.37099038544457635}