{"action": [0.699999988079071, 4.219353286316618e-06], "reward": 0.637964619516934}