{"action": [0.5062879323959351, 0.0019374046241864562], "reward": 0.832590550813812}