{"action": [0.40579986572265625, 0.011853954754769802], "reward": 0.888538867573455}