{"action": [0.4192202687263489, -0.2903093993663788], "reward": 0.8488807715457792}