{"action": [0.5694873929023743, -0.0021585815120488405], "reward": 0.7177732816107792}