{"action": [0.39510276913642883, -0.009990369901061058], "reward": 0.8258406726382862}