{"action": [0.699999988079071, -0.013270992785692215], "reward": 0.534032620054248}