{"action": [0.699999988079071, -0.0014571266947314143], "reward": 0.6237166018183926}