{"action": [0.5875632166862488, -0.004691746551543474], "reward": 0.7585058865652239}