{"action": [0.699999988079071, -0.0019037571037188172], "reward": 0.6085374571514252}