{"action": [0.699999988079071, -0.040200188755989075], "reward": 0.5335697454695986}