{"action": [-1.0, 0.0012269787257537246], "reward": -0.00018368297082235435}