{"action": [0.16322359442710876, -0.001549143809825182], "reward": 0.4885413429504864}