{"action": [0.5036991238594055, 5.154806422069669e-05], "reward": 0.908436785906911}