{"action": [-1.0, 0.0012248327257111669], "reward": -0.0001836447096743183}