{"action": [-0.27774709463119507, -0.0002992072841152549], "reward": 0.8071022819479865}