{"action": [0.699999988079071, 0.0012722703395411372], "reward": 0.03119893853040923}