{"action": [-1.0, -0.00408331211656332], "reward": 0.5517887534360099}