{"action": [-1.0, -2.5215565983671695e-05], "reward": 5.441583194275549e-06}