{"action": [-1.0, -2.628856964292936e-05], "reward": -3.7960468873883368e-06}