{"action": [0.6004608273506165, 0.0007318323478102684], "reward": 0.7336544967306612}