{"action": [0.6700187921524048, 0.004659786820411682], "reward": 0.7650446421678112}