{"action": [-1.0, -2.628856964292936e-05], "reward": -3.859368539795243e-06}