{"action": [-1.0, -2.682506965356879e-05], "reward": -3.826193183101283e-06}