{"action": [0.6313982009887695, 0.004890102427452803], "reward": 0.8011104322425622}