{"action": [-1.0, -2.628856964292936e-05], "reward": -3.8013501251785185e-06}