{"action": [-1.0, -2.682506965356879e-05], "reward": -3.8511550044656796e-06}