{"action": [0.5138623714447021, 0.002936731791123748], "reward": 0.9536920612135448}