{"action": [0.699999988079071, -0.013577048666775227], "reward": 0.38733421338075225}