{"action": [0.5605854988098145, -0.2200150042772293], "reward": 0.29906360664999365}