{"action": [0.4684789776802063, -0.3272823095321655], "reward": 0.2839050927493713}