{"action": [0.699999988079071, -0.0002411689201835543], "reward": 0.14620036198941574}