{"action": [0.48501086235046387, -0.219777911901474], "reward": 0.321862148401007}