{"action": [0.699999988079071, -0.27941882610321045], "reward": 0.45329703668737836}