{"action": [-1.0, -2.628856964292936e-05], "reward": -3.928915437126606e-06}