{"action": [0.5497509837150574, 0.003029004205018282], "reward": 0.9529333316118264}