{"action": [0.699999988079071, -0.04509035870432854], "reward": 0.5543706669405231}