{"action": [0.4641216993331909, 0.0027686157263815403], "reward": 0.9545433185806996}