{"action": [0.3681461215019226, -0.3229786455631256], "reward": 0.2495472498932756}