{"action": [0.699999988079071, 0.000125932929222472], "reward": 0.9155253441213574}