{"action": [0.699999988079071, -0.506126344203949], "reward": -0.0002449525495519522}