{"action": [0.699999988079071, -0.08166343718767166], "reward": 0.5030893856160709}