{"action": [0.699999988079071, -0.038162197917699814], "reward": 0.6924089061623439}