{"action": [0.699999988079071, 0.031003568321466446], "reward": 0.299258621588573}