{"action": [0.699999988079071, -0.4654322564601898], "reward": -0.06029816041261353}