{"action": [0.699999988079071, -0.0030610377434641123], "reward": 0.5391046101408166}