{"action": [0.699999988079071, -0.00741917546838522], "reward": 0.676124692938186}