{"action": [0.6887540817260742, 0.0034852069802582264], "reward": 0.9492221512062814}