{"action": [0.699999988079071, -0.3348866403102875], "reward": 0.17412675285327922}