{"action": [0.699999988079071, -0.03574342280626297], "reward": 0.682232088451751}