{"action": [0.699999988079071, -0.0015504732728004456], "reward": -0.2948157110760375}