{"action": [0.699999988079071, 0.003994237165898085], "reward": -2.051550366655442}