{"action": [0.699999988079071, -0.00244361930526793], "reward": -2.969697614236691}