{"action": [0.699999988079071, 0.0021982407197356224], "reward": -2.489078338751893}