{"action": [0.699999988079071, -0.002941713435575366], "reward": -3.126341480426519}