{"action": [0.699999988079071, 0.005343920551240444], "reward": -2.0377927180460174}