{"action": [0.699999988079071, -0.005650489125400782], "reward": 0.7178960345820812}