{"action": [0.22257401049137115, 0.03663819655776024], "reward": 0.40548579499228055}