{"action": [0.699999988079071, -0.028472987934947014], "reward": 0.7600877769476521}