{"action": [-1.0, -0.0015823098365217447], "reward": 0.6837339325073052}