{"action": [0.699999988079071, 0.0424986332654953], "reward": 0.01238468931597899}