{"action": [-1.0, 0.13643276691436768], "reward": -0.020464780105733736}