{"action": [-1.0, 0.04236000403761864], "reward": -0.0063537823864523845}