{"action": [0.699999988079071, -0.24780365824699402], "reward": -0.036890930539366706}