{"action": [0.699999988079071, -0.24356253445148468], "reward": -0.031240233465575817}