{"action": [0.699999988079071, -0.00878098700195551], "reward": 0.8231543559340403}