{"action": [0.4996166527271271, 0.007406915072351694], "reward": 0.8234659543922804}