{"action": [0.699999988079071, -0.009891984984278679], "reward": 0.7891738836720248}