{"action": [0.4444686770439148, 0.0038219033740460873], "reward": 0.5414752398774847}