{"action": [0.3065871000289917, 0.0196567140519619], "reward": 0.48536538345626556}