{"action": [0.699999988079071, 0.02664637379348278], "reward": 0.2773326977978393}