{"action": [0.699999988079071, 0.022294683381915092], "reward": 0.6539674615603515}