{"action": [0.699999988079071, 0.019531475380063057], "reward": 0.6903750406422752}