{"action": [0.699999988079071, 0.015540461987257004], "reward": 0.7260808620863338}