{"action": [0.6234022378921509, 0.014220602810382843], "reward": 0.727447223656192}