{"action": [0.5424710512161255, 0.0027483825106173754], "reward": 0.7909247868356153}