{"action": [0.699999988079071, -0.0003821711288765073], "reward": -0.028800719814701215}