{"action": [0.46003133058547974, 0.002319758990779519], "reward": 0.8913055299875219}