{"action": [0.699999988079071, 0.01178266666829586], "reward": 0.6609782444918586}