{"action": [0.699999988079071, -0.0020626233890652657], "reward": 0.910079566344074}