{"action": [0.699999988079071, -0.05043879151344299], "reward": 0.5462243082723409}