{"action": [0.613758385181427, 0.00046465545892715454], "reward": 0.8499630266028271}