{"action": [0.699999988079071, 6.843089977337513e-06], "reward": 0.5059388412785888}