{"action": [0.699999988079071, -0.037792302668094635], "reward": 0.5561965288951509}