{"action": [0.46861588954925537, 0.0027271932922303677], "reward": 0.8876265209883769}