{"action": [0.5639311671257019, -0.022625064477324486], "reward": 0.3767262754609464}