{"action": [0.699999988079071, -0.006538235116750002], "reward": 0.5539361380579497}