{"action": [-0.31468725204467773, -0.015070545487105846], "reward": 0.5049072263770231}