{"action": [0.44677436351776123, 0.004900469910353422], "reward": 0.8297275683674928}