{"action": [0.699999988079071, -0.06267882883548737], "reward": 0.3620323936747438}