{"action": [-1.0, -0.011037980206310749], "reward": -0.0015596056748950957}