{"action": [-1.0, -0.011165667325258255], "reward": -0.0016031534372133861}