{"action": [0.699999988079071, -0.0021211158018559217], "reward": 0.6006022633085594}