{"action": [0.699999988079071, -0.0004830199759453535], "reward": 0.757871954831403}