{"action": [0.4909578263759613, 0.0012949981028214097], "reward": 0.8439028115541817}