{"action": [0.699999988079071, -0.0005323669174686074], "reward": 0.672582328705427}