{"action": [0.49359560012817383, 0.001544271013699472], "reward": 0.8474019331695704}