{"action": [0.6254577040672302, 0.00757512217387557], "reward": 0.7694045068583916}