{"action": [0.699999988079071, -0.2136809378862381], "reward": 0.39617386360515555}