{"action": [0.699999988079071, -0.22291383147239685], "reward": 0.46983389879835924}