{"action": [0.699999988079071, -0.414257287979126], "reward": 0.19774854689212926}