{"action": [0.699999988079071, -0.6712203025817871], "reward": 0.2320852180025505}