{"action": [0.699999988079071, -0.21578046679496765], "reward": 0.43712186866692304}