{"action": [0.6592265367507935, -0.022086696699261665], "reward": 0.6933884051236362}