{"action": [0.4120747148990631, 0.009959189221262932], "reward": 0.763655903583192}