{"action": [0.6758275628089905, -0.31049758195877075], "reward": 0.5198602883568864}