{"action": [0.5919181704521179, 6.571925041498616e-05], "reward": 0.7349961569798225}