{"action": [0.699999988079071, -0.034632500261068344], "reward": 0.702645545916891}