{"action": [0.5197443962097168, 0.00023501348914578557], "reward": 0.8049774278780347}