{"action": [0.5269616842269897, 0.013385570608079433], "reward": 0.8202231500397686}