{"action": [0.5550775527954102, 0.014654495753347874], "reward": 0.8069763179397295}