{"action": [0.6421470642089844, -0.012692922726273537], "reward": 0.7565225248171342}