{"action": [0.699999988079071, -0.04821445792913437], "reward": 0.5940026240315645}