{"action": [0.699999988079071, -0.020614201202988625], "reward": 0.6934704346810802}