{"action": [0.699999988079071, -0.42718684673309326], "reward": 0.536972097784823}