{"action": [0.699999988079071, 0.0014124882873147726], "reward": -0.11675307156104915}