{"action": [0.699999988079071, 0.004180643707513809], "reward": -0.2999330026873012}