{"action": [0.699999988079071, 0.021875936537981033], "reward": 0.4567936452425002}