{"action": [0.699999988079071, 0.01652020588517189], "reward": 0.5629052922968744}