{"action": [0.699999988079071, -0.01322795357555151], "reward": 0.8923899152068406}