{"action": [0.699999988079071, 0.018300792202353477], "reward": 0.6171570653855334}