{"action": [0.699999988079071, 0.0016211606562137604], "reward": -0.1309998752582671}