{"action": [0.699999988079071, 0.001832247944548726], "reward": -0.3662218061321495}