{"action": [0.699999988079071, -0.0001370493700960651], "reward": 0.9646490092086691}