{"action": [0.699999988079071, 0.0015396644594147801], "reward": -0.14101294496089795}