{"action": [0.699999988079071, -0.01020012330263853], "reward": -0.6096418292986578}