{"action": [0.699999988079071, 0.002162730088457465], "reward": -0.7289966969011771}