{"action": [0.699999988079071, 0.006011064164340496], "reward": -1.3866917758232646}