{"action": [0.699999988079071, -0.0001626919547561556], "reward": 0.4800187744168468}