{"action": [0.699999988079071, 0.0037995034363120794], "reward": -2.8433286331998024}