{"action": [0.699999988079071, -0.0006539387977682054], "reward": 0.9173819357976584}