{"action": [0.699999988079071, -0.0011055456707254052], "reward": 0.9227295227604371}