{"action": [0.699999988079071, 0.003034884575754404], "reward": 0.4213052104126385}