{"action": [0.699999988079071, 0.006681370083242655], "reward": -1.7990092556392354}