{"action": [0.699999988079071, 0.006138624623417854], "reward": -2.1081526224519727}