{"action": [0.699999988079071, -0.003867009887471795], "reward": 0.06502089113178584}