{"action": [0.2476544976234436, -0.003020057687535882], "reward": 0.48401212202961535}