{"action": [0.699999988079071, 0.0011300984770059586], "reward": 0.48723918885502365}