{"action": [0.699999988079071, 0.0020196777768433094], "reward": 0.4962897766261069}