{"action": [0.3457888066768646, -0.00846043135970831], "reward": 0.44294228415610454}