{"action": [0.6365092992782593, -0.00011372971493983641], "reward": 0.8100286564396018}