{"action": [0.699999988079071, 2.9086113499943167e-05], "reward": 0.6299451680463378}