{"action": [0.699999988079071, -0.6391825079917908], "reward": 0.13208489940920315}