{"action": [0.699999988079071, -0.008594273589551449], "reward": -0.8041690625106713}