{"action": [0.5927790403366089, -0.013010462746024132], "reward": 0.6624194138133884}