{"action": [0.699999988079071, -0.4174702763557434], "reward": 0.369590531508524}