{"action": [0.6984117031097412, -0.0004922572989016771], "reward": 0.7495277537012675}