{"action": [0.5781170725822449, 0.0008310479461215436], "reward": 0.7641580848402619}