{"action": [0.46861112117767334, -0.00015802710549905896], "reward": 0.8722085882819587}