{"action": [0.699999988079071, 0.00022615194029640406], "reward": -0.5902558595764715}