{"action": [0.699999988079071, -0.01388492714613676], "reward": 0.5716663908830514}