{"action": [0.4080357551574707, -0.00046183349331840873], "reward": 0.8988763543910208}