{"action": [0.5010455846786499, -0.0006958972080610693], "reward": 0.8098514323873388}