{"action": [0.5072603821754456, -4.805576827493496e-05], "reward": 0.818574607003191}