{"action": [0.699999988079071, -6.163776106404839e-06], "reward": -0.1662965360633861}