{"action": [0.699999988079071, 0.001405486953444779], "reward": 0.5795799234380626}