{"action": [0.6268036365509033, 0.003086443291977048], "reward": 0.7467907881638937}