{"action": [0.3834165930747986, 0.001407463219948113], "reward": 0.8675651393082289}