{"action": [0.6298912763595581, 0.0007762079476378858], "reward": 0.7946805367292288}