{"action": [0.5123534202575684, -0.0008947295718826354], "reward": 0.8090328594975862}