{"action": [0.6679848432540894, 0.0024760307278484106], "reward": 0.5995423695885792}