{"action": [0.699999988079071, 0.000719192554242909], "reward": -0.9867075480328689}