{"action": [0.41970160603523254, -0.001351381535641849], "reward": 0.8903520660381922}