{"action": [0.5293440818786621, -0.0038802651688456535], "reward": 0.7941231442031433}