{"action": [0.5195949673652649, -0.0015491093508899212], "reward": 0.8240370018483282}