{"action": [0.699999988079071, 0.0032136563677340746], "reward": -1.8465960004265214}