{"action": [0.4288041591644287, -0.004807624034583569], "reward": 0.8727452307978043}