{"action": [0.699999988079071, -0.015659336000680923], "reward": 0.8378888102365278}