{"action": [0.44316565990448, 5.356826295610517e-05], "reward": 0.813432401383716}