{"action": [0.4622367322444916, 0.004465487319976091], "reward": 0.8402755903244549}