{"action": [0.4565028250217438, -0.0018858559196814895], "reward": 0.8825045455762364}