{"action": [0.6329530477523804, 1.0643005907695624e-06], "reward": 0.7241165280540864}