{"action": [0.699999988079071, -0.004535209853202105], "reward": 0.5247348290153449}