{"action": [0.5747747421264648, 0.00045660120667889714], "reward": 0.8447908226185945}