{"action": [0.4872082471847534, 0.0006056269630789757], "reward": 0.8777285400807838}