{"action": [0.5077414512634277, 1.6149282373589813e-06], "reward": 0.8102693784544355}