{"action": [0.699999988079071, 4.849821561947465e-05], "reward": 0.6680207949912289}