{"action": [0.699999988079071, 0.00034602725645527244], "reward": 0.6799096430766809}