{"action": [0.699999988079071, -0.00828809104859829], "reward": 0.4781025704497535}