{"action": [0.37917065620422363, -1.0568591278570239e-05], "reward": 0.9087055353259347}