{"action": [0.6324405074119568, -0.0003051397216040641], "reward": 0.7475062114139096}