{"action": [0.4886627197265625, -0.0013915853342041373], "reward": 0.8306349555982445}