{"action": [0.699999988079071, 0.004023465793579817], "reward": 0.5513918852589597}