{"action": [0.699999988079071, 0.02356712520122528], "reward": 0.4063399784252175}