{"action": [0.699999988079071, 3.87669206247665e-05], "reward": 0.6975356258632434}