{"action": [0.41615843772888184, -6.821959686931223e-06], "reward": 0.8968202244998675}