{"action": [0.5340448021888733, -0.00013424652570392936], "reward": 0.8189899695679491}