{"action": [0.699999988079071, 5.784397217212245e-05], "reward": 0.5857767665648943}