{"action": [0.5600528717041016, -7.499730418203399e-05], "reward": 0.86952917447755}