{"action": [0.699999988079071, -0.001283448189496994], "reward": 0.6420065654534383}