{"action": [0.699999988079071, 0.003598790382966399], "reward": 0.5299581824531475}