{"action": [0.46470245718955994, -5.2653187594842166e-05], "reward": 0.9217989496868882}