{"action": [0.699999988079071, 0.002355847740545869], "reward": 0.6790068100121172}