{"action": [0.6366623640060425, -0.0007501248037442565], "reward": 0.3460793982107789}