{"action": [0.699999988079071, -0.005315782502293587], "reward": 0.9166175785006379}