{"action": [0.699999988079071, -0.005866666790097952], "reward": 0.9327451368315873}