{"action": [-1.0, -0.0037635574117302895], "reward": -0.000429324122763444}