{"action": [0.472381055355072, -0.0037668750155717134], "reward": 0.39246247225096464}