{"action": [0.476116418838501, -0.004027147311717272], "reward": 0.3709895803554229}