{"action": [-1.0, -0.003763020969927311], "reward": -0.000564173319736832}