{"action": [-1.0, -0.0037721414119005203], "reward": -0.0005653802569020094}