{"action": [-1.0, -0.0037699954118579626], "reward": -0.0005650911978539166}