{"action": [0.699999988079071, -0.004581226967275143], "reward": 0.2728493472822519}