{"action": [-1.0, -0.0037721414119005203], "reward": -0.000565634320324954}