{"action": [-1.0, -0.0037598018534481525], "reward": -0.0005635112656607342}