{"action": [-1.0, -0.003777506295591593], "reward": -0.0005665688218948677}