{"action": [-1.0, -0.0037646302953362465], "reward": -0.0005644885826254907}