{"action": [-1.0, -0.003768922295421362], "reward": -0.000564863850033904}