{"action": [0.699999988079071, 1.703692578303162e-05], "reward": -4.05457805974597}