{"action": [-1.0, -0.0019415986025705934], "reward": -0.0002682868061335549}