{"action": [0.699999988079071, -1.898240952868946e-05], "reward": -3.0170170568450723}