{"action": [-1.0, -0.0022543789818882942], "reward": -0.00033803120406173586}