{"action": [0.664754331111908, 0.00010571414168225601], "reward": -4.406885878895353}