{"action": [0.699999988079071, 0.011525079607963562], "reward": 0.8553485876739598}