{"action": [-1.0, -0.0022543789818882942], "reward": -0.00033784126819586994}