{"action": [-1.0, -0.0022533058654516935], "reward": -0.00033752416481122106}