{"action": [-1.0, -0.0022554518654942513], "reward": -0.0003379304723246115}