{"action": [-1.0, -0.0018581266049295664], "reward": -0.0002779254203168426}