{"action": [-1.0, -0.002252769423648715], "reward": -0.00033756468758354413}