{"action": [0.699999988079071, 0.010649117641150951], "reward": -0.0015972180825646577}