{"action": [0.699999988079071, 0.0012153323041275144], "reward": 0.20013870463611816}