{"action": [0.699999988079071, 0.010637341998517513], "reward": 0.00011232480852507699}