{"action": [0.699999988079071, 0.01071859709918499], "reward": -0.001607616430284623}