{"action": [0.699999988079071, 0.0014327807584777474], "reward": 0.2567142102399064}