{"action": [0.699999988079071, 0.001045301673002541], "reward": 0.2258246345548396}