{"action": [0.699999988079071, 0.0007052712608128786], "reward": 0.30506077905796425}