{"action": [0.699999988079071, 0.005336546804755926], "reward": 0.8640820183149414}