{"action": [0.699999988079071, -0.0018153195269405842], "reward": 0.3546838934471009}