{"action": [0.699999988079071, -0.00031108554685488343], "reward": 0.19226146486179702}