{"action": [0.699999988079071, -0.0002518878027331084], "reward": 0.18246938846046395}