{"action": [0.699999988079071, 0.06487642228603363], "reward": 0.4043335856570641}