{"action": [0.699999988079071, 0.01101149432361126], "reward": 0.8951706162896198}