{"action": [0.699999988079071, 0.03640173003077507], "reward": 0.11099951792027661}