{"action": [0.699999988079071, 0.008273783139884472], "reward": 0.11716380787777052}