{"action": [0.699999988079071, 0.006434201262891293], "reward": 0.578452927407199}