{"action": [0.699999988079071, 0.018632851541042328], "reward": 0.10975631971322557}