{"action": [0.699999988079071, 0.11484663188457489], "reward": 0.14412558021306782}