{"action": [0.699999988079071, -0.002589174546301365], "reward": 0.06875689870153728}