{"action": [0.2516668438911438, 0.006211543921381235], "reward": 0.831978934464023}