{"action": [0.699999988079071, -0.0028366961050778627], "reward": 0.10914519411182329}