{"action": [0.699999988079071, -0.007804224733263254], "reward": 0.22305463219235216}