{"action": [0.699999988079071, 0.00290483795106411], "reward": 0.1907343723313004}