{"action": [0.699999988079071, -0.002457525348290801], "reward": 0.054814792415078285}