{"action": [0.699999988079071, 0.012226901017129421], "reward": 0.5913333119244322}