{"action": [0.5184744596481323, 0.010676862671971321], "reward": 0.7762056742324736}