{"action": [0.699999988079071, -0.0012516400311142206], "reward": 0.3657451586601162}