{"action": [0.699999988079071, 0.0024035682436078787], "reward": 0.3502576637557876}