{"action": [0.699999988079071, -0.006872181780636311], "reward": 0.22862708653158234}