{"action": [0.699999988079071, -0.008676568977534771], "reward": 0.17821426199972726}