{"action": [0.699999988079071, -0.0014911135658621788], "reward": 0.3545851585376145}