{"action": [0.699999988079071, -0.016119424253702164], "reward": 0.05327833841004796}