{"action": [0.699999988079071, -0.0005618729628622532], "reward": 0.1969152806796938}