{"action": [0.3991069197654724, 0.007181304041296244], "reward": 0.4135028891125135}