{"action": [0.699999988079071, -0.0005709309480153024], "reward": 0.23755858312901623}