{"action": [0.699999988079071, 0.000299481995170936], "reward": 0.21182961386587076}