{"action": [0.699999988079071, 0.0021653124131262302], "reward": 0.06231710605546211}