{"action": [0.699999988079071, 0.0031309998594224453], "reward": 0.08012216904542763}