{"action": [0.699999988079071, 0.0004671078932005912], "reward": 0.26322781955452923}