{"action": [0.699999988079071, 0.005381257738918066], "reward": 0.24400143396876228}