{"action": [0.699999988079071, 0.006125532556325197], "reward": 0.0582259449776604}