{"action": [0.699999988079071, 0.00608406588435173], "reward": 0.07222653410867257}