{"action": [0.32286202907562256, 0.00138937181327492], "reward": 0.44664653855271164}