{"action": [0.699999988079071, 0.006018511950969696], "reward": 0.08717929470875249}