{"action": [0.699999988079071, 0.0046544973738491535], "reward": 0.0003110325486556971}