{"action": [0.699999988079071, 0.004975509364157915], "reward": 0.12952332482529091}