{"action": [0.699999988079071, 0.0028323044534772635], "reward": 0.17068132082598583}