{"action": [0.699999988079071, 0.004233815241605043], "reward": 0.2279068838007311}