{"action": [-1.0, 0.004636981524527073], "reward": -0.0006947235524192206}