{"action": [0.699999988079071, -0.011297794990241528], "reward": 0.0933613468518998}