{"action": [-1.0, -0.01061253435909748], "reward": -0.0015911949846086442}