{"action": [0.699999988079071, -0.0016280080890282989], "reward": 0.2228910516879702}