{"action": [0.699999988079071, 0.0006531209219247103], "reward": 0.1505946733429703}