{"action": [-1.0, -0.0006974518182687461], "reward": -0.00010458898809117863}