{"action": [-1.0, -0.010554592125117779], "reward": -0.001579154019586878}