{"action": [0.699999988079071, -0.0012396267848089337], "reward": 0.09777378569107105}