{"action": [0.699999988079071, -0.0019402046455070376], "reward": 0.07000244701831151}