{"action": [0.699999988079071, -0.011147813871502876], "reward": 0.13545830495138944}