{"action": [0.699999988079071, -3.911425301339477e-05], "reward": 0.33386104981383075}