{"action": [0.699999988079071, -0.007307471241801977], "reward": 0.2126893128462083}