{"action": [0.699999988079071, -0.008709989488124847], "reward": 0.17811223982378466}