{"action": [0.699999988079071, 0.1121012270450592], "reward": -0.016814888112929652}