{"action": [0.699999988079071, 0.00021731668675784022], "reward": 0.2639164316575468}