{"action": [0.699999988079071, 0.0020861895754933357], "reward": 0.2535335395261721}