{"action": [0.699999988079071, 0.002177765127271414], "reward": 0.2662603743394075}