{"action": [0.699999988079071, 8.293205610243604e-05], "reward": 0.34007227969034154}