{"action": [0.699999988079071, 0.00019820350280497223], "reward": 0.04779691399350973}