{"action": [0.699999988079071, -0.002088891575112939], "reward": 0.14839312549361167}