{"action": [0.699999988079071, -0.00022147357231006026], "reward": 0.14522990904295188}