{"action": [0.699999988079071, 0.001385722542181611], "reward": 0.11688602524703758}