{"action": [0.699999988079071, 0.011372323147952557], "reward": 0.09942432681907878}