{"action": [0.699999988079071, 0.0165976844727993], "reward": 0.14987398344175645}