{"action": [0.699999988079071, 0.00893091969192028], "reward": 0.1397698108555437}