{"action": [0.699999988079071, 0.015935325995087624], "reward": 0.05475376870163343}