{"action": [0.699999988079071, 0.011272609233856201], "reward": 0.08915404453986309}