{"action": [0.699999988079071, 0.015292655676603317], "reward": 0.0836111642954977}