{"action": [0.699999988079071, 0.011813471093773842], "reward": 0.11932266205259484}