{"action": [0.699999988079071, 0.009195609949529171], "reward": 0.0971626560497074}