{"action": [0.699999988079071, 0.00552257290109992], "reward": -0.0008263335299638762}