{"action": [0.699999988079071, -0.0015519673470407724], "reward": 0.5923612990892627}