{"action": [0.699999988079071, 0.014107155613601208], "reward": 0.0614889059747354}