{"action": [0.699999988079071, 0.0006613423465751112], "reward": 0.7075861735591505}