{"action": [0.699999988079071, 0.005623257253319025], "reward": -0.0008433001571738336}