{"action": [0.699999988079071, -0.012672909535467625], "reward": 0.5787940038988926}