{"action": [0.699999988079071, 0.006090017966926098], "reward": 0.10589794850194761}