{"action": [0.699999988079071, -0.0012170474510639906], "reward": 0.960375061111367}