{"action": [0.29152438044548035, -0.014708203263580799], "reward": 0.40297982036906893}