{"action": [-1.0, -0.010132805444300175], "reward": 0.6733283855163397}