{"action": [0.699999988079071, -0.007257490884512663], "reward": -0.4042039236622139}