{"action": [0.377095103263855, -0.006265757139772177], "reward": 0.4138649120712483}