{"action": [-1.0, -0.00122107716742903], "reward": -0.0001828727296738059}