{"action": [0.699999988079071, -0.011623222380876541], "reward": 0.6555819621220231}