{"action": [-1.0, -0.001213566167280078], "reward": -0.00018178109188775446}