{"action": [-1.0, -0.00122107716742903], "reward": -0.00018289031284957473}