{"action": [0.699999988079071, -0.009207838214933872], "reward": 0.7582517276056695}