{"action": [-1.0, -0.001216248725540936], "reward": -0.00018222303614960498}