{"action": [-1.0, -0.001212493167258799], "reward": -0.0001817310631757146}