{"action": [0.699999988079071, -0.002173185348510742], "reward": 0.6762655125499649}