{"action": [0.699999988079071, 0.003235603915527463], "reward": 0.5599806813993916}