{"action": [0.699999988079071, -0.0007247260073199868], "reward": 0.19141427646101072}