{"action": [0.591670036315918, 0.0003743958368431777], "reward": 0.8269991910440313}