{"action": [0.699999988079071, -0.19648377597332], "reward": 0.2747699026507739}