{"action": [0.20045122504234314, -0.218606099486351], "reward": 0.31892357183795533}