{"action": [0.699999988079071, 0.01665775291621685], "reward": 0.7266378424993686}