{"action": [0.4088772237300873, -0.002708142390474677], "reward": 0.8914456877701784}