{"action": [0.5329499840736389, -0.002737737027928233], "reward": 0.7791572751935166}