{"action": [0.43371886014938354, -0.00724216690286994], "reward": 0.847305615541908}