{"action": [0.699999988079071, 0.025680452585220337], "reward": 0.7730501595726199}