{"action": [0.5372210144996643, -0.0024596485309302807], "reward": 0.8398352342479456}