{"action": [0.4404812455177307, -0.0014901906251907349], "reward": 0.891926662749225}