{"action": [0.4362073540687561, -0.001556347357109189], "reward": 0.8999641492541361}