{"action": [0.699999988079071, 0.02457537315785885], "reward": 0.7827744994832475}