{"action": [0.699999988079071, 0.00020224553009029478], "reward": 0.7041153155821491}