{"action": [0.4952738881111145, -0.0017351832939311862], "reward": 0.834196610282297}