{"action": [0.5959192514419556, -0.002416592789813876], "reward": 0.8052730852740593}