{"action": [0.543499231338501, -0.004936855286359787], "reward": 0.8212763130732746}