{"action": [0.45945024490356445, -0.0034886756911873817], "reward": 0.8268662488232064}