{"action": [0.5521069169044495, -0.007105994038283825], "reward": 0.8061215529422264}