{"action": [0.699999988079071, 0.00028517251485027373], "reward": 0.7246087148425254}