{"action": [-0.08466996252536774, -0.02063748799264431], "reward": 0.47348496272155083}