{"action": [-1.0, -0.02139299362897873], "reward": -0.0032088856106368205}