{"action": [-1.0, -0.06886201351881027], "reward": -0.010328609476961612}