{"action": [-1.0, -0.021374216303229332], "reward": -0.0032058728159370152}