{"action": [-1.0, -0.021413380280137062], "reward": -0.0032117904098269852}