{"action": [0.43723076581954956, 0.28848645091056824], "reward": 0.6974159746554712}