{"action": [0.699999988079071, -0.021573282778263092], "reward": 0.07081294639891189}