{"action": [0.699999988079071, -0.0002008576993830502], "reward": 0.6749295527810257}