{"action": [0.4632077217102051, 0.2749924063682556], "reward": 0.7063521700921077}