{"action": [-1.0, -0.02145308256149292], "reward": -0.003217724996540287}