{"action": [0.4006309509277344, 0.3451569080352783], "reward": 0.6942774275213446}