{"action": [-1.0, -0.02141069807112217], "reward": -0.0032115039879290017}