{"action": [0.6743351221084595, 0.03198990598320961], "reward": 0.78201558609089}