{"action": [-1.0, -0.021411770954728127], "reward": -0.003211656578760698}