{"action": [0.3887397050857544, -0.0007860124460421503], "reward": 0.9382626636533742}