{"action": [0.34503233432769775, -0.006518065929412842], "reward": 0.8499206387094099}