{"action": [0.6337239146232605, -0.0005275235744193196], "reward": 0.7874512472190156}