{"action": [0.5814029574394226, 0.015499633736908436], "reward": 0.7386966685926183}