{"action": [0.47588080167770386, 0.800000011920929], "reward": 0.24991394992474103}