{"action": [0.6936860084533691, -3.116953303106129e-05], "reward": 0.7069746453329326}