{"action": [0.34667035937309265, -0.0026549571193754673], "reward": 0.7950912770072465}