{"action": [0.699999988079071, 0.005879303440451622], "reward": 0.7058855626727922}