{"action": [0.699999988079071, 0.022586002945899963], "reward": -0.0033569172162448255}