{"action": [0.6645562648773193, 0.003962503280490637], "reward": 0.694693641408348}