{"action": [0.6825128793716431, -0.0009116710862144828], "reward": 0.7668543062701078}