{"action": [0.04946340620517731, -0.04601246491074562], "reward": 0.5417051467684653}