{"action": [0.5460457801818848, 1.1109588740509935e-05], "reward": 0.8221814051941161}