{"action": [0.6296303868293762, -0.01173309050500393], "reward": 0.7616967154791974}