{"action": [0.699999988079071, -0.012881916016340256], "reward": 0.7151721487338104}