{"action": [0.699999988079071, -0.00658571207895875], "reward": 0.7164056878620646}