{"action": [0.29049447178840637, 0.004231300670653582], "reward": 0.9387435515453131}