{"action": [0.5120118260383606, 0.009123028255999088], "reward": 0.802241231479263}