{"action": [0.699999988079071, 0.006323353853076696], "reward": 0.7262976269960069}