{"action": [0.6238365769386292, 0.007632012944668531], "reward": 0.7949017820126528}