{"action": [0.4959503412246704, -0.0017834180034697056], "reward": 0.811787425174548}