{"action": [0.6632147431373596, 0.007260940968990326], "reward": 0.7702648486139344}