{"action": [0.5258311629295349, 5.432486068457365e-05], "reward": 0.8375198878596807}