{"action": [0.5927965641021729, -0.0002584591566119343], "reward": 0.761054504141831}