{"action": [0.6713343858718872, 0.0056345099583268166], "reward": 0.7183602067009186}