{"action": [0.34039872884750366, 0.003728496376425028], "reward": 0.9408840140412631}