{"action": [0.699999988079071, 0.0005310987471602857], "reward": 0.6299649507330451}