{"action": [0.6497994661331177, -0.0029146031010895967], "reward": 0.7123548181819405}