{"action": [0.5571941137313843, -0.00017517214291729033], "reward": 0.8012543000308355}