{"action": [0.699999988079071, 0.003889490617439151], "reward": 0.6504295634414083}