{"action": [0.20097976922988892, -0.0445450134575367], "reward": 0.8150311105461097}