{"action": [0.6305228471755981, -0.00997284334152937], "reward": 0.7415656037720917}