{"action": [0.5545913577079773, -0.02107633277773857], "reward": 0.7649459746104207}