{"action": [0.699999988079071, 0.0036679720506072044], "reward": 0.6678191384019657}