{"action": [0.699999988079071, 0.006494621280580759], "reward": 0.6850268392740307}