{"action": [0.6820862889289856, 0.005022093188017607], "reward": 0.7686295641812805}