{"action": [0.61310875415802, 0.007234946824610233], "reward": 0.7799842180630886}