{"action": [0.6565349698066711, 0.005867389962077141], "reward": 0.7597948044196793}