{"action": [0.694926917552948, 0.005241603124886751], "reward": 0.7470956086901198}