{"action": [0.4628084897994995, 0.0026670407969504595], "reward": 0.8862261479962413}