{"action": [0.529358446598053, 0.006048489827662706], "reward": 0.8287292270507809}