{"action": [0.6025373339653015, 0.00476853409782052], "reward": 0.775463219679724}