{"action": [0.5799079537391663, -0.0004874094156548381], "reward": 0.8058128363911485}