{"action": [0.4688962697982788, -0.0049125137738883495], "reward": 0.8764642451871157}