{"action": [0.699999988079071, -0.006872289348393679], "reward": 0.8092353886563345}