{"action": [0.699999988079071, -0.008639843203127384], "reward": 0.7465577829000283}