{"action": [0.6073033809661865, -0.010363860055804253], "reward": 0.7565895505060946}