{"action": [0.47538048028945923, -0.0026016635820269585], "reward": 0.7744101487460792}