{"action": [0.503775417804718, -0.007044818252325058], "reward": 0.8462133507623136}