{"action": [0.699999988079071, -0.00616680970415473], "reward": 0.8374379177126982}