{"action": [0.699999988079071, -0.0033194031566381454], "reward": 0.6926375513863631}