{"action": [0.5418456196784973, -0.00803930964320898], "reward": 0.8199332927270501}