{"action": [0.40152913331985474, -0.24685902893543243], "reward": 0.8366227840025309}