{"action": [0.699999988079071, 0.000783387862611562], "reward": 0.9398043768318698}