{"action": [0.699999988079071, -0.0036039447877556086], "reward": 0.6504230883331515}