{"action": [0.699999988079071, -0.006175947841256857], "reward": 0.6190079264589275}