{"action": [0.4863928258419037, 0.16542457044124603], "reward": 0.5264664099658357}