{"action": [0.699999988079071, 0.013105319812893867], "reward": 0.8953152850785664}