{"action": [0.45962703227996826, 0.004691001959145069], "reward": 0.8476403178476495}