{"action": [0.3788980543613434, 0.06765381246805191], "reward": 0.38903878477030457}