{"action": [0.510002076625824, 0.3841751515865326], "reward": 0.5885400064113724}