{"action": [0.5070587396621704, 0.09855508804321289], "reward": 0.7639878038300485}