{"action": [0.699999988079071, 0.0027586338110268116], "reward": 0.8208562487449637}