{"action": [0.12928172945976257, 0.006120368372648954], "reward": 0.9280242353837109}