{"action": [0.4672732949256897, 0.060288894921541214], "reward": 0.7541430438056782}