{"action": [0.47387632727622986, 0.12880177795886993], "reward": 0.575005833062317}