{"action": [0.49480435252189636, 0.002168100792914629], "reward": 0.3687220665907767}