{"action": [-1.0, 6.169766129460186e-05], "reward": -9.020746177657599e-06}