{"action": [-1.0, 0.0004010338743682951], "reward": 0.20237045630628503}