{"action": [0.383757084608078, -0.22001327574253082], "reward": 0.7957745684590819}