{"action": [0.3521307706832886, 0.05058480054140091], "reward": 0.3953258884895727}