{"action": [-1.0, 6.062465763534419e-05], "reward": 0.0006561283046916458}