{"action": [0.699999988079071, -0.2341224104166031], "reward": 0.37659785855334066}