{"action": [-1.0, 6.169766129460186e-05], "reward": -9.06812827942613e-06}