{"action": [0.3303185999393463, 0.034772325307130814], "reward": 0.39981402463243176}