{"action": [-1.0, 6.116116128396243e-05], "reward": -8.698255859789209e-06}