{"action": [0.33883872628211975, 0.04393851011991501], "reward": 0.39762557215062333}