{"action": [-1.0, 5.847865395480767e-05], "reward": -8.320069901688707e-06}