{"action": [0.699999988079071, -0.15906773507595062], "reward": 0.45389972201733286}