{"action": [0.699999988079071, -0.0047983163967728615], "reward": 0.688434649877708}