{"action": [0.5539491176605225, -0.006827291566878557], "reward": 0.8311904530070234}