{"action": [0.699999988079071, -0.009588977321982384], "reward": 0.6001845455457364}