{"action": [-1.0, 5.7405650295550004e-05], "reward": -8.282824332456016e-06}