{"action": [-1.0, 5.847865395480767e-05], "reward": -8.346045209336872e-06}