{"action": [0.699999988079071, -0.0162711963057518], "reward": 0.6013072965999023}