{"action": [0.699999988079071, -0.004853884689509869], "reward": 0.6815364336111334}