{"action": [0.699999988079071, -0.009725156240165234], "reward": 0.700714584412094}