{"action": [0.5645182132720947, -0.00035555678186938167], "reward": 0.7926916811258835}