{"action": [0.5543835759162903, 0.2059512585401535], "reward": 0.41784139998962233}