{"action": [0.699999988079071, -0.005406748503446579], "reward": 0.5924837240802681}