{"action": [0.5403550267219543, 0.054936375468969345], "reward": 0.71903769792127}