{"action": [0.6076597571372986, 0.0017623038729652762], "reward": 0.7443903877958516}