{"action": [0.5068569779396057, 0.25698524713516235], "reward": 0.4144402314004959}