{"action": [0.699999988079071, 0.23455765843391418], "reward": 0.628120806592348}