{"action": [0.5935922265052795, 0.12017102539539337], "reward": 0.6137540476613157}