{"action": [0.5370916128158569, 0.06279055774211884], "reward": 0.7008676577251969}