{"action": [0.699999988079071, -0.002038337057456374], "reward": 0.6187549016867429}