{"action": [0.6526875495910645, -0.029372481629252434], "reward": 0.728779428612406}