{"action": [0.490119069814682, -0.0033027492463588715], "reward": 0.859345596166899}