{"action": [0.699999988079071, -0.010971919633448124], "reward": 0.5817825270418}