{"action": [0.699999988079071, -0.03240613266825676], "reward": 0.509394426681342}