{"action": [0.699999988079071, -0.010131279937922955], "reward": 0.5814499627061905}