{"action": [0.699999988079071, 0.01144842803478241], "reward": 0.314090491429884}