{"action": [0.699999988079071, 0.011393269523978233], "reward": -0.0010943285545139399}