{"action": [-0.8957056999206543, 0.0003139815235044807], "reward": 0.6610202414345335}