{"action": [-1.0, -0.0003347732999827713], "reward": 0.7434068327435728}