{"action": [0.33233487606048584, 0.009992800652980804], "reward": 0.45457396107416725}