{"action": [0.699999988079071, 0.01090109720826149], "reward": 0.047020800796461454}