{"action": [0.41208699345588684, 0.002946964930742979], "reward": 0.4401524012648798}