{"action": [0.699999988079071, 0.011425876058638096], "reward": 0.0038394536021522595}