{"action": [0.3298080563545227, 0.009123123250901699], "reward": 0.4589109730969678}