{"action": [0.699999988079071, -0.0011758236214518547], "reward": 0.0112799461819548}