{"action": [-1.0, -0.0011540144914761186], "reward": -0.00017146859205114184}