{"action": [-1.0, -0.00115347804967314], "reward": -0.00015224553504093196}