{"action": [0.3242776393890381, 0.007566234562546015], "reward": 0.46303695228826}