{"action": [0.699999988079071, -0.0034492493141442537], "reward": 0.6458818564369219}