{"action": [0.699999988079071, 0.0007720044231973588], "reward": 0.2115443118447958}