{"action": [0.06994955241680145, 0.05654206499457359], "reward": -0.008384350356359265}