{"action": [0.699999988079071, -0.05949616804718971], "reward": -0.00647161929765194}