{"action": [0.699999988079071, -0.0024724488612264395], "reward": 0.6961118207678886}