{"action": [0.699999988079071, 0.00025990980793721974], "reward": 0.9815134336253336}