{"action": [0.662982165813446, -0.006382002495229244], "reward": 0.7718450140395322}