{"action": [0.699999988079071, 0.010461040772497654], "reward": -0.23120989555878768}