{"action": [0.699999988079071, 0.02013152278959751], "reward": 0.8570649700756363}