{"action": [0.699999988079071, 0.00044202207936905324], "reward": 0.764244472983605}