{"action": [0.699999988079071, 0.0005081985145807266], "reward": 0.18405874616151277}