{"action": [0.699999988079071, 0.00047861860366538167], "reward": 0.47504140041142995}