{"action": [0.699999988079071, 0.021069521084427834], "reward": 0.86850862573478}