{"action": [0.699999988079071, 0.015353784896433353], "reward": 0.899589481687235}