{"action": [0.699999988079071, 0.021784676238894463], "reward": 0.865088638954703}