{"action": [0.699999988079071, 0.01481754332780838], "reward": 0.7663123188523998}