{"action": [0.699999988079071, 0.009336770512163639], "reward": 0.8517320819499735}