{"action": [0.699999988079071, 0.004653573967516422], "reward": 0.8426055132134249}