{"action": [0.699999988079071, 0.0038910796865820885], "reward": 0.5833777835857674}