{"action": [0.699999988079071, -0.016084788367152214], "reward": 0.8512722917829008}