{"action": [0.699999988079071, 0.016964655369520187], "reward": 0.6864919214076377}