{"action": [0.699999988079071, 0.0038419212214648724], "reward": 0.9420845521046598}