{"action": [0.699999988079071, 0.010742840357124805], "reward": 0.6248594062297264}