{"action": [0.699999988079071, 0.004368305206298828], "reward": -0.3974192066798647}