{"action": [0.699999988079071, 0.0053213732317090034], "reward": -0.5877839653969037}