{"action": [0.699999988079071, 0.015348495915532112], "reward": 0.4137713759626687}