{"action": [0.699999988079071, 0.0031687223818153143], "reward": -1.0852670041053372}