{"action": [0.699999988079071, 0.003867844119668007], "reward": -0.8603866812039124}