{"action": [0.699999988079071, 0.006105195730924606], "reward": -0.06635061112150861}