{"action": [0.699999988079071, 0.0021485574543476105], "reward": -1.3869294170165378}