{"action": [0.699999988079071, -0.008032058365643024], "reward": -1.4065272730796474}