{"action": [0.699999988079071, 0.029190875589847565], "reward": -0.00419113677809768}