{"action": [-0.2600184977054596, 3.2969001040328294e-05], "reward": 0.913209807509408}