{"action": [-0.33748719096183777, -9.771448094397783e-05], "reward": 0.3785223028604083}