{"action": [-1.0, 0.003704220987856388], "reward": 0.8755949443469998}