{"action": [0.6044380068778992, 0.0073568508960306644], "reward": 0.9253493070523624}