{"action": [0.699999988079071, 0.0016154809854924679], "reward": 0.5832216922716379}