{"action": [0.699999988079071, -0.0012179623590782285], "reward": 0.9562000186180433}