{"action": [-1.0, 0.021864041686058044], "reward": -0.0032757841868918374}