{"action": [0.699999988079071, -0.029553160071372986], "reward": 0.4839206441057357}