{"action": [0.5257055759429932, 0.008228699676692486], "reward": 0.5974588719864372}