{"action": [-1.0, 0.021899987012147903], "reward": -0.003240751926131832}