{"action": [0.699999988079071, -0.009876289404928684], "reward": 0.7183614605929977}