{"action": [-1.0, 0.021842582151293755], "reward": 0.4107423403834863}