{"action": [0.025916261598467827, 0.020570827648043633], "reward": 0.4663498691274996}