{"action": [-0.7009742259979248, 0.0028524890076369047], "reward": 0.6271733604642362}