{"action": [0.5432157516479492, -0.002900879131630063], "reward": 0.9319782448545378}