{"action": [0.699999988079071, 0.0012993700802326202], "reward": 0.9242566653561904}