{"action": [0.699999988079071, 0.0002208603691542521], "reward": 0.9611320678772765}