{"action": [0.699999988079071, 0.01358797587454319], "reward": 0.2668145141127825}