{"action": [0.699999988079071, 0.007223713677376509], "reward": 0.6135147392650436}