{"action": [0.699999988079071, 0.014993791468441486], "reward": 0.02818892283213144}