{"action": [0.699999988079071, 0.0013758507557213306], "reward": 0.8908651074326487}