{"action": [0.699999988079071, 0.0001456528261769563], "reward": 0.9637027932745803}