{"action": [0.699999988079071, 0.021312473341822624], "reward": 0.3245990425257491}