{"action": [0.699999988079071, 0.00018139666644856334], "reward": 0.9624399328848678}