{"action": [0.5764299035072327, -0.020996851846575737], "reward": 0.8693301323557714}