{"action": [0.42389774322509766, -0.2718639671802521], "reward": 0.5967610530307775}