{"action": [0.6690157651901245, 0.0014146158937364817], "reward": 0.8086423218204365}