{"action": [0.699999988079071, 0.008343973197042942], "reward": 0.5679609575380132}