{"action": [0.4292222559452057, -0.19798634946346283], "reward": 0.7798430659514257}