{"action": [0.699999988079071, 0.04241078346967697], "reward": 0.8278787024976715}