{"action": [0.699999988079071, 0.015485815703868866], "reward": 0.41589255530560704}