{"action": [0.699999988079071, 0.002721863565966487], "reward": 0.72501138401392}