{"action": [-1.0, 0.005161679815500975], "reward": -0.0007737129725135156}