{"action": [-1.0, 0.009952637366950512], "reward": -0.0014913370088043463}