{"action": [0.699999988079071, 0.014676729217171669], "reward": 0.39297470121160566}