{"action": [0.699999988079071, 0.007378109265118837], "reward": 0.6025271020426214}