{"action": [-1.0, 0.0051740193739533424], "reward": -0.000775507365681499}