{"action": [0.5543968677520752, 0.001219431753270328], "reward": 0.8257707292430317}