{"action": [0.4401666820049286, -0.4710499942302704], "reward": 0.34838275044784084}