{"action": [0.4343734383583069, -0.48086971044540405], "reward": 0.3734039114392323}