{"action": [0.699999988079071, -0.10763658583164215], "reward": 0.3931503894740558}