{"action": [0.28649768233299255, -0.3289402425289154], "reward": 0.2699917752297046}