{"action": [-1.0, 0.007836676202714443], "reward": -0.001172750599820507}