{"action": [-1.0, 0.00783453043550253], "reward": -0.0011741053529283332}