{"action": [-1.0, 0.00997302494943142], "reward": -0.0014957804111689487}