{"action": [-1.0, 0.00783399399369955], "reward": -0.0011746858985911364}