{"action": [-1.0, 0.00783399399369955], "reward": -0.001171501936568811}