{"action": [-1.0, 0.0078377490863204], "reward": -0.00117523568633174}