{"action": [0.699999988079071, 0.0035259113647043705], "reward": -0.00013561317828733295}