{"action": [0.680044412612915, 0.0005246945074759424], "reward": 0.8247902489441663}