{"action": [-1.0, 0.010015944950282574], "reward": -0.0015022412133933883}