{"action": [-1.0, 0.010015944950282574], "reward": -0.001502189006333138}