{"action": [0.699999988079071, 0.0005830193986184895], "reward": 0.7802429723540935}