{"action": [-1.0, 0.00784150417894125], "reward": -0.0011760780120700597}