{"action": [-1.0, 0.007842040620744228], "reward": -0.0011754200349242201}