{"action": [-1.0, 0.00783399399369955], "reward": -0.001172608787928559}