{"action": [0.699999988079071, 0.00010794835543492809], "reward": 0.5961120328092495}