{"action": [0.699999988079071, -0.03136282414197922], "reward": 0.5352146759905985}