{"action": [0.5088995695114136, -0.014295223169028759], "reward": 0.7445714807577134}