{"action": [0.35477590560913086, -0.1998348832130432], "reward": 0.7262434191242977}