{"action": [0.48507243394851685, -0.009529314003884792], "reward": 0.7768132346220096}