{"action": [0.39432498812675476, -0.28030937910079956], "reward": 0.7908004123121465}