{"action": [-1.0, 0.01533803902566433], "reward": -0.002300534651294191}