{"action": [-1.0, 0.004301609471440315], "reward": 0.7423329828682685}