{"action": [-1.0, 0.015339111909270287], "reward": -0.002300494454637495}