{"action": [-1.0, 0.01533803902566433], "reward": -0.0023003638270146505}