{"action": [0.699999988079071, 0.007538338657468557], "reward": 0.8093965130485702}