{"action": [0.699999988079071, 0.012880565598607063], "reward": 0.5008461313202073}