{"action": [0.3704592287540436, -0.0015208935365080833], "reward": 0.8512737850074681}