{"action": [-0.18021145462989807, -0.0001382262125844136], "reward": 0.485203115706316}