{"action": [0.699999988079071, -0.005527777131646872], "reward": 0.6534197347248503}