{"action": [0.699999988079071, -0.01564677804708481], "reward": 0.43537684423004}