{"action": [0.5974318981170654, -0.0003739036910701543], "reward": 0.43892066709462985}