{"action": [0.024409465491771698, 0.0030561962630599737], "reward": 0.5155848101402691}