{"action": [0.040732234716415405, 0.0034960219636559486], "reward": 0.5140853180681807}