{"action": [-0.09978781640529633, 0.01212160475552082], "reward": 0.4828723382711924}