{"action": [0.699999988079071, 0.0021071708761155605], "reward": 0.6043808098497614}