{"action": [0.699999988079071, 0.0007067758124321699], "reward": 0.4873061267385348}