{"action": [0.699999988079071, 0.008459928445518017], "reward": 0.46459563545951205}