{"action": [0.15530268847942352, 0.0009894563117995858], "reward": 0.4924856981426026}