{"action": [0.699999988079071, 0.0006177403847686946], "reward": 0.5430749780952843}