{"action": [0.699999988079071, 0.0004919608472846448], "reward": 0.5987978859947943}