{"action": [-0.5003857612609863, 0.0064367204904556274], "reward": 0.6847460911129087}