{"action": [0.05295815318822861, 0.0018591785337775946], "reward": 0.5605233774522829}