{"action": [0.699999988079071, -0.00100213463883847], "reward": 0.5277677164520266}