{"action": [0.699999988079071, -0.009756295010447502], "reward": 0.5150069588486832}