{"action": [0.699999988079071, -0.013551602140069008], "reward": 0.6130673733249903}