{"action": [0.699999988079071, -0.011015036143362522], "reward": 0.6352518351225516}