{"action": [0.699999988079071, 0.021033640950918198], "reward": 0.482223628310775}