{"action": [0.699999988079071, 0.014973784796893597], "reward": 0.5754954000029002}