{"action": [0.699999988079071, -0.0002480849507264793], "reward": 0.6012450754382377}