{"action": [-1.0, 0.01007227785885334], "reward": -0.001506802221774288}