{"action": [-0.030986057594418526, 0.003739715553820133], "reward": 0.48802517560884057}