{"action": [0.699999988079071, -0.0006489322404377162], "reward": 0.5453787907030652}