{"action": [-0.16561052203178406, 0.009699048474431038], "reward": 0.5380483063290012}