{"action": [0.699999988079071, -0.020810110494494438], "reward": 0.573059782252597}