{"action": [0.5508249998092651, 0.017681686207652092], "reward": 0.7680127019658058}