{"action": [0.699999988079071, 0.00644301762804389], "reward": 0.428252895697427}