{"action": [0.699999988079071, 0.007977224886417389], "reward": 0.5772203422461174}