{"action": [-0.377677321434021, 0.014639056287705898], "reward": 0.690987026193165}