{"action": [0.4991963803768158, -0.010687395930290222], "reward": 0.7711427731353796}