{"action": [0.699999988079071, -0.0004602920962497592], "reward": 0.640754789402304}