{"action": [0.699999988079071, -0.0004575597122311592], "reward": 0.6263511258689455}