{"action": [0.699999988079071, -0.016505327075719833], "reward": 0.5200076780078638}