{"action": [-0.4154045879840851, -0.0048450082540512085], "reward": 0.5522126143232825}