{"action": [0.699999988079071, -0.018135398626327515], "reward": 0.5025362919429921}