{"action": [0.15501074492931366, 0.01504232082515955], "reward": 0.45207287130303414}