{"action": [0.699999988079071, -0.0004029266710858792], "reward": 0.39548347546077345}