{"action": [0.699999988079071, -0.006033973768353462], "reward": 0.5982429317077188}