{"action": [0.699999988079071, -0.017353717237710953], "reward": 0.47693605055223176}