{"action": [0.699999988079071, -0.001949060708284378], "reward": 0.6551795243949375}