{"action": [-0.26689743995666504, -0.002940352773293853], "reward": 0.6327452018399664}