{"action": [0.699999988079071, -0.00207335501909256], "reward": 0.5414654602564996}