{"action": [0.699999988079071, -0.0029641888104379177], "reward": 0.4886173993179857}