{"action": [0.699999988079071, -0.00042757729534059763], "reward": 0.7839466283485244}