{"action": [0.699999988079071, -3.791624476434663e-05], "reward": 0.5327032730023614}