{"action": [0.699999988079071, -0.0038624161388725042], "reward": 0.40894383846780813}