{"action": [0.6208887100219727, 0.002488299971446395], "reward": 0.7789025217990891}