{"action": [0.699999988079071, 7.554429612355307e-05], "reward": 0.6267615485231364}