{"action": [-1.0, -0.004224948585033417], "reward": 0.25049316228221447}