{"action": [0.699999988079071, -0.004455948248505592], "reward": 7.72773783456203e-05}