{"action": [0.312831848859787, -0.006210130639374256], "reward": 0.462407190515153}