{"action": [0.699999988079071, -0.004688656888902187], "reward": 0.5649122268587542}