{"action": [0.699999988079071, 2.2653401174466126e-05], "reward": 0.5257524974133413}