{"action": [0.699999988079071, 5.348616832634434e-05], "reward": 0.47058824773140473}