{"action": [0.38249969482421875, -0.0023262244649231434], "reward": 0.6176348159151166}