{"action": [0.358065128326416, 4.338347935117781e-05], "reward": 0.9849134951934428}