{"action": [0.15035346150398254, 5.50531767657958e-05], "reward": 0.9768856554140511}