{"action": [-1.0, 0.010011116042733192], "reward": -0.0014959224411463638}