{"action": [-1.0, 0.010010043159127235], "reward": -0.001501411232975998}