{"action": [0.699999988079071, 0.068400539457798], "reward": -0.00876503250104348}