{"action": [0.699999988079071, 0.06872057169675827], "reward": -0.0021942744825956886}