{"action": [0.699999988079071, 0.06372248381376266], "reward": -0.00945439458943434}