{"action": [0.699999988079071, 0.06158433482050896], "reward": -0.006683995039361156}