{"action": [0.699999988079071, 0.05906252935528755], "reward": 0.22744045509559885}