{"action": [0.699999988079071, -2.470012077537831e-06], "reward": 0.6931497794750526}