{"action": [0.699999988079071, 0.03657270595431328], "reward": 0.45314921731250035}