{"action": [0.699999988079071, -0.008415537886321545], "reward": 0.7020355175655977}