{"action": [0.27827367186546326, -0.041087038815021515], "reward": 0.404001381100033}