{"action": [0.4986552894115448, -0.013512484729290009], "reward": 0.4099912093618543}