{"action": [0.36268872022628784, -0.010488138534128666], "reward": 0.43792109298459475}