{"action": [-1.0, -0.0048075891099870205], "reward": -0.0006921521753445064}