{"action": [-1.0, -0.00481939222663641], "reward": -0.0007194114442542031}