{"action": [-1.0, -0.004820465110242367], "reward": -0.0007228008000230907}