{"action": [-1.0, -0.004827976226806641], "reward": -0.0007203259561180379}