{"action": [0.6693494319915771, -0.0006232931627891958], "reward": 0.39662523224399693}