{"action": [0.699999988079071, -0.0015971167013049126], "reward": 0.24735721608235367}