{"action": [0.699999988079071, -1.0793745786941145e-05], "reward": 0.33955833434728466}