{"action": [-1.0, 0.001498984987847507], "reward": 0.3244358368054026}