{"action": [0.3961716294288635, -0.00034316585515625775], "reward": 0.45309792934619386}