{"action": [0.699999988079071, 0.0034683914855122566], "reward": 0.23184537591696844}