{"action": [0.699999988079071, 9.543895203023567e-07], "reward": 0.4937534461313695}