{"action": [0.699999988079071, 0.007140027359127998], "reward": 0.09834830561705785}