{"action": [0.699999988079071, 0.0071189189329743385], "reward": 0.14035178632212034}