{"action": [0.699999988079071, 0.013814685866236687], "reward": 0.5546267818687126}