{"action": [0.699999988079071, 5.346155012375675e-05], "reward": 0.587801602525053}