{"action": [0.6066015362739563, 0.08385876566171646], "reward": 0.2593030906086208}