{"action": [0.4260978400707245, 0.04037384316325188], "reward": 0.29737588671529125}