{"action": [-1.0, 0.0007849015528336167], "reward": 0.08908811955618315}