{"action": [0.4766090512275696, 0.0020008855499327183], "reward": 0.8432322867081715}