{"action": [0.699999988079071, 4.5036915253149346e-05], "reward": 0.01235907642157556}