{"action": [0.699999988079071, 2.2322533368424047e-06], "reward": 0.14688995944006297}