{"action": [0.45662572979927063, 0.0021570688113570213], "reward": 0.8543758669999006}