{"action": [-1.0, -0.048486851155757904], "reward": 0.24358764162898539}