{"action": [-1.0, -0.0644880086183548], "reward": 0.27742679945378224}