{"action": [-1.0, -0.055867500603199005], "reward": 0.026809258966388735}