{"action": [0.699999988079071, -0.052467647939920425], "reward": 0.25967014102936997}