{"action": [0.699999988079071, -0.030152060091495514], "reward": 0.31697422064813613}