{"action": [0.699999988079071, -0.01716007851064205], "reward": 0.25289471499254884}