{"action": [0.699999988079071, -0.01675368659198284], "reward": 0.29849557933701637}