{"action": [0.32808738946914673, -0.010784946382045746], "reward": 0.4179326411638319}