{"action": [-1.0, -0.0035666613839566708], "reward": 0.29044751680178044}