{"action": [0.699999988079071, -0.00030166239594109356], "reward": 0.08118284653704749}