{"action": [0.699999988079071, 0.0009930598316714168], "reward": 0.231488125843354}