{"action": [0.699999988079071, 0.004395394120365381], "reward": 0.6136791430226775}