{"action": [0.699999988079071, 0.07034909725189209], "reward": 0.4134481381809809}