{"action": [0.699999988079071, -0.007911776192486286], "reward": 0.5733654739588694}