{"action": [0.699999988079071, -0.013351843692362309], "reward": 0.6185945871666346}