{"action": [0.699999988079071, -0.013621604070067406], "reward": 0.6274052010761718}