{"action": [0.6466906070709229, -0.0012021351139992476], "reward": 0.7873706468759548}