{"action": [0.44928619265556335, 0.0015003730077296495], "reward": 0.8796485341027647}