{"action": [0.5551208257675171, 0.005730090197175741], "reward": 0.7984245228206974}