{"action": [0.45099684596061707, 0.002350226743146777], "reward": 0.8398047450092754}