{"action": [-0.0489041768014431, -0.03942333906888962], "reward": 0.7864062860894514}