{"action": [0.6025686264038086, 0.013238304294645786], "reward": 0.7960876455858076}