{"action": [0.6521187424659729, 0.016291160136461258], "reward": 0.6799158958771551}