{"action": [0.699999988079071, 0.012899595312774181], "reward": 0.7433531979090381}