{"action": [0.4614124894142151, 0.0022040121257305145], "reward": 0.8316658540208374}