{"action": [0.4482128620147705, 0.004013778641819954], "reward": 0.8683616042408352}