{"action": [0.5903027653694153, 0.00038139158277772367], "reward": 0.7798097586798131}