{"action": [0.589104175567627, -0.0006821643328294158], "reward": 0.7367441296018427}