{"action": [0.4834778308868408, -0.0044757598079741], "reward": 0.8688213710449687}