{"action": [0.5185484290122986, -0.0154133141040802], "reward": 0.780877256005934}