{"action": [0.699999988079071, -0.008665750734508038], "reward": 0.620947264112841}