{"action": [-0.836595892906189, -0.002520337700843811], "reward": 0.665305247008898}