{"action": [-0.2562434673309326, -0.0035572287160903215], "reward": 0.5237224147106959}