{"action": [0.454383909702301, -2.268111529701855e-05], "reward": 0.41568795652737867}