{"action": [0.699999988079071, -0.0010027507087215781], "reward": 0.19477599649998567}