{"action": [0.699999988079071, -0.0009548472589813173], "reward": 0.1625283867160563}