{"action": [0.699999988079071, -0.0009039051365107298], "reward": 0.09860871499714856}