{"action": [0.699999988079071, -0.00021680700592696667], "reward": 0.46109922165436174}