{"action": [0.699999988079071, -0.0007383552147075534], "reward": 0.5918296626527593}