{"action": [0.699999988079071, 0.0031462048646062613], "reward": 0.6034738727072395}