{"action": [0.5065827369689941, 0.002616774756461382], "reward": 0.8569125445448035}