{"action": [0.5484012961387634, -0.0032133818604052067], "reward": 0.8060841904493294}