{"action": [0.5175535082817078, -0.0006258354987949133], "reward": 0.8099955363040111}