{"action": [0.646479606628418, -0.013453851453959942], "reward": 0.786310165763251}