{"action": [0.699999988079071, -0.01538956817239523], "reward": 0.7535589815378345}