{"action": [0.699999988079071, 0.00020742994092870504], "reward": 0.5091274869279943}