{"action": [0.6219761371612549, 0.004092188086360693], "reward": 0.73462617882878}