{"action": [0.699999988079071, 0.004372878465801477], "reward": 0.6314390033558248}