{"action": [0.699999988079071, 0.00357761699706316], "reward": 0.7014192926363118}