{"action": [0.5891984701156616, -0.0014214891707524657], "reward": 0.8336029714745413}