{"action": [0.6905916929244995, -0.010650028474628925], "reward": 0.7496013045748366}