{"action": [0.47420114278793335, -0.0024864464066922665], "reward": 0.8769751240799754}