{"action": [0.636279821395874, 0.800000011920929], "reward": 0.36279208767231796}