{"action": [0.699999988079071, 0.040189485996961594], "reward": 0.5407515340090913}