{"action": [0.699999988079071, 0.010438107885420322], "reward": 0.541647608186939}