{"action": [0.699999988079071, -0.0021487511694431305], "reward": 0.6720011391253277}