{"action": [0.699999988079071, -2.3217658963403665e-05], "reward": 0.6112843227572491}