{"action": [0.5245838165283203, -0.004013442900031805], "reward": 0.8195116056307057}