{"action": [0.5072798728942871, -0.0047295852564275265], "reward": 0.8230502355844488}