{"action": [0.699999988079071, 0.0005922322743572295], "reward": 0.6913638750364927}