{"action": [0.6995116472244263, 0.009175358340144157], "reward": 0.7066726163013414}