{"action": [0.699999988079071, 0.0036130414810031652], "reward": 0.706288072100874}