{"action": [0.6798005104064941, 0.010733486153185368], "reward": 0.7055120375074193}