{"action": [0.6096563339233398, 0.0209970623254776], "reward": 0.7520842553341996}