{"action": [0.699999988079071, 2.865576789190527e-05], "reward": 0.6260514965541748}