{"action": [0.699999988079071, 0.0015094004338607192], "reward": 0.619625175061011}