{"action": [0.40967726707458496, 0.000243574904743582], "reward": 0.8948822444070077}