{"action": [0.47406044602394104, 0.003266876097768545], "reward": 0.8245654191840642}