{"action": [0.6135135889053345, 0.0035627807956188917], "reward": 0.7332522050973385}