{"action": [0.699999988079071, 0.0019704794976860285], "reward": 0.6132904192191092}