{"action": [0.699999988079071, 0.0018160489853471518], "reward": 0.6126158072128347}