{"action": [0.699999988079071, 0.0013323575258255005], "reward": 0.5282740936367795}