{"action": [0.699999988079071, 0.00010170954192290083], "reward": 0.5286843354811055}