{"action": [0.699999988079071, -4.743903991766274e-05], "reward": 0.6591966280467798}