{"action": [0.699999988079071, -0.0042506055906414986], "reward": 0.3692615912269635}