{"action": [0.4599645137786865, -0.007949517108500004], "reward": 0.38272089823627103}