{"action": [0.2782174348831177, -0.007679071743041277], "reward": 0.46212369633066913}