{"action": [0.37113824486732483, -0.008212113752961159], "reward": 0.4532901532490441}