{"action": [-1.0, -0.005779729690402746], "reward": 0.43574085214176816}