{"action": [0.699999988079071, -0.009149939753115177], "reward": 0.28289827919136706}