{"action": [0.699999988079071, -0.010483329184353352], "reward": 0.49988600467742983}