{"action": [0.699999988079071, -0.00885063223540783], "reward": 0.5008478513171551}