{"action": [0.699999988079071, -0.013151385821402073], "reward": 0.5113045861539767}