{"action": [0.699999988079071, 0.007472813129425049], "reward": 0.37391483955998567}