{"action": [0.4705100357532501, 0.007945013232529163], "reward": 0.8653508387697184}