{"action": [0.5561857223510742, 0.004422880709171295], "reward": 0.8044557846813676}