{"action": [0.699999988079071, -0.017356738448143005], "reward": 0.2263561608086826}