{"action": [0.699999988079071, 0.003852140624076128], "reward": 0.6669866353073063}