{"action": [0.699999988079071, 0.0029899231158196926], "reward": 0.7051724695582592}