{"action": [-0.313266396522522, 0.0001912418520078063], "reward": 0.6191665247658067}