{"action": [0.31059738993644714, -0.004865243099629879], "reward": 0.4575216379367959}