{"action": [-1.0, -0.005071011371910572], "reward": 0.18814146368414808}