{"action": [0.699999988079071, -0.004534685984253883], "reward": 0.25934729351730273}