{"action": [0.699999988079071, -0.0013646791921928525], "reward": 0.5921724883931108}