{"action": [0.699999988079071, -0.011471958830952644], "reward": 0.6658174534198927}