{"action": [0.699999988079071, -0.0007648037280887365], "reward": 0.5292665440211888}