{"action": [-1.0, -0.004388581495732069], "reward": -0.0005816149536150305}