{"action": [0.699999988079071, -0.00035991371260024607], "reward": 0.829693012103332}