{"action": [0.699999988079071, 0.003125477582216263], "reward": 0.519699020553139}