{"action": [-1.0, 0.00226618186570704], "reward": 0.5495323783596281}