{"action": [0.699999988079071, 0.0030509675852954388], "reward": 0.5621332820778754}