{"action": [0.699999988079071, 0.002597912447527051], "reward": 0.6003303081715171}