{"action": [0.699999988079071, 0.0038945230189710855], "reward": 0.8911677512477686}