{"action": [0.46407076716423035, -0.22506199777126312], "reward": 0.7562870562478453}