{"action": [0.3733881711959839, -0.24771280586719513], "reward": 0.7265088878762131}