{"action": [0.699999988079071, -0.14613203704357147], "reward": 0.5747443669590026}