{"action": [0.5678087472915649, -0.1087273359298706], "reward": 0.6535151010175672}