{"action": [0.42019665241241455, -0.04405135661363602], "reward": 0.807112697567993}