{"action": [0.5324892997741699, -0.027049759402871132], "reward": 0.7358944298574001}