{"action": [0.699999988079071, -0.0014184934552758932], "reward": 0.6620226423169652}