{"action": [0.699999988079071, -0.013152039609849453], "reward": 0.49970701010042184}