{"action": [0.2864137887954712, 0.015995720401406288], "reward": 0.8832019707669674}