{"action": [0.3396429419517517, 0.014136244542896748], "reward": 0.8981864730173219}