{"action": [0.40437671542167664, 0.014848049730062485], "reward": 0.7770401284304315}