{"action": [0.18166080117225647, -0.017729397863149643], "reward": 0.3426172880248012}