{"action": [0.699999988079071, -0.30283039808273315], "reward": -0.045424559712409975}