{"action": [0.699999988079071, -0.3055814504623413], "reward": 0.3958681718994538}