{"action": [0.3283318877220154, -0.17956838011741638], "reward": 0.617891261789411}