{"action": [-1.0, -0.002583254361525178], "reward": 0.36087458473896145}