{"action": [-1.0, -0.0024341067764908075], "reward": -0.00036342191592531986}