{"action": [-1.0, -0.00918402150273323], "reward": -0.0013767885479847367}