{"action": [-1.0, -0.002442691009491682], "reward": -0.0003660759167512013}