{"action": [-1.0, -0.0024443003349006176], "reward": -0.00036084041509608356}