{"action": [-1.0, -0.0024443003349006176], "reward": -0.0003663218390244433}