{"action": [-1.0, -0.004384825937449932], "reward": -0.0006574598775026451}