{"action": [-1.0, -0.002445909893140197], "reward": -0.000366536366771222}