{"action": [-1.0, -0.0024566398933529854], "reward": -0.0003665072515414199}