{"action": [-1.0, -0.009273908101022243], "reward": -0.0013900407694935521}