{"action": [-1.0, -0.002461468568071723], "reward": -0.0003691654975082664}