{"action": [-1.0, -0.0024652238935232162], "reward": -0.00036964633678549603}