{"action": [0.699999988079071, 0.06112845987081528], "reward": -0.00880695374550577}