{"action": [0.699999988079071, 0.061489567160606384], "reward": -0.009223428195107455}