{"action": [0.699999988079071, 0.048675332218408585], "reward": 0.3556398960676657}