{"action": [0.5810776948928833, -0.00032480998197570443], "reward": 0.7725873029401373}