{"action": [0.556890070438385, 0.0008457560907118022], "reward": 0.7868075141733674}