{"action": [0.5012714266777039, -0.004382431041449308], "reward": 0.8336249437504195}