{"action": [0.3555483818054199, -0.004275623708963394], "reward": 0.9395022920600422}