{"action": [0.34742119908332825, -0.00452099833637476], "reward": 0.9377871707665096}