{"action": [0.40574052929878235, -0.005893500987440348], "reward": 0.875763660870812}