{"action": [0.5087834596633911, -0.00019674461509566754], "reward": 0.7964934724397232}