{"action": [0.39469701051712036, 0.0002799050125759095], "reward": 0.9437900485425617}