{"action": [0.42461317777633667, 0.00018476635159458965], "reward": 0.9304245575843064}