{"action": [0.37981462478637695, -0.007299254648387432], "reward": 0.8625442520377664}