{"action": [0.49988529086112976, -0.020161673426628113], "reward": 0.6017740986436877}