{"action": [0.4505954384803772, -6.365611625369638e-05], "reward": 0.9016270168303617}