{"action": [0.4220975935459137, 0.0025997061748057604], "reward": 0.91852253191203}