{"action": [0.5226675271987915, 0.015833284705877304], "reward": 0.7812140565846978}