{"action": [0.4338887929916382, 0.017315465956926346], "reward": 0.8657859486572049}