{"action": [0.4634570777416229, 0.0009578433237038553], "reward": 0.8767355701109594}