{"action": [-1.0, -0.004385362379252911], "reward": -0.0006574697019357462}