{"action": [0.699999988079071, 0.003296630922704935], "reward": 0.7120981034298758}