{"action": [0.699999988079071, 0.005792845040559769], "reward": 0.6576137970508115}