{"action": [0.4653767943382263, 0.014023843221366405], "reward": 0.8139930852884377}