{"action": [0.4851473569869995, 0.013823434710502625], "reward": 0.8133535262314722}