{"action": [0.44568976759910583, 0.011078372597694397], "reward": 0.8635466638976769}