{"action": [0.39982879161834717, 0.37294065952301025], "reward": 0.5978105260707629}