{"action": [0.3977331817150116, 0.17087547481060028], "reward": 0.48032061384948466}