{"action": [0.44399410486221313, 0.2886394262313843], "reward": 0.2969428605665278}