{"action": [0.508840024471283, -0.004502785392105579], "reward": 0.8366580495948521}