{"action": [0.4033941626548767, -0.013150162063539028], "reward": 0.8296173879478035}