{"action": [0.39923182129859924, -0.01278245821595192], "reward": 0.850395414315538}