{"action": [0.3611563444137573, -0.0010459097102284431], "reward": 0.90737714494224}