{"action": [0.4650413990020752, -0.0037253601476550102], "reward": 0.8537344254567993}