{"action": [0.4392625391483307, -0.00818176195025444], "reward": 0.8518468660903052}