{"action": [0.4101351797580719, -0.0012374297948554158], "reward": 0.8945683181407338}