{"action": [0.4817776679992676, -0.0034794320818036795], "reward": 0.8627347213000005}