{"action": [0.399238646030426, -0.002688267733901739], "reward": 0.9190161191415149}