{"action": [0.40456724166870117, -0.0014157738769426942], "reward": 0.9280521490763846}