{"action": [0.4609975218772888, 1.0659695135473157e-06], "reward": 0.8845493302996325}