{"action": [0.45498114824295044, -2.6900768261839403e-06], "reward": 0.874129988710042}