{"action": [0.3801515996456146, 0.011972849257290363], "reward": 0.8833287548849095}