{"action": [0.5132701992988586, -0.00012299865193199366], "reward": 0.8380393433759425}