{"action": [0.699999988079071, 0.11112380027770996], "reward": -0.01658091650774167}