{"action": [0.4377439022064209, -0.0026846695691347122], "reward": 0.8805487990209362}