{"action": [0.4182981848716736, -0.0016020354814827442], "reward": 0.8828616803922222}