{"action": [0.36437055468559265, -0.001326883677393198], "reward": 0.8781412163271594}