{"action": [0.4004786014556885, -0.00013924689847044647], "reward": 0.9251274047316446}