{"action": [-1.0, -0.004401993937790394], "reward": -0.0006602091591683577}