{"action": [0.5145270228385925, -0.0019538786727935076], "reward": 0.8385332699675548}