{"action": [0.5125444531440735, -0.005773022770881653], "reward": 0.8401771777334385}