{"action": [0.3921600878238678, -0.006007825490087271], "reward": 0.9026853523386819}