{"action": [0.41910848021507263, -0.0007477151229977608], "reward": 0.8955954998184863}