{"action": [0.511548638343811, -0.001283267862163484], "reward": 0.8760503972958558}