{"action": [0.3708496689796448, -0.0004968176363036036], "reward": 0.9166722431362319}