{"action": [0.36067017912864685, -0.00015675350732635707], "reward": 0.9298640218156875}