{"action": [0.22457173466682434, 0.009376201778650284], "reward": 0.49697655975969474}