{"action": [0.3069205582141876, 0.008210982196033001], "reward": 0.46064078407496223}