{"action": [0.2762640416622162, 0.007483848370611668], "reward": 0.4657762564052257}