{"action": [0.2771884799003601, -0.0003144400252494961], "reward": 0.46622953120862337}