{"action": [0.2924169898033142, -0.0005819171783514321], "reward": 0.4668487178125455}