{"action": [0.256862998008728, -0.0001247515610884875], "reward": 0.46991181159459516}