{"action": [0.009446389973163605, -0.0012550815008580685], "reward": 0.5464663776587164}