{"action": [-1.0, -0.004397701937705278], "reward": -0.000659217215112644}