{"action": [-1.0, -0.0003240468504372984], "reward": -4.8422579967344994e-05}