{"action": [-1.0, -0.0003240468504372984], "reward": -4.83641546096557e-05}