{"action": [-1.0, -0.0003256563504692167], "reward": -4.8587235370267744e-05}