{"action": [-1.0, -0.000327265850501135], "reward": -4.894929707406708e-05}