{"action": [-1.0, -0.0003256563504692167], "reward": -4.870490244751462e-05}