{"action": [-1.0, -0.0003256563504692167], "reward": -4.861479974956226e-05}