{"action": [-1.0, -0.0003256563504692167], "reward": -4.865843558021006e-05}