{"action": [-1.0, -0.00032672935049049556], "reward": -4.8657594823162004e-05}