{"action": [-1.0, -0.00032672935049049556], "reward": -4.8663238939999566e-05}