{"action": [-1.0, -0.0003256563504692167], "reward": -4.867683811973408e-05}