{"action": [-1.0, -0.00032672935049049556], "reward": -4.880245643378958e-05}