{"action": [-1.0, -0.00032672935049049556], "reward": -4.885889645656376e-05}