{"action": [-1.0, -0.000327265850501135], "reward": -4.896502636003705e-05}