{"action": [-1.0, -0.000327265850501135], "reward": -4.890092658126925e-05}