{"action": [-1.0, -0.0003278023505117744], "reward": -4.910144003218716e-05}