{"action": [-1.0, -0.0003278023505117744], "reward": -4.898775881098383e-05}