{"action": [-1.0, -0.00032619285047985613], "reward": -4.884322067338124e-05}