{"action": [-1.0, -0.00032672935049049556], "reward": -4.894750043724911e-05}