{"action": [-1.0, -0.00032672935049049556], "reward": -4.8920974185816935e-05}