{"action": [-1.0, -0.00032672935049049556], "reward": -4.8885286749730064e-05}