{"action": [0.5671414136886597, 0.0005367952981032431], "reward": 0.45446383355239767}