{"action": [0.25065916776657104, 0.003095992375165224], "reward": 0.5686183665195544}