{"action": [0.699999988079071, 0.0013169655576348305], "reward": 0.47275647864148057}