{"action": [0.6395124793052673, 6.744268466718495e-05], "reward": 0.8583447990894375}