{"action": [0.32539457082748413, 0.0013362796744331717], "reward": 0.6896357678368019}