{"action": [0.3492640256881714, 0.000246231269557029], "reward": 0.6903471477729788}