{"action": [0.49808940291404724, -0.02034918963909149], "reward": 0.6929469892326066}