{"action": [0.455220103263855, -0.014961802400648594], "reward": 0.8279354170081037}