{"action": [0.4432312846183777, -0.011447124183177948], "reward": 0.8414009620605205}