{"action": [0.38555222749710083, -0.000978564959950745], "reward": 0.8696672435180467}