{"action": [0.4010717272758484, -0.0007516160840168595], "reward": 0.8693709384242542}