{"action": [0.4223323464393616, 7.735389954177663e-05], "reward": 0.9091743114805395}