{"action": [0.4186086058616638, 0.01370706781744957], "reward": 0.8628761492329198}