{"action": [0.4316912591457367, 0.009961850941181183], "reward": 0.8420442325787111}