{"action": [0.699999988079071, 0.035034481436014175], "reward": 0.40245200796323743}