{"action": [-1.0, -0.004401457495987415], "reward": -0.000660019945942397}