{"action": [0.5499552488327026, 0.002757387002930045], "reward": 0.8378445465152982}