{"action": [-1.0, 0.0024126467760652304], "reward": -0.0003297579635618633}