{"action": [-1.0, 0.0008600117289461195], "reward": 0.00014500126086976193}