{"action": [0.699999988079071, 0.000900191836990416], "reward": 0.20586696357253678}