{"action": [0.699999988079071, 0.000852796423714608], "reward": 0.3910862077070797}