{"action": [-1.0, 0.0023826027754694223], "reward": -0.00031347870057106916}