{"action": [0.699999988079071, 0.0023166052997112274], "reward": 0.7022020700389475}