{"action": [-1.0, -0.004400384612381458], "reward": -0.0006599205873788218}