{"action": [0.5262002944946289, 0.010772946290671825], "reward": 0.8305611960122182}