{"action": [0.699999988079071, 0.021482033655047417], "reward": 0.6661275293098881}