{"action": [0.2817421853542328, 0.0004700387071352452], "reward": 0.4430846025465366}