{"action": [-0.6706011891365051, 0.0003670465957839042], "reward": 0.6544042206856546}