{"action": [0.699999988079071, 2.7264188247499987e-05], "reward": 0.5148845107785789}