{"action": [0.699999988079071, -0.002101935213431716], "reward": 0.6514808784844328}