{"action": [-1.0, -0.023794909939169884], "reward": 0.2467466039468964}