{"action": [0.699999988079071, -0.026643972843885422], "reward": 0.16053660511626727}