{"action": [-1.0, -0.02261246182024479], "reward": -0.003035718318398698}