{"action": [0.699999988079071, -0.030481334775686264], "reward": 0.3783387610117616}