{"action": [0.699999988079071, -0.027492370456457138], "reward": 0.48854074950097093}