{"action": [-1.0, -0.024481631815433502], "reward": 0.3118812531445352}