{"action": [0.699999988079071, -0.00663474528118968], "reward": 0.653805802848222}