{"action": [0.5894820690155029, -0.002571976976469159], "reward": 0.8479327118009259}