{"action": [0.3910179138183594, -0.00137447495944798], "reward": 0.9277625492471254}