{"action": [0.5153185129165649, -0.0029608856420964003], "reward": 0.8578447677685896}