{"action": [-1.0, -0.004377314820885658], "reward": -0.0006563956264146701}