{"action": [-1.0, -0.0003707224677782506], "reward": 0.37911669331290776}