{"action": [0.4901515245437622, -0.0017914633499458432], "reward": 0.428863365607029}