{"action": [-1.0, -0.00014431888121180236], "reward": 0.00047135837189168163}