{"action": [-1.0, -0.00014378238120116293], "reward": 1.3191296377284988e-06}