{"action": [-1.0, -0.00014378238120116293], "reward": -2.094535393150666e-05}