{"action": [0.699999988079071, -0.004392008297145367], "reward": 7.957511618373041e-05}