{"action": [-1.0, -0.00014378238120116293], "reward": -2.1039911095262748e-05}