{"action": [-1.0, -0.00014378238120116293], "reward": -2.1003784020846477e-05}