{"action": [0.699999988079071, -0.00012111759133404121], "reward": 0.1490065798795406}