{"action": [0.699999988079071, -5.294072616379708e-05], "reward": 0.2552812865163674}