{"action": [0.30794939398765564, 0.004744432400912046], "reward": 0.4497549249344509}