{"action": [-1.0, 0.014130910858511925], "reward": 0.17659319024030806}