{"action": [-1.0, 0.014567086473107338], "reward": -0.002184217669574606}