{"action": [0.013654696755111217, -0.07661329954862595], "reward": -0.006607366165401544}