{"action": [-1.0, -0.002657291479408741], "reward": -0.0003333381263240828}