{"action": [-1.0, 0.014539187774062157], "reward": -0.0021802218510057806}