{"action": [-1.0, 0.046844907104969025], "reward": -0.007026232227305522}