{"action": [-1.0, 0.014553137123584747], "reward": -0.002182477567888589}