{"action": [-1.0, 0.04694170504808426], "reward": -0.007036819452555595}