{"action": [0.699999988079071, -0.00241762469522655], "reward": 0.006025070467885151}