{"action": [-1.0, 0.014572987332940102], "reward": -0.002185447940778171}