{"action": [-1.0, 0.01455581933259964], "reward": -0.0021832859733181623}