{"action": [-1.0, 0.01455581933259964], "reward": -0.0021832992345397623}