{"action": [-1.0, 0.014536505565047264], "reward": -0.0021794400529854103}