{"action": [0.699999988079071, 0.013918091543018818], "reward": 0.05781588949974731}