{"action": [0.699999988079071, 0.020222187042236328], "reward": 0.39836206306759014}