{"action": [0.4543655216693878, 0.018763694912195206], "reward": 0.4118985542946006}