{"action": [-1.0, 0.010758998803794384], "reward": 0.03752942327944479}