{"action": [-1.0, 0.010287950746715069], "reward": -0.0015386871278935293}