{"action": [-1.0, 0.003941139206290245], "reward": 0.1538940347973062}