{"action": [-1.0, 0.003919142764061689], "reward": 0.27005773614420775}