{"action": [0.699999988079071, 0.0012688774149864912], "reward": 0.25169811784499324}