{"action": [0.699999988079071, 0.0007872338173910975], "reward": 0.36192707984060674}