{"action": [-1.0, -0.0010429586982354522], "reward": -9.43813888648681e-05}