{"action": [-1.0, -0.001044031698256731], "reward": -0.00013718325025546935}