{"action": [-1.0, -0.0001620234252186492], "reward": -2.3914098157418522e-05}