{"action": [-1.0, -0.00015934092516545206], "reward": -2.355971467944459e-05}