{"action": [-1.0, -0.00015934092516545206], "reward": -2.3291008509582864e-05}