{"action": [0.699999988079071, -0.00017057395598385483], "reward": 0.13599253628367114}