{"action": [0.699999988079071, -0.00016126286936923862], "reward": 0.01224389024211969}