{"action": [-1.0, -0.001426020753569901], "reward": -0.00020365505425017446}