{"action": [-1.0, -0.0014206557534635067], "reward": -0.00021240474225244432}