{"action": [0.699999988079071, 4.851102858083323e-06], "reward": 0.23372524590791807}