{"action": [-1.0, -0.004682762082666159], "reward": -0.0006993724815779765}