{"action": [0.699999988079071, 3.615486639318988e-05], "reward": 0.26142319815736553}