{"action": [-1.0, -0.001414754195138812], "reward": -0.0002118676339320688}