{"action": [0.699999988079071, 0.032579176127910614], "reward": 0.04116741622224619}