{"action": [0.699999988079071, 0.03130146488547325], "reward": -0.004669298889152248}