{"action": [0.699999988079071, 0.02884383127093315], "reward": 0.3987566357386985}