{"action": [0.699999988079071, 5.187290662433952e-05], "reward": 0.5813400215231401}