{"action": [0.699999988079071, -0.006273019127547741], "reward": 0.5252936802384751}