{"action": [-1.0, -0.015393834561109543], "reward": 0.3644402067572911}