{"action": [-1.0, -0.022724052891135216], "reward": 0.22306010776085966}