{"action": [0.699999988079071, -0.020096583291888237], "reward": 0.07749307151625952}