{"action": [0.699999988079071, -0.013240307569503784], "reward": 0.005947761182099213}