{"action": [0.699999988079071, -0.014338437467813492], "reward": 0.05769814394504025}