{"action": [0.699999988079071, 0.3153882622718811], "reward": 0.4824912416283326}