{"action": [0.699999988079071, 0.3329651355743408], "reward": 0.6095632157202538}