{"action": [0.5923360586166382, 0.4198104739189148], "reward": 0.6001056433766926}