{"action": [0.5970163345336914, 0.29550254344940186], "reward": 0.6240955457227967}