{"action": [0.5952181220054626, 0.800000011920929], "reward": 0.16546729422901807}