{"action": [0.6259235143661499, 0.3651096820831299], "reward": 0.44487430428342345}