{"action": [0.47339439392089844, 0.07477732747793198], "reward": 0.7560135467019816}