{"action": [0.5972306728363037, 0.23291149735450745], "reward": 0.5425307815119881}