{"action": [0.5602251291275024, 0.053430091589689255], "reward": 0.6720974407559485}