{"action": [0.3886939585208893, -0.0016798817086964846], "reward": 0.8821021752427721}