{"action": [0.36063528060913086, -0.007942385971546173], "reward": 0.897798289915513}