{"action": [0.3580724596977234, -0.008221928961575031], "reward": 0.9017742878836581}