{"action": [0.3293360769748688, -0.01636304333806038], "reward": 0.8768272536018273}