{"action": [0.606317400932312, -0.016543442383408546], "reward": 0.7645635877417944}