{"action": [0.5596209168434143, -0.011115037836134434], "reward": 0.7945491751106459}