{"action": [0.6119099855422974, -0.017151400446891785], "reward": 0.7488316090177801}