{"action": [0.40512511134147644, -4.716289186035283e-05], "reward": 0.8499753726780434}