{"action": [0.6252705454826355, 0.0024512228555977345], "reward": 0.7517956347541574}