{"action": [0.699999988079071, 0.005992647260427475], "reward": 0.4673933276451268}