{"action": [0.6662442088127136, -0.0033922053407877684], "reward": 0.7310521958613563}