{"action": [0.4168158173561096, -0.002192783635109663], "reward": 0.8884295449546861}