{"action": [0.4249272048473358, 0.5974541902542114], "reward": 0.6573399327444203}