{"action": [0.6910342574119568, 0.800000011920929], "reward": 0.265514865950272}