{"action": [0.5609216690063477, 0.42509862780570984], "reward": 0.5352867556840027}