{"action": [0.5975288152694702, 0.25464627146720886], "reward": 0.5384379738412891}