{"action": [0.699999988079071, 0.0004395524738356471], "reward": 0.4764537978621327}