{"action": [0.699999988079071, -1.9683628124766983e-05], "reward": -1.6423004903932805}