{"action": [0.699999988079071, -0.0002670344547368586], "reward": -1.9697471264909168}