{"action": [0.699999988079071, -0.009686450473964214], "reward": -1.9185239084889234}