{"action": [0.699999988079071, 0.00951860100030899], "reward": 0.30563505181050726}