{"action": [0.699999988079071, 0.009259412996470928], "reward": 0.3986641732010532}