{"action": [0.699999988079071, -0.004356530494987965], "reward": -2.0915298276051777}