{"action": [0.699999988079071, 0.01134537160396576], "reward": -2.7034474620746285}