{"action": [0.699999988079071, 0.006978255696594715], "reward": -2.7235940936887935}