{"action": [0.699999988079071, -0.0016672045458108187], "reward": -3.7464671729715926}