{"action": [0.699999988079071, -0.0010020554764196277], "reward": -3.4791832948214294}