{"action": [0.699999988079071, -0.0017615130636841059], "reward": -3.8536326691348424}