{"action": [0.699999988079071, -0.0015832144999876618], "reward": -3.694109302771925}