{"action": [0.699999988079071, -0.00899515300989151], "reward": -3.89782396401018}