{"action": [0.699999988079071, -0.008560186251997948], "reward": -3.9788983442412}