{"action": [-1.0, -0.0073996069841086864], "reward": -3.440264068499921}