{"action": [0.2921660840511322, 0.00019994705507997423], "reward": 0.8990436547363159}