{"action": [0.699999988079071, 0.0016665777657181025], "reward": 0.48234945021148756}