{"action": [0.699999988079071, -0.0187595896422863], "reward": 0.49980564424780904}