{"action": [0.5344240665435791, 0.0017181378789246082], "reward": 0.7949676021804264}