{"action": [0.678482711315155, -0.0019948394037783146], "reward": 0.7710619222199255}