{"action": [0.43289873003959656, -0.002320674015209079], "reward": 0.9091421182311298}