{"action": [0.4474821984767914, -0.0024065838661044836], "reward": 0.899234907603636}