{"action": [0.699999988079071, 2.790093276416883e-07], "reward": 0.37176210190561537}