{"action": [-0.13812333345413208, 0.01353369653224945], "reward": 0.5108090374329135}