{"action": [-1.0, 0.0031036841683089733], "reward": 0.803395032516775}