{"action": [0.4197118878364563, 0.012589547783136368], "reward": 0.4289866587373079}