{"action": [0.699999988079071, 0.005033951252698898], "reward": 0.38098620011435586}