{"action": [0.699999988079071, 0.0055826869793236256], "reward": 0.31271431663791033}