{"action": [0.699999988079071, -0.0006410580244846642], "reward": 0.580426764338088}