{"action": [0.699999988079071, -0.012433630414307117], "reward": 0.32096452684683857}