{"action": [0.699999988079071, -0.0011762911453843117], "reward": 0.6249309912526612}