{"action": [0.699999988079071, -0.008629297837615013], "reward": 0.7029074200257159}