{"action": [0.699999988079071, -0.012235458940267563], "reward": 0.5873365408368083}