{"action": [0.3816056549549103, -0.003204032313078642], "reward": 0.8914733777380761}