{"action": [0.34835803508758545, -0.0015220213681459427], "reward": 0.9136276493820021}