{"action": [0.4130849242210388, 0.3250661790370941], "reward": 0.2792070604755735}