{"action": [0.4526878595352173, 0.06769294291734695], "reward": 0.6953825913948283}