{"action": [0.5005075931549072, 0.011745124123990536], "reward": 0.7906391810975759}