{"action": [-0.49986985325813293, -0.01066699717193842], "reward": 0.5401732799734226}