{"action": [0.699999988079071, -0.0353635810315609], "reward": 0.8311369933101107}