{"action": [0.360889196395874, -0.012619257904589176], "reward": 0.903424971251908}