{"action": [0.5528720617294312, -0.006492062471807003], "reward": 0.7655495145926258}