{"action": [0.6857026219367981, -0.004876396153122187], "reward": 0.7202665073876025}