{"action": [0.4407080411911011, -0.010360179468989372], "reward": 0.3786674626163985}