{"action": [0.20790360867977142, -0.003354119835421443], "reward": 0.4472872611611573}