{"action": [-1.0, -0.002347193658351898], "reward": 0.0018593389509278637}