{"action": [-1.0, -0.002355777658522129], "reward": -0.0003530870148132284}