{"action": [-1.0, -0.002353095216676593], "reward": -0.00035211381879093987}