{"action": [0.699999988079071, -0.0031357137486338615], "reward": 0.005310325158170523}