{"action": [0.699999988079071, 0.08177187293767929], "reward": 0.2649367565291038}