{"action": [0.699999988079071, -0.0032862648367881775], "reward": -0.00039915228600157773}