{"action": [0.04670713096857071, -0.0006059655570425093], "reward": 0.5339842066047147}