{"action": [0.5330249667167664, 0.4304488003253937], "reward": 0.19470821379676878}