{"action": [-1.0, -0.0002698602038435638], "reward": -4.037602823044141e-05}