{"action": [-1.0, 0.428109347820282], "reward": 0.20939419850694485}