{"action": [0.699999988079071, -0.00149902596604079], "reward": 0.5416511593637666}