{"action": [0.3142813742160797, -0.00015955512935761362], "reward": 0.6093056517467959}