{"action": [0.699999988079071, -0.0007371341926045716], "reward": 0.5674980536315826}