{"action": [0.4494282603263855, 0.800000011920929], "reward": 0.42924955479162924}