{"action": [0.5748578310012817, 0.5144988298416138], "reward": 0.6471723864282469}