{"action": [0.699999988079071, -0.0037688901647925377], "reward": 0.7314961178523552}