{"action": [0.33185702562332153, 0.11912505328655243], "reward": 0.6595871697985076}