{"action": [0.6700842976570129, 0.01997738517820835], "reward": 0.6917779737117628}