{"action": [0.533135175704956, 0.006702149286866188], "reward": 0.7723491231000394}