{"action": [0.4337349534034729, 0.0005082037532702088], "reward": 0.8482763686365359}