{"action": [0.44488412141799927, 0.00019723459263332188], "reward": 0.8586608837278411}