{"action": [0.575687825679779, -0.01109575666487217], "reward": 0.7890796297471899}