{"action": [0.4685507118701935, -0.011333862319588661], "reward": 0.8494893244385756}