{"action": [0.43509745597839355, -0.0018133276607841253], "reward": 0.7552264908815343}