{"action": [0.397834450006485, -0.01148197427392006], "reward": 0.868904912332736}