{"action": [0.6943379044532776, -0.012842311523854733], "reward": 0.7678642788974919}