{"action": [0.5928288698196411, -0.0012599806068465114], "reward": 0.712683057390819}