{"action": [0.699999988079071, -0.001484498381614685], "reward": 0.6428331211678516}