{"action": [0.699999988079071, 0.502133846282959], "reward": 0.1621223498617701}