{"action": [0.699999988079071, -2.3608685296494514e-05], "reward": 0.5975055619596638}