{"action": [0.699999988079071, -0.0002674766874406487], "reward": 0.5700745309444467}