{"action": [0.34573015570640564, -0.004581373650580645], "reward": 0.9132594228691133}