{"action": [0.699999988079071, -0.00016475208394695073], "reward": 0.6731774638359109}