{"action": [0.4423372149467468, 0.0012081776512786746], "reward": 0.42991234721974536}