{"action": [0.4018171429634094, 0.0014418658101931214], "reward": 0.44944520776537816}