{"action": [-1.0, 0.003564515383914113], "reward": -0.00039766954469184606}