{"action": [-1.0, 0.004024296998977661], "reward": -0.0005468873046578126}