{"action": [-1.0, 0.003919142764061689], "reward": -0.0005877212151501966}