{"action": [0.699999988079071, 0.0032934541814029217], "reward": 0.0010634768023232745}