{"action": [0.699999988079071, 0.0007157969521358609], "reward": 0.4430108212527735}