{"action": [0.5484884977340698, 8.809047722024843e-05], "reward": 0.3884691788982421}