{"action": [0.699999988079071, 0.0034288957249373198], "reward": -0.0004934804802476687}