{"action": [0.699999988079071, 0.006736150477081537], "reward": 0.27008169777702656}