{"action": [0.699999988079071, 0.0062090554274618626], "reward": 0.7263007475993072}