{"action": [0.699999988079071, 0.006736089009791613], "reward": 0.36216944991874084}