{"action": [0.5507969856262207, 0.0018035420216619968], "reward": 0.8995800393871075}