{"action": [0.4791766405105591, -0.17819848656654358], "reward": 0.7844811559435358}