{"action": [0.699999988079071, 0.003030228428542614], "reward": -0.00045341186166188326}