{"action": [0.560231626033783, -0.29035577178001404], "reward": 0.6792154350928011}