{"action": [0.699999988079071, -0.23478876054286957], "reward": 0.3716543314280474}