{"action": [0.699999988079071, -0.012711641378700733], "reward": 0.6039819546309386}