{"action": [0.5670812129974365, -0.0019992543384432793], "reward": 0.8245178396619104}