{"action": [0.699999988079071, 0.0031463655177503824], "reward": -0.00047179259282037375}