{"action": [0.699999988079071, 0.0042955633252859116], "reward": 0.6109224864385208}