{"action": [0.699999988079071, 0.003180819097906351], "reward": 0.5566141858888415}