{"action": [0.3076575696468353, 0.004092930816113949], "reward": 0.9450296967096403}