{"action": [0.40451163053512573, 0.004022528883069754], "reward": 0.8905518565495854}