{"action": [0.49562734365463257, -0.00035852569271810353], "reward": 0.932488350124863}