{"action": [0.5511457324028015, -0.005704482551664114], "reward": 0.8541470866188969}