{"action": [0.699999988079071, -0.010133124887943268], "reward": 0.6166463212704894}