{"action": [0.699999988079071, -0.0003431349468883127], "reward": 0.6963973564013428}