{"action": [0.3672448992729187, 6.138379376352532e-06], "reward": 0.945419415668099}