{"action": [0.6165674328804016, -4.439848635229282e-05], "reward": 0.7963633652459557}