{"action": [0.47435471415519714, 0.0037270982284098864], "reward": 0.8937199047435075}