{"action": [0.511443555355072, 0.002732848981395364], "reward": 0.7246266541098502}