{"action": [0.699999988079071, 0.008282584138214588], "reward": 0.5236880031932505}