{"action": [0.699999988079071, 0.006357098463922739], "reward": 0.5861466547756367}