{"action": [0.03683752194046974, 0.0029799642506986856], "reward": 0.5035334389622615}