{"action": [-1.0, -0.0007264228770509362], "reward": -0.00010224371013242383}