{"action": [0.699999988079071, -0.0006662990781478584], "reward": 0.21440461513191345}