{"action": [0.5821015238761902, -0.0004693479568231851], "reward": 0.497110582388089}