{"action": [0.699999988079071, -0.0001890590210678056], "reward": 0.21105451528176922}