{"action": [0.3945203423500061, 0.00019259107648395002], "reward": 0.396982522332262}