{"action": [0.699999988079071, 0.002759466879069805], "reward": 0.7486039166808117}