{"action": [0.699999988079071, 0.004764728248119354], "reward": 0.33634440058202236}