{"action": [0.699999988079071, 0.004701715894043446], "reward": 0.4273166495728731}