{"action": [0.363125205039978, 0.0030439826659858227], "reward": 0.951090913257131}