{"action": [0.31440770626068115, 0.0031983256340026855], "reward": 0.9508211074705999}