{"action": [0.453685998916626, -0.3330906331539154], "reward": 0.8467760643837977}