{"action": [0.3544257879257202, -0.2663174867630005], "reward": 0.795260873208841}