{"action": [0.699999988079071, -0.01298604253679514], "reward": 0.6232470397254375}