{"action": [0.699999988079071, -0.02617802657186985], "reward": 0.6479675058999329}