{"action": [0.699999988079071, -0.020354080945253372], "reward": 0.7076666059698103}