{"action": [0.699999988079071, 0.019938183948397636], "reward": 0.5943224352657415}