{"action": [0.42145705223083496, 0.0022808187641203403], "reward": 0.8917191450216314}