{"action": [0.45607709884643555, 0.003205919871106744], "reward": 0.8788146442743484}