{"action": [0.4346805214881897, 0.0010392627445980906], "reward": 0.8938123632760605}