{"action": [0.6851496696472168, 0.001246592029929161], "reward": 0.7710469206878828}