{"action": [0.42025235295295715, 0.0008621151209808886], "reward": 0.9411082800879023}