{"action": [0.5510762333869934, -0.00036182315670885146], "reward": 0.8109527796275415}