{"action": [0.699999988079071, -0.0005082696443423629], "reward": 0.6435286494546083}