{"action": [0.4914133548736572, -0.010960106737911701], "reward": 0.8273553319077449}