{"action": [0.5224752426147461, -0.010447029955685139], "reward": 0.7924904554645423}