{"action": [0.699999988079071, -0.0030360124073922634], "reward": 0.761373061166898}