{"action": [0.699999988079071, -0.004124696832150221], "reward": 0.6924226622918989}