{"action": [0.699999988079071, -0.024252764880657196], "reward": 0.5394338057584824}