{"action": [0.6491938829421997, -0.015177172608673573], "reward": 0.6875243454004146}