{"action": [0.699999988079071, 0.0011420296505093575], "reward": 0.31965755742618535}