{"action": [0.699999988079071, 0.0009273388423025608], "reward": 0.5253714666008563}