{"action": [0.5885235667228699, 6.674521864624694e-05], "reward": 0.8715036107108916}