{"action": [0.6365427374839783, 0.004905418958514929], "reward": 0.8409739123680022}