{"action": [-1.0, 0.001395844854414463], "reward": 0.7790315687149058}