{"action": [0.20166896283626556, 0.006783931516110897], "reward": 0.5140944169848524}