{"action": [0.699999988079071, 0.0014285536017268896], "reward": 0.7964193635178484}