{"action": [0.30532944202423096, 0.0004708832420874387], "reward": 0.9679886367341494}