{"action": [0.31982386112213135, 0.00038917158963158727], "reward": 0.9702656624256121}