{"action": [0.3602481484413147, 0.0002640211896505207], "reward": 0.961190955264878}