{"action": [0.6702987551689148, -0.2711171507835388], "reward": 0.6366777186624011}