{"action": [0.699999988079071, 2.1650612325174734e-05], "reward": 0.8941012846126916}