{"action": [0.36263781785964966, 0.0019236725056543946], "reward": 0.9311627477488503}