{"action": [0.42387983202934265, -0.0042510321363806725], "reward": -2.0697282325647275}