{"action": [0.6829740405082703, -0.3194807767868042], "reward": 0.48207730232453766}