{"action": [0.4098541736602783, -0.0046920329332351685], "reward": -2.3099576947194587}