{"action": [0.5185613632202148, -0.010309535078704357], "reward": -1.6923888628981776}