{"action": [0.5070459246635437, -0.006168433930724859], "reward": -1.3497581939308247}