{"action": [0.15532413125038147, -0.010196476243436337], "reward": 0.754480084551184}