{"action": [0.699999988079071, -0.008247461169958115], "reward": 0.7077492276727937}