{"action": [0.013751670718193054, 0.0021686339750885963], "reward": 0.9478163255948676}