{"action": [0.35324808955192566, 0.006815705448389053], "reward": 0.8298427305867165}