{"action": [0.5390720963478088, 0.001939623150974512], "reward": 0.6759690381817157}