{"action": [-0.8850142359733582, 0.003881670068949461], "reward": 0.6866469106481342}