{"action": [0.3519652485847473, -0.0022332549560815096], "reward": 0.8182644386020042}