{"action": [0.699999988079071, -0.014357287436723709], "reward": 0.5591026396026595}