{"action": [0.699999988079071, -0.004886285401880741], "reward": 0.6500656413276381}