{"action": [0.4775562286376953, -0.004687818232923746], "reward": 0.4648702814948202}