{"action": [0.699999988079071, -0.0752381831407547], "reward": 0.2677526057108437}