{"action": [-0.34904617071151733, -0.0003635677567217499], "reward": 0.5556176046972189}