{"action": [-1.0, 0.0003610654384829104], "reward": 0.35859520445163295}