{"action": [0.13865061104297638, 0.00022513246221933514], "reward": 0.5041641687016689}