{"action": [-1.0, 0.0004286646144464612], "reward": 0.00020933891791068826}