{"action": [-1.0, 0.00042920111445710063], "reward": -3.2576281257464904e-05}