{"action": [-1.0, 0.00042920111445710063], "reward": -6.392415920446109e-05}