{"action": [-1.0, 0.00042598211439326406], "reward": -6.092915482788331e-05}