{"action": [-1.0, 0.00042383611435070634], "reward": -6.332537280107753e-05}