{"action": [-1.0, 0.00042437261436134577], "reward": -6.290616469626098e-05}