{"action": [0.524929940700531, -0.00217867991887033], "reward": 0.4175893014352179}