{"action": [-1.0, 0.00042437261436134577], "reward": -6.278525611623017e-05}