{"action": [-1.0, 0.0004227631143294275], "reward": -4.368934180664162e-05}