{"action": [0.4827302098274231, 0.00024591642431914806], "reward": 0.40068169548580285}