{"action": [0.20061540603637695, -6.785907316952944e-05], "reward": 0.43149983934221026}