{"action": [0.2537839710712433, 0.00045574569958262146], "reward": 0.4819073472821865}