{"action": [-1.0, 0.0005284539074636996], "reward": 0.001043565761822188}