{"action": [-1.0, 0.0005295269074849784], "reward": -7.782312966588155e-05}