{"action": [0.699999988079071, 0.0005452939076349139], "reward": 0.07023658880835577}