{"action": [0.699999988079071, 3.2641291909385473e-06], "reward": 0.31070197164308017}