{"action": [0.699999988079071, -0.00019393670663703233], "reward": 0.4439301450099589}