{"action": [0.699999988079071, -0.0002796037879306823], "reward": 0.4430428855346087}