{"action": [0.699999988079071, -0.001003588316962123], "reward": 0.04907050799167708}