{"action": [0.699999988079071, 0.002468798542395234], "reward": 0.3895213292152847}