{"action": [0.3059009909629822, -0.00020464231783989817], "reward": 0.9815077831036981}