{"action": [-1.0, 0.005926731042563915], "reward": 0.08513862525705694}