{"action": [-1.0, -0.05233142152428627], "reward": -0.0077140619282901396}