{"action": [0.699999988079071, 0.015245512127876282], "reward": 0.012080353472619978}