{"action": [0.5055548548698425, 0.01838202029466629], "reward": 0.7384923348393371}