{"action": [0.3282129466533661, 0.0006150699919089675], "reward": 0.5227510138228721}