{"action": [0.699999988079071, 0.06951261311769485], "reward": 0.768178770339569}