{"action": [0.699999988079071, -2.1513701540243346e-06], "reward": 0.42180605830697565}