{"action": [0.3043871819972992, 0.0007732738740742207], "reward": 0.4622692432691431}