{"action": [0.575972855091095, 0.6114455461502075], "reward": 0.5488081345655074}