{"action": [0.34508758783340454, 0.03161193057894707], "reward": 0.8613688034260291}