{"action": [0.3838847875595093, 0.0010646781884133816], "reward": 0.9256156138894516}