{"action": [0.5613252520561218, -0.009095285087823868], "reward": 0.7786118154930614}