{"action": [0.3955371677875519, -0.0065726120956242085], "reward": 0.901580171739908}