{"action": [0.4719928801059723, 2.009296258620452e-05], "reward": 0.88731165205986}