{"action": [0.48653116822242737, 0.0004917942569591105], "reward": 0.8245923112194916}