{"action": [0.46712756156921387, 0.0006408461485989392], "reward": 0.8297290825643328}