{"action": [0.42525434494018555, 0.00475764786824584], "reward": 0.8902887714026423}