{"action": [0.3165014982223511, 0.0008584703900851309], "reward": 0.9282190347147667}