{"action": [0.35833823680877686, -0.0006449184147641063], "reward": 0.947203575744424}