{"action": [0.4771067798137665, -0.024924717843532562], "reward": 0.7453801133134618}