{"action": [0.41122502088546753, -0.050010886043310165], "reward": 0.8612770498166458}