{"action": [0.4254097640514374, -0.017448192462325096], "reward": 0.8545616992356956}