{"action": [0.3623090386390686, -0.006638682913035154], "reward": 0.8916852013134225}