{"action": [0.3526522219181061, -0.003979266621172428], "reward": 0.8949597131646514}