{"action": [0.699999988079071, 0.004549715667963028], "reward": 0.6074944532984028}