{"action": [0.699999988079071, 0.009596304036676884], "reward": 0.6653011335212916}