{"action": [0.4210517406463623, 0.0027185066137462854], "reward": 0.8518581015475322}