{"action": [0.699999988079071, 0.003425834933295846], "reward": 0.669467995588121}