{"action": [0.5949632525444031, 0.003607753664255142], "reward": 0.749981491256873}