{"action": [0.6474764347076416, 0.023653604090213776], "reward": 0.7356053194681917}