{"action": [0.699999988079071, -0.19595983624458313], "reward": -0.02798893042577904}