{"action": [0.4715030789375305, 0.0004863643553107977], "reward": 0.8833275182910425}