{"action": [0.36901628971099854, 0.020083656534552574], "reward": 0.8554622246135131}