{"action": [0.4538605213165283, 0.018216852098703384], "reward": 0.8360043845904999}