{"action": [0.699999988079071, -0.21547208726406097], "reward": -0.03232069083546549}