{"action": [0.699999988079071, 0.00632467120885849], "reward": 0.6048113061185479}