{"action": [0.699999988079071, 0.01382614579051733], "reward": 0.40875874219264835}