{"action": [0.4377729296684265, 0.009941446594893932], "reward": 0.8575256659180899}