{"action": [0.40625670552253723, -0.030066780745983124], "reward": 0.8631845009372657}