{"action": [0.42508894205093384, -0.11442752927541733], "reward": 0.9090412943090035}