{"action": [0.4248642921447754, -0.0075005218386650085], "reward": 0.8450905836357873}