{"action": [0.6368927955627441, 0.022923896089196205], "reward": 0.6833500381775175}