{"action": [0.699999988079071, 0.01034518051892519], "reward": 0.6165764482662507}