{"action": [0.3763383626937866, 0.021193623542785645], "reward": 0.709966008037639}