{"action": [0.699999988079071, 0.008004974573850632], "reward": 0.6700293301927467}