{"action": [0.6111828684806824, 0.016056640073657036], "reward": 0.8024427691647782}