{"action": [0.699999988079071, 0.006701231934130192], "reward": 0.703023063810382}