{"action": [0.6215105652809143, 0.0070722331292927265], "reward": 0.8337264076697519}