{"action": [0.49257493019104004, 0.008630657568573952], "reward": 0.8144113124403672}