{"action": [0.506939172744751, 0.001777562196366489], "reward": 0.8993160720973558}