{"action": [0.42917129397392273, 0.007213608827441931], "reward": 0.8649095802400223}