{"action": [0.34244149923324585, 0.00490139564499259], "reward": 0.9226622998254438}