{"action": [0.6657542586326599, -0.010284772142767906], "reward": 0.7419371026940261}