{"action": [0.42140883207321167, 0.005566154606640339], "reward": 0.9258170932324281}