{"action": [0.699999988079071, -0.008338739164173603], "reward": 0.7553733320893068}