{"action": [0.6543164253234863, 0.01073804683983326], "reward": 0.7194157519597926}