{"action": [0.416190505027771, -0.0004440195334609598], "reward": 0.9082412872530347}