{"action": [0.42386266589164734, -1.9813842300209217e-05], "reward": 0.8917541457739201}