{"action": [0.6494604349136353, 0.0007677814573980868], "reward": 0.6755070635187606}