{"action": [0.552087128162384, 4.151897883275524e-05], "reward": 0.7942036453427467}