{"action": [0.699999988079071, 0.029648223891854286], "reward": 0.5402166052303777}