{"action": [0.699999988079071, 0.007841168902814388], "reward": 0.7694561064431229}