{"action": [0.4868469834327698, 0.005574662238359451], "reward": 0.8942796843298093}