{"action": [0.6557145118713379, 0.00837516039609909], "reward": 0.7716644632238352}