{"action": [0.699999988079071, -0.005481718108057976], "reward": 0.7408027736795743}