{"action": [0.699999988079071, 0.009107463993132114], "reward": 0.7092131395347375}