{"action": [0.699999988079071, 0.0321449413895607], "reward": 0.7029520849243764}