{"action": [0.5052363872528076, 0.005257980432361364], "reward": 0.8160661218039271}