{"action": [0.3521362543106079, 0.003158160485327244], "reward": 0.9370321156780822}