{"action": [0.5279236435890198, 0.00020155322272330523], "reward": 0.8219685969340875}