{"action": [0.5675704479217529, -0.0009018660639412701], "reward": 0.7354517728668265}