{"action": [-1.0, 0.01745292730629444], "reward": -0.002606209334132204}