{"action": [0.699999988079071, -0.003083482850342989], "reward": 0.27621651234738787}