{"action": [-1.0, 0.017456145957112312], "reward": -0.00261348700134805}