{"action": [0.699999988079071, -0.006747203413397074], "reward": 0.6645779452494459}