{"action": [0.32258176803588867, -0.0010044100927188993], "reward": 0.9656697497732978}