{"action": [-1.0, 0.017459364607930183], "reward": -0.002618627442356305}