{"action": [0.699999988079071, 0.015962038189172745], "reward": -0.0023875399514368214}