{"action": [-1.0, 0.005007704254239798], "reward": -0.00074839159295533}