{"action": [-1.0, 0.005007704254239798], "reward": -0.0007510801453411044}