{"action": [0.699999988079071, 0.017830852419137955], "reward": 0.11127300863797498}