{"action": [0.699999988079071, 0.002934075193479657], "reward": 0.260878604784365}