{"action": [0.699999988079071, 0.018385842442512512], "reward": 0.2995875737616631}