{"action": [-1.0, -0.0002414256305200979], "reward": -3.6173782467908705e-05}