{"action": [-1.0, -0.00024357164511457086], "reward": 0.00010170068220099039}