{"action": [-1.0, -0.00024249863054137677], "reward": -2.797242875469886e-05}