{"action": [-1.0, -0.0002414256305200979], "reward": -3.617402756333586e-05}