{"action": [-1.0, -0.0002521556743886322], "reward": -3.762658957678442e-05}