{"action": [0.699999988079071, 0.0018365196883678436], "reward": 0.047895675330996146}