{"action": [-1.0, -0.00023713361588306725], "reward": -3.5245584124634254e-05}