{"action": [-1.0, -0.00023713361588306725], "reward": -3.218778496885033e-05}