{"action": [-1.0, -0.0002344511158298701], "reward": -3.467032714639633e-05}