{"action": [-1.0, -0.0002344511158298701], "reward": -3.514068705033257e-05}