{"action": [-1.0, -0.0002344511158298701], "reward": -3.513804836006423e-05}