{"action": [-1.0, -0.00023391461581923068], "reward": -3.504905401616386e-05}