{"action": [0.5240313410758972, -0.012926524505019188], "reward": 0.797287042202142}