{"action": [0.35585713386535645, -0.015013971365988255], "reward": 0.8468707259970638}