{"action": [-1.0, -0.00024893664522096515], "reward": -3.727296129577599e-05}