{"action": [-1.0, -0.00024249863054137677], "reward": -3.63276124880646e-05}