{"action": [-1.0, -0.00024679064517840743], "reward": -3.700560028972462e-05}