{"action": [0.699999988079071, -0.17337967455387115], "reward": 0.5060706448787181}