{"action": [0.6949563026428223, -0.013968689367175102], "reward": 0.758305685494022}