{"action": [-1.0, -0.00023659711587242782], "reward": -3.455496890003994e-05}