{"action": [0.699999988079071, -0.0002324082888662815], "reward": 0.009372607960253817}