{"action": [0.1916407346725464, -0.0005540379206649959], "reward": 0.56447047206705}