{"action": [0.3874334692955017, -0.01989472657442093], "reward": 0.902174099615766}