{"action": [0.3869408369064331, -0.044158246368169785], "reward": 0.8848787623056313}