{"action": [0.699999988079071, -0.006284858100116253], "reward": 0.5585172338779206}