{"action": [0.699999988079071, 0.008928908966481686], "reward": 0.6639284334036407}