{"action": [0.699999988079071, 0.020509904250502586], "reward": 0.44953513645362375}