{"action": [0.5131986737251282, 7.432817255903501e-06], "reward": 0.8350555800360286}