{"action": [0.3899043798446655, -0.12262745946645737], "reward": 0.8330256214917134}