{"action": [0.6105952262878418, 0.0009441014844924212], "reward": 0.8133146870635413}