{"action": [0.699999988079071, 0.024400053545832634], "reward": -0.0034814171947705353}