{"action": [0.699999988079071, 0.0095835505053401], "reward": 0.5591236788506762}