{"action": [0.699999988079071, 0.009558049961924553], "reward": 0.5926109627153086}