{"action": [0.5034124851226807, -0.001827023457735777], "reward": 0.8103056826517744}