{"action": [0.699999988079071, 0.0012800728436559439], "reward": 0.7286010858914723}