{"action": [0.5691041350364685, -0.005667577497661114], "reward": 0.8241996435598273}