{"action": [0.699999988079071, 0.0020059647504240274], "reward": 0.5434300849577227}