{"action": [0.699999988079071, -9.625029633753002e-05], "reward": 0.6384679869084868}