{"action": [0.5034227967262268, 4.423433347255923e-05], "reward": 0.8898532901456857}