{"action": [0.40614044666290283, -0.3968738913536072], "reward": 0.4344150775280693}