{"action": [0.5063459873199463, 3.918856236850843e-05], "reward": 0.8842984763031335}