{"action": [0.5839787125587463, -0.0011379796778783202], "reward": 0.8403427988533922}