{"action": [0.5302239060401917, -0.3705194592475891], "reward": 0.4204915658611738}