{"action": [0.4920780062675476, -0.001126492046751082], "reward": 0.8302151098736039}