{"action": [0.5910391211509705, 0.0017688502557575703], "reward": 0.8251566053846138}