{"action": [0.3892975449562073, -0.23799632489681244], "reward": 0.6490735226441954}