{"action": [0.5709160566329956, -0.00047527908463962376], "reward": 0.8105761172986453}