{"action": [0.4761055111885071, -0.0010196372168138623], "reward": 0.8917536897682748}