{"action": [0.5590866804122925, 0.003405582392588258], "reward": 0.8550132528389672}