{"action": [0.699999988079071, 1.126170104726043e-06], "reward": 0.5338408898091699}