{"action": [0.49849656224250793, 5.251538459560834e-05], "reward": 0.8954823652019106}