{"action": [0.5226430296897888, 0.000865889829583466], "reward": 0.8399802483714254}