{"action": [0.6129475235939026, 0.00327624031342566], "reward": 0.7608794103300414}