{"action": [0.699999988079071, -0.0012457768898457289], "reward": 0.7196440967092025}