{"action": [0.699999988079071, -0.002671272726729512], "reward": 0.6648945941731966}