{"action": [0.6307191848754883, 0.0029827558901160955], "reward": 0.7882273260303407}