{"action": [0.699999988079071, -0.03658589720726013], "reward": 0.6105856336142368}