{"action": [0.6265930533409119, -0.012418641708791256], "reward": 0.7800320041548415}