{"action": [0.5718050599098206, -0.0001415042206645012], "reward": 0.7327260836751655}