{"action": [0.699999988079071, -0.6000089049339294], "reward": 0.4827834205508694}