{"action": [0.2681967318058014, -0.0007664733566343784], "reward": 0.4567077835018508}