{"action": [0.699999988079071, 0.01631947234272957], "reward": 0.646678404635033}