{"action": [0.6442247629165649, 0.014597748406231403], "reward": 0.7662802063341418}