{"action": [0.699999988079071, -0.011546323075890541], "reward": 0.5021671920977472}