{"action": [0.699999988079071, -0.02500472404062748], "reward": 0.6299431613048346}