{"action": [0.699999988079071, -0.0022528613917529583], "reward": 0.4125717795713806}