{"action": [0.3186100423336029, -0.010491915047168732], "reward": 0.42912913690896276}