{"action": [0.699999988079071, -0.013436363078653812], "reward": 0.769026189813094}