{"action": [0.699999988079071, 0.0005566011532209814], "reward": 0.5224026284536482}