{"action": [0.6592350602149963, -0.007921334356069565], "reward": 0.7304353349880846}