{"action": [0.699999988079071, 0.551742672920227], "reward": 0.41543868575692144}