{"action": [0.5104606747627258, -0.01171635277569294], "reward": 0.8392659175135966}