{"action": [0.699999988079071, -0.004410806577652693], "reward": 0.5974675147330609}