{"action": [0.570957601070404, 0.0009135181899182498], "reward": 0.7828844569675769}