{"action": [0.660122275352478, 0.017466258257627487], "reward": 0.7083920747043455}