{"action": [0.4449198842048645, -0.010128450579941273], "reward": 0.8642991845821254}