{"action": [0.43622371554374695, -0.0033581717871129513], "reward": 0.8161216340221521}