{"action": [0.699999988079071, -0.004130277782678604], "reward": 0.47749445540072055}