{"action": [0.5881997346878052, 0.0013788096839562058], "reward": 0.76554112036583}