{"action": [0.518388032913208, -0.0013495635939761996], "reward": 0.8471377581877824}