{"action": [0.699999988079071, 0.004226989112794399], "reward": 0.6739226617898838}