{"action": [0.6831129789352417, -0.007772631477564573], "reward": 0.7364143993100867}