{"action": [0.699999988079071, -3.1426963687408715e-05], "reward": 0.6628524756907258}