{"action": [0.699999988079071, -0.009265567176043987], "reward": 0.3902061393747153}