{"action": [-1.0, 0.0010213321074843407], "reward": 0.7287696993909787}