{"action": [0.34914177656173706, 0.002868230454623699], "reward": 0.44458693765408847}