{"action": [0.5711230039596558, 0.018315553665161133], "reward": 0.7914930822192952}