{"action": [0.5337439775466919, 0.008835219778120518], "reward": 0.7957414873934578}