{"action": [0.4595333933830261, 0.010712268762290478], "reward": 0.808489863276477}