{"action": [0.661672830581665, 0.011392484419047832], "reward": 0.7776421727676817}