{"action": [0.5839900970458984, -0.003483113832771778], "reward": 0.8100727990016481}