{"action": [0.5806113481521606, 0.0194636732339859], "reward": 0.7808951229813461}