{"action": [0.6006625294685364, 0.0093702906742692], "reward": 0.7951232674226809}