{"action": [0.699999988079071, 0.01749613508582115], "reward": 0.7105647221048609}