{"action": [0.699999988079071, 0.003276324598118663], "reward": 0.8020017904066608}