{"action": [0.6574769020080566, 0.011637202464044094], "reward": 0.7687099292699882}