{"action": [0.6258732080459595, -0.012535715475678444], "reward": 0.775333442318059}