{"action": [-0.07725118845701218, 0.08369247615337372], "reward": 0.7569484641931209}