{"action": [0.5828171372413635, -0.01174546405673027], "reward": 0.7999167889488935}