{"action": [0.4853457510471344, 0.0035250955261290073], "reward": 0.827224413829024}