{"action": [0.6682250499725342, 0.006757449358701706], "reward": 0.63621407844611}