{"action": [0.5126661062240601, 2.5697345336084254e-06], "reward": 0.7664149185624883}