{"action": [0.699999988079071, -0.01255237590521574], "reward": 0.6970631211800902}