{"action": [0.5242830514907837, -0.011715699918568134], "reward": 0.8184151036427447}