{"action": [0.5503308773040771, 0.0009103390038944781], "reward": 0.8574494117237568}