{"action": [0.699999988079071, 0.013938143849372864], "reward": 0.5249998639391155}