{"action": [0.45680999755859375, 0.0023861320223659277], "reward": 0.8897241845515818}