{"action": [0.6559673547744751, -0.0010353897232562304], "reward": 0.802048655819369}