{"action": [0.47894054651260376, -0.0004896437167190015], "reward": 0.8642235532467121}