{"action": [0.5937519073486328, 0.0003800569102168083], "reward": 0.8085893517981366}