{"action": [0.699999988079071, 0.005044081714004278], "reward": 0.6532918944067992}