{"action": [0.5285775065422058, -0.0007935533649288118], "reward": 0.8582172496051211}