{"action": [0.699999988079071, 0.0008235675049945712], "reward": 0.8945905643175662}