{"action": [0.699999988079071, 0.0033543247263878584], "reward": 0.6562443851068868}