{"action": [0.6892173886299133, 1.9446611986495554e-05], "reward": 0.7469848502200908}