{"action": [0.481381893157959, -3.589451443986036e-05], "reward": 0.7525832909596551}