{"action": [0.5847508311271667, 0.006390099413692951], "reward": 0.8361059523818287}