{"action": [0.5069620609283447, -0.0009007107000797987], "reward": 0.8899441123103833}