{"action": [0.699999988079071, -0.0021010797936469316], "reward": 0.6830296941563673}