{"action": [0.511538028717041, 0.00401171762496233], "reward": 0.8551778521753697}