{"action": [0.6319525241851807, -0.00027421474806033075], "reward": 0.8490648286960564}