{"action": [0.3961677551269531, 0.00035931306774728], "reward": 0.9368712933035512}