{"action": [0.699999988079071, 7.283151262527099e-06], "reward": 0.5931286516372294}