{"action": [0.699999988079071, 0.002997349016368389], "reward": -0.00044801551320428957}