{"action": [0.5062360763549805, 0.0016422809567302465], "reward": 0.5058505997563846}