{"action": [0.5681309700012207, 0.0033135442063212395], "reward": 0.4432422670152538}