{"action": [0.699999988079071, 0.0007781776948831975], "reward": 0.8860692104702982}