{"action": [0.4786488115787506, 0.003788608592003584], "reward": 0.8179034708507831}