{"action": [0.699999988079071, -0.00862292479723692], "reward": 0.9144344142333957}