{"action": [0.6392552852630615, -0.32461053133010864], "reward": 0.6803949404903831}