{"action": [0.699999988079071, -0.5038177371025085], "reward": 0.42044289450113664}