{"action": [0.699999988079071, 0.0017359917983412743], "reward": 0.45898252743899953}