{"action": [0.699999988079071, -0.3340988755226135], "reward": 0.3916148845688454}