{"action": [0.5698450803756714, -0.18422377109527588], "reward": 0.6360349599212248}