{"action": [0.699999988079071, 0.0023162951692938805], "reward": 0.6796659983602162}