{"action": [0.6926413774490356, -0.17467422783374786], "reward": 0.5904486364825773}