{"action": [0.699999988079071, -0.3003731369972229], "reward": 0.5335523350160649}