{"action": [0.5263435244560242, -0.0011798988562077284], "reward": 0.8010658983909666}