{"action": [0.699999988079071, -0.006131138652563095], "reward": 0.9316161052936691}