{"action": [0.4572818875312805, 0.0006673051393590868], "reward": 0.8905288772457939}