{"action": [0.48559996485710144, 0.005350889638066292], "reward": 0.8291589358232148}