{"action": [0.699999988079071, -0.02125655859708786], "reward": 0.5981717302189332}