{"action": [0.699999988079071, 0.006791252642869949], "reward": 0.6515454409657936}