{"action": [0.4263671636581421, -0.030508996918797493], "reward": 0.7777814420227399}