{"action": [0.699999988079071, 0.0075572398491203785], "reward": 0.6572371596983542}