{"action": [0.45906102657318115, -5.8843146689468995e-05], "reward": 0.8142652137041586}