{"action": [0.410612553358078, -0.027188913896679878], "reward": 0.747322249822109}