{"action": [0.45132070779800415, 0.0002482737763784826], "reward": 0.8445062314886594}