{"action": [0.45455512404441833, -3.926336648873985e-05], "reward": 0.776521348024577}