{"action": [0.699999988079071, 0.003228395013138652], "reward": 0.4629149192398079}