{"action": [0.699999988079071, 0.0041682361625134945], "reward": 0.44834616044855846}