{"action": [0.4448970854282379, 7.599479431519285e-05], "reward": 0.9104288784212592}