{"action": [0.699999988079071, 0.0007673875661566854], "reward": 0.24812808903076167}