{"action": [0.699999988079071, 0.0026936600916087627], "reward": 0.5781290187222329}