{"action": [-1.0, -0.0023085656575858593], "reward": 0.00014955162326568114}