{"action": [-1.0, -0.0023085656575858593], "reward": -0.0001907953640609211}