{"action": [0.6284425854682922, 0.007974342443048954], "reward": 0.8262389983401172}