{"action": [0.5171928405761719, -0.005791817791759968], "reward": 0.8108213958606739}