{"action": [0.3612964153289795, -0.011326618492603302], "reward": 0.44777698213034095}