{"action": [-1.0, -0.009523838758468628], "reward": 0.6433597362483349}