{"action": [0.5530209541320801, -0.00017459923401474953], "reward": 0.815294457348606}