{"action": [0.699999988079071, 0.011442753486335278], "reward": 0.7234125649713616}