{"action": [-1.0, -0.009373604319989681], "reward": 0.8108734214086858}