{"action": [0.32689356803894043, -0.006144568789750338], "reward": 0.9039553001119129}