{"action": [0.699999988079071, -0.01646084152162075], "reward": 0.4959826362576418}