{"action": [0.699999988079071, -1.829809116316028e-05], "reward": 0.7866468283104042}