{"action": [-1.0, -0.002309102099388838], "reward": -0.0003462130870603223}