{"action": [0.699999988079071, -0.000658816599752754], "reward": -0.21892106865746444}