{"action": [0.699999988079071, -0.005169095937162638], "reward": -0.23506583872422343}