{"action": [-1.0, -0.002335927216336131], "reward": -0.0003502677340855613}