{"action": [0.699999988079071, -0.002196295652538538], "reward": 0.22605519362651602}