{"action": [0.699999988079071, -0.0020495508797466755], "reward": 0.29068403541520055}