{"action": [0.699999988079071, 0.0007438922766596079], "reward": 0.7414319650210407}