{"action": [0.699999988079071, -1.6331023289239965e-06], "reward": 0.7680402410509805}