{"action": [0.699999988079071, 0.0014828859129920602], "reward": 0.750854250051584}