{"action": [0.699999988079071, -0.0011023232946172357], "reward": 0.5173368954797196}