{"action": [0.699999988079071, -0.015785779803991318], "reward": 0.6394257153167092}