{"action": [0.6220545768737793, 0.0016001462936401367], "reward": 0.843268257392348}