{"action": [0.699999988079071, -0.01804010197520256], "reward": 0.6552725239993852}