{"action": [0.699999988079071, -0.017090611159801483], "reward": 0.5855040771025125}