{"action": [0.4059879183769226, 0.00019676098600029945], "reward": 0.9005236475025121}