{"action": [0.699999988079071, -0.013072027824819088], "reward": 0.47848879527327004}