{"action": [0.6561552882194519, 0.0007615657523274422], "reward": 0.8106666110974896}