{"action": [0.699999988079071, -0.02183283120393753], "reward": 0.6920035665633022}