{"action": [0.699999988079071, 0.004463929682970047], "reward": 0.6803559695740499}