{"action": [0.6780865788459778, 0.012429090216755867], "reward": 0.6926708316860244}