{"action": [0.6890761852264404, 0.024343250319361687], "reward": 0.6814545249947755}