{"action": [0.45693278312683105, 0.0010018834145739675], "reward": 0.8787267761610279}