{"action": [0.34105992317199707, 0.001969710923731327], "reward": 0.33016717151408764}