{"action": [0.699999988079071, 0.011336670257151127], "reward": 0.4347212015459812}