{"action": [0.699999988079071, 0.002461823634803295], "reward": 0.4396592133464438}