{"action": [0.32422542572021484, -0.0035116837825626135], "reward": 0.4509127612480404}