{"action": [0.699999988079071, -0.008824259042739868], "reward": 0.36325474657394424}