{"action": [0.699999988079071, 0.00024309640866704285], "reward": 0.4123825180021716}