{"action": [0.30275991559028625, -0.0004972085589542985], "reward": 0.4553688375054796}