{"action": [0.3641093969345093, -0.012169834226369858], "reward": 0.439257207576022}