{"action": [-1.0, 0.003990497440099716], "reward": -0.000598463383883746}