{"action": [-1.0, 0.004048976115882397], "reward": 0.001600257550195216}