{"action": [0.5051058530807495, -0.024353371933102608], "reward": 0.7818908511289206}