{"action": [0.4487107992172241, -0.028366878628730774], "reward": 0.7938091034305899}