{"action": [0.5754429697990417, -0.018301185220479965], "reward": 0.747857024555008}