{"action": [0.517434298992157, -0.005441737361252308], "reward": 0.8055690328180339}