{"action": [0.4495530128479004, -0.026347603648900986], "reward": 0.7795749692108972}