{"action": [0.699999988079071, 0.03874512016773224], "reward": 0.6813193029269419}