{"action": [0.4236736297607422, 0.015245992690324783], "reward": 0.876105720103945}