{"action": [0.37296590209007263, 0.00972921121865511], "reward": 0.8822283232292653}