{"action": [0.699999988079071, 0.011164389550685883], "reward": 0.6937746223033928}