{"action": [0.36966434121131897, -0.0007638883544132113], "reward": 0.9244452131091133}