{"action": [0.2560277581214905, -0.012335232459008694], "reward": 0.9101908393154348}