{"action": [0.699999988079071, -0.006056040059775114], "reward": 0.3911269723662984}