{"action": [0.6063984632492065, -0.01096134353429079], "reward": 0.7342561995126294}