{"action": [0.5511717796325684, -0.0034914761781692505], "reward": 0.7980247964483466}