{"action": [0.699999988079071, -0.014793519861996174], "reward": 0.7327482080967791}