{"action": [0.6906609535217285, -0.02148314379155636], "reward": 0.6511262027364777}