{"action": [0.699999988079071, -0.04306892305612564], "reward": 0.6047899309179295}