{"action": [0.4320802390575409, -0.0004932329175062478], "reward": 0.8682545339077754}