{"action": [0.5312373638153076, -0.003209007903933525], "reward": 0.8592618470336147}