{"action": [-1.0, 0.005090862046927214], "reward": 0.38261456501226376}