{"action": [0.1341046392917633, 0.007490212097764015], "reward": 0.48607417132464537}