{"action": [0.699999988079071, 0.004254604689776897], "reward": 0.49495495610143103}