{"action": [0.699999988079071, 0.005472048185765743], "reward": 0.22929887906735394}