{"action": [0.699999988079071, 0.0007413134444504976], "reward": -0.09919633593369681}