{"action": [-1.0, 0.0015134806744754314], "reward": 0.8495994275721597}