{"action": [0.699999988079071, 0.005375558976083994], "reward": 0.28327924197786924}