{"action": [0.699999988079071, 0.0018088521901518106], "reward": 0.48863817102089296}