{"action": [0.5300416946411133, -0.00046728766756132245], "reward": 0.8202547023109674}