{"action": [0.699999988079071, -0.00019187892030458897], "reward": -0.14495814273154}