{"action": [0.6670299172401428, -0.014552727341651917], "reward": 0.7216356341582756}