{"action": [0.5214394927024841, -0.003934115637093782], "reward": 0.8221163987639595}