{"action": [0.699999988079071, -0.006294183433055878], "reward": 0.6698877810007111}