{"action": [0.4639425277709961, -0.005046893376857042], "reward": 0.8529302277751065}