{"action": [0.6553745269775391, -0.016245951876044273], "reward": 0.7172459141002998}