{"action": [0.6714708209037781, 1.3870035218133125e-06], "reward": 0.7822374535261305}