{"action": [0.44992879033088684, -0.0049147228710353374], "reward": 0.8550106465965609}