{"action": [0.512359619140625, -0.006446850951761007], "reward": 0.8172755017692762}