{"action": [0.6358176469802856, -0.006533363368362188], "reward": 0.796627879199896}