{"action": [0.6947197318077087, -0.003470246447250247], "reward": 0.769856848592121}