{"action": [0.6601744890213013, -0.014245443046092987], "reward": 0.7358155783929233}