{"action": [0.4761432707309723, -0.005103623494505882], "reward": 0.8078967722924102}