{"action": [0.5095065236091614, -0.003777751699090004], "reward": 0.8121028979104454}