{"action": [-1.0, -0.003071594052016735], "reward": 0.8675773305202719}