{"action": [0.5648666024208069, -0.0008975098025985062], "reward": 0.388005835712593}