{"action": [-1.0, -5.096763197798282e-05], "reward": -7.533919011551105e-06}