{"action": [-1.0, -5.043113196734339e-05], "reward": 0.0022038546235746696}