{"action": [-1.0, -0.000164216457051225], "reward": -2.450999670289316e-05}