{"action": [-1.0, -5.096763197798282e-05], "reward": -6.619357946796692e-06}