{"action": [-1.0, -5.096763197798282e-05], "reward": -7.198727772339276e-06}