{"action": [-1.0, -5.096763197798282e-05], "reward": -7.159076706206929e-06}