{"action": [-1.0, -5.096763197798282e-05], "reward": -7.078976849837826e-06}