{"action": [0.699999988079071, 0.0038614049553871155], "reward": 0.5546723939911611}