{"action": [0.4954591691493988, 0.3326290249824524], "reward": 0.29639562746838427}