{"action": [0.699999988079071, -0.003122636815533042], "reward": 0.6992219882252523}