{"action": [0.699999988079071, 0.002332350006327033], "reward": 0.4815466221595807}