{"action": [-1.0, 0.16033612191677094], "reward": -0.02404319037970267}