{"action": [0.5566766262054443, 0.800000011920929], "reward": 0.07246084867544449}