{"action": [0.699999988079071, 0.0024316138587892056], "reward": 0.687088018564897}