{"action": [0.5401831269264221, -0.00026587751926854253], "reward": 0.8283473607601822}