{"action": [0.5846249461174011, -2.3307307856157422e-05], "reward": 0.8047852696656529}