{"action": [0.699999988079071, 0.72226482629776], "reward": 0.05474727383450741}