{"action": [0.699999988079071, 0.19192951917648315], "reward": 0.32161815792887216}