{"action": [0.699999988079071, 0.155903160572052], "reward": 0.3243757374264136}