{"action": [0.27868711948394775, 0.44986891746520996], "reward": 0.24248680420420415}