{"action": [0.5783565640449524, -0.016247181221842766], "reward": 0.7883874534812403}