{"action": [0.5476592779159546, 0.011282157152891159], "reward": 0.8183792560415906}