{"action": [0.699999988079071, -0.00535422470420599], "reward": 0.5987039883354779}