{"action": [0.5914685726165771, 0.022522402927279472], "reward": 0.7324418758842179}