{"action": [0.543319821357727, -0.02278958074748516], "reward": 0.7234214584534319}