{"action": [0.4026194214820862, 0.0024776484351605177], "reward": 0.880403623510281}