{"action": [0.5109286308288574, 0.006343042012304068], "reward": 0.8211703545111966}