{"action": [-1.0, -0.0017881591338664293], "reward": 0.00011736232087125348}