{"action": [0.35707858204841614, 0.002542282221838832], "reward": 0.8659258743308601}