{"action": [-1.0, -0.00169105245731771], "reward": 0.3221513676571973}