{"action": [0.699999988079071, -0.00010797649156302214], "reward": 0.9148943081895667}