{"action": [0.582442045211792, -0.0016475302400067449], "reward": 0.4131423813881177}