{"action": [-1.0, -0.0018096192507073283], "reward": -0.00026944588350720836}