{"action": [0.5136625170707703, 0.005478279665112495], "reward": 0.820890788371847}