{"action": [0.5456523299217224, 0.007348088547587395], "reward": 0.8188451413266099}