{"action": [0.5223166346549988, 0.0032607039902359247], "reward": 0.8443114883787934}