{"action": [0.699999988079071, -0.00025152869056910276], "reward": 0.8300175227706167}