{"action": [0.32681289315223694, -0.004061872139573097], "reward": 0.89834170018609}