{"action": [0.5355474352836609, -0.0028810715302824974], "reward": 0.39903666030757096}