{"action": [0.699999988079071, -0.009991275146603584], "reward": 0.39493680568632544}