{"action": [-1.0, -0.0018096192507073283], "reward": -0.0002711634586309978}