{"action": [0.699999988079071, -0.0005033156485296786], "reward": 0.3881528441604553}