{"action": [0.6354093551635742, -0.0007214297656901181], "reward": 0.8454786195888608}