{"action": [0.699999988079071, 0.001700731460005045], "reward": 0.4454506073153412}