{"action": [0.699999988079071, -0.00025707000168040395], "reward": 0.4417348869852573}