{"action": [0.47727566957473755, -0.006355782505124807], "reward": 0.839332150447197}