{"action": [0.699999988079071, 0.049630358815193176], "reward": -0.0051751144563986304}