{"action": [0.699999988079071, 0.048778560012578964], "reward": 0.00016888315063330953}