{"action": [0.44823703169822693, -0.007412965875118971], "reward": 0.8568045137058591}