{"action": [0.699999988079071, 0.013199939392507076], "reward": 0.7011539107345054}