{"action": [0.699999988079071, 0.04853588342666626], "reward": 0.37986085816471615}