{"action": [0.699999988079071, 0.04769016057252884], "reward": 0.003378950099080919}