{"action": [0.699999988079071, 0.0013045488158240914], "reward": 0.9643422799650344}