{"action": [0.698508620262146, 0.0030068722553551197], "reward": 0.7595913838606736}