{"action": [0.4981625974178314, 0.002196395769715309], "reward": 0.823104683813834}