{"action": [0.47728487849235535, 4.808127869182499e-06], "reward": 0.8324399938079928}