{"action": [0.5390899181365967, -0.00031195252086035907], "reward": 0.848324502705094}