{"action": [0.43074625730514526, -0.0004716868861578405], "reward": 0.9272725738355948}