{"action": [0.4052005708217621, -0.0034244051203131676], "reward": 0.9186792570484607}