{"action": [0.6024360060691833, 1.2392103599268012e-05], "reward": 0.8108427840735336}