{"action": [0.46223118901252747, 0.003194263204932213], "reward": 0.8992189325281386}