{"action": [0.6104574203491211, 0.004162727855145931], "reward": 0.8243144555836116}