{"action": [0.2645452618598938, -0.0010754441609606147], "reward": 0.9080577500121325}