{"action": [0.5141502618789673, -0.009887760505080223], "reward": 0.8583167549352455}