{"action": [0.699999988079071, -0.003694338956847787], "reward": 0.47367575770355097}