{"action": [-1.0, -0.007612954825162888], "reward": -0.0011416469218584531}