{"action": [-1.0, -0.0076167103834450245], "reward": -0.00114249813653278}