{"action": [0.12865571677684784, -0.014872409403324127], "reward": 0.4591277576093072}