{"action": [-1.0, -0.007618320174515247], "reward": -0.0011424291246446908}