{"action": [-1.0, -0.007624221500009298], "reward": -0.0010643322353322848}