{"action": [0.4848809242248535, -0.008714835159480572], "reward": 0.42174019854536976}