{"action": [0.3356063961982727, 0.0036798235960304737], "reward": 0.4538549288542193}