{"action": [-1.0, 0.003075225977227092], "reward": -0.00024334017983424747}