{"action": [-1.0, 0.0030779086519032717], "reward": -0.00046137349625113524}