{"action": [-1.0, 0.003072007093578577], "reward": -0.0004607373486957022}