{"action": [-1.0, 0.003055375535041094], "reward": -0.0004579914791456769}