{"action": [-1.0, 0.0030521564185619354], "reward": -0.00045735436998861574}