{"action": [-1.0, 0.0030612770933657885], "reward": -0.000459028054483058}