{"action": [-1.0, 0.009854716248810291], "reward": -0.0014780395859603228}