{"action": [-1.0, 0.003021575976163149], "reward": -0.0004531791200461516}