{"action": [-1.0, 0.003021575976163149], "reward": -0.00045304422753080024}