{"action": [0.24307581782341003, -0.06983574479818344], "reward": 0.6040714931660374}