{"action": [0.699999988079071, 0.0031275374349206686], "reward": 0.08606556555212176}