{"action": [-1.0, 0.0030011888593435287], "reward": -0.0004501533232325447}