{"action": [0.16361327469348907, -0.010450666770339012], "reward": 0.8085858053947218}