{"action": [0.699999988079071, 0.0007228097529150546], "reward": 0.5599810437603773}