{"action": [0.699999988079071, 0.001945529249496758], "reward": 0.34794172067029894}