{"action": [-1.0, 0.0030006524175405502], "reward": -0.00045003242221259513}