{"action": [0.699999988079071, 0.001801784266717732], "reward": 0.38743046116983143}