{"action": [0.4617554545402527, -0.017649000510573387], "reward": 0.8090116078050428}