{"action": [0.699999988079071, -0.285483717918396], "reward": 0.4502455607547941}