{"action": [0.699999988079071, -0.00030392236658371985], "reward": 0.6863446638923959}