{"action": [0.3745884299278259, -0.08623192459344864], "reward": 0.640881235596815}