{"action": [0.699999988079071, -0.7537189722061157], "reward": 0.46119821837047315}