{"action": [0.1668926179409027, -0.020440872758626938], "reward": 0.44829439853898995}