{"action": [0.699999988079071, -0.36841294169425964], "reward": 0.5253490861586037}