{"action": [0.47982266545295715, -0.006260455586016178], "reward": 0.3948327443854944}