{"action": [0.699999988079071, -0.00017175775428768247], "reward": 0.7192922514664332}