{"action": [0.458022803068161, -0.2919679582118988], "reward": 0.6480368193897789}