{"action": [0.3832991123199463, -0.04826787859201431], "reward": 0.745369362404069}