{"action": [0.41077694296836853, 0.00355150131508708], "reward": 0.6053819347928555}