{"action": [0.699999988079071, -0.0007241048151627183], "reward": 0.9717877196284452}