{"action": [0.699999988079071, 0.00019481772324070334], "reward": 0.07434538691070505}