{"action": [0.6254156231880188, -0.009837844409048557], "reward": 0.7867571101386941}