{"action": [0.699999988079071, 3.806793756666593e-05], "reward": 0.7331754992008518}