{"action": [0.6723473072052002, -0.0006665483233518898], "reward": 0.7862278725445878}