{"action": [0.6511572003364563, 0.015973590314388275], "reward": 0.6460416166782869}