{"action": [0.699999988079071, 0.01762046478688717], "reward": 0.6288647846942563}