{"action": [0.699999988079071, 0.00627064798027277], "reward": 0.6837260010620716}