{"action": [0.4890942871570587, -9.711671009426937e-05], "reward": 0.706028149243113}