{"action": [0.4814244210720062, 0.000362948514521122], "reward": 0.8645173111756461}