{"action": [0.699999988079071, -0.005846445914357901], "reward": 0.7471563940630028}