{"action": [-1.0, -0.023641470819711685], "reward": -0.0035461729709173094}