{"action": [0.699999988079071, -0.02525404840707779], "reward": -0.003649830135276491}