{"action": [-1.0, -0.023673124611377716], "reward": -0.003550839127870669}