{"action": [0.44259166717529297, -0.002510113175958395], "reward": 0.8805414456124117}