{"action": [0.699999988079071, -4.321485903346911e-05], "reward": 0.8349499282033835}