{"action": [0.48123395442962646, 0.021088875830173492], "reward": 0.8035794807593464}