{"action": [0.5337588787078857, 0.009642744436860085], "reward": 0.8101346887282787}