{"action": [0.699999988079071, -0.006015835329890251], "reward": 0.489486572078166}