{"action": [0.4287695288658142, -0.0006769237224943936], "reward": 0.9263347532547729}