{"action": [0.44711458683013916, 1.6501545587743749e-06], "reward": 0.8758645877873249}