{"action": [0.699999988079071, -6.459164433181286e-05], "reward": 0.20957239702723132}