{"action": [0.2778857350349426, -0.007111141458153725], "reward": 0.4633619654541012}