{"action": [0.699999988079071, -5.404937473940663e-05], "reward": 0.2841385785079414}