{"action": [0.5078030824661255, 2.6917457489616936e-06], "reward": 0.8232084111992235}