{"action": [0.36536720395088196, 0.004922803491353989], "reward": 0.4296284085576614}