{"action": [0.3027249276638031, 0.00515145156532526], "reward": 0.43090883445286143}