{"action": [0.5433406829833984, 0.004974390380084515], "reward": 0.7580598737174347}