{"action": [0.32452329993247986, 0.003745241090655327], "reward": 0.45056394745482276}