{"action": [0.45754745602607727, 0.0015713603934273124], "reward": 0.8995000007340093}