{"action": [0.699999988079071, 0.012640058062970638], "reward": 0.5747042349294513}