{"action": [0.699999988079071, 0.005403527058660984], "reward": 0.7111500355313494}