{"action": [0.699999988079071, 0.006121603772044182], "reward": 0.3960144975265816}