{"action": [0.699999988079071, 0.0028807981871068478], "reward": 0.0149552158597698}