{"action": [0.699999988079071, 0.005191739648580551], "reward": 0.6619565381142393}