{"action": [-1.0, -0.004957273136824369], "reward": 0.033064275412939936}