{"action": [0.699999988079071, -0.006229015067219734], "reward": 0.12849858551198165}