{"action": [-1.0, -0.005068865139037371], "reward": 0.3859800124055081}