{"action": [0.699999988079071, 0.005479573737829924], "reward": 0.6908657793672456}