{"action": [-1.0, 0.0036582299508154392], "reward": 0.7500842026103204}