{"action": [0.613280713558197, 0.0018619013717398047], "reward": 0.8182584892419216}