{"action": [-0.8211870789527893, 0.004515913315117359], "reward": 0.611944262620282}