{"action": [0.5289968848228455, 0.0014212483074516058], "reward": 0.8302369597118336}