{"action": [0.564726710319519, 0.0016831867396831512], "reward": 0.8018680726494563}