{"action": [0.699999988079071, -0.0048387311398983], "reward": -0.5756489807869368}