{"action": [0.5361486077308655, -5.869752203579992e-05], "reward": 0.843130210078404}