{"action": [0.6512802839279175, 0.007278948090970516], "reward": 0.7128509480676247}