{"action": [0.4491107761859894, -0.002450524130836129], "reward": 0.7898384825314572}