{"action": [0.6671590805053711, 0.1945095807313919], "reward": 0.6449481148896794}