{"action": [0.699999988079071, 0.004211012274026871], "reward": 0.469889767553678}