{"action": [0.699999988079071, 0.008678905665874481], "reward": 0.7209455186802057}