{"action": [0.5323038101196289, 0.002757319016382098], "reward": 0.7849849102461744}