{"action": [0.6874723434448242, 0.013076859526336193], "reward": -0.5357843052892498}