{"action": [0.46771180629730225, 0.005942889489233494], "reward": 0.8579310507238576}