{"action": [0.5467743277549744, 0.004482010845094919], "reward": 0.8189098559822934}