{"action": [0.699999988079071, -0.01321911346167326], "reward": 0.5943151033920042}