{"action": [0.699999988079071, -0.015558104030787945], "reward": 0.546361431193665}