{"action": [0.699999988079071, -0.0038673770613968372], "reward": 0.7369948195001264}