{"action": [0.6948387622833252, 0.0010706320172175765], "reward": 0.738536163331457}