{"action": [0.699999988079071, -0.002252256264910102], "reward": 0.7361951767079163}