{"action": [0.699999988079071, -0.004456045106053352], "reward": 0.6348072086926904}