{"action": [0.5170533657073975, 0.050292715430259705], "reward": 0.8529319065382611}