{"action": [0.44235116243362427, 0.001062437891960144], "reward": 0.9117091273010424}