{"action": [0.41115134954452515, 0.0008648612420074642], "reward": 0.9150403150264983}