{"action": [0.6050123572349548, 0.007239816710352898], "reward": 0.7890863016456202}