{"action": [0.699999988079071, 0.17443183064460754], "reward": 0.41486809391183577}