{"action": [0.44756603240966797, 0.17670050263404846], "reward": 0.7769905689266025}