{"action": [0.5064005851745605, -0.015198319219052792], "reward": 0.7839284309403047}