{"action": [0.4190000295639038, 0.0009127294761128724], "reward": 0.9161243163646547}