{"action": [0.699999988079071, 0.0026640170253813267], "reward": 0.7450224503795471}