{"action": [0.699999988079071, -0.015581083483994007], "reward": 0.6388630995693738}