{"action": [0.31970492005348206, 0.015125802718102932], "reward": 0.8442312729912471}