{"action": [0.699999988079071, -0.02004939690232277], "reward": -1.4427845856432473}