{"action": [0.699999988079071, 0.0018883871380239725], "reward": 0.8698610548300078}