{"action": [0.699999988079071, 0.009127677418291569], "reward": 0.5354761330667046}