{"action": [0.699999988079071, -0.06631392985582352], "reward": 0.3866835445506267}