{"action": [0.699999988079071, -0.04824088141322136], "reward": 0.4911060100509965}