{"action": [0.699999988079071, -0.0010027365060523152], "reward": -1.587679685458024}