{"action": [0.699999988079071, -0.00017528205353301018], "reward": 0.6321811747366205}