{"action": [0.699999988079071, -0.00023920666717458516], "reward": -0.905155573522842}