{"action": [0.699999988079071, 0.0212436281144619], "reward": 0.792476873397395}