{"action": [0.699999988079071, 0.008926143869757652], "reward": 0.7490250235824933}