{"action": [0.699999988079071, 0.006109296809881926], "reward": 0.6635184650754182}