{"action": [0.699999988079071, 0.021857168525457382], "reward": 0.6992567122931616}