{"action": [0.222577303647995, 0.00042594008846208453], "reward": 0.9661088933633243}