{"action": [0.6982865333557129, -0.18314696848392487], "reward": 0.6226379784979756}