{"action": [0.699999988079071, 0.0032958341762423515], "reward": 0.6021077316031285}