{"action": [0.5216298699378967, 0.0015737205976620317], "reward": 0.8273414490139923}