{"action": [0.21010199189186096, 0.0003806841850746423], "reward": 0.9684029108586175}