{"action": [0.699999988079071, 0.0033998670987784863], "reward": -0.0005010048942818622}