{"action": [0.6189980506896973, 0.0006325123831629753], "reward": 0.7459910803265444}