{"action": [0.3274075984954834, 0.003803123254328966], "reward": 0.9208875488584728}