{"action": [0.5403543710708618, -0.0005618601571768522], "reward": 0.7288081274299341}