{"action": [0.6317270994186401, -5.2142084314255044e-05], "reward": 0.7461298024152805}