{"action": [0.384592741727829, 0.06204119324684143], "reward": 0.43149260908263737}