{"action": [0.5131330490112305, -0.21922145783901215], "reward": 0.8396239296977868}