{"action": [0.42992281913757324, -0.002017399063333869], "reward": 0.9238606548909619}