{"action": [0.5769550204277039, -0.001939593581482768], "reward": 0.8505730363201272}