{"action": [0.36919185519218445, -0.10455016791820526], "reward": 0.6075772648192921}