{"action": [0.506992518901825, -0.08208394050598145], "reward": 0.5417643922034119}