{"action": [0.699999988079071, -0.3893774151802063], "reward": 0.4486007265320876}