{"action": [0.5209974050521851, -0.0036929852794855833], "reward": 0.8149276157048986}