{"action": [0.2514328360557556, -0.23370814323425293], "reward": 0.7860881044101407}