{"action": [0.699999988079071, 0.0030935551039874554], "reward": 0.7595718921870143}