{"action": [0.699999988079071, -0.0018921192968264222], "reward": -1.148111514797586}