{"action": [0.699999988079071, 0.0040342845022678375], "reward": -0.7993808391551666}