{"action": [0.3402944803237915, -0.020230473950505257], "reward": 0.8679614179098157}