{"action": [0.4128817915916443, -0.0026267506182193756], "reward": 0.8057408876143701}