{"action": [0.699999988079071, 0.004836946725845337], "reward": -0.8644636171340979}