{"action": [0.699999988079071, 0.0031157375779002905], "reward": 0.8307062529525875}