{"action": [0.4729481339454651, -0.009652298875153065], "reward": 0.8370326490111588}