{"action": [0.699999988079071, -0.00012023138697259128], "reward": -3.8607729269135143}