{"action": [0.699999988079071, -0.0028632439207285643], "reward": -2.6452519906655585}