{"action": [0.699999988079071, 0.006061275489628315], "reward": -3.6575570585288983}