{"action": [0.686577320098877, 0.0033197987359017134], "reward": -3.9503225505067228}