{"action": [0.5404887795448303, -0.28388315439224243], "reward": 0.42906124427522646}