{"action": [0.699999988079071, 0.0028508042450994253], "reward": 0.012498623290420358}