{"action": [0.699999988079071, 0.0028185206465423107], "reward": 0.0896201072259016}