{"action": [0.699999988079071, -0.005708691664040089], "reward": 0.36511612230328894}