{"action": [0.699999988079071, 0.00288757192902267], "reward": 0.041013955315744276}