{"action": [0.699999988079071, 0.001939190668053925], "reward": -0.6973261789999067}