{"action": [0.699999988079071, -0.005348375998437405], "reward": 0.07302777922302034}