{"action": [0.699999988079071, 0.004342001862823963], "reward": 0.9421995390860227}