{"action": [0.699999988079071, 0.0035036311019212008], "reward": 0.5928062891958316}