{"action": [0.699999988079071, 0.0035576154477894306], "reward": 0.6012489852794428}