{"action": [0.699999988079071, 0.004031510092318058], "reward": 0.9420714147900475}