{"action": [0.699999988079071, 0.012308361940085888], "reward": 0.33190242964261885}