{"action": [0.699999988079071, 0.011386938393115997], "reward": 0.8494091728663983}