{"action": [0.699999988079071, 0.009012537077069283], "reward": 0.9094252650780117}