{"action": [0.699999988079071, -0.001540002878755331], "reward": 0.7056475366790554}