{"action": [0.699999988079071, 0.014142878353595734], "reward": 0.48166851595925236}