{"action": [0.699999988079071, 0.010045820847153664], "reward": 0.9143582494678638}