{"action": [0.699999988079071, 0.00012157483433838934], "reward": 0.845414846446002}