{"action": [0.5494422316551208, 0.018280748277902603], "reward": 0.5409038258647031}