{"action": [-1.0, 0.0016805800842121243], "reward": 0.6005955509459364}