{"action": [0.699999988079071, 0.024280397221446037], "reward": 0.6449233264528754}