{"action": [0.699999988079071, 0.0024525236804038286], "reward": 0.38275200216189637}