{"action": [0.38033396005630493, -0.23135901987552643], "reward": 0.2796625206927167}