{"action": [0.699999988079071, -0.007874010130763054], "reward": 0.7855893519772222}