{"action": [0.1874593198299408, 0.018961353227496147], "reward": 0.8851721395879582}