{"action": [0.3437468409538269, 0.0016086171381175518], "reward": 0.9228920053475154}