{"action": [0.4955465495586395, 0.010016197338700294], "reward": 0.801449654691775}