{"action": [0.4692942202091217, -0.07359369099140167], "reward": 0.7684652786797075}