{"action": [0.4930614233016968, -0.2580261826515198], "reward": 0.6134494199655668}