{"action": [0.699999988079071, -0.004466039594262838], "reward": 0.6346103731228283}