{"action": [0.42448902130126953, -0.08458288013935089], "reward": 0.6976161143927748}