{"action": [0.37601152062416077, 0.0020403913222253323], "reward": 0.9149053814379932}