{"action": [0.3887718915939331, -0.036479346454143524], "reward": 0.8179882651024654}