{"action": [0.40727829933166504, 0.006711053662002087], "reward": 0.916102858189365}