{"action": [0.47100359201431274, 0.00464915344491601], "reward": 0.8263064046730918}