{"action": [0.699999988079071, -2.44634738919558e-05], "reward": 0.4832778973905004}