{"action": [0.5317449569702148, 0.0041652582585811615], "reward": 0.784449752903285}