{"action": [0.699999988079071, 1.808882188925054e-06], "reward": 0.5248654358361001}