{"action": [0.699999988079071, 5.1838400395354256e-05], "reward": 0.5782743177414137}