{"action": [0.699999988079071, 0.003027724800631404], "reward": -0.5972452914215041}