{"action": [0.5663431286811829, 0.00275858910754323], "reward": 0.8211426271079826}