{"action": [0.699999988079071, -0.009536654688417912], "reward": -1.2127179868786844}