{"action": [0.5847278237342834, -0.003554104594513774], "reward": 0.8307386632474163}