{"action": [0.3756428360939026, -0.010022605769336224], "reward": 0.8828612702203588}