{"action": [0.5589364767074585, -0.0011717027518898249], "reward": -1.4890597589438215}