{"action": [0.6408711671829224, -0.004100173246115446], "reward": 0.767459018675192}