{"action": [0.3224840760231018, -0.009028653614223003], "reward": 0.9129987145370478}