{"action": [0.4263421595096588, 0.0014184246538206935], "reward": -2.0675658870170635}