{"action": [0.699468731880188, 0.0028799003921449184], "reward": -0.6395377088034816}