{"action": [0.699999988079071, 0.010320774279534817], "reward": -0.15609410910289048}