{"action": [0.699999988079071, 0.0022504134103655815], "reward": 0.49286417010186123}