{"action": [0.6321097016334534, -0.0001050908540491946], "reward": -0.8704885057903786}