{"action": [0.2871234714984894, -0.0012330368626862764], "reward": 0.4409434298496064}