{"action": [0.36938515305519104, -0.011334985494613647], "reward": 0.8677956628353156}