{"action": [0.5816322565078735, -0.011102288030087948], "reward": -1.2393191808813675}