{"action": [0.699999988079071, 0.019964633509516716], "reward": 0.37256362508608987}