{"action": [0.699999988079071, 0.02797418087720871], "reward": 0.13395370296724568}