{"action": [-1.0, -0.14440633356571198], "reward": -0.021660928893247323}