{"action": [0.699999988079071, -0.001889359438791871], "reward": 0.016791000383750435}