{"action": [-1.0, -0.0006738457595929503], "reward": 0.7811303239110283}