{"action": [0.699999988079071, 0.003458795603364706], "reward": 0.30876911730572343}