{"action": [0.3576720058917999, -0.011732284910976887], "reward": 0.8826417486142647}