{"action": [-1.0, -0.0018546853680163622], "reward": 0.0020203802948109226}