{"action": [0.699999988079071, 0.0034819948486983776], "reward": 0.003934522536243091}