{"action": [0.699999988079071, -0.006885448005050421], "reward": 0.3775779866322127}