{"action": [0.699999988079071, -0.006548265460878611], "reward": 0.39379233701291566}