{"action": [0.5307518839836121, 0.010018068365752697], "reward": 0.8122222065977129}