{"action": [0.4656686782836914, -0.0051767355762422085], "reward": 0.8681295878769703}