{"action": [0.699999988079071, -0.026267675682902336], "reward": 0.5864923424026854}