{"action": [0.5343164205551147, -0.007479216903448105], "reward": 0.8348880817688397}