{"action": [0.699999988079071, -0.02539670653641224], "reward": 0.6085358343544904}