{"action": [0.582520604133606, -0.002549328375607729], "reward": 0.7940553748743576}