{"action": [0.699999988079071, -0.012988047674298286], "reward": 0.7480965430978719}