{"action": [0.5454577207565308, -4.9134665459860116e-05], "reward": 0.8464997850263346}