{"action": [0.5041837692260742, -0.006739767733961344], "reward": 0.8426749355008739}