{"action": [0.43897467851638794, -0.0009527772199362516], "reward": 0.9202145800988079}