{"action": [0.699999988079071, -0.0014550058403983712], "reward": 0.6525034934674465}