{"action": [0.699999988079071, -0.0010918593034148216], "reward": 0.6141576754436943}