{"action": [0.5823184847831726, -0.0002212140243500471], "reward": 0.8141341660148232}