{"action": [0.5403951406478882, -0.3131476640701294], "reward": 0.5494731483223707}