{"action": [0.699999988079071, -0.16753557324409485], "reward": 0.553479265846389}