{"action": [0.5608216524124146, -0.013103136792778969], "reward": 0.7202370378260674}