{"action": [0.697965145111084, -0.00426400126889348], "reward": 0.74927470393258}