{"action": [0.6334889531135559, -0.3259960114955902], "reward": 0.5603518658077067}