{"action": [0.5491219162940979, 0.0022601394448429346], "reward": 0.7905639053552532}