{"action": [0.4909304082393646, 0.01172815915197134], "reward": 0.8037012403378129}