{"action": [0.5446703433990479, 0.0012933019315823913], "reward": 0.8151291987367362}