{"action": [0.4840530753135681, -0.0001520522782811895], "reward": 0.8784712486804056}