{"action": [0.5589451789855957, 0.00187351880595088], "reward": 0.7955187456889925}