{"action": [0.5267488956451416, 0.01128683052957058], "reward": 0.803138589949199}