{"action": [0.5177782773971558, 0.010133318603038788], "reward": 0.8128053987777438}