{"action": [0.699999988079071, 0.024967730045318604], "reward": 0.5147691763382094}