{"action": [0.4396616816520691, -0.023224376142024994], "reward": 0.8639551325658454}