{"action": [0.5209301114082336, 0.005614466965198517], "reward": 0.8069690266920763}