{"action": [0.5784750580787659, -4.810768223251216e-05], "reward": 0.8312155092613405}