{"action": [0.44537389278411865, -0.05394851416349411], "reward": 0.7796961796861458}