{"action": [-0.036871522665023804, -0.09681545197963715], "reward": 0.2730894977277597}