{"action": [0.6051133275032043, -0.02745729684829712], "reward": 0.7241964267216009}