{"action": [0.499110609292984, 0.008697175420820713], "reward": 0.821162385251208}