{"action": [0.4380840063095093, -0.03106747381389141], "reward": 0.8377681622676135}