{"action": [0.4416465759277344, -0.04803716763854027], "reward": 0.7939646585392334}