{"action": [0.44815897941589355, -0.00042180533637292683], "reward": 0.8911059594012853}