{"action": [0.4852408170700073, -0.0026586747262626886], "reward": 0.8730812048901692}