{"action": [0.49420464038848877, -0.003935216460376978], "reward": 0.8445904766460698}