{"action": [0.699999988079071, 0.0013014229480177164], "reward": 0.6940578851498893}