{"action": [0.5042896270751953, -0.0027657700702548027], "reward": 0.8545207826369933}