{"action": [0.4720248579978943, -0.004660811275243759], "reward": 0.8553078956750042}