{"action": [0.699999988079071, 0.011161494068801403], "reward": 0.6107501254378386}