{"action": [0.5348345637321472, -0.003298431169241667], "reward": 0.788112381109774}