{"action": [0.6283280849456787, -0.01321129035204649], "reward": 0.720935445155295}