{"action": [0.5475015640258789, -0.0001372407714370638], "reward": 0.8282198107808871}