{"action": [0.5741835236549377, -0.004095443990081549], "reward": 0.778522903346813}