{"action": [0.5923253297805786, -0.00418880907818675], "reward": 0.7826207874818613}