{"action": [0.3330754339694977, 0.003796887118369341], "reward": 0.45743085815084633}