{"action": [0.5868059396743774, -8.258134039351717e-05], "reward": 0.45630043715694496}