{"action": [0.1414443850517273, 0.0020888312719762325], "reward": 0.46287460380050166}