{"action": [0.546081006526947, 0.001226036692969501], "reward": 0.8522861948885144}