{"action": [0.478328675031662, -0.00015523059119004756], "reward": 0.8590623085686412}