{"action": [0.699999988079071, 0.0019800569862127304], "reward": 0.39593650955438514}