{"action": [0.5568228960037231, 0.0006270375452004373], "reward": 0.8223381933141259}