{"action": [0.5685988068580627, 0.0032317673321813345], "reward": 0.42939911154498245}