{"action": [0.699999988079071, -0.0007401464972645044], "reward": 0.5163559722563762}