{"action": [0.699999988079071, -0.014007874764502048], "reward": 0.5249138084133107}