{"action": [0.699999988079071, 0.2733337879180908], "reward": 0.004094536178715004}