{"action": [0.699999988079071, -0.010713176801800728], "reward": 0.48870267891392133}