{"action": [0.5348961353302002, 0.0011067831655964255], "reward": 0.7804950926203734}