{"action": [0.6040714383125305, -0.007823782041668892], "reward": 0.7370401091941489}