{"action": [0.5687894225120544, 0.13353851437568665], "reward": 0.5024420583065459}