{"action": [0.35389116406440735, -0.006017885636538267], "reward": 0.9056890539435168}