{"action": [-1.0, 0.0033563529141247272], "reward": -0.00039798413187420566}