{"action": [-1.0, 0.003355816239491105], "reward": -0.00042389761822499085}