{"action": [-1.0, 0.0033252357970923185], "reward": 0.001299295964207063}