{"action": [0.6666610240936279, 0.0022637955844402313], "reward": 0.38159535156492747}