{"action": [0.699999988079071, 0.002766870893537998], "reward": 0.039952875733589015}