{"action": [-1.0, 0.0033590353559702635], "reward": 0.0002463703376765073}