{"action": [0.4816429316997528, 0.0025970397982746363], "reward": 0.42199513220755963}