{"action": [0.6257947683334351, 0.0021259142085909843], "reward": 0.3693164962600151}