{"action": [0.36677393317222595, -0.009541946463286877], "reward": 0.8571940955216258}