{"action": [0.699999988079071, -0.002723640762269497], "reward": -0.00025184913977403973}