{"action": [0.5548306107521057, -0.00203162943944335], "reward": 0.8556675068111739}