{"action": [0.699999988079071, -0.007182933855801821], "reward": 0.6489712965337884}