{"action": [0.35059085488319397, -0.00032335452851839364], "reward": 0.9628789601520501}