{"action": [0.699999988079071, -0.0028092279098927975], "reward": 0.02152355931894573}