{"action": [0.699999988079071, -0.001051296480000019], "reward": 0.7276369335830946}