{"action": [0.22697971761226654, -0.0010123437969014049], "reward": 0.9234417943194047}