{"action": [0.5434793829917908, 0.0010257139801979065], "reward": 0.8576915914737259}