{"action": [0.4566274583339691, 0.00023034137848298997], "reward": 0.8815205641758339}