{"action": [0.4652087390422821, 0.000185041077202186], "reward": 0.8866730260898602}