{"action": [0.699999988079071, -0.0009286328568123281], "reward": 0.4825314316620158}