{"action": [0.5756710171699524, -0.002444255631417036], "reward": 0.8441701822039196}