{"action": [0.699999988079071, -0.0028989340644329786], "reward": 0.7286893288789934}