{"action": [0.3665900230407715, 0.000949860957916826], "reward": 0.9236814847129724}