{"action": [0.5129413604736328, 2.7116060664411634e-05], "reward": 0.8751252713865972}