{"action": [0.5109206438064575, 9.082435099116992e-06], "reward": 0.8733352138674707}