{"action": [0.3553467094898224, 0.0014813647139817476], "reward": 0.9465708970627484}