{"action": [0.3904603123664856, 0.001278505427762866], "reward": 0.9253727247397566}