{"action": [-0.015334788709878922, 0.002504095435142517], "reward": 0.8522926840084405}