{"action": [0.699999988079071, 0.003256220370531082], "reward": 0.9177395016573697}