{"action": [0.2517484426498413, 0.008478660136461258], "reward": 0.9206518526103115}