{"action": [0.6388318538665771, -0.008304939605295658], "reward": 0.7685803009305227}