{"action": [0.26908445358276367, 0.00787303689867258], "reward": 0.9289195106435916}