{"action": [0.2641690671443939, 0.006824831943958998], "reward": 0.9331965420968225}