{"action": [0.4761291742324829, -0.22210188210010529], "reward": 0.6671375711375735}