{"action": [0.4332171082496643, -0.2850114107131958], "reward": 0.5768541187130396}