{"action": [0.33291393518447876, -0.11617804318666458], "reward": 0.45705345003286085}