{"action": [0.34823107719421387, -0.17385706305503845], "reward": 0.5533769230145775}