{"action": [0.4178319573402405, -0.01101535651832819], "reward": 0.8434737426907218}