{"action": [-0.00806987565010786, -0.0015881971921771765], "reward": 0.5158817972304346}