{"action": [-1.0, 0.000631998642347753], "reward": -2.4730105961479366e-05}