{"action": [-1.0, 0.000631998642347753], "reward": -9.461864019811947e-05}