{"action": [-1.0, 0.000631998642347753], "reward": -9.455569004793719e-05}