{"action": [-1.0, 0.0006325351423583925], "reward": -7.661703428853372e-05}