{"action": [-1.0, 0.0006325351423583925], "reward": -9.44887795206199e-05}