{"action": [-1.0, 0.0006336081423796713], "reward": -9.494615342405903e-05}