{"action": [-1.0, 0.0006341446423903108], "reward": -9.471983287194818e-05}