{"action": [-1.0, 0.000631998642347753], "reward": -7.420684037218757e-05}