{"action": [-1.0, 0.000631998642347753], "reward": -9.397531071933667e-05}