{"action": [-1.0, 0.0006325351423583925], "reward": -9.475725094895994e-05}