{"action": [-1.0, 0.0006325351423583925], "reward": -9.458360119223709e-05}