{"action": [-1.0, 0.0006325351423583925], "reward": -9.459810484033444e-05}