{"action": [-1.0, 0.0006325351423583925], "reward": -9.460897517715093e-05}