{"action": [0.699999988079071, 0.0015772769693285227], "reward": 0.42232708467497343}