{"action": [0.699999988079071, 0.0023419582284986973], "reward": 0.5830450961547903}