{"action": [0.699999988079071, 0.0015744449337944388], "reward": 0.46838558427122506}