{"action": [0.6526880860328674, 0.007154868915677071], "reward": 0.7609579238841353}