{"action": [0.4965241253376007, 0.006728295236825943], "reward": 0.8177686581572173}