{"action": [0.5109336972236633, 0.0034416683483868837], "reward": 0.8347814087806195}