{"action": [0.46587416529655457, 0.03633081912994385], "reward": 0.7137512379399682}