{"action": [0.409587562084198, 0.008413922041654587], "reward": 0.8627787734837138}