{"action": [0.4112633466720581, 0.001118816900998354], "reward": 0.8595691158916803}