{"action": [0.35153859853744507, -8.758401963859797e-05], "reward": 0.9475344675947077}