{"action": [0.699999988079071, -0.0011284585343673825], "reward": 0.2991185277422763}