{"action": [-0.14575783908367157, -0.008325859904289246], "reward": 0.8147533333656275}