{"action": [0.699999988079071, 0.0044863284565508366], "reward": 0.5157815927854041}