{"action": [0.29292944073677063, -0.004237838555127382], "reward": 0.4549096476037337}