{"action": [0.272045373916626, -0.0032999322284013033], "reward": 0.46468977462962413}