{"action": [0.6481617093086243, 0.014906739816069603], "reward": 0.4004413931815217}