{"action": [0.699999988079071, 0.012684967368841171], "reward": 0.004754718639030303}