{"action": [-1.0, 0.012562180869281292], "reward": 0.14344867210782705}