{"action": [0.13351468741893768, -0.01589174196124077], "reward": 0.4775996256921956}