{"action": [0.699999988079071, 0.008413943462073803], "reward": 0.012176497473013028}