{"action": [0.699999988079071, 0.008464345708489418], "reward": 0.03662725622054499}