{"action": [0.699999988079071, 0.0034882589243352413], "reward": 0.10958536543998565}