{"action": [0.699999988079071, 0.002001372631639242], "reward": 0.35834033640869284}