{"action": [0.3361310064792633, 0.00022870123211760074], "reward": 0.4682419656136362}