{"action": [0.699999988079071, -0.0023635071702301502], "reward": 0.8538027402896614}