{"action": [0.15407133102416992, 0.002587180584669113], "reward": 0.879486489389817}