{"action": [0.699999988079071, 0.01168279629200697], "reward": 0.004961116348604888}