{"action": [0.699999988079071, 0.011587672866880894], "reward": 0.013402572567842698}