{"action": [0.699999988079071, -0.00421571359038353], "reward": 0.5623339353386566}