{"action": [0.41166436672210693, 0.13740360736846924], "reward": 0.7773256003636814}