{"action": [0.36334818601608276, 0.20958077907562256], "reward": 0.6712608205806723}