{"action": [0.5846889019012451, 0.01932799629867077], "reward": 0.8333511661173244}