{"action": [0.4137946665287018, -0.0078609399497509], "reward": 0.9058048156502335}