{"action": [0.3568294942378998, -0.009239713661372662], "reward": 0.8756154488606913}