{"action": [0.4658498764038086, 0.17889150977134705], "reward": 0.7156762090440262}