{"action": [0.6784598231315613, 0.49393877387046814], "reward": 0.4590140292762156}