{"action": [0.3303169012069702, 0.051414769142866135], "reward": 0.816276139881411}