{"action": [0.699999988079071, 0.011612636968493462], "reward": 0.5661128679862641}