{"action": [-0.2135433703660965, 0.007656983565539122], "reward": 0.4672157565418968}