{"action": [0.07296593487262726, 0.005805321969091892], "reward": 0.48256756571926107}