{"action": [0.3801370859146118, 0.0022972123697400093], "reward": 0.42868955467388997}