{"action": [0.699999988079071, 0.003870636224746704], "reward": -0.0005295119445428464}