{"action": [0.699999988079071, 0.0038700748700648546], "reward": 0.007812040213844476}