{"action": [-1.0, 0.002828435506671667], "reward": -0.0003629324846157933}