{"action": [0.699999988079071, 0.0012849834747612476], "reward": 0.09714192715981565}