{"action": [0.699999988079071, 0.0011519498657435179], "reward": 0.16764192262739935}