{"action": [0.699999988079071, 0.0001465519017074257], "reward": 0.5309683236501465}