{"action": [0.699999988079071, 0.0004381058388389647], "reward": 0.6337734971773828}