{"action": [0.5883065462112427, 0.0006849150522612035], "reward": 0.8504920746593553}