{"action": [0.4619598388671875, 0.0006109850364737213], "reward": 0.9261560254847373}