{"action": [0.699999988079071, 0.014751841314136982], "reward": 0.6795442823383211}