{"action": [0.4102689325809479, -2.6910125598078594e-05], "reward": 0.8538101370554346}