{"action": [0.5534532070159912, -6.424474850064144e-05], "reward": 0.8101023639385846}