{"action": [0.3282003700733185, -0.0029136352241039276], "reward": 0.9524691440857344}