{"action": [0.5926180481910706, -0.012095239013433456], "reward": 0.7241627263512483}