{"action": [0.6285923719406128, -0.007468866184353828], "reward": 0.8250499024661131}