{"action": [0.48765671253204346, 0.009148472920060158], "reward": 0.7989099751740735}