{"action": [0.3903500437736511, 0.008017863146960735], "reward": 0.913385212889091}