{"action": [0.699999988079071, 0.014575343579053879], "reward": 0.7215187412942274}