{"action": [0.2825874090194702, 0.0022229524329304695], "reward": 0.9027257426266436}