{"action": [0.6526691913604736, -0.0032426640391349792], "reward": 0.7294892765300348}