{"action": [0.3093832731246948, -0.0023033698089420795], "reward": 0.9580490454631332}