{"action": [0.5390955805778503, -0.005005678161978722], "reward": 0.7903356391196168}