{"action": [0.699999988079071, -0.003017658367753029], "reward": 0.6470735386896082}