{"action": [0.699999988079071, -0.0075028338469564915], "reward": 0.46513635556248945}