{"action": [0.699999988079071, -0.001193422358483076], "reward": 0.5188703339086714}