{"action": [0.030283937230706215, 0.0], "reward": 0.481099776867047}