{"action": [0.699999988079071, 1.829695793276187e-05], "reward": 0.41418626462848457}