{"action": [0.17168974876403809, 5.380511083785677e-06], "reward": 0.4407530067075638}