{"action": [0.44516927003860474, 0.0015701382653787732], "reward": 0.4315349527313667}