{"action": [0.699999988079071, 0.00546757597476244], "reward": 0.29445951640155843}