{"action": [0.699999988079071, 0.005008545704185963], "reward": 0.5124347848611513}