{"action": [0.699999988079071, 0.0053936815820634365], "reward": 0.3346625956243698}