{"action": [0.699999988079071, 0.005113492254167795], "reward": 0.45770372381637214}