{"action": [0.6482865810394287, -0.0051824916154146194], "reward": 0.7248140705046922}