{"action": [0.69040447473526, -0.00549324881285429], "reward": 0.7220051953262747}