{"action": [0.1886569857597351, -0.007770291063934565], "reward": 0.5149532105157322}