{"action": [0.699999988079071, 0.011972092092037201], "reward": 0.08685551659652543}