{"action": [0.3921797573566437, -0.01021355576813221], "reward": 0.43791028397057485}