{"action": [0.5667210817337036, -0.004761953372508287], "reward": 0.4088358279605991}