{"action": [-1.0, -0.0020311942789703608], "reward": -0.0003044759167534636}