{"action": [-1.0, -0.0020236833952367306], "reward": -0.0003030709464627868}