{"action": [-1.0, -0.002025292720645666], "reward": -0.00030299252006466665}