{"action": [-1.0, -0.0019984678365290165], "reward": -0.00029972652350702397}