{"action": [-1.0, -0.001988810719922185], "reward": -0.00029817836526668156}