{"action": [-1.0, 0.008117802441120148], "reward": -0.0009107544027908423}