{"action": [0.6135753989219666, -0.0015702059026807547], "reward": 0.4573770809114928}