{"action": [0.4879990518093109, -0.0011239673476666212], "reward": 0.41359984843257536}