{"action": [0.4826442003250122, -0.0010901674395427108], "reward": 0.4267527013841003}