{"action": [0.3771313726902008, -0.000946809770539403], "reward": 0.4572045867573042}