{"action": [0.699999988079071, 0.004849610850214958], "reward": 0.539157552787531}