{"action": [0.699999988079071, 0.0441664382815361], "reward": 0.49730017908731866}