{"action": [-1.0, 0.00807273667305708], "reward": -0.0012054626189870123}