{"action": [0.699999988079071, 0.019868047907948494], "reward": 0.5205594992182287}