{"action": [0.699999988079071, 0.006631109863519669], "reward": 0.5679279007720852}