{"action": [0.699999988079071, -0.018914278596639633], "reward": 0.5331284696090836}