{"action": [0.3997514843940735, -0.2217952311038971], "reward": 0.8567531616537787}