{"action": [0.6921020746231079, -0.27367547154426575], "reward": 0.6284368892225994}