{"action": [0.4777252674102783, -0.08203808963298798], "reward": 0.6803728540580479}