{"action": [0.45099908113479614, -0.06555826961994171], "reward": 0.7450343021804873}