{"action": [0.4268990159034729, -0.016541549935936928], "reward": 0.8207662306899958}