{"action": [0.5564265251159668, 0.005861504003405571], "reward": 0.8209146911264512}