{"action": [0.41954898834228516, 0.0066461642272770405], "reward": 0.9000768494785141}