{"action": [0.4393448233604431, 0.014858542941510677], "reward": 0.7894448886165698}