{"action": [0.699999988079071, 0.007614241912961006], "reward": 0.1174646603855065}