{"action": [0.6855221390724182, -0.01270543597638607], "reward": 0.7327481273919374}