{"action": [0.4636876881122589, -0.006650421768426895], "reward": 0.9042849110181687}