{"action": [0.5683297514915466, -0.00815953966230154], "reward": 0.8485358374630778}