{"action": [0.333507239818573, -0.00023999244149308652], "reward": 0.9265259585544905}