{"action": [0.5268877744674683, -0.004083831328898668], "reward": 0.8288476256923537}