{"action": [0.6597467660903931, -0.0006236017215996981], "reward": 0.7395771798415907}