{"action": [0.5743333697319031, -0.0036388461012393236], "reward": 0.8303744389842695}