{"action": [0.6099071502685547, -0.0004903945955447853], "reward": 0.7695898585027889}