{"action": [0.5255536437034607, -0.0004966125125065446], "reward": 0.8114504469532638}