{"action": [0.699999988079071, -0.06606514751911163], "reward": 0.37910432929562815}