{"action": [0.699999988079071, 0.054638877511024475], "reward": -0.008093245797495955}