{"action": [0.699999988079071, 0.0492897555232048], "reward": -0.007390681656522704}