{"action": [0.699999988079071, -0.025489356368780136], "reward": 0.1340968472062524}