{"action": [0.699999988079071, -0.011861391365528107], "reward": 0.18292899289473508}