{"action": [0.699999988079071, -0.001225507352501154], "reward": 0.25316473683514473}