{"action": [0.699999988079071, -0.0004634036449715495], "reward": 0.16736234931899124}