{"action": [0.699999988079071, 7.5502393883652985e-06], "reward": 0.21737208652140028}