{"action": [0.699999988079071, 3.41320037477999e-06], "reward": 0.2500328273911431}