{"action": [0.699999988079071, 0.0008861639653332531], "reward": 0.08914465189244365}