{"action": [-1.0, 0.0006513127009384334], "reward": 8.552757493940213e-05}