{"action": [0.699999988079071, 0.0006120834732428193], "reward": 0.033359291168436035}