{"action": [0.699999988079071, 0.001265512895770371], "reward": 0.0936486192091577}