{"action": [0.699999988079071, 0.0009128752280957997], "reward": 0.1832102986907957}