{"action": [0.699999988079071, 0.0012481685262173414], "reward": 0.27488960040737326}