{"action": [-1.0, 0.001900824485346675], "reward": 0.00011765418105454882}