{"action": [0.699999988079071, 0.001393590122461319], "reward": 0.22788883562081108}