{"action": [-1.0, 0.0018992149271070957], "reward": -0.0002080382082777655}