{"action": [0.699999988079071, 0.0013925852254033089], "reward": 0.11392008668780823}