{"action": [0.699999988079071, 8.598840213380754e-05], "reward": 0.2101620250159555}