{"action": [0.699999988079071, -0.0002988794294651598], "reward": 0.18748066838567531}