{"action": [0.699999988079071, -0.0011221551103517413], "reward": 0.15469792295485757}