{"action": [0.699999988079071, -0.0016424685018137097], "reward": 0.1615194962853879}