{"action": [0.699999988079071, -0.0010881206253543496], "reward": 0.12614807338879389}