{"action": [0.699999988079071, -0.0004887563991360366], "reward": 0.13795263703862407}