{"action": [0.699999988079071, -0.0007652979111298919], "reward": 0.1643330813688141}