{"action": [0.699999988079071, -0.00045152055099606514], "reward": 0.151455132403904}