{"action": [-1.0, 0.0006046370835974813], "reward": -4.453394366885612e-05}