{"action": [-1.0, 0.0006046370835974813], "reward": -6.977040502880526e-05}