{"action": [0.699999988079071, -0.002809610916301608], "reward": 0.2413574748000331}