{"action": [0.699999988079071, -0.00036424933932721615], "reward": 0.29007292869846313}