{"action": [-1.0, 0.0006035640835762024], "reward": -7.846800232710512e-05}