{"action": [0.699999988079071, -0.0002838286745827645], "reward": 0.2610667367258612}