{"action": [0.699999988079071, -0.00036708885454572737], "reward": 0.1890082128103907}