{"action": [0.653143584728241, -0.018773486837744713], "reward": 0.7306067025988143}