{"action": [-1.0, 0.000603027583565563], "reward": -8.771025443590008e-05}