{"action": [0.699999988079071, -1.5138387425395194e-05], "reward": 0.10016287523024797}