{"action": [0.699999988079071, 4.630368857760914e-05], "reward": 0.056439835839511954}