{"action": [0.699999988079071, 0.00023521119146607816], "reward": 0.22816258376506984}