{"action": [0.699999988079071, 0.0014378716005012393], "reward": 0.05499885570957834}