{"action": [0.699999988079071, 0.0017162850126624107], "reward": 0.050569269417113295}