{"action": [0.699999988079071, 0.004964523017406464], "reward": 0.09653936842520862}