{"action": [0.699999988079071, 0.006519231013953686], "reward": 0.22375902632322636}