{"action": [0.699999988079071, 0.006480607204139233], "reward": 0.2338900581920823}