{"action": [0.699999988079071, 0.008633604273200035], "reward": 0.10703989079954539}