{"action": [0.699999988079071, 0.013101121410727501], "reward": 0.0857602630531704}