{"action": [0.699999988079071, 0.01053826417773962], "reward": 0.07760451572994771}