{"action": [0.699999988079071, 0.012059562839567661], "reward": 0.11485574773832148}