{"action": [0.699999988079071, 0.009608849883079529], "reward": 0.17883755372953802}