{"action": [0.699999988079071, 0.0031003307085484266], "reward": 0.1703386878560984}