{"action": [0.699999988079071, 0.0009225819958373904], "reward": 0.12229438879503098}