{"action": [0.699999988079071, 0.00030060112476348877], "reward": 0.04098884565255162}