{"action": [0.699999988079071, 0.00021974361152388155], "reward": 0.08029435697535697}