{"action": [0.699999988079071, 0.0003484498301986605], "reward": 0.05688209193330224}