{"action": [0.699999988079071, 0.0005928499740548432], "reward": 0.13009830961961527}