{"action": [0.699999988079071, 0.0025206715799868107], "reward": 0.0811611110324056}