{"action": [0.699999988079071, 0.005309869069606066], "reward": 0.16586440419330561}