{"action": [0.699999988079071, 0.0037420729640871286], "reward": 0.23712780904275038}