{"action": [0.45550116896629333, -0.008508790284395218], "reward": 0.8765860193554912}