{"action": [-1.0, 0.0018101556925103068], "reward": -0.00020119058141405727}