{"action": [-1.0, 0.0018160572508350015], "reward": -0.0002651382450972836}