{"action": [-1.0, 0.0006089290836825967], "reward": -9.098430409518357e-05}