{"action": [0.699999988079071, 0.0016216773074120283], "reward": 0.03035435309905652}