{"action": [-1.0, 0.0006089290836825967], "reward": -9.110122918610379e-05}