{"action": [0.699999988079071, 0.002552047837525606], "reward": 0.043642664895633204}