{"action": [-1.0, 0.0006089290836825967], "reward": -9.110037558012019e-05}