{"action": [0.699999988079071, 0.0005463404813781381], "reward": 0.11381041645445993}