{"action": [0.41019707918167114, -0.0067276437766849995], "reward": 0.9027439807786511}