{"action": [0.699999988079071, 0.0007260182755999267], "reward": 0.12751240099494435}