{"action": [0.699999988079071, 0.0007103801472112536], "reward": 0.15207356745392867}