{"action": [0.699999988079071, 0.0007136890781112015], "reward": 0.18326507314920096}