{"action": [0.699999988079071, 0.0011402659583836794], "reward": 0.1612371924680433}