{"action": [-1.0, 0.0006089290836825967], "reward": -9.115131469139547e-05}