{"action": [0.699999988079071, 0.0010473290458321571], "reward": 0.23744412345158433}