{"action": [0.699999988079071, 0.0017889842856675386], "reward": 0.20000661364770086}