{"action": [0.699999988079071, 0.006146551109850407], "reward": 0.15506037264961278}