{"action": [0.699999988079071, 0.011858930811285973], "reward": 0.14461960082977424}