{"action": [0.699999988079071, 0.008375073783099651], "reward": 0.1062298494809442}