{"action": [0.699999988079071, 0.007648185361176729], "reward": 0.1376349914898761}