{"action": [0.699999988079071, 0.0073123290203511715], "reward": 0.14970239341606015}