{"action": [0.699999988079071, 0.004154532682150602], "reward": 0.05261303914993266}