{"action": [0.699999988079071, 0.005354125984013081], "reward": 0.12663280250982062}