{"action": [0.699999988079071, 0.0009475711267441511], "reward": 0.13584405942917446}