{"action": [0.699999988079071, 0.0004979839432053268], "reward": 0.22013552681814713}