{"action": [0.699999988079071, 0.0008140694117173553], "reward": 0.16659245555368027}