{"action": [0.699999988079071, 0.09306877851486206], "reward": -0.01108837732322387}