{"action": [0.699999988079071, 0.010221161879599094], "reward": 0.6595120297382487}