{"action": [0.5132712125778198, 0.0019873687997460365], "reward": 0.751283226567753}