{"action": [0.405912309885025, -0.0032858129125088453], "reward": 0.9070842713406491}