{"action": [0.3651139736175537, -0.009047133848071098], "reward": 0.8153784932181547}