{"action": [0.699999988079071, -0.02042498253285885], "reward": 0.5003084250229172}