{"action": [0.47637009620666504, -0.0007588809821754694], "reward": 0.838124665326812}