{"action": [0.699999988079071, -0.0017776616150513291], "reward": 0.586763110254287}