{"action": [0.699999988079071, -0.00021218034089542925], "reward": 0.78618723400694}