{"action": [0.6532893180847168, -0.002036711201071739], "reward": 0.7382665170966445}