{"action": [0.36147236824035645, -0.0005982847651466727], "reward": 0.9209839951379674}