{"action": [0.36551278829574585, -0.00046990401460789144], "reward": 0.9139678633499752}