{"action": [0.699999988079071, -0.021563757210969925], "reward": 0.6400228276745753}