{"action": [0.6216238737106323, -0.009173458442091942], "reward": 0.7602565453030002}