{"action": [0.6074718236923218, -0.010177605785429478], "reward": 0.7606843098348469}