{"action": [0.08920350670814514, -0.007924285717308521], "reward": 0.4955301835953249}