{"action": [-1.0, 0.0006556047010235488], "reward": -7.913777508431071e-05}