{"action": [0.5160262584686279, -0.0010155705967918038], "reward": 0.8364096073578391}