{"action": [0.6884613633155823, -0.002201079623773694], "reward": 0.7885031995700637}