{"action": [0.4357735514640808, -0.0020112087950110435], "reward": 0.8783195809508374}