{"action": [0.699999988079071, 0.07825864851474762], "reward": 0.5950544067537835}