{"action": [0.21353402733802795, 0.03012179210782051], "reward": 0.45289813950941404}