{"action": [0.3028969466686249, 0.005439918953925371], "reward": 0.42438052742325705}