{"action": [-1.0, 0.0007092548767104745], "reward": 0.0002839540594730901}