{"action": [-1.0, 0.0006556047010235488], "reward": -9.663481218064046e-05}