{"action": [-1.0, 0.0006561412010341883], "reward": -9.817028621960285e-05}