{"action": [-1.0, 0.0007092548767104745], "reward": -0.00010609811934398896}