{"action": [0.699999988079071, 0.0007316300761885941], "reward": 0.08585685837595922}