{"action": [0.17533253133296967, -6.413893424905837e-05], "reward": 0.4757046933597335}