{"action": [0.38695216178894043, -0.0008882011752575636], "reward": 0.42497683178128887}