{"action": [0.2773236036300659, -0.0056989542208611965], "reward": 0.4565750450815976}