{"action": [0.699999988079071, 0.0006575477891601622], "reward": 0.12189596427310653}