{"action": [0.26913079619407654, -0.006186602637171745], "reward": 0.45161376834378053}