{"action": [0.347158819437027, -0.006185905542224646], "reward": 0.45113450766439606}