{"action": [0.30283021926879883, -0.00520721822977066], "reward": 0.46331344661150703}