{"action": [0.3281305730342865, -0.0042197210714221], "reward": 0.46521643422435155}