{"action": [0.2558887004852295, -0.0019244445720687509], "reward": 0.9418422298742299}