{"action": [-0.16104155778884888, 0.15370416641235352], "reward": 0.5056284805874388}