{"action": [-0.3029722571372986, 0.4823697805404663], "reward": 0.3775268140073769}