{"action": [0.699999988079071, 0.36747288703918457], "reward": 0.259835078083602}