{"action": [0.699999988079071, -0.0013965903781354427], "reward": 0.2822698351076264}