{"action": [-0.8058111071586609, 0.2393246293067932], "reward": 0.36709434448659717}