{"action": [0.699999988079071, -0.0016831199172884226], "reward": 0.3050760952889602}