{"action": [0.699999988079071, 0.06084368750452995], "reward": 0.6272503838075963}