{"action": [0.43905550241470337, 0.041478391736745834], "reward": 0.3983560133567086}