{"action": [-0.0036890553310513496, 0.0026660882867872715], "reward": 0.4702014486389902}