{"action": [0.699999988079071, 0.0125277079641819], "reward": 0.5950533265001334}