{"action": [-0.06429646909236908, -0.0011526328744366765], "reward": 0.521705959164444}