{"action": [-1.0, -0.00399532588198781], "reward": -0.0005963118207676581}