{"action": [-1.0, -0.004001227673143148], "reward": -0.000599752618709662}