{"action": [-1.0, -0.004002836998552084], "reward": -0.0005970658520530027}