{"action": [-1.0, -0.004007665440440178], "reward": -0.0005850531543569147}