{"action": [-1.0, -0.004012493882328272], "reward": -0.0006017606495130619}