{"action": [-1.0, -0.004023760557174683], "reward": -0.0006034331211510723}