{"action": [-1.0, -0.012966185808181763], "reward": -0.00194399510818166}