{"action": [0.38169223070144653, -0.016381487250328064], "reward": 0.8578751912010005}