{"action": [-1.0, -0.00401839567348361], "reward": -0.000602671947550629}