{"action": [-1.0, -0.004020541440695524], "reward": -0.000603022966448258}