{"action": [-1.0, -0.004020541440695524], "reward": -0.0006030647397082128}