{"action": [-1.0, -0.004024296998977661], "reward": -0.0006033304963943398}