{"action": [0.26075688004493713, -0.05717240273952484], "reward": 0.8666564543335562}