{"action": [0.3212813436985016, -0.003113853046670556], "reward": 0.4545577313850054}