{"action": [0.699999988079071, 0.0187925286591053], "reward": 0.36062649180910455}