{"action": [0.2620503604412079, 0.1890779435634613], "reward": 0.4190237179483316}