{"action": [0.34749194979667664, 0.2309778481721878], "reward": 0.39181357367626946}