{"action": [-0.9686525464057922, 0.08862879872322083], "reward": 0.6300660212634215}