{"action": [0.699999988079071, 0.009898276999592781], "reward": 0.2761935855442328}