{"action": [0.699999988079071, 0.007598958909511566], "reward": 0.2865677468836005}