{"action": [0.699999988079071, -0.036672450602054596], "reward": 0.5411052437165146}