{"action": [0.699999988079071, 0.015364248305559158], "reward": 0.6254989393816914}