{"action": [0.699999988079071, 0.015361218713223934], "reward": 0.6308507828398681}