{"action": [0.699999988079071, -0.1679832637310028], "reward": -0.02367881025996422}