{"action": [0.699999988079071, -0.1876358985900879], "reward": 0.01505965683636186}