{"action": [0.699999988079071, -0.17272508144378662], "reward": 0.12253300305004236}