{"action": [0.6961536407470703, 0.800000011920929], "reward": 0.002192007726628975}