{"action": [0.699999988079071, -0.008962158113718033], "reward": 0.12463008637619799}