{"action": [0.699999988079071, -3.447145354584791e-05], "reward": 0.08407959653563442}