{"action": [0.699999988079071, 0.017544839531183243], "reward": 0.31901523872691157}