{"action": [0.699999988079071, 0.01870838552713394], "reward": 0.32457881399947974}