{"action": [0.699999988079071, 0.021026207134127617], "reward": 0.338266284726656}