{"action": [0.699999988079071, 0.020334240049123764], "reward": 0.00236093631436148}