{"action": [0.699999988079071, 0.017251886427402496], "reward": 0.027189525357022883}