{"action": [0.699999988079071, 0.005910591688007116], "reward": 0.382838945881521}