{"action": [0.699999988079071, 0.006750533357262611], "reward": 0.37695851336865815}