{"action": [0.699999988079071, 0.025038618594408035], "reward": 0.12720250291655824}