{"action": [0.699999988079071, 0.013017202727496624], "reward": -0.001526093547418462}