{"action": [0.699999988079071, -1.0010124242398888e-05], "reward": 0.1318632327217115}