{"action": [0.699999988079071, -0.0019038290483877063], "reward": 0.3418677886417679}