{"action": [0.5912582874298096, -0.005784402601420879], "reward": 0.37433401616411266}