{"action": [0.5693828463554382, -0.009595818817615509], "reward": 0.3687701262608322}