{"action": [-1.0, -0.00799065176397562], "reward": -0.0011794510806187259}