{"action": [0.699999988079071, 0.015005461871623993], "reward": 0.00912074409719156}