{"action": [-1.0, -0.008156967349350452], "reward": -0.001222294051737604}