{"action": [0.699999988079071, -0.0019200799288228154], "reward": 0.2516914903814941}