{"action": [0.699999988079071, -0.0023134760558605194], "reward": 0.25585211094229526}