{"action": [0.699999988079071, 0.013568972237408161], "reward": -0.0020215760558774695}