{"action": [0.699999988079071, -0.004890957847237587], "reward": 0.08303755805997065}