{"action": [0.699999988079071, -0.004433042369782925], "reward": 0.09096347994164165}