{"action": [0.699999988079071, -0.007947007194161415], "reward": 0.3876803053105584}