{"action": [-1.0, -0.005706228781491518], "reward": -0.0006864507252837345}