{"action": [0.699999988079071, -0.005948558449745178], "reward": 0.018383906049876636}