{"action": [0.699999988079071, -0.009195532649755478], "reward": -0.0006752962702130242}