{"action": [0.699999988079071, -0.006283903960138559], "reward": 0.06451920405030967}