{"action": [0.699999988079071, -0.007918430492281914], "reward": 0.0011816804936368623}