{"action": [0.699999988079071, 8.958256512414664e-05], "reward": 0.3294954432056669}