{"action": [-1.0, -6.545316864503548e-05], "reward": 5.714131902166209e-05}