{"action": [0.699999988079071, -5.213892291067168e-05], "reward": 0.0007712868575485785}