{"action": [0.699999988079071, 0.002199952956289053], "reward": 0.20061527739483398}