{"action": [0.699999988079071, 0.006824344862252474], "reward": 0.004816728389380216}