{"action": [0.699999988079071, 0.00439890380948782], "reward": 0.06024751157933477}