{"action": [0.699999988079071, 0.00033339852234348655], "reward": 0.35742353876024263}