{"action": [0.699999988079071, 0.0012562115443870425], "reward": 0.3401509582229657}