{"action": [0.699999988079071, 0.00015591639385093004], "reward": 0.06494716201480931}