{"action": [0.699999988079071, 0.0013371100649237633], "reward": 0.09004560776794795}