{"action": [0.699999988079071, 0.0012473256792873144], "reward": 0.08402813232787504}