{"action": [0.699999988079071, -0.009064978919923306], "reward": 0.043388951784499925}