{"action": [0.699999988079071, -0.03123406134545803], "reward": 0.15942844396309042}