{"action": [0.699999988079071, -0.04712699353694916], "reward": 0.359464994777589}