{"action": [0.699999988079071, -0.0684271976351738], "reward": 0.35386880404082566}