{"action": [0.699999988079071, -0.11931353807449341], "reward": 0.013630278845077115}