{"action": [0.699999988079071, -0.1147720143198967], "reward": 0.10562294703884513}