{"action": [0.699999988079071, -0.10219602286815643], "reward": 0.3090573359097376}