{"action": [0.699999988079071, -0.11746165156364441], "reward": 0.022913368595647524}