{"action": [0.699999988079071, -0.11563389748334885], "reward": 0.06431211233066868}