{"action": [0.699999988079071, -0.1177239716053009], "reward": -0.003553259589869271}