{"action": [0.37807971239089966, 0.00012757527292706072], "reward": 0.9433960190552569}