{"action": [0.699999988079071, -0.11540421098470688], "reward": 0.3272745847859882}