{"action": [0.699999988079071, -0.08230327069759369], "reward": 0.039937132778419676}