{"action": [0.699999988079071, -0.06830132007598877], "reward": 0.11938194035915745}