{"action": [0.699999988079071, -0.030286012217402458], "reward": 0.3259660899139145}