{"action": [0.699999988079071, 0.0040830266661942005], "reward": 0.12484192711844197}