{"action": [0.699999988079071, 0.023339539766311646], "reward": 0.2412201151802812}