{"action": [0.699999988079071, -4.2405306885484606e-05], "reward": 0.1434257025253838}