{"action": [0.699999988079071, -0.0028391696978360415], "reward": 0.004885356199201157}