{"action": [0.699999988079071, 0.0008534798980690539], "reward": 0.033054305830415506}