{"action": [0.699999988079071, 0.0005453188205137849], "reward": 0.04301364907211994}