{"action": [0.699999988079071, 6.945025961613283e-05], "reward": 0.09330865293948462}