{"action": [0.699999988079071, -0.00016755676188040525], "reward": 0.13320122339550447}