{"action": [0.699999988079071, -0.0056852176785469055], "reward": 0.17861652609795317}