{"action": [0.620491623878479, -0.010184402577579021], "reward": 0.7795115547413519}