{"action": [0.699999988079071, -0.005954689811915159], "reward": 0.41220913908396223}