{"action": [0.699999988079071, -0.001600563758984208], "reward": 0.4107315703445606}