{"action": [0.699999988079071, -0.005734071135520935], "reward": 0.40845190663809866}