{"action": [0.699999988079071, -0.0036245244555175304], "reward": 0.09741835890007773}