{"action": [0.699999988079071, -0.005952471401542425], "reward": 0.3526107655512154}