{"action": [0.699999988079071, -0.005855067167431116], "reward": 0.2825355309298628}