{"action": [0.699999988079071, -0.002184795681387186], "reward": 0.6535857444951827}