{"action": [0.30600085854530334, -0.006369371898472309], "reward": 0.9003317537480495}