{"action": [0.5609731674194336, -0.00534712104126811], "reward": 0.7957618167324544}