{"action": [0.4323980212211609, -0.0038368140812963247], "reward": 0.8746765882462206}