{"action": [0.699999988079071, -0.00521972868591547], "reward": 0.6103107719212553}