{"action": [0.699999988079071, -0.006646583788096905], "reward": 0.5974065973789147}