{"action": [0.699999988079071, 0.01576581411063671], "reward": -0.0022852089887129296}