{"action": [0.5140248537063599, 0.0008101739222183824], "reward": 0.8278097342819252}