{"action": [0.6046488285064697, -0.00011305576481390744], "reward": 0.7907200994845671}