{"action": [0.3810778856277466, -0.004470622166991234], "reward": 0.8634422732462573}