{"action": [0.36976954340934753, -0.012618223205208778], "reward": 0.8595033033134729}