{"action": [0.4993966817855835, -0.003150318982079625], "reward": 0.8233781303460758}