{"action": [0.699999988079071, 0.007975463755428791], "reward": 0.6460546277005128}