{"action": [0.699999988079071, 0.014150434173643589], "reward": 0.6116699536844533}