{"action": [0.699999988079071, 0.008983838371932507], "reward": 0.745125799453077}