{"action": [0.5244712829589844, 0.005964715499430895], "reward": 0.8567920053463199}