{"action": [0.3289019763469696, 0.006340572610497475], "reward": 0.9059040180663739}