{"action": [0.699999988079071, 0.005131030920892954], "reward": 0.7248835128925697}