{"action": [0.2851523160934448, 0.005734348203986883], "reward": 0.8802725492670237}