{"action": [0.45500439405441284, 0.004419964272528887], "reward": 0.8166811739270144}