{"action": [0.699999988079071, 0.006108494009822607], "reward": 0.6919884925151376}