{"action": [0.31917351484298706, 0.006706384476274252], "reward": 0.8652049389561638}