{"action": [0.3651708662509918, 0.0014624368632212281], "reward": 0.8988751244453977}