{"action": [0.44823238253593445, -0.0037372151855379343], "reward": 0.8984373839312148}