{"action": [0.47498682141304016, -0.009847836568951607], "reward": 0.8299854315671981}