{"action": [0.699999988079071, -0.002341457176953554], "reward": 0.6695108507693451}