{"action": [0.6359233856201172, -0.0019472672138363123], "reward": 0.776224959423024}