{"action": [0.5833011269569397, 0.00036993110552430153], "reward": 0.8374699654310906}