{"action": [0.4945777654647827, -0.0034735770896077156], "reward": 0.8465305719958487}