{"action": [0.699999988079071, -0.0020223052706569433], "reward": 0.7266521086892621}