{"action": [0.5179348587989807, 0.24633075296878815], "reward": 0.7201733632905045}