{"action": [0.48501554131507874, 0.4627613127231598], "reward": 0.6345986878207712}