{"action": [0.5555962324142456, 0.5355077385902405], "reward": 0.582445723865729}