{"action": [0.45280247926712036, 0.4524225890636444], "reward": 0.5197047310212166}