{"action": [0.6552938222885132, 0.237311452627182], "reward": 0.27420111425612564}