{"action": [0.299193799495697, 0.019826719537377357], "reward": 0.8497342836208333}