{"action": [0.6433824896812439, 0.00012959133891854435], "reward": 0.8066834351066787}