{"action": [0.2862304151058197, 0.014954767189919949], "reward": 0.9044709867821864}