{"action": [0.34094130992889404, -0.003967957571148872], "reward": 0.9387239466414519}