{"action": [0.32572004199028015, -0.0009785975562408566], "reward": 0.9125346073143173}