{"action": [-1.0, -0.001323012518696487], "reward": -0.0001981296004233443}