{"action": [0.5288355946540833, 0.0073835235089063644], "reward": 0.8197068355215371}