{"action": [0.699999988079071, -0.0021455837413668633], "reward": 0.2190290007088217}