{"action": [0.699999988079071, -0.002126192906871438], "reward": 0.2244710402883874}