{"action": [0.699999988079071, -0.002167269354686141], "reward": 0.3796957703777394}