{"action": [0.699999988079071, -0.0026972792111337185], "reward": 0.39106025730099364}