{"action": [0.699999988079071, -0.0013815524289384484], "reward": 0.6015012908521825}