{"action": [0.699999988079071, -0.00103816541377455], "reward": 0.7018734024933181}