{"action": [0.6715606451034546, -0.0008944567525759339], "reward": 0.7239590961494277}