{"action": [0.5245789885520935, 0.0030693861190229654], "reward": 0.8145551362431142}