{"action": [0.5172324776649475, 0.0034166150726377964], "reward": 0.8294509279640406}