{"action": [0.396370530128479, 0.00836679432541132], "reward": 0.8729508326966762}