{"action": [0.36298397183418274, 0.0022062500938773155], "reward": 0.9050207619399325}