{"action": [0.699999988079071, 0.002829158678650856], "reward": 0.7241026249484604}