{"action": [0.5898827314376831, 0.000790662772487849], "reward": 0.7586570259498943}