{"action": [0.31596511602401733, 1.7666279745753855e-05], "reward": 0.9445877312706309}