{"action": [0.42451930046081543, -0.0006693975883536041], "reward": 0.9222740751527315}