{"action": [0.35391879081726074, 6.714129267493263e-05], "reward": 0.9387503995082369}