{"action": [0.4071653485298157, 0.0008654787670820951], "reward": 0.7272648937572904}