{"action": [0.699999988079071, 0.0050866929814219475], "reward": 0.6416416701502978}