{"action": [0.5243434309959412, 0.013546633534133434], "reward": 0.8138721136600657}