{"action": [0.699999988079071, 0.004878172650933266], "reward": 0.6799912519571004}