{"action": [-0.9229192137718201, 0.000775074353441596], "reward": 0.5994110928749049}