{"action": [0.5050256252288818, 0.012398799881339073], "reward": 0.8328582096645287}