{"action": [0.3229515552520752, 0.0033829035237431526], "reward": 0.46036529463786874}