{"action": [-1.0, 0.0018713169265538454], "reward": -0.00028010486643096944}