{"action": [0.5406349897384644, 0.0026757128071039915], "reward": 0.8085752105904906}