{"action": [-1.0, 0.001870780368335545], "reward": -0.0002802533564667455}