{"action": [-1.0, 0.0018734629265964031], "reward": -0.0002808706030580874}