{"action": [-1.0, 0.001878291484899819], "reward": -0.00028131031215928844}