{"action": [0.36133843660354614, -0.0001620414259377867], "reward": 0.8540419950374383}