{"action": [-1.0, 0.0018777549266815186], "reward": -0.0002667133721076946}