{"action": [-1.0, 0.0018809739267453551], "reward": -0.00028174526015123673}