{"action": [0.699999988079071, 0.0018155125435441732], "reward": 0.25918326125738905}