{"action": [0.3701185882091522, 0.0003910290542989969], "reward": 0.6356316248027972}