{"action": [0.4340549409389496, 0.00012003308802377433], "reward": 0.726139269427963}