{"action": [0.699999988079071, 0.0015040476573631167], "reward": 0.5990961847178327}