{"action": [0.699999988079071, 0.001565239974297583], "reward": 0.6213855697990516}