{"action": [0.699999988079071, 0.0012988043017685413], "reward": 0.6029401146881884}