{"action": [0.699999988079071, -0.0020356515888124704], "reward": 0.48821598213062956}