{"action": [0.2277570366859436, 0.00395997567102313], "reward": 0.9279058182262224}