{"action": [0.699999988079071, 0.08433883637189865], "reward": -0.012630638495269268}