{"action": [0.699999988079071, 0.027981391176581383], "reward": 0.458401284830611}