{"action": [0.30752211809158325, -0.002768521197140217], "reward": 0.9221984942048621}