{"action": [0.5267991423606873, -0.00038945520645938814], "reward": 0.8517782012482935}