{"action": [0.35435986518859863, -0.005324256606400013], "reward": 0.9193516309201274}