{"action": [-1.0, -0.007290517445653677], "reward": -0.0008663023444736135}