{"action": [-1.0, -0.006966470740735531], "reward": -0.0003503571987115374}