{"action": [-1.0, -0.007296419236809015], "reward": -0.0008881519279114535}