{"action": [-1.0, -0.007101668976247311], "reward": 0.002222125154833209}