{"action": [-1.0, -0.0062014199793338776], "reward": 0.0008656234646069002}