{"action": [0.699999988079071, -0.005686603952199221], "reward": 0.11450205736988014}