{"action": [0.699999988079071, -0.0036749448627233505], "reward": 0.004616784533543925}