{"action": [0.24108655750751495, -6.11503710388206e-05], "reward": 0.466136214833007}