{"action": [0.699999988079071, 0.0001506671978859231], "reward": 0.0909708268420378}