{"action": [-1.0, 0.00014968389587011188], "reward": 0.001167560000368782}