{"action": [0.699999988079071, 0.0002552038349676877], "reward": 0.07325761646987895}