{"action": [0.699999988079071, 0.0002603508182801306], "reward": 0.18036750448457295}