{"action": [-1.0, 0.003662648145109415], "reward": 0.9265967965843966}