{"action": [-1.0, 0.004997746553272009], "reward": 0.6619511891552834}