{"action": [0.699999988079071, 0.05227254703640938], "reward": 0.3375379297509114}