{"action": [0.6074996590614319, 0.034923307597637177], "reward": 0.7140884219015099}