{"action": [0.4342871308326721, 0.040678609162569046], "reward": 0.44359565180465804}