{"action": [0.699999988079071, 0.01398285198956728], "reward": 0.33844306167255117}