{"action": [0.005215332843363285, 0.004209127277135849], "reward": 0.4838454034006018}