{"action": [-1.0, 0.0008460627286694944], "reward": 0.35486351440225805}