{"action": [0.699999988079071, 0.000299755105515942], "reward": 8.892360868173807e-05}