{"action": [0.699999988079071, -0.0001176480800495483], "reward": 0.5794010738650917}