{"action": [-0.2132798433303833, -0.0004673209914471954], "reward": 0.6010845155820798}