{"action": [-0.29169607162475586, -0.000874006247613579], "reward": 0.527691669640291}