{"action": [0.2310304194688797, -0.001076539745554328], "reward": 0.4214946739661477}