{"action": [0.699999988079071, -0.004687704145908356], "reward": 0.0090120685569377}