{"action": [0.699999988079071, -0.004515320993959904], "reward": 0.12199552335976296}