{"action": [0.4355064928531647, -0.00490051694214344], "reward": 0.8754133272891841}