{"action": [0.34744298458099365, -0.0002734013251028955], "reward": 0.9396777836719233}