{"action": [0.36126458644866943, -2.866001523216255e-05], "reward": 0.9487333691439134}