{"action": [0.699999988079071, -0.0038305700290948153], "reward": 0.5786670060444283}