{"action": [-0.14692699909210205, -0.0032477560453116894], "reward": 0.47186201300534314}