{"action": [-1.0, -0.0045527508482337], "reward": 0.18629517649905364}