{"action": [0.699999988079071, -0.0033085932955145836], "reward": 0.4227160963750784}