{"action": [0.699999988079071, -0.002796297427266836], "reward": 0.42212971257178045}