{"action": [0.699999988079071, -0.004751764703541994], "reward": 0.5258805852358852}