{"action": [0.699999988079071, 0.005594709422439337], "reward": 0.40101610799695486}