{"action": [0.699999988079071, 0.004939374513924122], "reward": 0.40123995005637064}