{"action": [0.699999988079071, 0.006796833127737045], "reward": 0.29569178372696614}