{"action": [0.699999988079071, 0.006217648275196552], "reward": 0.3312161494458143}