{"action": [-1.0, 0.0037853592075407505], "reward": 0.5638914691356018}