{"action": [0.34541547298431396, 0.00206011557020247], "reward": 0.9301307794358231}