{"action": [0.34904009103775024, 0.0017889337614178658], "reward": 0.9088630182030997}