{"action": [0.699999988079071, 0.008796450681984425], "reward": 0.3880666590710107}