{"action": [0.3645860254764557, -0.18062640726566315], "reward": 0.8382285758793491}