{"action": [0.3613395392894745, -0.1622592806816101], "reward": 0.8251158005656364}