{"action": [0.699999988079071, 0.014146176166832447], "reward": 0.4128171298236358}