{"action": [0.45972076058387756, -0.20322901010513306], "reward": 0.5272425154927622}