{"action": [0.5102924704551697, -0.04185796156525612], "reward": 0.7955924636269273}