{"action": [0.37605413794517517, 0.009602573700249195], "reward": 0.902535943911402}