{"action": [0.42457741498947144, 0.002522219903767109], "reward": 0.875980301772409}