{"action": [0.699999988079071, -0.5818654298782349], "reward": 0.4126542866454119}