{"action": [0.3543958067893982, -0.038911815732717514], "reward": 0.8556405754636157}