{"action": [0.519755482673645, -0.007649558596313], "reward": 0.7366653231253606}