{"action": [0.595283031463623, -0.009943087585270405], "reward": 0.41540890203014175}