{"action": [-0.7647612690925598, -0.03676892817020416], "reward": 0.39886305586039844}