{"action": [0.38015231490135193, -4.4534564949572086e-05], "reward": 0.33902623884029026}