{"action": [0.3404395282268524, -0.001661859918385744], "reward": 0.4351947871281745}