{"action": [0.1979042887687683, 0.0037198590580374002], "reward": 0.4517181936407406}