{"action": [-1.0, 0.004246408585458994], "reward": -0.0006366769618063594}