{"action": [0.699999988079071, 0.004256183747202158], "reward": 1.5256977020018008e-05}