{"action": [0.699999988079071, 0.004980748984962702], "reward": 0.3260619124701287}