{"action": [0.3772066533565521, 0.0271854717284441], "reward": 0.485821930130401}