{"action": [0.3353669047355652, 0.014242321252822876], "reward": 0.42824941909998976}