{"action": [0.30204761028289795, 0.011093264445662498], "reward": 0.4498030127766542}