{"action": [0.2367580384016037, 0.01595023274421692], "reward": 0.43866253861477034}