{"action": [0.646891176700592, -0.0008054205100052059], "reward": 0.8108972073996624}