{"action": [0.699999988079071, -0.00014259129238780588], "reward": 0.35283945242678316}