{"action": [0.5595187544822693, 0.005728424992412329], "reward": 0.8035283186098238}