{"action": [0.5469674468040466, -0.0007340514566749334], "reward": 0.2401689203717986}