{"action": [0.6902869343757629, -0.27802085876464844], "reward": 0.33910269063725085}