{"action": [0.5132009983062744, 0.016020841896533966], "reward": 0.76176728253697}