{"action": [0.6081715226173401, -0.08310619741678238], "reward": 0.2088771136039695}