{"action": [0.61429363489151, 0.800000011920929], "reward": -0.12000000178813934}