{"action": [0.699999988079071, -0.07018505781888962], "reward": 0.5765088250040457}