{"action": [0.699999988079071, -0.0010356542188674212], "reward": 0.4417758460602596}