{"action": [0.5045678615570068, 0.800000011920929], "reward": -0.12000000178813934}