{"action": [-0.15268149971961975, 0.05230914428830147], "reward": 0.46871463517881945}