{"action": [0.56989985704422, -0.008404753170907497], "reward": 0.7504602666053117}