{"action": [0.6394022703170776, 0.0391727089881897], "reward": 0.6735324769508889}