{"action": [0.6384806036949158, 9.920287266140804e-05], "reward": 0.75400974719962}