{"action": [0.5635945200920105, -0.06288409233093262], "reward": 0.551176662712437}