{"action": [-0.8543126583099365, 0.039419762790203094], "reward": 0.6477466570665097}