{"action": [0.45746204257011414, 0.038374386727809906], "reward": 0.4068125927478215}