{"action": [0.699999988079071, -1.09434131445596e-06], "reward": 0.5843200873262085}