{"action": [0.3529379963874817, -4.6935820137150586e-05], "reward": 0.9710603137348891}