{"action": [0.5099177360534668, -6.188463157741353e-05], "reward": 0.9035304674881516}