{"action": [0.699999988079071, -0.0011582686565816402], "reward": 0.741806531758696}