{"action": [0.6409885883331299, -0.005075962748378515], "reward": 0.8297536658467793}