{"action": [0.48890477418899536, -0.1334688365459442], "reward": 0.7350534425748189}