{"action": [0.699999988079071, -0.2765450179576874], "reward": 0.4148257841731308}