{"action": [0.699999988079071, -0.18949314951896667], "reward": 0.5784792578491027}