{"action": [0.48915308713912964, -0.13837634027004242], "reward": 0.7267044963883913}