{"action": [0.524263322353363, -0.15955045819282532], "reward": 0.6738154215089204}