{"action": [0.699999988079071, -0.053084418177604675], "reward": 0.6261692417232159}