{"action": [0.46548202633857727, -0.10466563701629639], "reward": 0.6984996248216291}