{"action": [0.699999988079071, -0.03076903708279133], "reward": 0.1966432226152514}