{"action": [0.42981860041618347, -0.08393612504005432], "reward": 0.71454966972901}