{"action": [0.699999988079071, -0.00416928343474865], "reward": 0.4474780333099672}