{"action": [0.699999988079071, -0.02890859916806221], "reward": 0.21858840521220418}