{"action": [0.3783472776412964, 0.0356941856443882], "reward": 0.835598399476794}