{"action": [0.38911280035972595, 0.03704041242599487], "reward": 0.8262252086660126}