{"action": [0.699999988079071, 0.004660715814679861], "reward": 0.5891906060254195}