{"action": [0.699999988079071, 0.0008065875736065209], "reward": 0.5965860127485528}