{"action": [0.699999988079071, -0.003071969375014305], "reward": 0.5010109708885938}