{"action": [0.46019551157951355, -0.004202722571790218], "reward": 0.8191161970046833}