{"action": [0.6753156185150146, -0.014477662742137909], "reward": 0.7965203484867713}