{"action": [0.699999988079071, -0.011113484390079975], "reward": 0.6712430993532611}