{"action": [0.699999988079071, -0.0007734752143733203], "reward": 0.5996553269865024}