{"action": [0.699999988079071, 0.012583952397108078], "reward": 0.7028638416980446}