{"action": [-0.47673913836479187, 0.03466000780463219], "reward": 0.46753003067645005}