{"action": [0.699999988079071, -0.00044486307888291776], "reward": 0.5190955010789057}