{"action": [0.699999988079071, -0.0016182431718334556], "reward": 0.5145431831269184}