{"action": [0.699999988079071, -0.006198878865689039], "reward": 0.49099013288510673}