{"action": [-1.0, 0.0067765493877232075], "reward": -0.0010161072894951937}