{"action": [0.699999988079071, 0.007121860980987549], "reward": 0.1624324499912936}