{"action": [0.699999988079071, -0.005599355325102806], "reward": 0.37038058176425537}