{"action": [-1.0, 0.006776012945920229], "reward": -0.001010464614104697}