{"action": [0.6816068291664124, -9.730338933877647e-05], "reward": 0.36382120721687417}