{"action": [0.6256099343299866, 0.0009588784887455404], "reward": 0.8038402850897552}