{"action": [0.49278324842453003, 0.01492084376513958], "reward": 0.8157053454630301}