{"action": [0.495988667011261, 0.016373708844184875], "reward": 0.7822834835652672}