{"action": [0.4687565565109253, 0.014720235019922256], "reward": 0.8331660845064914}