{"action": [0.5530411005020142, 0.0014831892913207412], "reward": 0.8458864689582285}