{"action": [0.36228856444358826, 2.26628781092586e-05], "reward": 0.8753178463577294}