{"action": [0.5677455067634583, 0.0020299723837524652], "reward": 0.7936255510268206}