{"action": [0.500430166721344, 0.004725506063550711], "reward": 0.8438427533145431}