{"action": [0.6273804306983948, 0.000745173601899296], "reward": 0.7865685859040638}