{"action": [0.548628032207489, 0.033519402146339417], "reward": 0.6929221794036692}