{"action": [-0.15112116932868958, 0.03147736191749573], "reward": 0.8050783355549578}