{"action": [0.30204465985298157, 7.13803747203201e-05], "reward": 0.9441823772495173}