{"action": [0.6601222157478333, -0.0012688597198575735], "reward": 0.7559425356751525}