{"action": [0.3147891163825989, -0.0005364182870835066], "reward": 0.9329878504154717}