{"action": [0.6366694569587708, -0.004022413864731789], "reward": 0.8196634880538953}