{"action": [0.699999988079071, -0.11692677438259125], "reward": 0.5718671652457987}