{"action": [0.699999988079071, -0.009319901466369629], "reward": 0.5281876960854698}