{"action": [0.699999988079071, -0.004786664620041847], "reward": 0.772697260610228}