{"action": [0.699999988079071, 0.07558690756559372], "reward": 0.3791305651885476}