{"action": [0.4417222738265991, -0.05108979716897011], "reward": 0.7442311939573538}