{"action": [0.4102359712123871, -0.00924546830356121], "reward": 0.856689850961277}