{"action": [0.3323654234409332, 0.044950880110263824], "reward": 0.4038070266919925}