{"action": [0.4415435791015625, -0.14241188764572144], "reward": 0.7199515235897422}