{"action": [0.39029955863952637, -0.129398375749588], "reward": 0.7813598202787296}