{"action": [0.48761963844299316, -0.19010630249977112], "reward": 0.576193734867193}