{"action": [0.699999988079071, -0.2584264576435089], "reward": 0.39679459173935605}