{"action": [0.699999988079071, -0.1446845382452011], "reward": 0.5467691876410704}