{"action": [0.699999988079071, -0.23104801774024963], "reward": 0.4378003168320338}