{"action": [0.6486095190048218, -0.12315971404314041], "reward": 0.6975374035429462}