{"action": [0.699999988079071, -0.2819675803184509], "reward": 0.40275233261689963}