{"action": [0.47724461555480957, -0.1752767264842987], "reward": 0.638450020269477}