{"action": [0.3436812162399292, -0.13604426383972168], "reward": 0.7683052470631199}