{"action": [0.4502047598361969, 0.011025328189134598], "reward": 0.801482219409251}