{"action": [0.6450698971748352, 0.00033954394166357815], "reward": 0.7557680242812219}