{"action": [0.4989950358867645, 0.016361871734261513], "reward": 0.7080230634829707}