{"action": [0.699999988079071, -0.03156745806336403], "reward": 0.49419488416217594}