{"action": [0.46823203563690186, -0.14672395586967468], "reward": 0.6621537337427559}