{"action": [0.699999988079071, -0.0815008357167244], "reward": 0.42333515881939715}