{"action": [0.4968070387840271, -0.10763806104660034], "reward": 0.6154692428380008}