{"action": [0.699999988079071, -0.1579124480485916], "reward": 0.5330326743314849}