{"action": [-1.0, 0.002350949216634035], "reward": -5.173848218885526e-05}