{"action": [0.564007580280304, -0.011681422591209412], "reward": 0.6651096210136349}