{"action": [0.699999988079071, -0.11042159795761108], "reward": 0.5749946851103148}