{"action": [0.6023520231246948, -0.04752799868583679], "reward": 0.6703997722026227}