{"action": [0.3221678137779236, 0.0007689920021221042], "reward": 0.8536738466688024}