{"action": [0.5975121855735779, -0.800000011920929], "reward": -0.12000000178813934}