{"action": [0.699999988079071, 3.902494881913299e-06], "reward": 0.21216325782923304}