{"action": [0.699999988079071, -2.1679998098989017e-06], "reward": 0.2321632311636092}