{"action": [0.699999988079071, 0.0007858549361117184], "reward": 0.2169400767218647}