{"action": [0.699999988079071, -1.0967255548166577e-06], "reward": -7.026848520120527e-08}