{"action": [0.699999988079071, 0.01828724890947342], "reward": 0.5893942198755705}