{"action": [0.699999988079071, 3.343582420711755e-06], "reward": 0.2012531546040638}