{"action": [0.699999988079071, -3.4571885407785885e-06], "reward": 2.5149256041804506e-06}