{"action": [0.699999988079071, 0.01839442551136017], "reward": 0.585659096650994}