{"action": [0.699999988079071, 8.01845162641257e-05], "reward": 0.18180353169767924}