{"action": [0.699999988079071, 3.92127094528405e-06], "reward": 0.22284546251689402}