{"action": [0.699999988079071, -0.00012565648648887873], "reward": 0.04187152189435343}