{"action": [0.699999988079071, 0.0004908386617898941], "reward": 0.20547067378479425}