{"action": [0.699999988079071, -1.3484537703334354e-05], "reward": 0.11942624355729903}