{"action": [0.699999988079071, 1.3196467989473604e-05], "reward": 0.13896346903201845}