{"action": [0.699999988079071, 0.0005435521015897393], "reward": 0.32725632243881386}