{"action": [0.699999988079071, 0.00010152840695809573], "reward": 0.17495946945251756}