{"action": [0.699999988079071, 0.0005133749218657613], "reward": 0.27602891770599103}