{"action": [0.699999988079071, 1.3083457815810107e-05], "reward": 0.13116750584119374}