{"action": [0.699999988079071, -0.0011085662990808487], "reward": 0.13483123493307653}