{"action": [0.699999988079071, 0.007604566402733326], "reward": 0.40086599092273606}