{"action": [0.699999988079071, 0.0029626046307384968], "reward": 0.19782919181578704}