{"action": [0.699999988079071, 0.0038108553271740675], "reward": 0.2940473391373781}