{"action": [0.699999988079071, 0.003908602520823479], "reward": 0.33696857382651507}