{"action": [0.699999988079071, 0.0034472050610929728], "reward": 0.26700417298078943}