{"action": [0.699999988079071, 0.00033711205469444394], "reward": 0.15510488319562765}