{"action": [0.699999988079071, 0.0009696099441498518], "reward": 0.0758757560493706}