{"action": [-1.0, 0.00197539827786386], "reward": -0.00029621114406202544}