{"action": [0.699999988079071, -0.0009293951443396509], "reward": 0.019273531327133876}