{"action": [0.699999988079071, -0.0010456721065565944], "reward": 0.09696063899884413}