{"action": [0.699999988079071, -0.00039669472607783973], "reward": 0.023122704298000042}