{"action": [0.699999988079071, -0.00029339385218918324], "reward": 0.13480343046590837}