{"action": [0.699999988079071, 0.0008988619083538651], "reward": 0.06662022104449632}