{"action": [0.699999988079071, 0.0011347297113388777], "reward": 0.10948506171576494}