{"action": [0.699999988079071, 0.003306119702756405], "reward": 0.09023473411162627}