{"action": [0.699999988079071, -0.0007391767576336861], "reward": 0.08918159784585987}