{"action": [0.699999988079071, -0.004186667967587709], "reward": 0.14109802686142708}