{"action": [0.699999988079071, -0.001088036340661347], "reward": 0.025470048395861474}