{"action": [-1.0, 0.001974861603230238], "reward": -0.00029566633483239037}