{"action": [0.699999988079071, -0.0021800126414746046], "reward": 0.13929626152395963}