{"action": [0.699999988079071, -0.018466683104634285], "reward": 0.02096503253480191}