{"action": [0.699999988079071, -0.000810947734862566], "reward": 0.2211328730013817}