{"action": [0.699999988079071, -0.004494101740419865], "reward": 0.12829991676720862}