{"action": [0.699999988079071, -0.00186798139475286], "reward": 0.15695319414863876}