{"action": [0.699999988079071, -0.0019389999797567725], "reward": 0.14559668994639363}