{"action": [0.699999988079071, -0.001561388373374939], "reward": -0.00023420825600624083}