{"action": [0.699999988079071, -0.00266195903532207], "reward": 0.11264628332667968}