{"action": [0.699999988079071, -0.0016708980547264218], "reward": 0.10766236237994038}