{"action": [0.699999988079071, -0.0026543543208390474], "reward": 0.12120534731372622}