{"action": [0.699999988079071, -0.003292437642812729], "reward": 0.09374658746625261}