{"action": [0.699999988079071, -0.0011280255857855082], "reward": 0.22003029608152913}