{"action": [0.699999988079071, 0.0004949416616000235], "reward": 0.3148479975553184}