{"action": [0.699999988079071, -0.0011021810350939631], "reward": -0.00016532715526409447}