{"action": [0.699999988079071, -0.0018808826571330428], "reward": 0.24556234186077752}