{"action": [0.699999988079071, -0.0001247113978024572], "reward": 0.424414966457482}