{"action": [0.699999988079071, -0.001871656160801649], "reward": 0.11626639286716703}