{"action": [0.699999988079071, -0.004603761713951826], "reward": 0.5256086761526465}