{"action": [0.699999988079071, -4.845554576604627e-05], "reward": 0.2716623823281517}