{"action": [0.699999988079071, -1.6191721442737617e-05], "reward": 0.20747994977393397}