{"action": [0.699999988079071, 9.335386857856065e-05], "reward": 0.1979446138073819}