{"action": [0.699999988079071, 0.0009406972676515579], "reward": 0.11251667839252041}