{"action": [0.699999988079071, -0.008048977702856064], "reward": 0.6242093666974647}