{"action": [0.699999988079071, 0.00029985184664838016], "reward": 0.1395609157312231}