{"action": [0.699999988079071, 0.0010736890835687518], "reward": 0.14890522867251121}