{"action": [0.699999988079071, 0.00032280266168527305], "reward": 0.10252890368214483}