{"action": [0.699999988079071, 0.00021032881340943277], "reward": 0.1362113025423184}