{"action": [0.699999988079071, 0.00029142166022211313], "reward": 0.11235190489498365}