{"action": [0.699999988079071, 0.0016403624322265387], "reward": 0.15858368998955455}