{"action": [0.699999988079071, 0.0011946209706366062], "reward": 0.37427254899438644}