{"action": [0.699999988079071, 0.00018280079530086368], "reward": 0.17576702316608983}