{"action": [0.6611689329147339, -0.011426229029893875], "reward": 0.7126123001340697}