{"action": [0.699999988079071, 0.0005400908412411809], "reward": 0.16378789481564482}