{"action": [0.699999988079071, 0.00202659098431468], "reward": 0.22837933833718851}