{"action": [0.699999988079071, 0.0011949390172958374], "reward": 0.16648474701919685}