{"action": [0.389719694852829, -0.011344888247549534], "reward": 0.7511383871088687}