{"action": [0.699999988079071, 0.0006405649473890662], "reward": 0.1806710952273577}