{"action": [0.699999988079071, 0.0033790431916713715], "reward": 0.11288221127913312}