{"action": [0.699999988079071, 0.0034558239858597517], "reward": 0.14726099810466325}