{"action": [0.699999988079071, 0.0028097282629460096], "reward": 0.09345946740380828}