{"action": [0.699999988079071, 0.002451947657391429], "reward": 0.07841823324874003}