{"action": [0.699999988079071, -0.001660847570747137], "reward": 0.22855748117919053}