{"action": [0.699999988079071, -0.0019441929180175066], "reward": 0.2577931619714118}