{"action": [0.699999988079071, -0.006511918269097805], "reward": 0.29435412183015763}