{"action": [0.699999988079071, 0.0003470448136795312], "reward": 0.12856986695388112}