{"action": [0.4408431947231293, 0.0016743950545787811], "reward": 0.9065205892838635}