{"action": [0.699999988079071, -0.00042924133595079184], "reward": 0.07882936726291413}