{"action": [0.699999988079071, -0.002002272056415677], "reward": 0.267146628343036}