{"action": [0.699999988079071, -0.006060868036001921], "reward": 0.22915613033508717}