{"action": [0.699999988079071, -0.009182379581034184], "reward": 0.2624988285632918}