{"action": [0.5279673933982849, -0.001399446278810501], "reward": 0.7479571937384754}