{"action": [0.699999988079071, -0.00015581339539494365], "reward": 0.726225945712369}