{"action": [0.699999988079071, -0.0018387165619060397], "reward": 0.7523670885584224}