{"action": [0.699999988079071, -0.006133877206593752], "reward": 0.3855801014612626}