{"action": [0.699999988079071, -0.001156170037575066], "reward": 0.3184288212055255}