{"action": [0.5548678636550903, -0.0002128624328179285], "reward": 0.8941888128403845}