{"action": [0.699999988079071, -1.1215208814974176e-06], "reward": 5.3493410269436144e-08}