{"action": [0.699999988079071, -1.0933875955743133e-06], "reward": 2.8357815824247044e-06}