{"action": [0.699999988079071, 6.728159860358573e-07], "reward": 0.01508097177307023}