{"action": [0.699999988079071, 0.04759341478347778], "reward": 0.30669042277022895}