{"action": [0.5004094243049622, 0.010739419609308243], "reward": 0.7480233247883344}