{"action": [0.38126957416534424, -0.00030452641658484936], "reward": 0.430763076380402}