{"action": [0.5289387106895447, -0.011144323274493217], "reward": 0.8186659867775509}