{"action": [0.38661032915115356, -0.0007528191199526191], "reward": 0.417413112961627}