{"action": [0.5296971797943115, 0.038232069462537766], "reward": 0.6508592834932118}