{"action": [0.699999988079071, 0.04471472278237343], "reward": 0.45797814108444285}