{"action": [0.6914606690406799, 0.0030302635859698057], "reward": 0.7122432874373262}