{"action": [0.6723247170448303, 0.0013600174570456147], "reward": 0.7295649712150505}