{"action": [0.4941481351852417, -0.010807467624545097], "reward": 0.8454031634587484}