{"action": [0.699999988079071, 0.04781439155340195], "reward": 0.3914516125403685}