{"action": [0.4258359670639038, 0.002056422643363476], "reward": 0.4336205136565388}