{"action": [0.5910753011703491, -0.09805092960596085], "reward": 0.6754454419671029}