{"action": [0.699999988079071, -0.1987527310848236], "reward": 0.6063285507451375}