{"action": [0.699999988079071, -0.17963244020938873], "reward": 0.6114439202364337}