{"action": [0.699999988079071, -0.22050683200359344], "reward": 0.5547998787628498}