{"action": [0.4832930564880371, -0.14001531898975372], "reward": 0.7715126502344575}