{"action": [0.3994271159172058, 0.013859677128493786], "reward": 0.42327808103247705}