{"action": [0.43647754192352295, 0.01740800403058529], "reward": 0.3962834672472212}