{"action": [0.618680477142334, 0.012925839982926846], "reward": 0.7857194327626426}