{"action": [-0.05459914356470108, 0.07430406659841537], "reward": 0.7077883754436979}