{"action": [0.699999988079071, -0.17718499898910522], "reward": 0.4552326964145142}