{"action": [0.699999988079071, -9.57804877543822e-06], "reward": 0.6589723413478007}