{"action": [0.4059615731239319, -0.053077779710292816], "reward": 0.8176409559309111}