{"action": [0.699999988079071, 1.0814666211445e-06], "reward": 0.03463811083581552}