{"action": [0.699999988079071, 1.0849237241927767e-06], "reward": 0.00010851706509141879}