{"action": [0.699999988079071, 0.0013784022303298116], "reward": 0.624628368610037}