{"action": [0.18921105563640594, -0.39646220207214355], "reward": 0.2625476468547091}