{"action": [0.3952828049659729, -0.800000011920929], "reward": 0.37265277974614747}