{"action": [0.699999988079071, -0.7924453616142273], "reward": 0.1740665989045424}