{"action": [0.699999988079071, -0.3553108870983124], "reward": 0.22179356254995525}