{"action": [0.699999988079071, 1.095891093427781e-06], "reward": 0.0010999164211716729}