{"action": [0.5536192059516907, -0.013376048766076565], "reward": 0.3569850323229917}