{"action": [0.699999988079071, 0.031969089061021805], "reward": -0.004329534142528539}