{"action": [0.699999988079071, 0.031748708337545395], "reward": -0.003840610088344856}