{"action": [0.49600642919540405, -0.000560302403755486], "reward": 0.8800012964633724}