{"action": [0.699999988079071, 0.0060013108886778355], "reward": 0.42044480902674136}