{"action": [0.699999988079071, 0.029557866975665092], "reward": 0.3583126642078824}