{"action": [0.40672439336776733, -0.41438332200050354], "reward": 0.6537801120121283}