{"action": [0.699999988079071, 0.0023202740121632814], "reward": 0.5172928393276072}