{"action": [0.699999988079071, 0.0016879306640475988], "reward": 0.43623996877703486}