{"action": [0.699999988079071, -0.0015702616656199098], "reward": 0.8712558474623147}