{"action": [0.0035830088891088963, 0.01352723315358162], "reward": 0.5010065819445975}