{"action": [0.4191707670688629, -0.4857551157474518], "reward": 0.6350435344194416}