{"action": [0.09017708897590637, 0.013454791158437729], "reward": 0.48594242463200066}