{"action": [0.699999988079071, -0.059270936995744705], "reward": 0.6981549765019072}