{"action": [0.4998994469642639, -8.196062117349356e-05], "reward": 0.7127857939279802}