{"action": [0.699999988079071, 0.0013859473401680589], "reward": 0.6406224966934809}