{"action": [0.699999988079071, 0.0014633440878242254], "reward": 0.47236661344158526}