{"action": [0.6670916676521301, 0.0021427301689982414], "reward": 0.37385825780848186}