{"action": [0.41535425186157227, -0.0005374253960326314], "reward": 0.7701428608897335}