{"action": [0.699999988079071, -0.00017804521485231817], "reward": 0.7051493962794246}