{"action": [0.1900324672460556, 0.00015247553528752178], "reward": 0.48031281201181764}