{"action": [0.699999988079071, 0.0008584361639805138], "reward": 0.7425491431298765}