{"action": [0.48665013909339905, -0.006033818703144789], "reward": 0.8163917918411705}