{"action": [0.699999988079071, 0.002919697668403387], "reward": 0.23106195186304487}