{"action": [0.699999988079071, 0.0043309535831213], "reward": 0.5942873971742215}