{"action": [0.699999988079071, 0.0022500110790133476], "reward": 0.2938606174663319}