{"action": [0.5058047771453857, -0.006755148060619831], "reward": 0.8171080748352466}