{"action": [0.699999988079071, 0.003528167959302664], "reward": 0.5930558050015691}