{"action": [0.699999988079071, 0.005015227012336254], "reward": -0.0193902108153187}