{"action": [-0.7511427402496338, 0.0006249155267141759], "reward": 0.6264961974783902}