{"action": [0.699999988079071, -0.0004452537395991385], "reward": -0.3614529389619602}