{"action": [-0.08920671045780182, 0.0006013172096572816], "reward": 0.8077025022966331}