{"action": [0.699999988079071, 0.0008328236872330308], "reward": 0.5844655176455436}