{"action": [0.699999988079071, 0.005877356976270676], "reward": -0.8475230936344278}