{"action": [0.699999988079071, -0.0017273288685828447], "reward": 0.47938193140093954}