{"action": [0.699999988079071, -0.020205285400152206], "reward": 0.7691844407940381}