{"action": [0.699999988079071, -0.01668311282992363], "reward": 0.6897396233584868}