{"action": [0.4027180075645447, -0.003594630863517523], "reward": 0.9117575431738674}