{"action": [0.699999988079071, 0.0009938878938555717], "reward": 0.5690514339579293}