{"action": [0.699999988079071, -0.009071039967238903], "reward": 0.8945108353533896}