{"action": [-0.1835203617811203, -0.0014503283891826868], "reward": 0.5205566234875983}