{"action": [-0.0027946666814386845, 0.00023934197088237852], "reward": 0.5222097389720204}