{"action": [0.699999988079071, -0.0010622413828969002], "reward": 0.4002295733622221}