{"action": [-1.0, 0.017164289951324463], "reward": -0.002571431482497478}