{"action": [0.4061286449432373, -0.003314587287604809], "reward": 0.915370231824887}