{"action": [-1.0, 0.017170727252960205], "reward": -0.0025752775116352922}