{"action": [0.2954879701137543, 0.01592181622982025], "reward": 0.44022129859643666}