{"action": [-1.0, 0.01715892367064953], "reward": -0.002573645481267165}