{"action": [-1.0, 0.01717931218445301], "reward": -0.0025758869196874246}