{"action": [-1.0, 0.01717931218445301], "reward": -0.00257616008275997}