{"action": [0.699999988079071, 0.017370939254760742], "reward": 0.06885752514980023}