{"action": [0.6246318221092224, 9.218972991220653e-05], "reward": 0.7912501745094718}