{"action": [0.5953443050384521, 0.0001824619248509407], "reward": 0.8185619478630267}