{"action": [0.623991847038269, 3.923857366316952e-05], "reward": 0.7699391879790085}