{"action": [0.699999988079071, 0.017184514552354813], "reward": 0.0005021772609543735}