{"action": [0.699999988079071, 0.0180900190025568], "reward": 0.027460150196770092}