{"action": [0.699999988079071, -0.00212529837153852], "reward": 0.5418270778923275}