{"action": [-1.0, 0.01791914738714695], "reward": -0.0026872027549532137}