{"action": [0.699999988079071, 0.01709982194006443], "reward": 0.32722934307484813}