{"action": [0.699999988079071, -0.006059873849153519], "reward": 0.6128927968199592}