{"action": [0.48038724064826965, 0.0006177100585773587], "reward": 0.8907726664011866}