{"action": [0.6726264953613281, 0.02976575493812561], "reward": 0.6897244114314304}