{"action": [0.37247684597969055, -0.0001781505416147411], "reward": 0.9178780431103217}