{"action": [0.5031253695487976, 0.006177530623972416], "reward": 0.7953772115335848}