{"action": [0.4577057361602783, 0.04001491889357567], "reward": 0.7869420636411965}