{"action": [0.4177156984806061, 0.000161787960678339], "reward": 0.868191925505967}