{"action": [0.4751023054122925, 0.040758244693279266], "reward": 0.772035062305222}