{"action": [0.4661855399608612, 0.0029570963233709335], "reward": 0.7976974917690414}