{"action": [0.48608654737472534, 0.011598746292293072], "reward": 0.8122695640106605}