{"action": [0.43579864501953125, 0.0036951485089957714], "reward": 0.8687301884894151}