{"action": [0.49694010615348816, -0.4662944972515106], "reward": 0.38443363321769575}