{"action": [0.4598739445209503, -0.34619271755218506], "reward": 0.6002843841985671}