{"action": [0.699999988079071, -0.15191702544689178], "reward": 0.5333674353737472}