{"action": [0.3607683777809143, -0.3854166567325592], "reward": 0.6895974659092903}