{"action": [0.6777158975601196, -0.08964990079402924], "reward": 0.5722368422083894}