{"action": [0.5316906571388245, -0.007288302760571241], "reward": 0.667499974063025}