{"action": [0.5862929821014404, -0.6612755060195923], "reward": 0.5168800320124508}