{"action": [0.5751835703849792, -0.800000011920929], "reward": 0.3052080150109439}