{"action": [0.3340720534324646, -0.3476894795894623], "reward": 0.7498066993630975}