{"action": [0.564436137676239, -0.800000011920929], "reward": 0.4383384756819864}