{"action": [0.5954086184501648, -0.800000011920929], "reward": 0.30104084348385757}