{"action": [0.6234011054039001, -0.800000011920929], "reward": 0.43114788202952053}