{"action": [0.699999988079071, 0.0065483152866363525], "reward": 0.8756297082032656}