{"action": [0.699999988079071, -0.012760607525706291], "reward": -0.550017924783537}