{"action": [0.21430015563964844, 0.010397708043456078], "reward": 0.7173642259232896}