{"action": [0.699999988079071, -0.030113842338323593], "reward": -0.9547484057475888}