{"action": [0.699999988079071, -0.003720513777807355], "reward": -0.1232576481510895}