{"action": [0.633307933807373, 0.01051169540733099], "reward": 0.6821180309890285}