{"action": [0.699999988079071, 0.007696834858506918], "reward": 0.2330293010791095}