{"action": [0.09710730612277985, 0.010209388099610806], "reward": 0.7443372392909953}