{"action": [0.5349275469779968, -9.166260861093178e-05], "reward": 0.7238992260613374}