{"action": [0.699999988079071, 0.04008369520306587], "reward": -0.006012369930062663}