{"action": [0.12997563183307648, -0.0012067545903846622], "reward": 0.5057572834957441}