{"action": [0.699999988079071, -0.0018312240717932582], "reward": 0.6132430265666032}