{"action": [-0.142891526222229, -0.003585222875699401], "reward": 0.5131367236637092}