{"action": [0.699999988079071, -0.004868626594543457], "reward": 0.478936420070364}