{"action": [0.28636670112609863, -0.0007993176695890725], "reward": 0.4667888380945423}