{"action": [0.11945252865552902, -0.0037920335307717323], "reward": 0.4736978267076311}