{"action": [0.699999988079071, -0.0020574876107275486], "reward": 0.4540277047322304}