{"action": [0.699999988079071, -0.007269689813256264], "reward": 0.41866640485848094}