{"action": [0.3686326742172241, 0.004394394811242819], "reward": 0.43242340420435194}