{"action": [-1.0, -1.8777549485093914e-05], "reward": -2.663250718986108e-06}