{"action": [-1.0, -1.824104765546508e-05], "reward": -2.541616892303899e-06}