{"action": [-1.0, -1.9314051314722747e-05], "reward": -2.8064141304131278e-06}