{"action": [0.29144951701164246, -0.008074947632849216], "reward": 0.4621150192388834}