{"action": [0.6884744763374329, -0.011398051865398884], "reward": 0.37114771911007366}