{"action": [0.3311461806297302, 0.0021717187482863665], "reward": 0.44471633744983036}