{"action": [0.32712626457214355, -0.0006939108134247363], "reward": 0.4573748541212576}