{"action": [0.699999988079071, -1.731258635118138e-05], "reward": 0.07351445707206908}