{"action": [-1.0, -1.770454582583625e-05], "reward": -2.622367272959757e-06}