{"action": [0.5732162594795227, -0.006872850935906172], "reward": 0.3973046444779604}