{"action": [-1.0, -1.770454582583625e-05], "reward": -2.6131131694322035e-06}