{"action": [0.5704522728919983, -0.008310781791806221], "reward": 0.373510531705756}