{"action": [-0.4538954198360443, 0.16501794755458832], "reward": 0.5090993934376478}