{"action": [0.699999988079071, 0.38457605242729187], "reward": 0.3364057098064102}