{"action": [0.3175337016582489, -0.004534286446869373], "reward": 0.46312609156358087}