{"action": [0.699999988079071, 0.2925575077533722], "reward": 0.4467509578150283}