{"action": [0.2878671884536743, 0.7297862768173218], "reward": 0.24737021079154814}