{"action": [0.6356124877929688, -0.003210946451872587], "reward": 0.4132923296615526}