{"action": [0.29419589042663574, 0.09399160742759705], "reward": 0.4447078137786938}