{"action": [0.27224183082580566, -0.0012842732248827815], "reward": 0.4723264215202107}