{"action": [0.28621065616607666, 0.800000011920929], "reward": 0.1967299616998715}