{"action": [0.45761144161224365, -0.004691248293966055], "reward": 0.4229646153283755}