{"action": [0.3872174024581909, -0.00476909801363945], "reward": 0.41454906561151994}