{"action": [0.699999988079071, 0.1594354659318924], "reward": 0.422590449887081}