{"action": [-1.0, -0.02724515087902546], "reward": -0.0040840680421989845}