{"action": [0.2788970470428467, 0.08237069100141525], "reward": 0.4057905354177545}