{"action": [0.25210249423980713, -0.0407731868326664], "reward": 0.41800867718294743}