{"action": [-1.0, -0.027481747791171074], "reward": -0.004114753999879924}