{"action": [-1.0, -0.027502670884132385], "reward": -0.004125178720845847}