{"action": [-1.0, -0.027641626074910164], "reward": -0.0041460163197513545}