{"action": [0.28230905532836914, 0.004560278728604317], "reward": 0.4794294508109029}