{"action": [0.2911963164806366, -0.0062149870209395885], "reward": 0.44785810784646657}