{"action": [0.4819773733615875, -0.018588155508041382], "reward": 0.4118544425110384}