{"action": [0.3522794544696808, 0.009601392783224583], "reward": 0.442328362775868}