{"action": [0.6972994208335876, -0.0026131444610655308], "reward": 0.601204614869619}