{"action": [0.4238245189189911, 0.003966677468270063], "reward": 0.46254334669058667}