{"action": [0.699999988079071, 0.013391455635428429], "reward": 0.5217338658730204}