{"action": [0.41047677397727966, 0.800000011920929], "reward": 0.44531726594772664}