{"action": [0.699999988079071, 0.4156048595905304], "reward": 0.2326334596589883}