{"action": [0.699999988079071, 0.0027383973356336355], "reward": 0.42857915054958406}