{"action": [-1.0, -0.10021470487117767], "reward": -0.015025677701787985}