{"action": [0.27535924315452576, 0.006913519464433193], "reward": 0.44637522730015433}