{"action": [-0.008557538501918316, -0.08752762526273727], "reward": 0.00996020555247683}