{"action": [-0.119490846991539, 0.001910247141495347], "reward": 0.56604558975797}