{"action": [0.6046844124794006, -0.015847017988562584], "reward": 0.7715629652178427}