{"action": [0.699999988079071, -0.09125253558158875], "reward": 0.2650018066550798}