{"action": [0.2677256166934967, -0.008095098659396172], "reward": 0.4429661851561142}