{"action": [0.6557290554046631, -0.016284894198179245], "reward": 0.7202550738648618}