{"action": [0.38576847314834595, 0.003200795967131853], "reward": 0.9270423039761644}