{"action": [0.699999988079071, -0.09945733845233917], "reward": 0.18335109417529286}