{"action": [0.3183485269546509, -0.03530174493789673], "reward": 0.416291490646095}