{"action": [0.699999988079071, -0.15328483283519745], "reward": 0.3838060765772299}