{"action": [0.20839159190654755, -0.05438734591007233], "reward": 0.4413788953814234}