{"action": [-0.08223500102758408, 0.002830939367413521], "reward": 0.5435624742839767}