{"action": [0.699999988079071, 0.00423458032310009], "reward": 0.5601344753726862}