{"action": [0.699999988079071, -6.578636384801939e-05], "reward": 0.603078313736116}