{"action": [-0.2274218201637268, 0.0025797432754188776], "reward": 0.5799341397555959}