{"action": [-0.394572377204895, 0.005076309200376272], "reward": 0.5906486727048602}