{"action": [0.699999988079071, 0.0009585522348061204], "reward": 0.6947150854778479}