{"action": [0.699999988079071, 0.005008033011108637], "reward": 0.6260661081791299}