{"action": [-0.4257250726222992, 0.004594459664076567], "reward": 0.6663579938895684}