{"action": [0.050938673317432404, -0.0238046757876873], "reward": 0.5600822368869861}