{"action": [0.699999988079071, -1.995992897718679e-05], "reward": 0.5960137391857031}