{"action": [0.699999988079071, -0.005453147925436497], "reward": 0.6088323745113459}