{"action": [0.699999988079071, 0.0030958065763115883], "reward": 0.5841092354207693}