{"action": [0.699999988079071, -0.013962707482278347], "reward": 0.4448594918142557}