{"action": [0.699999988079071, -0.002059678081423044], "reward": 0.46531075778093073}