{"action": [0.3959401845932007, -0.003944273106753826], "reward": 0.8991473875341666}