{"action": [0.699999988079071, 0.007737640291452408], "reward": 0.6361906554571577}