{"action": [0.025686737149953842, 0.004859691485762596], "reward": 0.5582183373145511}