{"action": [0.699999988079071, 0.004480911884456873], "reward": 0.7025120213370106}