{"action": [0.46390247344970703, -0.00023348159447778016], "reward": 0.8797956105438696}