{"action": [0.699999988079071, 0.00840999186038971], "reward": 0.43238663304271313}