{"action": [0.699999988079071, 0.0005519072874449193], "reward": 0.5987801037871666}