{"action": [0.6816698908805847, -0.18138305842876434], "reward": 0.5737608614083879}