{"action": [0.5078761577606201, -0.278018981218338], "reward": 0.7917368761813787}