{"action": [0.5863626003265381, -0.22721698880195618], "reward": 0.7374115733235751}