{"action": [0.6181765794754028, -0.349575936794281], "reward": 0.5048289867151536}