{"action": [0.32471245527267456, -0.26551684737205505], "reward": 0.9175366523136259}