{"action": [0.4205605685710907, 4.945213004248217e-05], "reward": 0.9034687834152123}