{"action": [0.699999988079071, 0.006441998295485973], "reward": 0.7161093997336996}