{"action": [0.29450857639312744, -0.04412931948900223], "reward": 0.8385930604191959}