{"action": [0.699999988079071, 0.009455678053200245], "reward": -2.892786407685751}