{"action": [0.699999988079071, 0.01464860886335373], "reward": -3.3506638889810856}