{"action": [0.699999988079071, -0.002416111994534731], "reward": 0.846807215048621}