{"action": [0.699999988079071, 0.01772528700530529], "reward": -0.5392219817209187}