{"action": [0.699999988079071, -0.0004138637741561979], "reward": 0.5279794893697185}