{"action": [0.699999988079071, -0.0031333453953266144], "reward": -0.8003819249227113}