{"action": [0.5934216380119324, -0.004310207907110453], "reward": -5.383343560053752}