{"action": [-1.0, -0.00443056458607316], "reward": -3.5854535683273756}