{"action": [0.699999988079071, -0.006121343467384577], "reward": -1.8488124422316545}