{"action": [0.699999988079071, -0.004738696850836277], "reward": 0.8223757123221762}