{"action": [0.699999988079071, 0.008580422028899193], "reward": 0.8104083741689555}