{"action": [0.699999988079071, 0.009012057445943356], "reward": 0.809761241959879}