{"action": [0.699999988079071, -0.0008781175129115582], "reward": 0.46732706310279926}