{"action": [0.4115113914012909, -0.005724234506487846], "reward": 0.44516991953728174}