{"action": [0.4587462246417999, -0.0006303904228843749], "reward": 0.4351367818491093}