{"action": [0.4883957505226135, 0.013850551098585129], "reward": 0.8284326702471787}