{"action": [-1.0, -0.0005815675249323249], "reward": -7.306069156541474e-05}