{"action": [-1.0, -0.0008193537360057235], "reward": 0.25491238038912273}