{"action": [0.5451197624206543, 0.0020705799106508493], "reward": 0.8435258280905362}