{"action": [0.5793681740760803, 0.021928343921899796], "reward": 0.7538459062325001}