{"action": [-1.0, -0.000555278966203332], "reward": -8.311674182326363e-05}