{"action": [-1.0, -0.0005606439663097262], "reward": -8.160189090886638e-05}