{"action": [-1.0, -0.0005574249662458897], "reward": -8.331028406003385e-05}