{"action": [-1.0, -0.0005810310249216855], "reward": -8.652133839231385e-05}