{"action": [-1.0, -0.0005574249662458897], "reward": -8.350721272633683e-05}