{"action": [-1.0, -0.0005617169663310051], "reward": -8.420511061770408e-05}