{"action": [-1.0, -0.0005617169663310051], "reward": -8.422054780321928e-05}