{"action": [-1.0, -0.0005547424661926925], "reward": -8.316109089611328e-05}