{"action": [0.20600762963294983, 0.0013746664626523852], "reward": 0.6294246838102142}