{"action": [-1.0, 0.006004523951560259], "reward": -0.0007765486523367067}