{"action": [0.4421025514602661, 0.0020966660231351852], "reward": 0.8853598406367896}