{"action": [0.699999988079071, 0.006685744039714336], "reward": 0.32876862235547305}