{"action": [0.6108542084693909, 0.0057416982017457485], "reward": 0.7865768201441481}