{"action": [0.699999988079071, 0.006112191826105118], "reward": 0.5772840691009924}