{"action": [0.47121989727020264, 0.0020909083541482687], "reward": 0.8798459662108525}