{"action": [-1.0, 0.005540450103580952], "reward": -0.0008117707697207062}