{"action": [0.699999988079071, 0.006009339354932308], "reward": 0.09625447163688439}