{"action": [0.699999988079071, -0.0032387173268944025], "reward": 0.25916749633523467}