{"action": [0.3221694529056549, -0.25593727827072144], "reward": 0.3479836852825338}