{"action": [0.699999988079071, -0.04435451328754425], "reward": 0.30479849266104314}