{"action": [0.31319084763526917, -0.2457035332918167], "reward": 0.36695642730485134}