{"action": [0.699999988079071, -0.26126042008399963], "reward": 0.3215193882476494}