{"action": [0.510282039642334, -0.42506250739097595], "reward": 0.7732053538148935}