{"action": [0.699999988079071, 0.0002459426468703896], "reward": 0.6103234094500163}