{"action": [0.41500431299209595, -0.0007642298587597907], "reward": 0.806891089992774}