{"action": [0.699999988079071, 0.023186439648270607], "reward": 0.2590796077402666}