{"action": [0.699999988079071, 0.0023311488330364227], "reward": 0.6245015994687785}