{"action": [0.699999988079071, -0.0020027796272188425], "reward": 0.6743245658560932}