{"action": [0.699999988079071, 1.9398094082134776e-05], "reward": 0.682226777584063}