{"action": [0.699999988079071, -0.02677023783326149], "reward": 0.3779501152717855}