{"action": [0.699999988079071, -0.008342464454472065], "reward": 0.43211542538536013}