{"action": [0.699999988079071, -0.014740737155079842], "reward": 0.5885559822707759}