{"action": [0.699999988079071, 0.0003860504075419158], "reward": 0.44538167274868895}