{"action": [0.699999988079071, 0.02896844781935215], "reward": -0.004019963683236442}