{"action": [0.699999988079071, -0.01086681429296732], "reward": 0.37892313571964487}