{"action": [0.1796540915966034, 0.0015782605623826385], "reward": 0.3176667400209633}