{"action": [0.699999988079071, 0.0007833006675355136], "reward": 0.6153338619842629}