{"action": [0.699999988079071, 3.2204388844547793e-06], "reward": 0.6670084539657078}