{"action": [0.699999988079071, 0.0016414773417636752], "reward": 0.10868570095899166}