{"action": [-1.0, 0.0006093889242038131], "reward": 0.5289231229590159}