{"action": [0.44271624088287354, 0.0015488123754039407], "reward": 0.8782713249481303}