{"action": [0.699999988079071, -0.006195500027388334], "reward": 0.6546471164055186}