{"action": [-0.7081039547920227, -0.005886415019631386], "reward": 0.6877894493186284}