{"action": [0.699999988079071, 0.02644137479364872], "reward": 0.532270435554951}