{"action": [0.544620931148529, 0.004342588596045971], "reward": 0.8345545926367877}