{"action": [0.699999988079071, -0.009777603670954704], "reward": 0.7122305332917739}