{"action": [0.4431222081184387, -0.002978360978886485], "reward": 0.896092684674456}