{"action": [0.49631810188293457, 7.093339809216559e-05], "reward": 0.8330697946746008}