{"action": [0.699999988079071, 0.02846503257751465], "reward": -0.0042696180919248585}