{"action": [0.5012812614440918, -0.00719837099313736], "reward": 0.833080095519676}