{"action": [0.5781352519989014, 0.800000011920929], "reward": -0.12000000178813934}