{"action": [0.48801758885383606, -0.01896844245493412], "reward": 0.4274568038033053}