{"action": [0.3313111960887909, -0.044642817229032516], "reward": 0.382099770971865}