{"action": [0.4897485077381134, -0.047049153596162796], "reward": 0.4689437835626811}