{"action": [0.45845335721969604, -0.11781977117061615], "reward": 0.6580442311001494}