{"action": [-1.0, -0.012229549698531628], "reward": -0.0017999174269248052}