{"action": [-0.8590686321258545, 0.2469816505908966], "reward": 0.6037430779018147}