{"action": [0.5332694053649902, 0.20178130269050598], "reward": 0.25811312841242756}