{"action": [0.699999988079071, 0.23022088408470154], "reward": 0.3247312504728583}