{"action": [-1.0, -0.00013111124280840158], "reward": -1.9356052098255982e-05}