{"action": [-1.0, -0.0008986398461274803], "reward": -0.00013439993628835931}