{"action": [0.3100196123123169, -0.010906667448580265], "reward": 0.4017155191782216}