{"action": [-1.0, -0.0009013223461806774], "reward": -0.00013493954531310589}