{"action": [-1.0, -0.0009023953462019563], "reward": -0.00013508414291726545}