{"action": [-1.0, -0.01222311146557331], "reward": -0.0018332999829377638}