{"action": [0.699999988079071, 0.001402381807565689], "reward": 0.5134270266979636}