{"action": [0.45315539836883545, 0.01581421121954918], "reward": 0.8483627240169536}