{"action": [0.5403860807418823, 0.02406533807516098], "reward": 0.7823031047566656}