{"action": [0.45249277353286743, 0.003958120010793209], "reward": 0.856335444577412}