{"action": [0.5045266151428223, -0.002684266772121191], "reward": 0.797087126945662}