{"action": [-0.24809525907039642, -0.005506164859980345], "reward": 0.5504566190632018}