{"action": [0.45249325037002563, 0.002963543403893709], "reward": 0.863881316603852}