{"action": [-1.0, -0.0075238957069814205], "reward": -0.0011220255158238563}