{"action": [-1.0, -0.007525505032390356], "reward": -0.001116171768674937}