{"action": [0.699999988079071, 0.003713925601914525], "reward": 0.6901457171465619}