{"action": [0.699999988079071, -0.0060140457935631275], "reward": 0.006378980803836043}