{"action": [0.699999988079071, -0.002043452812358737], "reward": 0.04094475134388625}