{"action": [0.699999988079071, -0.001777994679287076], "reward": 0.002414746318024797}