{"action": [0.699999988079071, -0.00011788642586907372], "reward": 0.3974359301749686}