{"action": [0.699999988079071, -0.002119033597409725], "reward": 0.003203880511848655}