{"action": [-1.0, -0.002108450513333082], "reward": -0.00021546879954556202}