{"action": [-1.0, -0.002301590982824564], "reward": 0.45488755082113685}