{"action": [0.699999988079071, -0.0034303939901292324], "reward": 0.42414885665353513}