{"action": [0.699999988079071, -0.0014757924946025014], "reward": 0.1931719932597317}