{"action": [0.699999988079071, -0.006191970780491829], "reward": 0.10559888386446652}