{"action": [0.6253962516784668, 0.0028820305597037077], "reward": 0.8149035809008999}