{"action": [0.6596981883049011, 0.0030517559498548508], "reward": 0.7892632623303483}