{"action": [0.518781304359436, -4.197621456114575e-05], "reward": 0.8303396068317128}