{"action": [0.683625340461731, -0.0017572385258972645], "reward": 0.7402615005980726}