{"action": [0.568241536617279, -0.0032877782359719276], "reward": 0.8214900983441525}