{"action": [-1.0, -0.012217209674417973], "reward": -0.0018323476068911428}