{"action": [0.699999988079071, 0.003887853352352977], "reward": 0.48209155028644557}