{"action": [0.699999988079071, 0.002141739474609494], "reward": 0.5322660908490935}