{"action": [0.5995020866394043, 0.015911925584077835], "reward": 0.7763247532604572}