{"action": [0.699999988079071, 0.0017019539372995496], "reward": 0.4695002677219411}