{"action": [0.5722178816795349, -0.025656042620539665], "reward": 0.3895121511372959}