{"action": [0.4436942934989929, -0.03012974001467228], "reward": 0.38513231251593294}