{"action": [0.3785131573677063, -0.01862259767949581], "reward": 0.4371721578527754}