{"action": [0.3408939242362976, -0.018198121339082718], "reward": 0.4439920487092195}