{"action": [0.699999988079071, 0.011802401393651962], "reward": -0.0014395460457529907}