{"action": [-1.0, -0.012216136790812016], "reward": -0.0018321867215509904}