{"action": [-1.0, -0.012800387106835842], "reward": -0.0019196569829637226}