{"action": [-1.0, -0.012777317315340042], "reward": -0.001915608615140003}