{"action": [0.699999988079071, 0.011855987831950188], "reward": -0.0016377290819603908}