{"action": [-1.0, -0.04493308067321777], "reward": -0.006739189440018927}