{"action": [0.699999988079071, 0.007926037535071373], "reward": 0.22974019513140687}