{"action": [0.699999988079071, 0.01091534923762083], "reward": -0.0016371694105060917}