{"action": [0.699999988079071, 0.0013674249639734626], "reward": 0.16426221678197808}