{"action": [0.699999988079071, 0.0005948797916062176], "reward": 0.24185849246265415}