{"action": [0.699999988079071, -0.0015790726756677032], "reward": 0.24272261660712194}