{"action": [0.699999988079071, -0.0002615196572151035], "reward": 0.28487858850793346}