{"action": [0.699999988079071, 0.010936964303255081], "reward": 0.23949832074948058}