{"action": [0.699999988079071, 0.010447931475937366], "reward": 0.25223181047691134}