{"action": [-1.0, -0.012222038581967354], "reward": -0.0018331672973160593}