{"action": [0.699999988079071, -0.0029410843271762133], "reward": 0.3592480681825243}