{"action": [0.699999988079071, -0.0027606431394815445], "reward": 0.27635304466179933}