{"action": [0.699999988079071, -0.003004158614203334], "reward": 0.3361187451288602}