{"action": [0.699999988079071, -0.0005245112697593868], "reward": 0.30839470087815996}