{"action": [0.699999988079071, -0.0005059732357040048], "reward": 0.16717808596741127}