{"action": [0.699999988079071, -0.0033208539243787527], "reward": 0.2880614359224361}