{"action": [0.699999988079071, 3.386145908734761e-05], "reward": 0.4056864468109765}