{"action": [0.699999988079071, -0.0035846044775098562], "reward": 0.2629463224609927}