{"action": [0.699999988079071, -0.0029364486690610647], "reward": 0.3360666886274501}