{"action": [0.699999988079071, 5.38289555152005e-07], "reward": 0.29522927622944467}