{"action": [0.699999988079071, 5.927980055275839e-06], "reward": 0.3255107312594914}