{"action": [0.699999988079071, -0.0019410413224250078], "reward": 0.15327212389457115}