{"action": [-1.0, -0.012210235930979252], "reward": -0.0018304867981337864}