{"action": [-1.0, 0.0013552025193348527], "reward": 0.0059454033025486755}