{"action": [0.699999988079071, -0.0019327966729179025], "reward": 0.1394799583046398}