{"action": [0.699999988079071, -0.001994502265006304], "reward": 0.17173749304717198}