{"action": [0.699999988079071, 0.0012250251602381468], "reward": 0.0016712476958418855}