{"action": [0.699999988079071, 6.709271838190034e-05], "reward": 0.2750588059966248}