{"action": [0.699999988079071, -0.0001484385720686987], "reward": 0.21516053960881357}