{"action": [0.699999988079071, -0.005988650023937225], "reward": 0.15108502603523974}