{"action": [0.699999988079071, 0.00015732491738162935], "reward": 0.2957328399338546}