{"action": [0.699999988079071, -0.005945415701717138], "reward": 0.2900716566404043}