{"action": [0.699999988079071, 0.00016695803788024932], "reward": 0.25775105782218166}