{"action": [0.699999988079071, -0.008933208882808685], "reward": 0.13912278183785157}