{"action": [0.699999988079071, -0.002595343394204974], "reward": 0.1868856636233493}