{"action": [0.699999988079071, -0.04211828485131264], "reward": 0.1373596395175376}