{"action": [0.699999988079071, -0.008984717540442944], "reward": 0.12951210926650653}