{"action": [0.699999988079071, -0.12318133562803268], "reward": 0.12322498451423088}