{"action": [0.699999988079071, -0.1082962229847908], "reward": 0.1329154613451721}