{"action": [0.699999988079071, -0.10960286855697632], "reward": 0.022927872672284477}