{"action": [0.699999988079071, -0.13472338020801544], "reward": -0.0068775159509814245}