{"action": [0.699999988079071, -0.12080711871385574], "reward": 0.13708542584301328}