{"action": [0.699999988079071, -0.12877589464187622], "reward": 0.08605112653734588}