{"action": [0.699999988079071, -0.06918291747570038], "reward": 0.16452056350546365}