{"action": [0.699999988079071, -0.09505302459001541], "reward": 0.23967668089079902}