{"action": [0.699999988079071, -0.03684722259640694], "reward": 0.2912474584096954}