{"action": [0.699999988079071, -0.14052093029022217], "reward": 0.23186994137154088}