{"action": [0.699999988079071, -0.1100032702088356], "reward": 0.2720962903019077}