{"action": [0.699999988079071, -0.12647464871406555], "reward": 0.24653687546266867}