{"action": [-1.0, -0.012211308814585209], "reward": -0.0018314225719415602}