{"action": [0.699999988079071, -0.017170045524835587], "reward": 0.15147966499647483}