{"action": [0.699999988079071, 0.00014925409050192684], "reward": 0.19351383754070742}