{"action": [0.699999988079071, 0.0005074846558272839], "reward": 0.141975156618759}