{"action": [0.699999988079071, 0.0003050233644898981], "reward": 0.28123151485776365}