{"action": [0.699999988079071, -0.00012707013229373842], "reward": 0.131745474074797}