{"action": [0.699999988079071, -0.00014168601774144918], "reward": 0.1391375321450326}