{"action": [0.699999988079071, -0.0001527991844341159], "reward": 0.1281787620278464}