{"action": [0.699999988079071, 0.0006764260469935834], "reward": 0.23750910584980683}