{"action": [0.699999988079071, 0.004813960287719965], "reward": 0.15518310327523277}