{"action": [0.699999988079071, 0.006632225122302771], "reward": 0.2480713286493565}