{"action": [0.699999988079071, 0.006300616078078747], "reward": 0.28575981481854074}