{"action": [0.699999988079071, 0.004325656685978174], "reward": 0.18583817486861584}