{"action": [0.699999988079071, 0.0025033012498170137], "reward": 0.23407901919100654}