{"action": [0.699999988079071, 0.005700678564608097], "reward": 0.30504597068718675}