{"action": [0.699999988079071, -6.895876140333712e-05], "reward": 0.3219090798491622}