{"action": [0.699999988079071, -0.001533539267256856], "reward": 0.28202697960453266}