{"action": [0.699999988079071, 0.009560376405715942], "reward": 0.17214571036802495}