{"action": [0.699999988079071, 0.000744426273740828], "reward": 0.30295567373824245}