{"action": [-1.0, -0.012206479907035828], "reward": -0.0018306734603008845}