{"action": [0.699999988079071, 0.0031871211249381304], "reward": 0.2523850646674798}