{"action": [0.699999988079071, 0.0019923686049878597], "reward": 0.2714526193308257}