{"action": [0.699999988079071, 0.003631419036537409], "reward": 0.2398974790822494}