{"action": [0.699999988079071, 8.070474723353982e-05], "reward": 0.2120421711180317}