{"action": [0.699999988079071, 0.00047893577720969915], "reward": 0.4266064590054402}