{"action": [0.699999988079071, 0.00029444508254528046], "reward": 0.29225075620747004}