{"action": [0.699999988079071, 0.0004083482490386814], "reward": 0.4083574484810505}