{"action": [0.699999988079071, 0.00021965074120089412], "reward": 0.2746783394579489}