{"action": [0.699999988079071, -0.0035484256222844124], "reward": 0.18095070297307103}