{"action": [0.699999988079071, -1.077651972991589e-06], "reward": 0.15970655286752933}