{"action": [0.699999988079071, -0.008474757894873619], "reward": 0.3040131388404147}