{"action": [0.699999988079071, -0.0043505108915269375], "reward": 0.24233912622725737}