{"action": [-1.0, -0.012197359465062618], "reward": -0.0018283734160921862}