{"action": [0.699999988079071, -0.0034126604441553354], "reward": 0.1723256513898004}