{"action": [-0.2915656566619873, -0.0001832585403462872], "reward": 0.4817846115274011}