{"action": [-1.0, 0.003868711646646261], "reward": -0.0005791498280800176}