{"action": [-1.0, 0.003867638763040304], "reward": -0.0005795321330895188}