{"action": [-1.0, -0.012196286581456661], "reward": -0.001829199182599534}