{"action": [-1.0, 0.003313969122245908], "reward": 0.14591123604473058}