{"action": [0.699999988079071, -0.14439941942691803], "reward": -0.02165904976464433}