{"action": [-1.0, 0.003877295646816492], "reward": -0.000580216868371687}