{"action": [-1.0, 0.0038805147632956505], "reward": -0.0005820373996751694}