{"action": [-1.0, 0.003887489205226302], "reward": -0.0005827661144502365}