{"action": [-1.0, 0.003891244763508439], "reward": -0.0005835124229186144}