{"action": [-1.0, 0.003888562088832259], "reward": -0.0005832065885383805}