{"action": [-1.0, 0.0038880256470292807], "reward": -0.0005820955264752378}