{"action": [0.4589085578918457, -0.14344057440757751], "reward": 0.6653498739837632}