{"action": [0.699999988079071, 0.016576360911130905], "reward": 0.7116417251380179}