{"action": [-0.11926490068435669, 0.02247934602200985], "reward": 0.5978249354983078}