{"action": [0.699999988079071, 0.006944900844246149], "reward": 0.3756983038253905}