{"action": [0.4939159154891968, -0.4635547697544098], "reward": 0.6304304458925781}