{"action": [0.699999988079071, 0.017614776268601418], "reward": 0.658652596085274}