{"action": [0.5744293332099915, -0.800000011920929], "reward": -0.12000000178813934}