{"action": [0.699999988079071, -0.012620902620255947], "reward": 0.10064827047659802}