{"action": [0.4211462140083313, 0.0002660106692928821], "reward": 0.8337219668867047}