{"action": [0.54046231508255, 0.010352502577006817], "reward": 0.7606229751585172}