{"action": [0.5361275672912598, 0.03429010510444641], "reward": 0.6953959364790007}