{"action": [0.49736207723617554, 0.02526635304093361], "reward": 0.7653793193758002}