{"action": [-1.0, 2.274407961522229e-05], "reward": 0.6211951443241991}