{"action": [-0.231053426861763, -0.0027867951430380344], "reward": 0.4223789215272655}