{"action": [0.699999988079071, -0.001170286093838513], "reward": 0.5559386758854625}