{"action": [-1.0, -0.01869063638150692], "reward": -0.002803297189359569}