{"action": [-1.0, -0.018661128357052803], "reward": -0.0027989170617121624}