{"action": [-1.0, -0.018667029216885567], "reward": -0.0027660719786675235}