{"action": [-1.0, -0.01866541989147663], "reward": -0.0027996873673005757}