{"action": [0.6003989577293396, -0.006967796478420496], "reward": 0.5454075372101113}