{"action": [-1.0, -0.018700292333960533], "reward": -0.0028049377436773246}