{"action": [0.699999988079071, -0.017983300611376762], "reward": 0.29688865464835773}