{"action": [-1.0, -0.01875072345137596], "reward": -0.0028124464510008544}