{"action": [0.38317349553108215, -0.0016036906745284796], "reward": 0.7372798766577088}