{"action": [0.699999988079071, 0.0007749388460069895], "reward": 0.685868171518124}