{"action": [0.699999988079071, -0.017592165619134903], "reward": 0.1466959786261}