{"action": [0.699999988079071, -8.551954124413896e-06], "reward": 0.4765330379682446}