{"action": [0.699999988079071, 0.0031078201718628407], "reward": 0.6560803941624709}