{"action": [0.43916383385658264, -9.924048208631575e-05], "reward": 0.9302928421885146}