{"action": [0.699999988079071, -0.57315593957901], "reward": 0.25980184288255437}