{"action": [0.699999988079071, -0.5141909122467041], "reward": 0.27170146080791907}