{"action": [0.44053205847740173, -0.1156606450676918], "reward": 0.686495606988625}