{"action": [0.5236172676086426, -0.012139184400439262], "reward": 0.7358436683458056}