{"action": [0.558819591999054, -0.019169773906469345], "reward": 0.700499530071768}