{"action": [0.5426027178764343, -0.022203296422958374], "reward": 0.690384507736855}