{"action": [0.5565051436424255, -0.0010015273001044989], "reward": 0.7384207411313146}