{"action": [0.3812691867351532, 0.02752029336988926], "reward": 0.4166715885296693}