{"action": [-1.0, 0.026695404201745987], "reward": 0.37074007724774116}