{"action": [-1.0, 0.03388650342822075], "reward": -0.005073495657438223}