{"action": [-1.0, 0.033888112753629684], "reward": -0.005074051889822816}