{"action": [0.5173473358154297, -0.0003801615966949612], "reward": 0.9038032741597843}