{"action": [-1.0, 0.03388703987002373], "reward": -0.005082786099219396}