{"action": [-1.0, 0.033887576311826706], "reward": -0.005083108689393691}