{"action": [0.699999988079071, -0.0018743168329820037], "reward": 0.6378315890869408}