{"action": [0.39574334025382996, -0.001376986037939787], "reward": 0.9049028189001918}