{"action": [0.41726425290107727, -0.0013565948465839028], "reward": 0.9038904331428804}