{"action": [0.4088885486125946, -0.0012797763338312507], "reward": 0.9302420179062746}