{"action": [0.4071051776409149, -0.0010492143919691443], "reward": 0.9289201995838667}