{"action": [0.699999988079071, -0.006383421365171671], "reward": 0.6284703328031033}