{"action": [0.5469011664390564, -0.004561811685562134], "reward": 0.7869011078197037}