{"action": [0.3931509256362915, -0.00030863381107337773], "reward": 0.9352933754176761}