{"action": [0.5573018789291382, -0.001097982283681631], "reward": 0.8374498090457434}