{"action": [0.699999988079071, -5.185782811167883e-06], "reward": 0.5701100058146576}