{"action": [0.699999988079071, 1.8927752535091713e-05], "reward": 0.7047158387021129}