{"action": [0.555044949054718, 0.001292688655667007], "reward": 0.8404268349542017}