{"action": [0.4917856454849243, 0.0027968166396021843], "reward": 0.8695785100156568}