{"action": [0.699999988079071, 0.003512849099934101], "reward": 0.6527881764867374}