{"action": [0.699999988079071, -0.002887570997700095], "reward": 0.6964332292818782}