{"action": [0.495922327041626, 0.800000011920929], "reward": 0.29849980586315983}