{"action": [0.548711359500885, 0.800000011920929], "reward": 0.05445179744544394}