{"action": [0.5247377157211304, 0.800000011920929], "reward": 0.2656709339987164}