{"action": [0.4778260886669159, 0.800000011920929], "reward": -0.005558403664445197}