{"action": [0.5162370800971985, -0.057627178728580475], "reward": 0.735960309405427}