{"action": [0.699999988079071, 0.0011930371401831508], "reward": 0.8966936744722297}