{"action": [0.699999988079071, 0.01090774592012167], "reward": 0.9016383416788306}