{"action": [0.699999988079071, 0.014565431512892246], "reward": 0.40104016433404116}