{"action": [0.699999988079071, 0.01467845682054758], "reward": 0.3678168166248235}