{"action": [0.699999988079071, 0.019009944051504135], "reward": 0.3067018298389118}