{"action": [0.699999988079071, 4.1487695852993056e-05], "reward": -1.146273686605199}