{"action": [0.699999988079071, 4.7765617637196556e-05], "reward": -1.009366281430755}