{"action": [0.699999988079071, 9.222328662872314e-05], "reward": -0.9376206347066455}