{"action": [0.699999988079071, 9.236288315150887e-05], "reward": -0.8430554903858276}