{"action": [0.699999988079071, 8.952927601058036e-05], "reward": -1.0609499814083587}