{"action": [0.699999988079071, 5.2742452680831775e-05], "reward": -2.7074192235181322}