{"action": [0.699999988079071, 6.043503890396096e-05], "reward": -2.3253963620869276}