{"action": [0.699999988079071, -0.008834267035126686], "reward": -1.3093968311226558}