{"action": [0.3476412296295166, -0.0027653889264911413], "reward": 0.4609172566241475}