{"action": [0.699999988079071, 0.01669817604124546], "reward": -0.06772808920605704}