{"action": [-1.0, -0.0020859173964709044], "reward": 0.4386946339714313}