{"action": [0.699999988079071, 0.001667500357143581], "reward": -1.3940424566006304}