{"action": [0.699999988079071, -0.0025493321008980274], "reward": -0.5907193957930412}