{"action": [0.699999988079071, -0.0017222202150151134], "reward": -0.2978509208159183}