{"action": [0.699999988079071, -0.0013923862716183066], "reward": -1.2552997692573877}