{"action": [0.699999988079071, -0.0006836624233983457], "reward": 0.6767576138968879}