{"action": [0.699999988079071, 0.001035494962707162], "reward": -0.5521128354265723}