{"action": [0.699999988079071, -0.0003007520572282374], "reward": -0.6392589325665429}