{"action": [0.6092454195022583, -0.00023037857317831367], "reward": -1.0811624141429432}