{"action": [0.18203400075435638, -8.687018998898566e-05], "reward": 0.9900253695017781}