{"action": [-1.0, 0.0553637258708477], "reward": -0.008303010043656382}