{"action": [-1.0, 0.05560944229364395], "reward": -0.008340810021658502}