{"action": [-1.0, 0.05572962015867233], "reward": -0.008358705333173181}