{"action": [0.699999988079071, 0.05628174543380737], "reward": 0.010401010895256331}