{"action": [-1.0, 0.055895935744047165], "reward": -0.008380951962213964}