{"action": [-1.0, 0.05591954290866852], "reward": -0.00838762206424577}