{"action": [0.699999988079071, 0.056270234286785126], "reward": -0.00541882262380051}