{"action": [-1.0, 0.05603327974677086], "reward": -0.008404529663299644}