{"action": [-1.0, 0.06293966621160507], "reward": -0.009440850576771515}