{"action": [-1.0, 0.07682131975889206], "reward": -0.011522655090308134}