{"action": [-1.0, 0.06289459764957428], "reward": -0.009433972086147014}