{"action": [-1.0, -0.0018198128091171384], "reward": -0.00027280965527518025}