{"action": [0.699999988079071, 0.01901346631348133], "reward": -0.002704624419275709}