{"action": [0.699999988079071, 0.0159844271838665], "reward": 0.42921324556161583}