{"action": [0.699999988079071, 0.0031524046789854765], "reward": 0.7581732805901524}