{"action": [0.699999988079071, 0.0035942778922617435], "reward": 0.7281612619219586}