{"action": [0.671104371547699, -0.00045203554327599704], "reward": 0.82459626238344}