{"action": [0.5138891339302063, 0.0023628047201782465], "reward": 0.8450873910588141}