{"action": [0.48594874143600464, 0.000242227892158553], "reward": 0.8958578331255908}