{"action": [0.5448223948478699, -0.0009516947902739048], "reward": 0.8093616462363816}