{"action": [0.6545849442481995, -0.0005915553192608058], "reward": 0.7895488271268029}