{"action": [0.5009404420852661, -0.000531103287357837], "reward": 0.8903002576113891}