{"action": [0.699999988079071, -0.004610161297023296], "reward": 0.8542568040772562}