{"action": [-1.0, -0.0018198128091171384], "reward": -0.0002726665020492575}