{"action": [0.699999988079071, -0.013126994483172894], "reward": 0.6145822496132349}