{"action": [0.699999988079071, -0.013495606370270252], "reward": 0.5937671088584647}