{"action": [0.699999988079071, -0.003202900756150484], "reward": 0.6762762112741616}