{"action": [0.699999988079071, -0.007273739203810692], "reward": 0.7136387409341806}