{"action": [0.699999988079071, -0.0015092359390109777], "reward": 0.49731314865101256}