{"action": [0.699999988079071, 0.001304847770370543], "reward": 0.556723271235022}