{"action": [0.699999988079071, 0.004432602785527706], "reward": 0.8161928189578319}