{"action": [0.699999988079071, 0.011511757038533688], "reward": 0.21529123517517276}