{"action": [-0.19825167953968048, 0.010681253857910633], "reward": 0.6370356608133325}