{"action": [0.5348339080810547, 0.2633175253868103], "reward": 0.69597155055561}