{"action": [0.4539809823036194, 0.800000011920929], "reward": 0.37904711813003394}