{"action": [0.39180415868759155, -0.03314817324280739], "reward": 0.32933668545597217}