{"action": [0.4017319679260254, -0.021534573286771774], "reward": 0.3251516537683671}