{"action": [0.699999988079071, -0.06880676001310349], "reward": 0.010370964584987671}