{"action": [0.699999988079071, -0.26123034954071045], "reward": 0.3815463287784105}