{"action": [0.699999988079071, -0.08276110887527466], "reward": 0.45541404789914736}