{"action": [0.4660242795944214, -0.03696252405643463], "reward": 0.6969960682072489}