{"action": [0.5527980327606201, -0.030283605679869652], "reward": 0.6960437369398547}