{"action": [0.11534567922353745, -0.006694328971207142], "reward": 0.7088735400861653}