{"action": [0.699999988079071, -0.00409548357129097], "reward": 0.5231693614221596}