{"action": [0.699999988079071, -0.00016187054279725999], "reward": 0.6484027120744226}