{"action": [0.6626866459846497, 0.004564033355563879], "reward": 0.7828327933501482}