{"action": [0.5772133469581604, 0.800000011920929], "reward": 0.10638970929365006}