{"action": [0.6011389493942261, 0.5522496104240417], "reward": 0.2621736424040233}