{"action": [0.699999988079071, -0.005445415619760752], "reward": 0.4621151240972185}