{"action": [0.699999988079071, 0.0025239509996026754], "reward": 0.3861453019301984}