{"action": [0.6057634949684143, -0.02883903495967388], "reward": 0.5282034082407031}