{"action": [0.6069508194923401, -0.08379726111888885], "reward": 0.6509780707760987}