{"action": [0.4668104350566864, -0.055836886167526245], "reward": 0.7601670600775546}