{"action": [0.4811081886291504, -0.03762369975447655], "reward": 0.7510341597434848}