{"action": [0.5232152342796326, -0.03290395066142082], "reward": 0.7602272501556828}