{"action": [0.512634813785553, -0.02589038759469986], "reward": 0.770523887527015}