{"action": [0.699999988079071, -0.008777545765042305], "reward": 0.615176207305631}