{"action": [0.4616698920726776, 0.0038466535042971373], "reward": 0.8643499136328707}