{"action": [0.699999988079071, 0.02797384187579155], "reward": 0.7076805701744374}