{"action": [0.6547608375549316, 0.01792610064148903], "reward": 0.7317149270562668}