{"action": [0.6210523843765259, 0.017871445044875145], "reward": 0.7549262522902068}