{"action": [0.4548719525337219, 0.011591019108891487], "reward": 0.8572687098636655}