{"action": [-1.0, 0.006642994936555624], "reward": 0.7230152035891028}