{"action": [0.3644673228263855, 0.010380174033343792], "reward": 0.404368602455155}