{"action": [0.699999988079071, -0.0002867280272766948], "reward": 0.29667514312124815}