{"action": [0.4545835852622986, -0.00689666485413909], "reward": 0.36800106694893925}