{"action": [0.27037566900253296, -0.014532828703522682], "reward": 0.43485256441543885}