{"action": [-1.0, -0.008172526024281979], "reward": 0.31213924050922975}