{"action": [-1.0, -0.007395671680569649], "reward": -0.0011085226388647292}