{"action": [-1.0, -0.007418741472065449], "reward": -0.0011126887362591152}