{"action": [-1.0, -0.007419277913868427], "reward": -0.001112882116780016}