{"action": [-1.0, -0.007416058797389269], "reward": -0.001112235607010493}