{"action": [-1.0, -0.007416058797389269], "reward": -0.0011123360879304385}