{"action": [-1.0, -0.0018321522511541843], "reward": -0.00027415993651549406}