{"action": [-1.0, -0.007403182797133923], "reward": -0.001110243415686839}