{"action": [-1.0, -0.00739781791344285], "reward": -0.0011095252411696074}