{"action": [-1.0, -0.007392453029751778], "reward": -0.00110863824926748}