{"action": [-1.0, -0.007392453029751778], "reward": -0.0011087479416740276}