{"action": [-1.0, -0.0073999641463160515], "reward": -0.001109706723181853}