{"action": [-1.0, -0.007402646355330944], "reward": -0.00111037073492025}