{"action": [0.514606237411499, -0.002055634744465351], "reward": 0.5019726622679112}