{"action": [-1.0, -0.005896234884858131], "reward": -0.0008838956469731452}