{"action": [0.699999988079071, 0.009725833311676979], "reward": 0.23129678657934435}