{"action": [0.38761481642723083, 0.00039219565223902464], "reward": 0.898727767006598}