{"action": [0.627379298210144, 0.004037723410874605], "reward": 0.8159785286397625}