{"action": [0.338378369808197, 5.9743106248788536e-05], "reward": 0.9322615448827491}