{"action": [0.23599697649478912, -0.0002635491546243429], "reward": 0.9708249460730187}