{"action": [0.24392947554588318, -0.00016818672884255648], "reward": 0.9570233079738232}