{"action": [0.5187163352966309, -0.02304888889193535], "reward": 0.7765720941710377}