{"action": [0.2778550386428833, -0.007474721409380436], "reward": 0.9202169261308941}