{"action": [0.13040925562381744, -0.023040086030960083], "reward": 0.4752048979653414}