{"action": [-1.0, -0.0018300062511116266], "reward": -0.00027393370943913013}