{"action": [0.46264514327049255, -0.0009360683034174144], "reward": 0.5510088160166067}