{"action": [0.699999988079071, 0.000266118353465572], "reward": 0.07659395933462759}