{"action": [0.699999988079071, 0.0035244752652943134], "reward": 0.4740735734664539}