{"action": [0.6434770226478577, 0.006979220546782017], "reward": 0.8023980664438977}