{"action": [0.699999988079071, 0.024786313995718956], "reward": 0.8016930340674991}