{"action": [0.33940428495407104, 0.005253917537629604], "reward": 0.900607020737628}