{"action": [0.24364247918128967, 0.0014953415375202894], "reward": 0.9108764891464136}