{"action": [-1.0, -0.017513450235128403], "reward": 0.6306630284162521}