{"action": [0.22853688895702362, -0.012178061529994011], "reward": 0.9065100261528434}