{"action": [0.699999988079071, -0.013024996034801006], "reward": 0.4824788782642601}