{"action": [0.09161516278982162, -0.0014585674507543445], "reward": 0.4813046215620674}