{"action": [0.35803890228271484, -0.004210371524095535], "reward": 0.4270559166330252}