{"action": [-1.0, -0.0009319029632024467], "reward": 3.5426330061958094e-05}