{"action": [-1.0, -0.0009313664631918073], "reward": 0.00032009505364116774}