{"action": [0.699999988079071, 0.0020829385612159967], "reward": 0.005715762471353862}