{"action": [0.4439699053764343, 0.0016939109191298485], "reward": 0.44248086783052215}