{"action": [-1.0, 0.005714812781661749], "reward": -0.0008441404397860847}