{"action": [-1.0, 0.005733054131269455], "reward": -0.0008250049608052398}