{"action": [-1.0, 0.005713739898055792], "reward": -0.0008509904044146682}