{"action": [-1.0, 0.005716422572731972], "reward": -0.0008538704858039048}