{"action": [-1.0, 0.005718568339943886], "reward": -0.0008568035914498671}