{"action": [-1.0, 0.00572607945650816], "reward": -0.0008577417934554929}