{"action": [-1.0, 0.005736273247748613], "reward": -0.000847521544772853}