{"action": [-1.0, 0.005728225689381361], "reward": -0.0008590145731904994}