{"action": [0.2851906418800354, 0.0032244871836155653], "reward": 0.492682270336516}