{"action": [0.1341635137796402, 0.0016708022449165583], "reward": 0.49876796911601223}