{"action": [0.10329382121562958, 0.0005559230921790004], "reward": 0.5142796396855104}