{"action": [0.14020341634750366, -0.00023133134527597576], "reward": 0.43100029083460784}