{"action": [0.0553632453083992, -0.000612160365562886], "reward": 0.5464287744125353}