{"action": [0.699999988079071, -0.0019193373154848814], "reward": 0.49516324059686717}