{"action": [0.699999988079071, -0.001786540844477713], "reward": 0.534212484425074}