{"action": [0.6626688241958618, -0.0017157612601295114], "reward": 0.4696398636025406}