{"action": [0.23978231847286224, -0.008001076988875866], "reward": 0.33146393955459164}