{"action": [0.5914122462272644, -0.007179583888500929], "reward": 0.42903367157801076}