{"action": [0.4392337203025818, -0.0070015485398471355], "reward": 0.4615298961940628}