{"action": [0.21430207788944244, -0.006012845318764448], "reward": 0.49977382908131074}