{"action": [0.050503864884376526, -0.0034147342666983604], "reward": 0.5162264248585211}