{"action": [0.24794761836528778, -0.10703633725643158], "reward": 0.4381472474873763}