{"action": [-1.0, -0.003926117438822985], "reward": -0.0005868478284351223}