{"action": [0.699999988079071, -0.7511727809906006], "reward": 0.01769694131709497}