{"action": [0.699999988079071, -0.22921019792556763], "reward": 0.5343987951922187}