{"action": [0.19023770093917847, -0.03588683530688286], "reward": 0.6678944716683461}