{"action": [0.2322501242160797, -0.07248932123184204], "reward": 0.7785817000831673}