{"action": [0.24547423422336578, -0.009778575971722603], "reward": 0.8992631725681666}