{"action": [0.2369767427444458, -0.00237825233489275], "reward": 0.8876238853283799}