{"action": [0.2641306221485138, 0.00043831104994751513], "reward": 0.9000875756619511}