{"action": [0.21540656685829163, 0.005767174996435642], "reward": 0.9302894961783467}