{"action": [0.14441320300102234, 0.0030014109797775745], "reward": 0.8422289900214525}