{"action": [0.39239951968193054, 0.0032583109568804502], "reward": 0.921929896750304}