{"action": [0.31122881174087524, 0.0035873688757419586], "reward": 0.9495640887931265}