{"action": [0.3921875059604645, 2.3902066459413618e-06], "reward": 0.8770797794102839}