{"action": [0.34421563148498535, -0.0006987684755586088], "reward": 0.9365012892619063}