{"action": [0.4298018515110016, -0.022014660760760307], "reward": 0.80048844452079}