{"action": [0.26279357075691223, -0.0014427319401875138], "reward": 0.9155973263241891}