{"action": [0.699999988079071, -0.005683986935764551], "reward": 0.46346480575466725}