{"action": [0.699999988079071, -0.0006096996949054301], "reward": 0.4872390754330628}