{"action": [0.699999988079071, -0.0011412271996960044], "reward": 0.6064218865618581}