{"action": [0.10882264375686646, 0.008710368536412716], "reward": 0.4860847598208379}