{"action": [-1.0, 0.019898300990462303], "reward": -0.002982873586669009}