{"action": [0.699999988079071, 0.017479995265603065], "reward": 0.2561790849985477}