{"action": [0.34536707401275635, 0.01333356462419033], "reward": 0.47124875862825943}