{"action": [0.634137749671936, -0.0001173882483271882], "reward": 0.4276108363626158}