{"action": [0.5329869985580444, -0.0005001593381166458], "reward": 0.573792232915649}