{"action": [0.10949137806892395, -0.007965223863720894], "reward": 0.49764182739790597}