{"action": [0.699999988079071, -0.03830667585134506], "reward": 0.6112258905689449}