{"action": [0.699999988079071, -0.016178851947188377], "reward": 0.5367809560773853}