{"action": [0.699999988079071, 0.006319742649793625], "reward": -0.0008880690648389251}