{"action": [0.699999988079071, 0.0062807537615299225], "reward": -0.0009419639315058215}