{"action": [-1.0, 1.6501545587743749e-06], "reward": 0.7631836124936543}