{"action": [0.699999988079071, -1.434385353604739e-06], "reward": 0.40365821921798223}