{"action": [0.4397338628768921, -1.5077650459716097e-05], "reward": 0.42353826820022034}