{"action": [-1.0, 0.0002526921743992716], "reward": -3.613685096717533e-05}