{"action": [-1.0, 0.0002526921743992716], "reward": -3.720822972645055e-05}