{"action": [-1.0, 0.000246254145167768], "reward": 1.4983736646914605e-05}