{"action": [-1.0, 0.00025322867440991104], "reward": -3.7896640493825285e-05}