{"action": [-1.0, 0.00025322867440991104], "reward": -3.762620692727835e-05}