{"action": [-1.0, 0.0002484001452103257], "reward": -3.707644013900479e-05}