{"action": [0.36504197120666504, -0.0074949245899915695], "reward": 0.45853444837317925}