{"action": [0.26355716586112976, 0.00033065403113141656], "reward": 0.48021851382797137}