{"action": [0.254098117351532, -0.008451591245830059], "reward": 0.4755753340894085}