{"action": [0.2903459072113037, 0.000540446606464684], "reward": 0.48605395476241525}