{"action": [0.4598332345485687, -0.008488311432301998], "reward": 0.3938717219825315}