{"action": [0.4801570773124695, -0.008438561111688614], "reward": 0.4341495105287507}