{"action": [0.2325139343738556, -0.007676640059798956], "reward": 0.4788951595810709}