{"action": [-0.04789257049560547, 0.06131897121667862], "reward": 0.4214270716785802}