{"action": [-0.344543993473053, 0.05065547674894333], "reward": 0.4720929352579289}