{"action": [0.699999988079071, 0.040688905864953995], "reward": 0.4106120704183033}