{"action": [0.699999988079071, 0.001825396902859211], "reward": 0.6697546243731368}