{"action": [0.34179604053497314, -0.0026552986819297075], "reward": 0.9254922537455237}