{"action": [0.32871928811073303, -0.0001390303805237636], "reward": 0.9105405975023476}