{"action": [0.699999988079071, 0.030561553314328194], "reward": 0.5910142386072923}