{"action": [0.4043843746185303, 1.5787956726853736e-05], "reward": 0.9186127121727734}