{"action": [0.3559953570365906, 0.00793447159230709], "reward": 0.9222495761582099}