{"action": [0.3420180082321167, 7.069212006172165e-05], "reward": 0.9461947572414164}