{"action": [0.3524032235145569, 5.481761763803661e-05], "reward": 0.9450232678506918}