{"action": [0.5321906208992004, -0.0023671817034482956], "reward": 0.8247672545057007}