{"action": [0.4274342358112335, -0.0019397049909457564], "reward": 0.8988722426377194}