{"action": [0.30886152386665344, -0.0033944090828299522], "reward": 0.9224999912666687}