{"action": [0.28568607568740845, -0.0023037169594317675], "reward": 0.9475035248742623}