{"action": [0.2860793471336365, -0.001919141854159534], "reward": 0.9488529510891708}