{"action": [0.699999988079071, 9.27841665543383e-06], "reward": 0.2415990324044227}