{"action": [0.699999988079071, 0.00044932274613529444], "reward": 0.23675540568410927}