{"action": [0.699999988079071, 0.0005942325806245208], "reward": 0.4808378641718777}