{"action": [0.2074962556362152, 0.003755806479603052], "reward": 0.4606369713214781}