{"action": [-1.0, 0.0031653582118451595], "reward": 0.2631652645183035}