{"action": [-1.0, 0.0031739422120153904], "reward": -0.00034740614657490225}