{"action": [-1.0, 0.003194865770637989], "reward": -0.0004726373887936902}