{"action": [-1.0, 0.003194865770637989], "reward": -0.00047830228789659003}