{"action": [-1.0, 0.003198621328920126], "reward": -0.00047978756699970773}