{"action": [-1.0, 0.0031916468869894743], "reward": -0.00047841898415973243}