{"action": [-1.0, 0.0032055960036814213], "reward": -0.00047354281704782135}