{"action": [-1.0, 0.0032098880037665367], "reward": -0.00048099666706457125}