{"action": [-1.0, 0.003207205329090357], "reward": -0.0004750509790309272}