{"action": [-1.0, 0.003207205329090357], "reward": -0.000480704888508529}