{"action": [-1.0, 0.0032034500036388636], "reward": -0.00047996736167249304}