{"action": [-1.0, 0.0032034500036388636], "reward": -0.00048029099321396525}