{"action": [0.45597517490386963, 0.002946268068626523], "reward": 0.4305620675481933}