{"action": [-1.0, -0.004070436116307974], "reward": -0.000609948976106314}