{"action": [0.20834524929523468, 0.0025679084938019514], "reward": 0.5346077578481861}