{"action": [0.5043947100639343, 0.007692883722484112], "reward": 0.4029376468718078}