{"action": [0.6888030171394348, 0.008060546591877937], "reward": 0.38164287093829224}