{"action": [0.5717422962188721, 0.006834364961832762], "reward": 0.3627841151308983}