{"action": [0.5721449255943298, 0.007902258075773716], "reward": 0.4240629586624102}