{"action": [0.4774574935436249, 0.0029512871988117695], "reward": 0.46320085970574665}