{"action": [0.4083603322505951, 0.003246861044317484], "reward": 0.40273892535460504}