{"action": [-0.04631416127085686, -1.5435815612363513e-06], "reward": 0.5336996112237379}