{"action": [0.0036949904169887304, -1.4459312296821736e-05], "reward": 0.5158969791715718}