{"action": [0.699999988079071, 2.2053723292003724e-09], "reward": 0.33048987605011715}