{"action": [0.5639383792877197, 0.0998259112238884], "reward": 0.8041182842251879}