{"action": [0.44198358058929443, 0.39105838537216187], "reward": 0.8183899078609087}