{"action": [0.5182098746299744, 0.21804098784923553], "reward": 0.7657394445889556}