{"action": [0.5546234846115112, 0.14503757655620575], "reward": 0.7906410183958184}