{"action": [0.42203280329704285, 0.800000011920929], "reward": -0.09268955989190578}