{"action": [0.4923993945121765, -0.10890613496303558], "reward": 0.5437937416561165}