{"action": [0.3584868013858795, -0.09918209165334702], "reward": 0.7457956222480574}