{"action": [0.4420630931854248, -0.14650174975395203], "reward": 0.6561932980767634}