{"action": [0.3023886978626251, -0.05381369963288307], "reward": 0.8259765913360899}