{"action": [0.5584614872932434, -0.0009623809601180255], "reward": 0.7567520747188629}