{"action": [0.45816734433174133, 5.817950295750052e-05], "reward": 0.8747537703983396}