{"action": [0.699999988079071, -2.7450919333205093e-06], "reward": 0.732783798641503}