{"action": [0.4746692180633545, 0.0008222737233154476], "reward": 0.9011762404470467}