{"action": [0.35976487398147583, 0.002888144226744771], "reward": 0.9333176667998134}