{"action": [-1.0, -0.004067753441631794], "reward": -0.0006095490202253005}