{"action": [0.13058452308177948, -0.0003637500340119004], "reward": 0.5053311338449613}