{"action": [-1.0, -0.002755471272394061], "reward": -0.0004113568601024107}