{"action": [0.699999988079071, -0.023163802921772003], "reward": -0.003252423994040079}