{"action": [0.699999988079071, -0.024191299453377724], "reward": -0.003625707289867467}