{"action": [-1.0, -0.004065071232616901], "reward": -0.0006003070371247137}