{"action": [-1.0, -0.004066144116222858], "reward": -0.0006071841723412911}