{"action": [0.699999988079071, 0.00065332354279235], "reward": 0.6948778409201533}