{"action": [0.699999988079071, 0.002658821875229478], "reward": 0.6044225078694224}