{"action": [0.699999988079071, 0.006665909197181463], "reward": 0.7015631624552323}