{"action": [0.461452841758728, 0.003857226110994816], "reward": 0.880171581052094}