{"action": [0.5995851159095764, 0.011439855210483074], "reward": 0.7408439402334029}