{"action": [0.5614190101623535, 0.008844914846122265], "reward": 0.7316615921192551}