{"action": [0.699999988079071, 0.0005119043635204434], "reward": 0.5229766635646961}