{"action": [0.699999988079071, -0.00010630538599798456], "reward": 0.7699538827762156}