{"action": [0.699999988079071, 0.0005166554474271834], "reward": 0.5042092990802158}