{"action": [0.4514833688735962, -0.00019423509365879], "reward": 0.6891155155298146}