{"action": [0.5991386771202087, -9.874057286651805e-05], "reward": 0.7357247171529928}