{"action": [0.27899008989334106, 0.0005040797987021506], "reward": 0.4634070871146315}