{"action": [-1.0, -0.0005563519662246108], "reward": 0.11275326739685718}