{"action": [0.699999988079071, -0.00021369314345065504], "reward": 0.4012298530136121}