{"action": [-1.0, -0.0005584979662671685], "reward": -8.361797072180996e-05}