{"action": [-1.0, -0.0005606439663097262], "reward": -8.392779918964812e-05}