{"action": [-1.0, -0.0005574249662458897], "reward": -8.355935202644625e-05}