{"action": [-1.0, -0.0005563519662246108], "reward": -8.296964768496367e-05}