{"action": [-1.0, -0.0005547424661926925], "reward": -8.245124194570775e-05}