{"action": [-1.0, -0.0005504504661075771], "reward": -8.209254436047713e-05}