{"action": [-1.0, -0.0005472314078360796], "reward": -8.159346760605662e-05}