{"action": [-1.0, -0.0005456219078041613], "reward": -8.152763398775552e-05}