{"action": [-1.0, -0.000544012407772243], "reward": -8.132361253598853e-05}