{"action": [-1.0, -0.0005461584078148007], "reward": -8.10832935578725e-05}