{"action": [0.4242887496948242, -0.0016644879942759871], "reward": 0.42413053343264967}