{"action": [0.3136771321296692, -0.002213004743680358], "reward": 0.4589716361624991}