{"action": [0.4955270290374756, -0.0016590687446296215], "reward": 0.430088545834273}