{"action": [0.5899460315704346, -0.001036926987580955], "reward": 0.8558585906178456}