{"action": [-1.0, -3.7555098515440477e-06], "reward": -4.093694454428169e-07}