{"action": [-1.0, -2.1460057268996025e-06], "reward": -1.6003044893121526e-07}