{"action": [-1.0, -2.1460057268996025e-06], "reward": -1.4370364989116257e-07}