{"action": [-1.0, -2.682507101781084e-06], "reward": -1.7916606671402808e-07}