{"action": [-1.0, -2.682507101781084e-06], "reward": 1.107491800376572e-06}