{"action": [-1.0, -2.682507101781084e-06], "reward": -2.465766588677312e-07}