{"action": [-1.0, -2.682507101781084e-06], "reward": -2.6354728302454764e-07}