{"action": [-1.0, -2.682507101781084e-06], "reward": -3.2538641587647443e-07}