{"action": [-1.0, -2.682507101781084e-06], "reward": -2.1093251787878665e-07}