{"action": [-1.0, -2.682507101781084e-06], "reward": -2.4429393188390836e-07}