{"action": [-1.0, -2.682507101781084e-06], "reward": -2.3116421678200393e-07}