{"action": [-1.0, -3.219008476662566e-06], "reward": -2.533363361966319e-07}