{"action": [-1.0, -0.004066680558025837], "reward": -0.0006093759933340367}