{"action": [-1.0, -3.219008476662566e-06], "reward": -1.0698728936140598e-07}