{"action": [-1.0, -3.219008476662566e-06], "reward": -1.2412281995598667e-07}