{"action": [0.699999988079071, -9.213506928062998e-06], "reward": 0.2098749289435515}