{"action": [0.699999988079071, 0.00023440283257514238], "reward": 0.6506580589564729}