{"action": [0.699999988079071, 0.0025455807335674763], "reward": 0.6437385541759948}