{"action": [0.699999988079071, 0.0033505342435091734], "reward": 0.695744681675342}