{"action": [0.6809530854225159, 0.003987656906247139], "reward": 0.690756625146487}