{"action": [0.5032438039779663, 0.015285511501133442], "reward": 0.8093721563229969}