{"action": [0.6170475482940674, 0.006009523756802082], "reward": 0.7253833689835946}