{"action": [0.699999988079071, 0.015033259056508541], "reward": 0.7054372301201819}