{"action": [0.699999988079071, 0.013872203417122364], "reward": 0.6280673731371926}