{"action": [0.6961934566497803, 0.014894915744662285], "reward": 0.7498972457039905}