{"action": [0.5753166675567627, 0.010881025344133377], "reward": 0.771020362024725}