{"action": [0.5809216499328613, 0.013431280851364136], "reward": 0.7724789409777428}