{"action": [0.699999988079071, -0.05242787301540375], "reward": -0.006754864579406987}