{"action": [-1.0, -0.004069363232702017], "reward": -0.0006099156047278221}