{"action": [0.699999988079071, -0.014016576111316681], "reward": 0.7135618906125315}