{"action": [0.5890035033226013, -0.004337763879448175], "reward": 0.7336760107528981}