{"action": [0.45328325033187866, -0.005530158057808876], "reward": 0.8478044452029236}