{"action": [0.48370322585105896, -0.006277462467551231], "reward": 0.8356379601564244}