{"action": [-1.0, -0.005989501718431711], "reward": 0.0001605802639235575}