{"action": [0.08316564559936523, -0.08339720219373703], "reward": 0.09912804117541717}