{"action": [0.699999988079071, 2.4155973733286373e-05], "reward": 0.005011681628672461}