{"action": [0.699999988079071, 8.929312025429681e-05], "reward": 0.19999268691811756}