{"action": [0.699999988079071, 0.0006664874963462353], "reward": 0.0831883403979735}