{"action": [-1.0, 0.0010638822568580508], "reward": 0.0772440670612854}