{"action": [0.699999988079071, 0.0011431870516389608], "reward": 0.06044746439263523}