{"action": [0.699999988079071, 0.0036625454667955637], "reward": 0.4215931896300642}