{"action": [0.5217949151992798, 0.3684428632259369], "reward": 0.7741737220791693}