{"action": [0.699999988079071, 0.00876227393746376], "reward": 0.5553927903629021}