{"action": [-1.0, -0.00406560767441988], "reward": -0.0006094404918028855}