{"action": [0.615390419960022, -0.800000011920929], "reward": -0.12000000178813934}