{"action": [0.4671098589897156, -0.800000011920929], "reward": -0.12000000178813934}