{"action": [0.41368454694747925, -0.800000011920929], "reward": -0.12000000178813934}