{"action": [-1.0, -0.004059706348925829], "reward": -0.0006082236478605951}