{"action": [0.3050679862499237, -0.13180354237556458], "reward": -0.019770531356334685}