{"action": [0.699999988079071, 0.4455457925796509], "reward": -0.06683186888694763}