{"action": [0.6550020575523376, 0.800000011920929], "reward": -0.12000000178813934}