{"action": [0.4696069359779358, -0.800000011920929], "reward": -0.12000000178813934}