{"action": [0.699999988079071, 0.011688749305903912], "reward": -0.0015197217045910415}