{"action": [0.699999988079071, 0.013080470263957977], "reward": -0.0017771218653050115}