{"action": [-1.0, -0.004051122348755598], "reward": -0.0006070588696485802}