{"action": [0.4473821520805359, 0.0013537945924326777], "reward": 0.9433709321246497}