{"action": [0.4377017617225647, 0.001825009356252849], "reward": 0.8942248093821586}