{"action": [0.42246314883232117, 0.004150336608290672], "reward": 0.907540249101737}