{"action": [0.5731687545776367, 0.004539645276963711], "reward": 0.7971339224059756}