{"action": [0.699999988079071, 0.0010488793486729264], "reward": 0.7398032995137758}