{"action": [0.5077546238899231, -0.00035840715281665325], "reward": 0.8198915755323415}