{"action": [0.4518465995788574, -0.011290316469967365], "reward": 0.825872532741385}