{"action": [0.4720020890235901, -0.010880517773330212], "reward": 0.8307308984245444}