{"action": [0.4587318003177643, -0.011932197958230972], "reward": 0.8236263106252661}