{"action": [0.4646335542201996, -0.012238257564604282], "reward": 0.8216907195654698}