{"action": [0.6646990776062012, -0.015142840333282948], "reward": 0.7624699040115562}