{"action": [0.49211734533309937, -0.008472112007439137], "reward": 0.8223938980520957}