{"action": [0.4529059827327728, -0.008942440152168274], "reward": 0.8565138481730962}