{"action": [0.30349981784820557, -0.006863064598292112], "reward": 0.9171923852090142}