{"action": [0.30154913663864136, -0.0064006103202700615], "reward": 0.9171593568113091}