{"action": [0.31433963775634766, -0.008228887803852558], "reward": 0.9178591022398881}