{"action": [0.699999988079071, -0.018269645050168037], "reward": 0.3565068957253067}