{"action": [0.47587090730667114, -0.0025994814932346344], "reward": 0.8827865672883451}