{"action": [0.3397032916545868, -0.002003374043852091], "reward": 0.9496928045409623}