{"action": [0.38295966386795044, -0.004196847788989544], "reward": 0.8672946821152728}