{"action": [0.3697223365306854, -0.0021234755404293537], "reward": 0.9320245908278716}