{"action": [0.5780003070831299, -0.004300903063267469], "reward": 0.7341140028305768}