{"action": [0.699999988079071, -0.02174917235970497], "reward": 0.8740973516378041}