{"action": [0.6280878782272339, -0.008461310528218746], "reward": 0.805963409785332}