{"action": [0.28005245327949524, 0.00027205378864891827], "reward": 0.9721221030325288}