{"action": [0.6049351096153259, 1.1966825468334719e-06], "reward": 0.8572911306082683}