{"action": [0.47761034965515137, -0.0009867160115391016], "reward": 0.8513397129256485}