{"action": [0.4613948166370392, -0.001591312699019909], "reward": 0.8762740344191164}