{"action": [0.41475215554237366, 0.00045567459892481565], "reward": 0.8980320866756963}