{"action": [0.4813687801361084, 0.007041110657155514], "reward": 0.8177815195755115}