{"action": [0.699999988079071, 0.15893906354904175], "reward": 0.5382712800168635}