{"action": [0.2841220796108246, 0.00159933022223413], "reward": 0.9130478616565145}