{"action": [0.3947267532348633, 0.006091982126235962], "reward": 0.8783566155403346}