{"action": [0.699999988079071, -0.017852740362286568], "reward": 0.7168848186186318}