{"action": [0.699999988079071, -0.018026988953351974], "reward": 0.720260912328778}