{"action": [0.699999988079071, -0.017116086557507515], "reward": 0.8853736803837114}