{"action": [0.699999988079071, -0.015764176845550537], "reward": 0.580494656059728}