{"action": [0.699999988079071, -0.0015439916169270873], "reward": 0.0015268947898019166}