{"action": [0.699999988079071, -0.0010574138723313808], "reward": 0.5519300443776103}