{"action": [0.5973562002182007, 0.004458064213395119], "reward": 0.8441714743589236}