{"action": [0.6977358460426331, 0.004242065362632275], "reward": 0.7960882218808254}