{"action": [0.390377402305603, -0.0002908515452872962], "reward": 0.6576130435754121}