{"action": [0.699999988079071, 0.011455520987510681], "reward": 0.6686376653188475}