{"action": [0.31305190920829773, -0.0003061030001845211], "reward": 0.6223213322038773}