{"action": [0.699999988079071, 0.013064485974609852], "reward": 0.30378668843369017}