{"action": [-1.0, -0.3853432238101959], "reward": 0.05763375048360004}