{"action": [0.699999988079071, -0.40283140540122986], "reward": -0.05824109509704746}