{"action": [-1.0, -0.3751019239425659], "reward": -0.053899229521580896}