{"action": [0.699999988079071, -0.37441590428352356], "reward": -0.052803772661613145}