{"action": [-1.0, -0.3700309097766876], "reward": -0.055447915327770346}