{"action": [0.699999988079071, -0.3937603533267975], "reward": 0.10459692564770204}