{"action": [0.699999988079071, -0.3597593307495117], "reward": 0.2674842080021777}