{"action": [0.699999988079071, -0.3860713541507721], "reward": 0.3121826057151516}