{"action": [0.699999988079071, -0.46333861351013184], "reward": -0.06950079202651978}