{"action": [0.5639352202415466, -0.4218423664569855], "reward": 0.576757976471584}