{"action": [-0.06504872441291809, -0.16938722133636475], "reward": 0.4067454319284137}