{"action": [0.699999988079071, -0.4717748761177063], "reward": 0.29234652846246945}