{"action": [0.699999988079071, -0.003233583178371191], "reward": 0.41701784241720896}