{"action": [0.699999988079071, -0.004983224906027317], "reward": 0.41662966882941355}