{"action": [0.6983070969581604, 0.002951635280624032], "reward": 0.7826893581156305}