{"action": [0.5116996169090271, 0.008027245290577412], "reward": 0.73949206374659}