{"action": [0.699999988079071, -0.002211199374869466], "reward": 0.6202442197352405}