{"action": [0.699999988079071, -0.0074738613329827785], "reward": 0.5339860931484655}