{"action": [0.42812153697013855, -0.005308977328240871], "reward": 0.8792084942324558}