{"action": [0.3872085511684418, -0.0032218899577856064], "reward": 0.9161356151446486}