{"action": [0.42759937047958374, -0.0038810325786471367], "reward": 0.8778237417552334}