{"action": [0.39993050694465637, -7.215289315354312e-06], "reward": 0.9309344946117408}