{"action": [0.48639774322509766, 0.0017017427599057555], "reward": 0.8715558218961051}