{"action": [0.699999988079071, 6.044006295269355e-05], "reward": 0.7080370666501483}