{"action": [-1.0, 0.0032635380048304796], "reward": 0.0005774386812539613}