{"action": [-1.0, 0.003264074679464102], "reward": 0.0016776815011994542}