{"action": [0.5861111283302307, 0.0030020971316844225], "reward": 0.7657801410812721}