{"action": [-1.0, 0.003258173121139407], "reward": -0.00048768543429256005}