{"action": [-1.0, 0.0032281288877129555], "reward": -0.000479456970639121}