{"action": [-1.0, 0.0032495891209691763], "reward": -0.0004783298615109292}