{"action": [-1.0, 0.0032506620045751333], "reward": -0.0004872275922622422}