{"action": [-1.0, 0.003258173121139407], "reward": -0.0004885194308955341}