{"action": [-1.0, 0.0032571000047028065], "reward": -0.0004732177594999815}