{"action": [-1.0, 0.003265147563070059], "reward": -0.0004895990997170885}