{"action": [0.699999988079071, 0.23963026702404022], "reward": 0.16223201263143577}