{"action": [0.5027591586112976, 0.005056876689195633], "reward": 0.814254794861884}