{"action": [0.5038017630577087, -0.0024783811531960964], "reward": 0.824846114860898}