{"action": [0.6834460496902466, 0.0040230704471468925], "reward": 0.7074577272747694}