{"action": [0.5685108304023743, 0.004739720374345779], "reward": 0.8008898318658435}