{"action": [0.5671198964118958, -0.0012556351721286774], "reward": 0.830736788206562}