{"action": [-1.0, 0.00291527365334332], "reward": 0.7209550815398039}