{"action": [0.699999988079071, 0.001146166236139834], "reward": 0.7260594806990298}