{"action": [0.4892802834510803, 0.00227147969417274], "reward": 0.8842453605061751}