{"action": [0.699999988079071, -0.0013220355613157153], "reward": 0.7551040536976869}