{"action": [0.4890846908092499, -1.0883274626394268e-05], "reward": 0.8717625930073555}