{"action": [0.5643523335456848, -0.0001587756851222366], "reward": 0.8254795576882076}