{"action": [0.699999988079071, 0.0030953853856772184], "reward": 0.6111158004812951}