{"action": [0.659551739692688, -1.2350069766853267e-07], "reward": 0.7603912207526115}