{"action": [0.699999988079071, 0.0018260504584759474], "reward": 0.7162711648534653}