{"action": [0.699999988079071, 0.00452962052077055], "reward": 0.5534872894215681}