{"action": [0.5216227769851685, 0.002107630716636777], "reward": 0.8710430581697653}