{"action": [0.699999988079071, 0.004605100955814123], "reward": 0.6067707365465496}