{"action": [0.6984894275665283, -0.006414075382053852], "reward": 0.7332155717653964}