{"action": [0.699999988079071, 0.005879139062017202], "reward": 0.5281848530466927}