{"action": [0.49095168709754944, 0.0027684287633746862], "reward": 0.8718567078574023}