{"action": [0.5211715698242188, -0.00813647173345089], "reward": 0.8394197828894246}