{"action": [0.3153458833694458, 0.056424330919981], "reward": 0.8185443421340745}