{"action": [0.5809083580970764, -0.00045795811456628144], "reward": 0.8285193079097227}