{"action": [0.6561070680618286, 0.0011347123654559255], "reward": 0.8092808746294067}