{"action": [0.614481508731842, -0.00874395202845335], "reward": 0.8086880967776812}