{"action": [0.5895744562149048, 0.007116241846233606], "reward": 0.8110783210876146}