{"action": [0.699999988079071, 0.004377532284706831], "reward": 0.6205411835304911}