{"action": [0.09683068841695786, 0.02423357032239437], "reward": 0.44905393003694755}