{"action": [0.648672878742218, -0.007553498726338148], "reward": 0.6625634629100029}