{"action": [-1.0, 0.002066603396087885], "reward": -0.00030987340657803107}