{"action": [0.5883907675743103, 0.010972020216286182], "reward": 0.7531647376580929}