{"action": [-1.0, 0.0028053659480065107], "reward": 0.3034367836336035}