{"action": [-1.0, 0.002073041396215558], "reward": -0.00031049576230036995}