{"action": [-1.0, 0.0020741145126521587], "reward": -0.00031087053481033755}