{"action": [0.699999988079071, 0.0013943372759968042], "reward": 0.19505276549453013}