{"action": [0.699999988079071, -0.0001650952035561204], "reward": 0.7486815298094606}