{"action": [0.699999988079071, 0.0010893268045037985], "reward": 0.3315241049299072}