{"action": [0.699999988079071, 0.0010461036581546068], "reward": 0.8557869459307477}