{"action": [0.699999988079071, 0.00012081112072337419], "reward": 0.5426001996071332}