{"action": [0.5289093852043152, -0.003488525515422225], "reward": 0.7400074065592696}