{"action": [-0.7270416021347046, -0.003750850912183523], "reward": 0.6523158758777485}