{"action": [-0.22698518633842468, -0.01210637204349041], "reward": 0.523356344510071}