{"action": [0.4581327438354492, 0.00029861039365641773], "reward": 0.7626582271270392}