{"action": [0.699999988079071, 0.5148506760597229], "reward": 0.5230243283446907}