{"action": [0.699999988079071, 0.682106614112854], "reward": 0.41616773058600554}