{"action": [0.6557998657226562, 0.05606153607368469], "reward": 0.6882503620627858}