{"action": [0.5712689161300659, -0.00010284376185154542], "reward": 0.7588320159510819}