{"action": [0.699999988079071, 0.7446908950805664], "reward": 0.17557477721512266}