{"action": [0.6502893567085266, 0.02453613467514515], "reward": 0.6548514531748313}