{"action": [0.49667486548423767, 0.006041921675205231], "reward": 0.8459138602565452}