{"action": [0.5456125140190125, 0.4542633295059204], "reward": 0.5421762824049233}