{"action": [0.5292302370071411, 0.020998917520046234], "reward": 0.7524862177062562}