{"action": [0.699999988079071, 0.029395680874586105], "reward": 0.6571518450871467}