{"action": [0.5287650227546692, 0.005487644113600254], "reward": 0.7919902389917228}