{"action": [0.4103702902793884, 0.006072265561670065], "reward": 0.8634705493879222}