{"action": [0.29574817419052124, 0.01099188532680273], "reward": 0.44091167085385413}