{"action": [0.699999988079071, -0.0003563574864529073], "reward": -3.4517036303002664}