{"action": [0.699999988079071, -0.018323618918657303], "reward": 0.5235427178865599}