{"action": [0.5551448464393616, 0.016412140801548958], "reward": 0.8068924500776821}