{"action": [0.3060418367385864, 0.00653626024723053], "reward": 0.4418262620715152}