{"action": [0.4635521173477173, 0.01158351730555296], "reward": 0.8600365742186854}