{"action": [0.699999988079071, -0.09324025362730026], "reward": -0.013979651509870484}