{"action": [0.4323492646217346, -0.146429181098938], "reward": 0.7328775234585875}