{"action": [0.426127552986145, -0.23543930053710938], "reward": 0.8241169298132323}