{"action": [0.699999988079071, -0.009092435240745544], "reward": 0.23038290966328806}