{"action": [0.2587577700614929, -0.015405567362904549], "reward": 0.6304367783721381}