{"action": [0.6435176730155945, -0.11143439263105392], "reward": 0.569978632922106}