{"action": [0.699999988079071, -0.08248163014650345], "reward": 0.3526195715054301}