{"action": [0.699999988079071, -0.22718307375907898], "reward": 0.6941872336239573}