{"action": [0.5939180254936218, -0.05944524332880974], "reward": 0.6759326733039612}