{"action": [0.5900270342826843, 0.0018052412196993828], "reward": 0.8784771023591594}