{"action": [0.699999988079071, -0.004472054541110992], "reward": -3.4960275020868323}