{"action": [0.699999988079071, -0.0037586644757539034], "reward": 0.6887732650927263}