{"action": [0.696782648563385, -0.002488634781911969], "reward": -4.149528822562834}