{"action": [0.699999988079071, 0.0009452810045331717], "reward": 0.6514845595793151}