{"action": [0.5832816362380981, 0.0013607894070446491], "reward": 0.8289567147117372}