{"action": [0.699999988079071, 0.0076550086960196495], "reward": 0.6926825056941883}