{"action": [0.391804575920105, 0.000884946552105248], "reward": 0.9107660957440419}