{"action": [0.699999988079071, 0.012300933711230755], "reward": 0.67637445962631}