{"action": [0.4786783754825592, 0.003624004777520895], "reward": 0.8789608570552668}