{"action": [0.6259133815765381, 2.4648845283081755e-05], "reward": 0.7800086297720571}