{"action": [0.3906233012676239, -0.0009597485768608749], "reward": 0.9170157625742974}