{"action": [0.5000900030136108, -0.005046354606747627], "reward": 0.8678627691080436}