{"action": [0.5699461698532104, -0.0021054581739008427], "reward": 0.8360243930714311}