{"action": [0.699999988079071, -0.00034393754322081804], "reward": 0.7463281661439709}