{"action": [0.3459438681602478, 0.016265755519270897], "reward": 0.5120569250052399}