{"action": [-0.10111582279205322, -0.007548027206212282], "reward": 0.449188964624591}