{"action": [0.016551032662391663, 0.009435782209038734], "reward": 0.5499495021247061}