{"action": [0.617892324924469, 0.01016455702483654], "reward": 0.821100625615692}