{"action": [-1.0, -0.022058255970478058], "reward": 0.02123239157479438}