{"action": [0.6526299715042114, 0.010941872373223305], "reward": 0.3914209149334908}