{"action": [0.699999988079071, -0.0020034408662468195], "reward": 0.7159254110380885}