{"action": [0.616132378578186, 0.0016561258817091584], "reward": -5.158804896175294}