{"action": [0.699999988079071, -0.020269401371479034], "reward": 0.22809538773190616}