{"action": [-1.0, -0.01261958573013544], "reward": -0.001840062162232903}