{"action": [0.6099575757980347, 0.001413277699612081], "reward": -5.10155666239883}