{"action": [-1.0, -0.21278610825538635], "reward": -0.03191763466497679}