{"action": [0.699999988079071, -0.22175222635269165], "reward": 0.3715373211441948}