{"action": [0.6779252290725708, -0.17448274791240692], "reward": 0.4337602140821387}