{"action": [0.699999988079071, -0.18385671079158783], "reward": 0.3388686277196482}