{"action": [0.699999988079071, -0.24859578907489777], "reward": 0.31223333285885446}