{"action": [0.40109747648239136, -0.0007240812410600483], "reward": 0.6664154743296877}