{"action": [0.3720681667327881, 0.006699089426547289], "reward": 0.4528863869744927}