{"action": [0.699999988079071, 0.001811097259633243], "reward": 0.36317544038900296}