{"action": [0.5497163534164429, -0.006493509281426668], "reward": -5.015529283349247}