{"action": [0.2601665258407593, 0.003047624137252569], "reward": 0.5049336110187277}