{"action": [-1.0, 0.008089904673397541], "reward": -0.0012134560646859251}