{"action": [0.699999988079071, -0.015491851605474949], "reward": 0.657055073827801}