{"action": [-1.0, 0.00809044111520052], "reward": -0.0012101433326403566}