{"action": [-1.0, 0.008090977557003498], "reward": -0.001196259770934147}