{"action": [0.4995506703853607, -0.004180294927209616], "reward": 0.8474949021726652}