{"action": [0.699999988079071, 0.002158477669581771], "reward": 0.41054832545813974}