{"action": [0.6118259429931641, -0.00869270320981741], "reward": -4.518562981971497}