{"action": [-1.0, 0.00802284199744463], "reward": -0.001196681744899457}