{"action": [0.23862990736961365, 0.0034716003574430943], "reward": 0.8648363320680575}