{"action": [0.699999988079071, 0.00817321427166462], "reward": 0.4785309222087001}