{"action": [-1.0, 0.008159113116562366], "reward": -0.0012075885429383597}