{"action": [0.6233019232749939, 0.002646565204486251], "reward": 0.8631407111008383}