{"action": [0.699999988079071, -0.26989781856536865], "reward": 0.702565455073084}