{"action": [0.5694360136985779, 0.026438584551215172], "reward": -4.644747300180183}