{"action": [0.3492110073566437, 0.002169055165722966], "reward": 0.8498205690226849}