{"action": [0.4049256145954132, -0.016661955043673515], "reward": 0.8100810400234165}