{"action": [0.699999988079071, -0.00029985635774210095], "reward": 0.6045568439400107}