{"action": [0.4434812068939209, -0.056970223784446716], "reward": 0.7311741245304206}