{"action": [0.699999988079071, 0.11740262806415558], "reward": -0.017591319245148635}