{"action": [0.699999988079071, 0.008576329797506332], "reward": 0.43481473927801484}