{"action": [0.699999988079071, 0.014120863750576973], "reward": 0.3989048915748913}