{"action": [0.34107959270477295, 0.0523342601954937], "reward": 0.835949879805757}