{"action": [0.3057875633239746, 0.01870713382959366], "reward": 0.9096372363721158}