{"action": [0.29649895429611206, 0.0003718575753737241], "reward": 0.9421683742593019}