{"action": [0.3272770345211029, 0.021041957661509514], "reward": 0.7704563061022732}