{"action": [0.3656175434589386, 0.19979260861873627], "reward": 0.5284949953519662}