{"action": [0.699999988079071, 0.09550932049751282], "reward": -0.014326058223222403}