{"action": [0.45918914675712585, 0.19616857171058655], "reward": 0.5409917636265722}