{"action": [0.699999988079071, 0.0006269296281971037], "reward": -2.614032726563151}