{"action": [0.699999988079071, -0.007923705503344536], "reward": -0.27304404315895764}