{"action": [0.6949905753135681, 0.002062630606815219], "reward": -4.491450759259122}