{"action": [0.699999988079071, 0.00041959426016546786], "reward": -2.9836161084579262}