{"action": [0.699999988079071, 0.06846116483211517], "reward": 0.42361411156893386}