{"action": [0.699999988079071, -0.005894011352211237], "reward": -0.4634367703947721}