{"action": [0.699999988079071, 0.0002721240452956408], "reward": -3.0161013633863023}