{"action": [0.699999988079071, -0.004135818220674992], "reward": -0.3236124986937734}