{"action": [0.2622581720352173, 0.003495150478556752], "reward": 0.9465796654194967}