{"action": [0.5143283605575562, 0.013034519739449024], "reward": -5.4934790833667835}