{"action": [0.6285572052001953, 0.003578818403184414], "reward": 0.7431194798485626}