{"action": [0.699999988079071, -0.00036610866663977504], "reward": -1.4348062612538788}