{"action": [-1.0, -0.003719037864357233], "reward": -5.127763342022017}