{"action": [0.6332457661628723, 0.004684762097895145], "reward": -4.362453322500053}