{"action": [0.6445921063423157, 0.028135579079389572], "reward": -4.280575376092194}