{"action": [0.11631845682859421, 0.00011995583918178454], "reward": 0.8469227085886388}