{"action": [0.23925548791885376, 0.005203564651310444], "reward": 0.911446265633649}