{"action": [0.13863442838191986, -0.0028042620979249477], "reward": 0.9518948449186773}