{"action": [0.15023551881313324, -0.0021043375600129366], "reward": 0.9570032002788971}