{"action": [0.21721330285072327, -0.0028737648390233517], "reward": 0.9508946536535342}