{"action": [0.21820607781410217, -0.0011839664075523615], "reward": 0.923953861510128}