{"action": [0.2206772416830063, 0.0023185594473034143], "reward": 0.9105173750727464}