{"action": [0.5881356596946716, -0.0025547430850565434], "reward": 0.7868040119463579}