{"action": [0.19311359524726868, 0.0018180354963988066], "reward": 0.9501375069907014}