{"action": [0.5085242390632629, -0.004496073815971613], "reward": 0.8384004814567796}