{"action": [0.25509536266326904, -0.00353015074506402], "reward": 0.9265024098221297}