{"action": [0.4546031951904297, -0.003297412069514394], "reward": 0.898146098743992}