{"action": [0.3483676314353943, -0.003012632252648473], "reward": 0.9501032829286248}