{"action": [0.496921181678772, 3.776073299377458e-06], "reward": 0.8643057827829189}