{"action": [0.18954606354236603, 0.0024975251872092485], "reward": 0.9526491211992446}