{"action": [0.567291259765625, -0.002895345911383629], "reward": 0.8207435530974282}