{"action": [0.4352737069129944, -0.010831202380359173], "reward": 0.8748815204824418}