{"action": [0.699999988079071, -0.0009480346343480051], "reward": 0.08430201092735866}