{"action": [0.50178462266922, 0.24317076802253723], "reward": 0.6416762870973977}