{"action": [0.32983672618865967, 0.009163676761090755], "reward": 0.8360698515288232}