{"action": [-1.0, 0.00013358885189518332], "reward": 5.784810480905548e-06}