{"action": [0.12056693434715271, -0.004415787290781736], "reward": 0.5043511164546579}