{"action": [-1.0, 0.00013036983727943152], "reward": -1.9302732926672582e-05}