{"action": [-1.0, 0.00012876033724751323], "reward": -1.7987384763703475e-05}