{"action": [-1.0, 0.0001298333372687921], "reward": -1.83570418384605e-05}