{"action": [-1.0, 0.00013036983727943152], "reward": -1.702652364324238e-05}