{"action": [-1.0, 0.00012768733722623438], "reward": -1.6866408981118863e-05}