{"action": [-1.0, 0.0001282238372368738], "reward": -1.8828888781087054e-05}