{"action": [-1.0, 0.0001298333372687921], "reward": -1.93079365867988e-05}