{"action": [-1.0, 0.0001282238372368738], "reward": -1.1851232478572718e-05}