{"action": [0.03716640546917915, 0.039816197007894516], "reward": 0.0011395383941983942}