{"action": [-1.0, 0.0001298333372687921], "reward": -1.5030467496091037e-05}