{"action": [-1.0, 0.0001298333372687921], "reward": -1.915794072308927e-05}