{"action": [-1.0, 0.00012715083721559495], "reward": -1.7882553217716902e-05}