{"action": [-1.0, 0.0001282238372368738], "reward": -1.8188110884826694e-05}