{"action": [0.699999988079071, -0.01179005578160286], "reward": 0.07867998498285209}