{"action": [-1.0, 0.00012929683725815266], "reward": -1.9115852030270846e-05}