{"action": [0.5820100903511047, -0.0022316151298582554], "reward": 0.4822173657131011}