{"action": [0.09705157577991486, 0.00030051753856241703], "reward": 0.5012061426812993}