{"action": [0.699999988079071, 2.2631764295510948e-05], "reward": 0.42499655608631404}