{"action": [0.41573604941368103, -0.005548775661736727], "reward": 0.8758214265473879}