{"action": [0.699999988079071, -0.010153044946491718], "reward": 0.41180454733762045}