{"action": [0.699999988079071, -0.07027467340230942], "reward": 0.02071502322031491}