{"action": [0.699999988079071, -0.05577408894896507], "reward": 0.38391933452225535}