{"action": [0.699999988079071, -0.0011483383132144809], "reward": 0.5268292859311114}