{"action": [0.699999988079071, 0.008166720159351826], "reward": 0.7119205007387517}