{"action": [0.699999988079071, -0.06321626156568527], "reward": 0.13201795303871164}