{"action": [0.699999988079071, -0.002784611191600561], "reward": 0.579003551534189}