{"action": [0.5822679400444031, 0.0015828663017600775], "reward": 0.7983456804419943}