{"action": [0.6209169030189514, -1.1343360029059113e-06], "reward": 0.7959830359308341}