{"action": [0.6509184837341309, 0.002729499712586403], "reward": 0.7759804289521259}