{"action": [0.6321029663085938, -0.0007777528953738511], "reward": 0.7960046613728544}