{"action": [0.498604416847229, -0.004228919744491577], "reward": 0.8321542503156619}