{"action": [0.6170011162757874, 1.0697245897972607e-06], "reward": 0.8264647995285972}