{"action": [0.5805907845497131, -0.001984095899388194], "reward": 0.8514813769952183}