{"action": [0.5837674140930176, -2.3245687597039932e-09], "reward": 0.8477427071221084}