{"action": [0.699999988079071, -0.0009830202907323837], "reward": 0.6966632491168244}