{"action": [0.5922425389289856, 0.005573219619691372], "reward": 0.8294046645492745}