{"action": [0.4817966818809509, 0.004657021723687649], "reward": 0.8794568998037137}