{"action": [0.699999988079071, 0.0003420696302782744], "reward": 0.6978596229442431}