{"action": [0.5215920209884644, -2.1533369363169186e-06], "reward": 0.8823854680760115}