{"action": [0.699999988079071, 0.0028293663635849953], "reward": 0.6523635994690852}