{"action": [0.569065511226654, 0.00232049566693604], "reward": 0.8318974255774744}