{"action": [0.6490144729614258, 0.007478376384824514], "reward": 0.7568328322435403}