{"action": [0.5233676433563232, 0.0025572197046130896], "reward": 0.8434184741516467}