{"action": [0.6845868825912476, -0.008761598728597164], "reward": 0.7708084198665728}