{"action": [0.635428786277771, 0.0007815204444341362], "reward": 0.776037876031931}