{"action": [0.6155184507369995, -0.0019294610247015953], "reward": 0.8133837997397702}