{"action": [0.5637289881706238, -0.0037329273764044046], "reward": 0.8344723045085813}