{"action": [0.4809587597846985, -0.0050514740869402885], "reward": 0.8187327673615864}