{"action": [0.699999988079071, 0.0016066832467913628], "reward": 0.7627120562893595}