{"action": [0.699999988079071, 0.0012239681091159582], "reward": 0.7011796679008856}