{"action": [0.4885803163051605, 0.008971137925982475], "reward": 0.8403211144358589}