{"action": [0.45705145597457886, 0.002600577427074313], "reward": 0.8942293495327789}