{"action": [0.46681737899780273, -0.0008261998300440609], "reward": 0.869826485806851}