{"action": [0.06505036354064941, 0.005594457499682903], "reward": 0.4935760439438751}