{"action": [0.699999988079071, 0.0007048575789667666], "reward": 0.6697019509544327}