{"action": [-1.0, -3.970110265072435e-05], "reward": -2.9168476081326624e-06}