{"action": [-1.0, -3.916460264008492e-05], "reward": 1.8378166684862786e-06}