{"action": [0.38150984048843384, -0.0022546392865478992], "reward": 0.9133770989459246}