{"action": [0.699999988079071, -3.0204415452317335e-05], "reward": 0.4479476737722721}