{"action": [0.5662850141525269, -0.0023167086765170097], "reward": 0.8266924366310614}