{"action": [0.699999988079071, 0.00019161021918989718], "reward": 0.3795148887043936}