{"action": [0.18638119101524353, 4.759323564940132e-05], "reward": 0.47506020579711966}