{"action": [-1.0, 1.9314051314722747e-05], "reward": 4.827087099168351e-05}