{"action": [0.699999988079071, 9.156763553619385e-06], "reward": 0.013777893124992873}