{"action": [0.3599637746810913, -0.0008108787005767226], "reward": 0.5991536998865611}