{"action": [0.4724268317222595, -0.0013875561999157071], "reward": 0.8205670260953402}