{"action": [0.5789507031440735, -0.0030749773140996695], "reward": 0.7896341047908736}