{"action": [-1.0, 1.9314051314722747e-05], "reward": 4.3298741114133934e-05}