{"action": [0.2702316343784332, 4.295033068046905e-05], "reward": 0.4599430728783766}