{"action": [0.3582227826118469, -0.0020059519447386265], "reward": 0.9212731488232563}