{"action": [-1.0, -0.0008149456116370857], "reward": -0.00012168682380264447}