{"action": [-1.0, -0.0008154821116477251], "reward": -0.00012212301925311638}