{"action": [-0.7565711140632629, -0.20743434131145477], "reward": 0.5513005173167762}