{"action": [-0.9524661898612976, -0.2688610851764679], "reward": 0.6359769330498244}