{"action": [0.699999988079071, -0.0007749405922368169], "reward": 0.20545493747406876}