{"action": [0.699999988079071, -0.2273632436990738], "reward": 0.6910893031438834}