{"action": [0.699999988079071, -0.22779949009418488], "reward": -0.03029903535296541}