{"action": [0.699999988079071, -0.2282979041337967], "reward": -0.01428857973907834}