{"action": [0.699999988079071, -0.34747642278671265], "reward": 0.521832531101807}