{"action": [0.699999988079071, -0.31628942489624023], "reward": 0.20179212653616693}