{"action": [0.699999988079071, -0.31892263889312744], "reward": 0.2070219067058913}