{"action": [0.699999988079071, -0.22185570001602173], "reward": 0.5599794373012538}