{"action": [0.699999988079071, -0.2429782748222351], "reward": 0.0979233008889622}