{"action": [0.6838868260383606, -0.007725666277110577], "reward": 0.7302402696843253}