{"action": [0.699999988079071, 0.0010923397494480014], "reward": 0.6792679535199068}