{"action": [0.699999988079071, -0.015153520740568638], "reward": 0.6601859326459538}