{"action": [0.5314165949821472, 0.010450955480337143], "reward": 0.804562329797879}