{"action": [0.699999988079071, -0.02245219051837921], "reward": 0.6390153967855163}