{"action": [0.5213111639022827, 0.001229344168677926], "reward": 0.7746162429411123}