{"action": [0.6413273811340332, 0.00016025060904212296], "reward": 0.7518219026771403}