{"action": [0.699999988079071, 0.0023054571356624365], "reward": 0.7234603944153684}