{"action": [0.6159690022468567, -0.0047783213667571545], "reward": 0.7940576414959121}