{"action": [0.4635157585144043, -0.0010978446807712317], "reward": 0.8901457288365334}