{"action": [0.699999988079071, -0.0001655432570260018], "reward": 0.655569519698213}