{"action": [0.6475915908813477, 0.01003546454012394], "reward": 0.8079473666813726}