{"action": [0.699999988079071, -0.008100700564682484], "reward": 0.6925425388310866}