{"action": [0.699999988079071, -0.006678259931504726], "reward": 0.7629481605404583}