{"action": [0.699999988079071, 0.013187095522880554], "reward": 0.7494664508094923}