{"action": [0.689671516418457, -0.010765896178781986], "reward": 0.7137923120011977}