{"action": [0.4733344316482544, 0.06395900249481201], "reward": 0.7977375998112333}