{"action": [0.6053638458251953, -0.00621056417003274], "reward": 0.6880237460257709}