{"action": [0.5894777178764343, -0.005024733021855354], "reward": 0.8018807374074012}