{"action": [0.29733672738075256, -0.3566826581954956], "reward": 0.5683052121725818}