{"action": [0.41064679622650146, -0.0007303802412934601], "reward": 0.8243899157231134}