{"action": [0.3402332663536072, 0.028157275170087814], "reward": 0.9067676073515435}