{"action": [0.28122714161872864, -0.24030433595180511], "reward": 0.7487356616322808}