{"action": [0.699999988079071, -0.05282114818692207], "reward": 0.6036185412055284}