{"action": [0.6711175441741943, -0.11965636163949966], "reward": 0.6436089390248988}