{"action": [0.5365679264068604, 0.00183300138451159], "reward": 0.7908283493711369}