{"action": [0.5227218270301819, -0.010911718010902405], "reward": 0.7618723384262462}