{"action": [0.678196132183075, -0.14698675274848938], "reward": 0.66251935928475}