{"action": [0.699999988079071, 0.004635414574295282], "reward": 0.3317371137148798}