{"action": [0.4441229999065399, 0.007789579685777426], "reward": 0.8282979676478719}