{"action": [0.699999988079071, -0.036608170717954636], "reward": 0.6728350815620597}