{"action": [0.699999988079071, 0.006122389808297157], "reward": 0.4021157212925625}