{"action": [0.3860069513320923, 0.007475394289940596], "reward": 0.8492621776734725}