{"action": [0.699999988079071, 0.020166127011179924], "reward": 0.48598561509934346}