{"action": [0.699999988079071, 0.01480547059327364], "reward": 0.43536902757082524}