{"action": [0.699999988079071, -0.001398201216943562], "reward": 0.06470924585743994}