{"action": [0.699999988079071, -0.0006625480600632727], "reward": 0.6454351078853551}