{"action": [0.699999988079071, 0.02188728377223015], "reward": 0.5756529059107145}