{"action": [0.699999988079071, -0.0003716257924679667], "reward": 0.6582294764489506}