{"action": [0.46576452255249023, 0.3519512414932251], "reward": 0.3933059816151408}