{"action": [0.699999988079071, 0.013171167112886906], "reward": 0.5337422805678897}