{"action": [0.699999988079071, 0.00818929448723793], "reward": 0.6457903628298391}