{"action": [0.699999988079071, 0.011766931042075157], "reward": 0.5194824314946627}