{"action": [0.699999988079071, 0.0008871487225405872], "reward": 0.5268886551199605}