{"action": [0.699999988079071, 0.015774410218000412], "reward": 0.6605093144512423}