{"action": [0.5137869119644165, -0.001970832934603095], "reward": 0.8018673546443934}