{"action": [-0.08554056286811829, -0.006539752706885338], "reward": 0.5346170182377981}