{"action": [0.453033447265625, 0.002339687431231141], "reward": 0.8610443263324099}