{"action": [0.3875666856765747, -0.021865444257855415], "reward": 0.9485122014127466}