{"action": [0.699999988079071, -0.023139040917158127], "reward": 0.7173265681361765}