{"action": [0.4847395718097687, -0.11234982311725616], "reward": 0.5900871171831066}