{"action": [0.28638124465942383, -0.0800500139594078], "reward": 0.8878265142720618}