{"action": [-0.018192555755376816, -0.006791185587644577], "reward": 0.5509892952912693}