{"action": [0.5038996338844299, -0.13211649656295776], "reward": 0.5302783938302995}