{"action": [0.5153092741966248, -0.22059859335422516], "reward": 0.6760322233728896}