{"action": [0.699999988079071, -2.2308900952339172e-05], "reward": 0.6576981618713003}