{"action": [0.699999988079071, 0.002876659855246544], "reward": 0.2832149083018993}