{"action": [0.699999988079071, -0.028363682329654694], "reward": 0.6751642562494126}