{"action": [0.08335988968610764, -0.007549712434411049], "reward": 0.4793140783933123}