{"action": [0.6057473421096802, 0.001456862548366189], "reward": -5.090886250108542}