{"action": [0.699999988079071, 0.005708240903913975], "reward": 0.8155828926618806}