{"action": [0.699999988079071, 0.0004014065198134631], "reward": -0.17025442565016904}