{"action": [0.699999988079071, 0.015073585323989391], "reward": 0.3848245212501467}