{"action": [0.699999988079071, 0.01434028334915638], "reward": 0.41828968888612317}