{"action": [0.699999988079071, 0.011508372612297535], "reward": 0.4797194778433727}