{"action": [0.699999988079071, -4.922839434584603e-05], "reward": -3.3590801492658167}