{"action": [0.588591456413269, 0.006626272574067116], "reward": -4.370567316412971}