{"action": [0.6864224672317505, 0.0016943467780947685], "reward": -3.729489152107452}