{"action": [0.62371426820755, 0.0019987141713500023], "reward": -4.179627244192218}