{"action": [0.3427954912185669, -0.008760768920183182], "reward": 0.44836538108984114}