{"action": [0.6116319298744202, 0.011100756004452705], "reward": -4.542267283813955}