{"action": [0.577050507068634, -1.9982517187600024e-05], "reward": -5.403622321695657}