{"action": [0.699999988079071, 0.01065182313323021], "reward": -3.6096071963116754}