{"action": [0.6266716122627258, 0.0011548828333616257], "reward": -4.3273491087061995}