{"action": [0.43117576837539673, -0.014305993914604187], "reward": 0.43831700812414426}