{"action": [0.601962685585022, 0.01096708606928587], "reward": -4.318835414461552}