{"action": [0.577453076839447, 1.7838598068919964e-05], "reward": -5.433398787060155}