{"action": [0.6130123138427734, 0.0003663243551272899], "reward": -4.672595012177131}