{"action": [0.699999988079071, 0.001304743462242186], "reward": -3.6938671214447636}