{"action": [-1.0, -0.004963710904121399], "reward": 0.1767266317635939}