{"action": [0.699999988079071, -0.012104962952435017], "reward": -2.2506394609046483}