{"action": [0.699999988079071, -0.0025291892234236], "reward": -2.1749324137278054}