{"action": [0.699999988079071, -0.013499315828084946], "reward": 0.06647787949909693}