{"action": [0.699999988079071, -0.0008572795777581632], "reward": -1.115519394150279}