{"action": [0.699999988079071, -0.0006221907096914947], "reward": 0.7375582382324576}