{"action": [0.20209863781929016, -0.011861820705235004], "reward": 0.462093865237236}