{"action": [0.699999988079071, -0.005704021546989679], "reward": 0.7015486392631447}