{"action": [0.699999988079071, -0.001006806269288063], "reward": -0.4944112228802364}