{"action": [0.699999988079071, -0.04626409709453583], "reward": 0.019747802940112073}