{"action": [-1.0, -0.004576893523335457], "reward": -0.000559018016176116}