{"action": [0.699999988079071, -0.0024580229073762894], "reward": -1.8036121777593563}