{"action": [-0.1347808837890625, -0.008763459511101246], "reward": 0.44283289268444365}