{"action": [0.4231526255607605, 0.003222421742975712], "reward": 0.878336632308404}