{"action": [0.699999988079071, -0.0005661057657562196], "reward": 0.6477634396924401}