{"action": [0.4342706799507141, 0.002723703160881996], "reward": 0.7950484807010124}