{"action": [0.699999988079071, -0.1998283714056015], "reward": -0.029634643030382712}