{"action": [0.354587197303772, 0.011050716042518616], "reward": 0.9040546999994871}