{"action": [0.699999988079071, -0.1769547313451767], "reward": -0.026543160923881613}