{"action": [0.699999988079071, 0.007235204800963402], "reward": 0.6332977912636888}