{"action": [0.699999988079071, 0.014592662453651428], "reward": 0.43464599870961884}