{"action": [0.533854603767395, 0.014668496325612068], "reward": 0.3529847914977893}