{"action": [0.6369686126708984, 0.020838862285017967], "reward": 0.5139400668627222}