{"action": [0.699999988079071, -0.0001251452777069062], "reward": 0.5002863245954803}