{"action": [0.4404675364494324, -0.002403270686045289], "reward": 0.8628744344010036}