{"action": [0.699999988079071, -0.007829826325178146], "reward": 0.7882727415193322}