{"action": [0.4797462224960327, -0.008494981564581394], "reward": 0.743214384517626}