{"action": [0.699999988079071, -0.013157355599105358], "reward": 0.5091493179600938}