{"action": [-1.0, -0.000628332665655762], "reward": 0.6853246928513538}