{"action": [0.33522868156433105, 0.0014194201212376356], "reward": 0.9118943934247253}