{"action": [-0.03164411336183548, -0.0006829811027273536], "reward": 0.7964175058267677}