{"action": [-1.0, -0.004614985082298517], "reward": -0.0006916351145803029}