{"action": [0.37833988666534424, 0.017789818346500397], "reward": 0.4713649288061761}