{"action": [-1.0, 0.019445493817329407], "reward": -0.0007958652676023801}