{"action": [0.699999988079071, 0.00048236065777018666], "reward": 0.4208804676856863}