{"action": [0.699999988079071, -0.010965893976390362], "reward": 0.5657789101717433}