{"action": [0.699999988079071, 0.004006359726190567], "reward": 0.1303804811271226}