{"action": [-1.0, -0.2699868083000183], "reward": -0.040497005173668756}