{"action": [-1.0, -0.33103102445602417], "reward": -0.04965449733165976}