{"action": [-1.0, -0.26998358964920044], "reward": -0.04049740911766619}