{"action": [-1.0, -0.30240437388420105], "reward": -0.04528972172189548}