{"action": [0.05548698082566261, -0.22469602525234222], "reward": 0.38854210258238836}