{"action": [0.699999988079071, -0.26958492398262024], "reward": 0.08664697835153634}