{"action": [0.35602787137031555, -0.0031318236142396927], "reward": 0.9224751643719198}