{"action": [0.699999988079071, 0.002179334871470928], "reward": 0.7181828751729326}