{"action": [0.40441516041755676, -0.00020270103414077312], "reward": 0.8587496530010903}