{"action": [0.4423277676105499, -0.00047242705477401614], "reward": 0.9065514034398198}