{"action": [0.3891336917877197, -0.035489361733198166], "reward": 0.7987684439469256}