{"action": [0.563827395439148, -0.00039658433524891734], "reward": 0.8406374205004845}