{"action": [0.4232669472694397, -8.725398947717622e-05], "reward": 0.867270963381901}