{"action": [0.4463045001029968, -0.09270303696393967], "reward": 0.7544101334906106}