{"action": [0.5956763625144958, -0.0055432734079658985], "reward": 0.7702899928734404}