{"action": [0.37937673926353455, -0.006165563594549894], "reward": 0.9070200314093831}