{"action": [0.383226215839386, 0.00013193183986004442], "reward": 0.9306078168373326}