{"action": [0.6041358113288879, -0.0059759304858744144], "reward": 0.7680386429020886}