{"action": [0.6330044269561768, -0.007075021509081125], "reward": 0.6552880338060434}