{"action": [0.699999988079071, -0.008249920792877674], "reward": 0.4936498550494795}