{"action": [0.699999988079071, -0.006168372929096222], "reward": 0.6167438392523552}