{"action": [0.6408671140670776, -0.003986878786236048], "reward": 0.7795181261420249}