{"action": [0.40979671478271484, 0.007952126674354076], "reward": 0.7947693692326248}