{"action": [0.5952574014663696, -2.7956724807154387e-05], "reward": 0.7459898897046097}