{"action": [0.5529840588569641, -0.00046682351967319846], "reward": 0.8825017758645781}