{"action": [0.36282968521118164, -0.0032894788309931755], "reward": 0.931527137839688}