{"action": [0.3869083821773529, 0.002365709515288472], "reward": 0.8997838823799992}