{"action": [0.4029845595359802, 0.002682784339413047], "reward": 0.889990391471327}