{"action": [0.6172665357589722, -0.003739125793799758], "reward": 0.8251967566157097}