{"action": [0.5162365436553955, 0.00901807751506567], "reward": 0.8094767419650454}