{"action": [0.44349929690361023, 0.005196461454033852], "reward": 0.8930452226543665}