{"action": [0.699999988079071, -0.0018705433467403054], "reward": 0.7624750270953983}