{"action": [0.35824382305145264, -0.0014490644680336118], "reward": 0.9508904375107561}