{"action": [0.36559680104255676, 0.006190063897520304], "reward": 0.9248932318117539}