{"action": [0.5258001685142517, -0.0013320381985977292], "reward": 0.8360457618316223}