{"action": [0.3927288353443146, 0.0048972927033901215], "reward": 0.9133356774886618}