{"action": [0.3383147716522217, -0.002030385425314307], "reward": 0.9550521730629973}