{"action": [0.48048460483551025, 0.007394802290946245], "reward": 0.8712915911436855}