{"action": [0.4360436499118805, -0.010385292582213879], "reward": 0.3696708499222518}