{"action": [-1.0, 0.0031181462109088898], "reward": -0.000257903049820657}