{"action": [0.5241187810897827, -0.016771679744124413], "reward": 0.7990221836509699}