{"action": [0.699999988079071, 0.007327028550207615], "reward": 0.4932502432789204}