{"action": [0.4951392114162445, -0.011100534349679947], "reward": 0.7855673134207425}