{"action": [-1.0, -8.10117126093246e-05], "reward": 2.399344934622095e-05}