{"action": [-1.0, 0.003117073094472289], "reward": -0.000466718760395349}