{"action": [-1.0, 0.0031186826527118683], "reward": -0.00046704056999123737}