{"action": [-1.0, -8.10117126093246e-05], "reward": -1.1796368964454318e-05}