{"action": [-1.0, 0.003133168211206794], "reward": -0.0004679004555617213}