{"action": [-1.0, 0.0031283397693187], "reward": -0.00046816386593840015}