{"action": [-1.0, 0.00313585065305233], "reward": -0.00046989634437665445}