{"action": [-1.0, -8.10117126093246e-05], "reward": -1.1987740237452046e-05}