{"action": [-1.0, -8.10117126093246e-05], "reward": -1.1997558333827467e-05}