{"action": [0.699999988079071, 0.009968353435397148], "reward": 0.23048766927153067}