{"action": [0.5255160927772522, 0.0062157344073057175], "reward": 0.8181554556140203}