{"action": [0.699999988079071, 0.01549042109400034], "reward": 0.3739955081339749}