{"action": [0.699999988079071, 0.014386110007762909], "reward": 0.4190134237560758}