{"action": [0.699999988079071, 0.011964247561991215], "reward": 0.013809075074349397}