{"action": [0.5027467608451843, 0.0006615991587750614], "reward": 0.8239022912489196}