{"action": [0.4957781434059143, 0.00020737778686452657], "reward": 0.826337194783625}