{"action": [-1.0, -8.047521259868518e-05], "reward": -1.1822933899373265e-05}