{"action": [0.699999988079071, 0.007487140130251646], "reward": 0.6863443835414823}