{"action": [0.516757071018219, 0.00046599507913924754], "reward": 0.8323759760403859}