{"action": [0.48257702589035034, 5.964278898318298e-05], "reward": 0.8893821498984352}