{"action": [0.46896079182624817, 1.423939556843834e-05], "reward": 0.8832305423843072}