{"action": [0.48044824600219727, 9.598034375812858e-05], "reward": 0.880894817784273}