{"action": [0.5072603225708008, 0.001456894213333726], "reward": 0.8709495947078079}