{"action": [0.43758857250213623, 0.00017272704280912876], "reward": 0.8829963346377561}