{"action": [0.6347185373306274, 0.006438505835831165], "reward": 0.7877169160708285}