{"action": [0.699999988079071, -0.09170562028884888], "reward": -0.013755779332844232}