{"action": [0.480062872171402, 4.292488029022934e-06], "reward": 0.8150349659504296}