{"action": [0.4818592667579651, -1.3968348866910674e-05], "reward": 0.871835536417172}