{"action": [0.47996821999549866, 3.676933192764409e-05], "reward": 0.8638576667912417}