{"action": [0.44949084520339966, 1.8291175365447998e-05], "reward": 0.8692744103781296}