{"action": [0.699999988079071, -6.365180070133647e-06], "reward": 0.6487889002091717}