{"action": [0.699999988079071, 0.0004105938132852316], "reward": 0.24798408314952394}