{"action": [0.6414118409156799, 0.0027106492780148983], "reward": 0.7442318095174864}