{"action": [-1.0, 0.0013085269602015615], "reward": 0.17259308485645106}