{"action": [0.699999988079071, 0.001673589344136417], "reward": 0.5553026153157556}