{"action": [0.699999988079071, -1.0049342336060363e-06], "reward": 0.4283680771028911}