{"action": [0.5079799890518188, 0.004790205042809248], "reward": 0.7996705968414156}