{"action": [0.6519356966018677, 0.0021138438023626804], "reward": 0.7533525675016203}