{"action": [0.699999988079071, 0.0006887613562867045], "reward": 0.34611775461213157}