{"action": [0.3193356692790985, 1.9648372472147457e-05], "reward": 0.46841645163270595}