{"action": [-1.0, 0.010562103241682053], "reward": 0.2679706879376311}