{"action": [-1.0, 0.01346940454095602], "reward": 0.35795513752860975}