{"action": [-1.0, 0.0024464463349431753], "reward": 0.16408523678380568}