{"action": [0.699999988079071, 0.014396562241017818], "reward": 0.0058328611692908955}