{"action": [0.6476088166236877, 0.0098317451775074], "reward": 0.393317908634193}