{"action": [0.699999988079071, 0.00274724536575377], "reward": 0.6972837768306337}