{"action": [0.699999988079071, 0.008748101070523262], "reward": 0.26941776439228105}