{"action": [0.699999988079071, 0.011504479683935642], "reward": 0.18132301842568627}