{"action": [0.699999988079071, 0.01408765371888876], "reward": 0.2503671620190904}