{"action": [0.699999988079071, 0.009489025920629501], "reward": 0.09909444011810341}