{"action": [0.4871794581413269, -0.002177261048927903], "reward": 0.4372043265212768}