{"action": [0.699999988079071, -0.0017609854694455862], "reward": 0.04799790888153005}