{"action": [0.22061970829963684, -0.0004318901337683201], "reward": 0.47624711727373414}