{"action": [0.699999988079071, 0.0014294994762167335], "reward": 0.7144709788299916}