{"action": [0.4491756558418274, 0.004330147989094257], "reward": 0.8873187027033225}