{"action": [0.5035805702209473, 0.00602271594107151], "reward": 0.8537199047609478}