{"action": [0.24229803681373596, -0.0013412475818768144], "reward": 0.9566125682537691}