{"action": [0.3993474245071411, 0.004175845067948103], "reward": 0.8853321637769587}