{"action": [0.699999988079071, -0.005265715532004833], "reward": 0.8477738717596099}