{"action": [0.699999988079071, -0.004791715182363987], "reward": 0.9394218152611205}