{"action": [0.699999988079071, 0.00026011245790869], "reward": 0.6146373504147804}