{"action": [0.44420695304870605, 0.0049641309306025505], "reward": 0.8833789277193672}