{"action": [0.699999988079071, 0.0008523838478140533], "reward": 0.6578181750275048}