{"action": [0.4845133125782013, 0.027714930474758148], "reward": 0.7748655443236354}