{"action": [0.35437148809432983, 0.0015851459465920925], "reward": 0.9309039634371368}