{"action": [0.4542330503463745, 0.06589816510677338], "reward": 0.7144974020818767}