{"action": [0.5788716673851013, -0.31990039348602295], "reward": 0.5944539549146681}