{"action": [0.4704495668411255, -0.00022803044703323394], "reward": 0.8775423587277681}