{"action": [0.5022509098052979, 0.0002266256487928331], "reward": 0.8215127052480147}