{"action": [0.4551982879638672, -1.687765234237304e-06], "reward": 0.853596852387228}