{"action": [0.5537710785865784, 0.0027401435654610395], "reward": 0.8258354689128597}