{"action": [0.699999988079071, 0.009186805225908756], "reward": 0.6911653268790922}