{"action": [0.6467183232307434, 0.0033397318329662085], "reward": 0.7508559585977033}