{"action": [0.5037820935249329, 0.00016809863154776394], "reward": 0.8081696589537593}