{"action": [0.6921841502189636, 0.003530286718159914], "reward": 0.7205353170649762}