{"action": [0.5840386748313904, 0.006583750247955322], "reward": 0.7874923096640216}