{"action": [-0.06161833554506302, -0.0700286328792572], "reward": 0.8286567204529719}