{"action": [0.5069270730018616, -2.4439816115773283e-05], "reward": 0.8509784013019589}