{"action": [0.5764176845550537, -0.0008886010036803782], "reward": 0.8147861411371797}