{"action": [0.6762356758117676, -0.03797564283013344], "reward": 0.6202863718038685}