{"action": [0.612384021282196, -0.0013260329142212868], "reward": 0.7754892933818925}