{"action": [0.5289239883422852, -0.0031330983620136976], "reward": 0.824435492387006}