{"action": [0.5003982782363892, 0.0002188013750128448], "reward": 0.4293080485601924}