{"action": [-1.0, 0.002251159865409136], "reward": -0.00033643456490976034}