{"action": [-1.0, 0.002247404307126999], "reward": -0.0003090370438786946}