{"action": [-1.0, 0.002247404307126999], "reward": -7.376415380135032e-05}