{"action": [-1.0, 0.0022114587482064962], "reward": -0.00015790229309299401}