{"action": [0.4523780345916748, -0.0027520491275936365], "reward": 0.8890809196955137}