{"action": [-1.0, 0.0022457949817180634], "reward": -0.0003362805812937425}