{"action": [-1.0, 0.002247940981760621], "reward": -0.00033608619896646606}