{"action": [0.5368069410324097, -0.37349733710289], "reward": 0.4695195578175844}