{"action": [0.6328084468841553, 0.0031551788561046124], "reward": 0.8113126479205981}