{"action": [0.4790671467781067, 0.009739397093653679], "reward": 0.8491961865353183}