{"action": [0.4797993302345276, 0.010898228734731674], "reward": 0.8429681047713855}