{"action": [0.47734200954437256, 0.008671045303344727], "reward": 0.8505213967919573}