{"action": [0.5877507925033569, -0.012596065178513527], "reward": 0.7763429842970963}