{"action": [0.4699784815311432, 0.014275635592639446], "reward": 0.8227527686999212}