{"action": [0.699999988079071, 0.0015220496570691466], "reward": 0.4981407879512935}