{"action": [0.699999988079071, -0.09298785030841827], "reward": -0.013947946355846983}