{"action": [0.699999988079071, 0.1132953017950058], "reward": -0.01608536405938701}