{"action": [0.508171796798706, -0.001094098319299519], "reward": 0.8535588267476821}