{"action": [0.699999988079071, 0.11725820600986481], "reward": 0.10110993622199553}