{"action": [0.432669073343277, -0.006434716284275055], "reward": 0.850324706766347}