{"action": [0.699999988079071, 0.11473749577999115], "reward": -0.01721049297120469}