{"action": [0.35898420214653015, -0.0008354959427379072], "reward": 0.8713858009081026}