{"action": [0.483331561088562, -0.00040676278877072036], "reward": 0.8135444615696754}