{"action": [0.699999988079071, -0.013812984339892864], "reward": 0.5201527201735525}