{"action": [0.640983521938324, 0.006791492458432913], "reward": 0.7519973855366633}