{"action": [0.38531821966171265, -0.002554909326136112], "reward": 0.8911157027945804}