{"action": [0.699999988079071, -0.00617633992806077], "reward": 0.5109581152689628}