{"action": [0.38236087560653687, -0.013881344348192215], "reward": 0.852150000785343}