{"action": [0.3538367748260498, -0.0005265729269012809], "reward": 0.956633823347135}