{"action": [0.5172264575958252, -0.0038669886998832226], "reward": 0.8494868931690412}