{"action": [0.699999988079071, -0.0037260691169649363], "reward": 0.5199186205693865}