{"action": [0.3525110185146332, -0.004603900481015444], "reward": 0.9133182529728471}