{"action": [0.3653402328491211, -0.0013237259117886424], "reward": 0.9165821583714377}