{"action": [0.699999988079071, -0.007264343090355396], "reward": 0.5268634327787562}