{"action": [0.3475581407546997, -0.0003375188389327377], "reward": 0.9457111487049324}