{"action": [0.3915349841117859, -0.008466853760182858], "reward": 0.887825951028666}