{"action": [0.5590003132820129, 0.009543323889374733], "reward": 0.5597709740974884}