{"action": [0.4514753222465515, -0.00644627446308732], "reward": 0.8759395637476446}