{"action": [0.3924550712108612, -0.0008655423880554736], "reward": 0.8762090946338025}