{"action": [0.5490371584892273, -0.0078039271757006645], "reward": 0.7942053858346148}