{"action": [0.36161166429519653, -0.0005912368069402874], "reward": 0.9557573646918927}