{"action": [0.5039310455322266, 1.5064359104144387e-05], "reward": 0.8760861454340455}