{"action": [0.372519850730896, 0.0009743096306920052], "reward": 0.9079079459566031}