{"action": [0.3475421667098999, 0.00195671315304935], "reward": 0.9474478217829647}