{"action": [0.35394784808158875, 0.0029442168306559324], "reward": 0.9298074250159921}