{"action": [0.3799248933792114, 0.0016680749831721187], "reward": 0.9138144659648318}