{"action": [0.3513369560241699, 0.003983645234256983], "reward": 0.938907374513391}