{"action": [0.48515912890434265, -0.03275108337402344], "reward": 0.7717468449522298}