{"action": [0.4102574586868286, -0.002367544686421752], "reward": 0.863009052636671}