{"action": [0.43291980028152466, -0.00043706822907552123], "reward": 0.8612131237602318}