{"action": [0.4154667258262634, 0.007890074513852596], "reward": 0.8877662620679194}