{"action": [0.45538192987442017, 6.464528996730223e-05], "reward": 0.8608467417761688}