{"action": [0.3487173020839691, -0.003191417083144188], "reward": 0.932195631393799}