{"action": [0.44037240743637085, -3.3866821468109265e-05], "reward": 0.8469730254585609}