{"action": [0.47680121660232544, 0.0005431229365058243], "reward": 0.8147084114309731}