{"action": [0.461588978767395, 0.005458236671984196], "reward": 0.8607824008513842}