{"action": [0.3990169167518616, 0.007077057845890522], "reward": 0.8747082199278542}