{"action": [0.699999988079071, -0.0016982840606942773], "reward": 0.6640637814770368}