{"action": [0.6935069561004639, -0.002058485522866249], "reward": 0.6405385950259004}