{"action": [0.699999988079071, -0.0025821183808147907], "reward": 0.6313532126402287}