{"action": [0.4395655393600464, -0.0067257448099553585], "reward": 0.8864125780326626}