{"action": [0.699999988079071, 0.006906677503138781], "reward": 0.5146276039065971}