{"action": [0.699999988079071, 0.004991176072508097], "reward": -0.0007486764108762144}