{"action": [0.40290218591690063, 0.0007719835848547518], "reward": 0.8866506559760517}