{"action": [0.5181203484535217, 0.0045164478942751884], "reward": 0.8518187145336865}