{"action": [0.5544778108596802, 0.0036970830988138914], "reward": 0.8200025672401551}