{"action": [0.48646220564842224, 0.009814250282943249], "reward": 0.8240212205566652}