{"action": [0.39448532462120056, 0.012163154780864716], "reward": 0.8380839534795642}