{"action": [0.5400931239128113, 0.004832284990698099], "reward": 0.8307000964565399}