{"action": [0.5554040670394897, 0.00386447599157691], "reward": 0.8042134841118493}