{"action": [0.3573659062385559, 0.00010184927668888122], "reward": 0.9397629294938495}