{"action": [0.699999988079071, 0.004010338801890612], "reward": 0.8475944245985981}