{"action": [0.699999988079071, 0.013101371005177498], "reward": 0.667436175434317}