{"action": [0.3947887718677521, 0.0038819771725684404], "reward": 0.8878570968026451}