{"action": [0.4476572573184967, -0.000707013881765306], "reward": 0.8593503310802373}