{"action": [0.4225216507911682, 0.0020013260655105114], "reward": 0.9161043491844848}