{"action": [0.4923252761363983, -0.0066749113611876965], "reward": 0.8250334028811999}