{"action": [0.513338565826416, -0.0007008624961599708], "reward": 0.8353059997592545}