{"action": [0.46146440505981445, 3.9451657357858494e-05], "reward": 0.8546327594183885}