{"action": [0.4073580205440521, 3.3324358810205013e-06], "reward": 0.82407693924476}