{"action": [0.5800578594207764, -0.006730020511895418], "reward": 0.7748903418578816}