{"action": [0.699999988079071, -0.0002851984463632107], "reward": 0.016281072817776465}