{"action": [0.699999988079071, -8.820718358037993e-05], "reward": 0.4011111033701785}