{"action": [0.33825260400772095, -0.013969197869300842], "reward": 0.38840708711955746}