{"action": [0.4022846221923828, 0.01327710971236229], "reward": 0.4076948874829476}