{"action": [-1.0, -0.022237982600927353], "reward": 0.3942323119803773}