{"action": [0.44914865493774414, 0.010388384573161602], "reward": 0.8452337947595057}