{"action": [-1.0, -0.01898946799337864], "reward": -0.002848412882442224}