{"action": [-1.0, -0.00035248143831267953], "reward": 0.24827859045927098}