{"action": [-1.0, -0.018944401293992996], "reward": -0.00284160983958}