{"action": [-1.0, -0.06103839352726936], "reward": -0.009155666232782201}