{"action": [0.3901142477989197, 7.427013770211488e-05], "reward": 0.843367620968936}