{"action": [0.45267459750175476, 0.0010094906901940703], "reward": 0.8024120266098542}