{"action": [0.699999988079071, -0.009122502990067005], "reward": 0.6674946955637695}