{"action": [0.699999988079071, -0.006985937245190144], "reward": 0.72183260811318}