{"action": [0.4723721146583557, -0.004300996661186218], "reward": 0.8786560070561381}