{"action": [0.40423959493637085, 0.00018523418111726642], "reward": 0.8327356398596933}