{"action": [0.4882081151008606, 0.0017034097108989954], "reward": 0.7820955893413787}