{"action": [0.4681503474712372, 3.463363827904686e-05], "reward": 0.8921106144227987}