{"action": [0.6955217123031616, 2.87998300336767e-05], "reward": 0.8105825609893738}