{"action": [-1.0, -0.0003878905263263732], "reward": -5.8003850905008204e-05}