{"action": [0.699999988079071, -0.0002498151734471321], "reward": 0.2039743011260185}