{"action": [0.699999988079071, -0.00018803846614900976], "reward": 0.5617100598544625}