{"action": [0.699999988079071, -0.0008756681927479804], "reward": 0.42518020287265607}