{"action": [0.4378221333026886, 0.0007911917055025697], "reward": 0.847963978640448}