{"action": [0.5572313070297241, -0.00024422109709121287], "reward": 0.7963406081220681}