{"action": [0.5089991688728333, 0.0021122083999216557], "reward": 0.8025384457755335}