{"action": [0.3850558400154114, -0.003163601504638791], "reward": 0.9149449577923782}