{"action": [0.12954166531562805, -0.0031479429453611374], "reward": 0.4445267615626067}