{"action": [0.5119068622589111, 0.0016592107713222504], "reward": 0.8120368232919808}