{"action": [0.4587384760379791, -0.0014231321401894093], "reward": 0.8811763357743432}