{"action": [0.524077296257019, -0.01221934799104929], "reward": 0.7163643404793469}