{"action": [-1.0, 0.00013358885189518332], "reward": 0.4017819540523593}