{"action": [0.699999988079071, 0.0009404539596289396], "reward": 0.04071612999765082}