{"action": [-1.0, 0.0006083925836719573], "reward": -9.105427898674733e-05}