{"action": [-1.0, 0.0006073195836506784], "reward": -9.093466868488132e-05}