{"action": [-1.0, 0.000606783083640039], "reward": -9.078490701472585e-05}