{"action": [0.699999988079071, -0.0003939630987588316], "reward": 0.08527790276596528}