{"action": [0.699999988079071, 0.0006159514305181801], "reward": 0.027081683418769566}