{"action": [0.23914988338947296, 0.003579221200197935], "reward": 0.48259443628372}