{"action": [0.2518003284931183, 0.002952786860987544], "reward": 0.48027954982903764}