{"action": [0.699999988079071, 0.003199887229129672], "reward": 0.30451889324831144}