{"action": [0.2542366087436676, 0.0064721438102424145], "reward": 0.47738067206115836}