{"action": [0.4108303189277649, 0.004446488805115223], "reward": 0.4435451874344794}