{"action": [0.257726788520813, 0.007061539217829704], "reward": 0.4766182158169061}