{"action": [0.699999988079071, 0.0013486779062077403], "reward": 0.15245624854984213}