{"action": [0.33760398626327515, 0.0024109233636409044], "reward": 0.4526467338748477}