{"action": [-1.0, 0.0019051164854317904], "reward": -0.000285558590177171}