{"action": [-1.0, 0.0019088720437139273], "reward": -0.00028572627272758307}