{"action": [-1.0, 0.006115766707807779], "reward": -0.0009168602941064654}