{"action": [0.5231276154518127, 0.3358533978462219], "reward": 0.7685717337974236}