{"action": [-1.0, 0.0019040434854105115], "reward": -0.000285528981494436}