{"action": [0.5147227644920349, -0.03230584040284157], "reward": 0.8741379104340208}