{"action": [0.48404985666275024, -0.05809655413031578], "reward": 0.8546414111904285}