{"action": [-1.0, 0.0018965324852615595], "reward": -0.0002843660535670083}