{"action": [-1.0, 0.0018992149271070957], "reward": -0.00028468624027165433}