{"action": [-1.0, 0.0018954594852402806], "reward": -0.00028423821721130496}