{"action": [0.699999988079071, -0.00036605639616027474], "reward": 0.6167390484939352}