{"action": [0.699999988079071, 0.7778173089027405], "reward": 0.36274326657309114}