{"action": [0.47011351585388184, 0.1032654270529747], "reward": 0.6693917555450187}