{"action": [0.430677592754364, 0.00446351757273078], "reward": 0.7814902202098118}