{"action": [0.5569080114364624, -0.011546078138053417], "reward": 0.7854901603800545}