{"action": [0.699999988079071, -0.0002527892356738448], "reward": 0.762464257257803}