{"action": [0.4894537627696991, -0.0005416545900516212], "reward": 0.8557521446585036}