{"action": [0.5373871326446533, -2.3097521989257075e-05], "reward": 0.8545245637903321}