{"action": [-1.0, -0.29586443305015564], "reward": 0.24528378414895255}