{"action": [0.699999988079071, -0.016568774357438087], "reward": 0.6578290451404804}