{"action": [0.699999988079071, -0.011849419213831425], "reward": 0.7027206960658233}