{"action": [0.47895562648773193, -0.003990290220826864], "reward": 0.851192075789622}