{"action": [0.6839331984519958, 6.4378382376162335e-06], "reward": 0.7143411270828561}