{"action": [0.6438498497009277, 0.002601784421131015], "reward": 0.7044543331373934}