{"action": [0.699999988079071, 0.005497299134731293], "reward": 0.7032083783179714}