{"action": [0.5140262246131897, 0.012533899396657944], "reward": 0.8021820475992132}