{"action": [0.4612883925437927, 0.007110675796866417], "reward": 0.8688098570980011}