{"action": [0.48241889476776123, 0.007049356121569872], "reward": 0.8535541058785359}