{"action": [0.5022599101066589, 0.00025913017452694476], "reward": 0.8464485823161559}