{"action": [0.45091086626052856, -0.0007721547153778374], "reward": 0.8967738672178992}