{"action": [0.699999988079071, -0.32088926434516907], "reward": 0.5449923490597005}