{"action": [0.699999988079071, 0.002779747126623988], "reward": 0.33731398987970757}