{"action": [0.6995038390159607, -0.29031750559806824], "reward": 0.6070970292657063}