{"action": [0.5162442326545715, -0.41092193126678467], "reward": 0.5858323410963285}