{"action": [0.699999988079071, -0.19398349523544312], "reward": -0.02909188000511213}