{"action": [0.699999988079071, -0.19445252418518066], "reward": -0.029167568450560323}