{"action": [0.699999988079071, -0.11017903685569763], "reward": 0.4092530556160634}