{"action": [0.699999988079071, -0.19195817410945892], "reward": 0.13481292643457465}