{"action": [0.699999988079071, -0.010659133084118366], "reward": 0.5685270494341669}