{"action": [0.699999988079071, 0.0007095327018760145], "reward": 0.5748871233994386}