{"action": [0.699999988079071, 0.0006061471067368984], "reward": 0.588550341747306}