{"action": [0.699999988079071, 0.0004066359542775899], "reward": 0.6211645918976398}