{"action": [0.3983231484889984, -0.008066805079579353], "reward": 0.896092334611924}