{"action": [0.4041197597980499, -0.011233014985918999], "reward": 0.8318852781201297}