{"action": [0.4159354269504547, -0.009201370179653168], "reward": 0.8774498069731058}