{"action": [-1.0, 0.026232773438096046], "reward": 0.23315078305660827}