{"action": [-1.0, 0.024637755006551743], "reward": -0.003695327889155857}