{"action": [-1.0, 0.024637755006551743], "reward": -0.0036954474290541712}