{"action": [-1.0, 0.024645265191793442], "reward": -0.003696531890324245}