{"action": [0.699999988079071, 0.024968059733510017], "reward": 0.039276248349471424}