{"action": [0.699999988079071, 0.02503267489373684], "reward": 0.07460885238522734}