{"action": [-1.0, 0.011040125973522663], "reward": -0.0010653861909489578}