{"action": [0.33479422330856323, 0.015595576725900173], "reward": 0.5546013451975184}