{"action": [0.34755924344062805, 0.01308925449848175], "reward": 0.5062078266950854}