{"action": [-1.0, 0.011043344624340534], "reward": -0.0013980202578687704}