{"action": [0.5619227886199951, 0.0032186871394515038], "reward": 0.7922719073739917}