{"action": [0.4920351505279541, -1.0217785529675893e-05], "reward": 0.8064802644153458}