{"action": [0.688437283039093, -0.000533680897206068], "reward": 0.7947384938572003}