{"action": [0.4531509578227997, -0.0004301074077375233], "reward": 0.9219644560028539}