{"action": [0.40759849548339844, 0.01271920558065176], "reward": 0.7676348171800904}