{"action": [0.1298251748085022, 6.707358261337504e-05], "reward": 0.45925148839224544}