{"action": [0.5501405000686646, -0.00148914591409266], "reward": 0.3914397929685089}