{"action": [-1.0, -0.008191303350031376], "reward": -0.001228462816174335}