{"action": [-1.0, -0.008199887350201607], "reward": -0.0012297727316160302}