{"action": [-1.0, -0.00818593893200159], "reward": -0.0012277146856638818}