{"action": [-1.0, -0.008183792233467102], "reward": -0.001227334679104505}