{"action": [-1.0, 0.01104656420648098], "reward": -0.00165684038404}