{"action": [-1.0, 0.01104656420648098], "reward": -0.001656858220914582}