{"action": [-1.0, -0.00815804023295641], "reward": -0.0012235843648460277}