{"action": [-1.0, -0.008159113116562366], "reward": -0.001223827730036252}