{"action": [-1.0, -0.008167160674929619], "reward": -0.001224901038139177}