{"action": [0.699999988079071, -0.01043402124196291], "reward": 0.24990600328627038}