{"action": [0.699999988079071, -0.012734459713101387], "reward": 0.4538874393066204}