{"action": [0.699999988079071, -0.013119898736476898], "reward": 0.49681260940055455}