{"action": [-1.0, -0.01120858732610941], "reward": -0.0016477051847798465}