{"action": [-1.0, -0.011214489117264748], "reward": -0.0016820803388172927}