{"action": [-1.0, -0.03637135401368141], "reward": -0.005423497549273891}