{"action": [-1.0, -0.009708529338240623], "reward": -0.001455992300740281}