{"action": [-1.0, -0.00845097005367279], "reward": -0.001262769544106245}