{"action": [0.699999988079071, -0.0005997219705022871], "reward": 0.5639659696685227}