{"action": [0.39277637004852295, 8.483344572596252e-05], "reward": 0.9129520635969356}