{"action": [0.39721786975860596, 2.9368296964094043e-05], "reward": 0.9379394019644928}