{"action": [0.5098370313644409, -0.008610332384705544], "reward": 0.7886730514954294}