{"action": [0.4917990565299988, -0.006812099367380142], "reward": 0.8681838390226995}