{"action": [0.3606354296207428, -6.43789826426655e-05], "reward": 0.40660808829864337}