{"action": [-1.0, -5.365014203562168e-06], "reward": 1.551592572159573e-05}