{"action": [-1.0, -4.828512828680687e-06], "reward": -6.663313113894761e-07}