{"action": [-1.0, -4.828512828680687e-06], "reward": 1.2237179993118172e-07}