{"action": [-1.0, -5.365014203562168e-06], "reward": 4.222089122451075e-06}