{"action": [-1.0, -5.365014203562168e-06], "reward": -6.907855142513943e-07}