{"action": [-1.0, -6.438016953325132e-06], "reward": -6.735973794619761e-07}