{"action": [-1.0, -5.365014203562168e-06], "reward": -5.470009312995995e-07}