{"action": [-1.0, -6.974518328206614e-06], "reward": -9.006226739672796e-07}