{"action": [0.699999988079071, 0.12308027595281601], "reward": -0.017287224944659382}