{"action": [0.699999988079071, 0.04350025951862335], "reward": 0.172330782989648}