{"action": [0.699999988079071, 0.0028868457302451134], "reward": 0.3253574547455617}