{"action": [0.699999988079071, 0.0010600131936371326], "reward": 0.06667923868460264}