{"action": [0.699999988079071, -0.0006967997178435326], "reward": 0.267413527382718}