{"action": [0.699999988079071, -0.0014781071804463863], "reward": 0.17567634664067783}