{"action": [0.699999988079071, -0.005915526300668716], "reward": 0.40918663402134414}