{"action": [0.699999988079071, -0.0027836349327117205], "reward": 0.452358736048428}