{"action": [0.699999988079071, 0.053286585956811905], "reward": 0.014840843061074612}