{"action": [0.699999988079071, 0.03727637603878975], "reward": 0.22843810563297973}