{"action": [0.699999988079071, 0.06507565826177597], "reward": 0.18331097802161364}