{"action": [0.699999988079071, 0.10463070869445801], "reward": 0.10157952673808178}