{"action": [0.699999988079071, 0.11189253628253937], "reward": 0.07368761357469072}