{"action": [0.699999988079071, 0.1795482635498047], "reward": -0.02589046695458274}