{"action": [0.699999988079071, 0.190338134765625], "reward": 0.03042951127306287}