{"action": [0.699999988079071, 0.1828010082244873], "reward": -0.027182193761126284}