{"action": [0.699999988079071, 0.19707536697387695], "reward": 0.07521551495297424}