{"action": [0.699999988079071, 0.1517651528120041], "reward": 0.21805739927666243}