{"action": [0.699999988079071, 0.11640286445617676], "reward": 0.3395311894037966}