{"action": [0.699999988079071, 0.0650462806224823], "reward": 0.275569945938267}