{"action": [0.699999988079071, 0.002726624021306634], "reward": 0.17319612596636527}