{"action": [0.699999988079071, 0.0029621501453220844], "reward": 0.35876364004502687}