{"action": [0.699999988079071, 0.0015696639893576503], "reward": 0.3702700975490153}