{"action": [0.699999988079071, 0.0008318427135236561], "reward": 0.3749095496260289}