{"action": [-1.0, 0.011120601557195187], "reward": -0.0016680390751949263}