{"action": [0.699999988079071, 9.317985677625984e-05], "reward": 0.38627428551968107}