{"action": [0.699999988079071, -0.000666258274577558], "reward": -2.1279328606370248e-05}