{"action": [0.699999988079071, -0.0001374840794596821], "reward": 0.00250729523024088}