{"action": [0.699999988079071, 0.0018495131516829133], "reward": 0.2718908739758559}