{"action": [0.699999988079071, 0.002530391328036785], "reward": 0.2732291810895042}