{"action": [0.699999988079071, 0.003778262995183468], "reward": 0.42662274187436616}