{"action": [0.699999988079071, 0.0008592872763983905], "reward": 0.3657476582517414}