{"action": [0.699999988079071, 0.0010187216103076935], "reward": 0.37979005771967383}