{"action": [0.699999988079071, 0.0009528904338367283], "reward": 0.372676761715945}