{"action": [0.699999988079071, 0.004242381546646357], "reward": 0.10497636835339583}