{"action": [0.699999988079071, 0.005384569521993399], "reward": 0.3554896622192573}