{"action": [0.699999988079071, 0.005630874074995518], "reward": 0.35946578720829137}