{"action": [0.699999988079071, 0.005167942959815264], "reward": 0.34659187267158836}