{"action": [0.699999988079071, 0.0065928432159125805], "reward": 0.17293806791900837}