{"action": [0.699999988079071, 0.009469694457948208], "reward": 0.04562278550127586}