{"action": [0.699999988079071, 0.006786535959690809], "reward": 0.006600917475642898}