{"action": [0.699999988079071, 0.01464060414582491], "reward": 0.24044927747306657}