{"action": [0.699999988079071, 0.012476435862481594], "reward": 0.18698587695826047}