{"action": [0.699999988079071, 0.012437920086085796], "reward": 0.25150318431487334}