{"action": [0.699999988079071, 0.012777728028595448], "reward": 0.14038215758206377}