{"action": [0.699999988079071, 0.0007888574618846178], "reward": 0.29161503709249836}