{"action": [-1.0, 0.011123820208013058], "reward": -0.0016681329957342727}