{"action": [0.699999988079071, -0.00125574367120862], "reward": 0.2410484885490191}