{"action": [0.699999988079071, 0.00026030265144072473], "reward": 0.204512723288141}