{"action": [0.699999988079071, 0.0021342383697628975], "reward": 0.2785285362754796}