{"action": [0.699999988079071, 0.0026938454248011112], "reward": 0.36455469016532904}