{"action": [0.699999988079071, 0.0030380606185644865], "reward": 0.14898794001780982}