{"action": [0.699999988079071, 0.0022115057799965143], "reward": 0.12826158048105896}