{"action": [0.699999988079071, 0.00010914667655015364], "reward": 0.12735222835131102}