{"action": [0.699999988079071, -0.005570594221353531], "reward": 0.19268674159328764}