{"action": [0.699999988079071, -0.006444285158067942], "reward": 0.20688986794904843}