{"action": [0.699999988079071, -0.007777618709951639], "reward": 0.17854098484205377}