{"action": [0.699999988079071, -0.0030864723958075047], "reward": 0.3117020306546912}