{"action": [0.699999988079071, -0.0067583415657281876], "reward": 0.16127470526620752}