{"action": [0.699999988079071, -0.006326946895569563], "reward": 0.06585549278898309}