{"action": [0.699999988079071, -0.00908534787595272], "reward": 0.23260247363959077}