{"action": [0.699999988079071, -0.005255483090877533], "reward": 0.24754875654976105}