{"action": [0.699999988079071, 0.001634213957004249], "reward": 0.3666120320353601}