{"action": [0.699999988079071, -0.009611126035451889], "reward": 0.3838299223458925}