{"action": [0.699999988079071, 0.0005044530262239277], "reward": 0.22821438300973143}