{"action": [0.699999988079071, 0.01152249425649643], "reward": 0.2428454516091358}