{"action": [0.699999988079071, 0.01204368844628334], "reward": 0.16003985056364023}