{"action": [-1.0, 0.01111791841685772], "reward": -0.0016675651135701478}