{"action": [0.699999988079071, 0.006548088043928146], "reward": 0.23331007170627643}