{"action": [0.699999988079071, 0.011331187561154366], "reward": 0.2171892188019807}