{"action": [0.699999988079071, 0.0048365481197834015], "reward": 0.29631773816074275}