{"action": [0.699999988079071, 0.0012688441202044487], "reward": 0.329538098883157}