{"action": [0.699999988079071, 0.009281115606427193], "reward": 0.03806269653677903}