{"action": [0.699999988079071, 0.006429665721952915], "reward": 0.10531142466673414}