{"action": [0.699999988079071, 0.0005190630326978862], "reward": 0.006686402856558634}