{"action": [0.699999988079071, 0.002169570419937372], "reward": 0.3776890347317639}