{"action": [0.699999988079071, 0.002887704409658909], "reward": 0.17529808849712225}