{"action": [0.699999988079071, 0.0002913653734140098], "reward": 0.22261395946774273}