{"action": [0.699999988079071, 0.0002936871605925262], "reward": 0.3061267522215686}