{"action": [0.699999988079071, 0.00021400218247435987], "reward": 0.35292687232115405}