{"action": [0.699999988079071, -0.0015659310156479478], "reward": 0.24301863052628248}