{"action": [0.699999988079071, -0.0006241620285436511], "reward": 0.1166505081258744}