{"action": [0.699999988079071, -0.00037889915984123945], "reward": 0.04369438334107053}