{"action": [0.699999988079071, 0.004847934003919363], "reward": 0.32822995754595535}