{"action": [0.699999988079071, 0.007617873139679432], "reward": 0.40524212902357415}