{"action": [-1.0, 0.011107725091278553], "reward": -0.0016659070410765873}