{"action": [0.699999988079071, 0.10828076303005219], "reward": 0.1317133088714608}