{"action": [0.699999988079071, -0.012400704436004162], "reward": 0.6743393886090673}