{"action": [0.699999988079071, -0.009610204957425594], "reward": 0.6449570108313311}