{"action": [0.6603533029556274, -0.0030311704613268375], "reward": 0.8178082680624358}