{"action": [0.699999988079071, -0.003975683823227882], "reward": 0.7172854423688214}