{"action": [0.6493282914161682, 0.0011843217071145773], "reward": 0.6732682125724182}