{"action": [0.5760406851768494, 0.008899668231606483], "reward": 0.7800535556508287}