{"action": [0.3251517117023468, 0.011132231913506985], "reward": 0.8761077468058894}