{"action": [0.36093565821647644, 0.010999945923686028], "reward": 0.8626099865245478}