{"action": [0.33255916833877563, 0.0023225818295031786], "reward": 0.928915623785787}