{"action": [0.5210938453674316, 0.0032095008064061403], "reward": 0.816990444597356}