{"action": [0.36500418186187744, 0.0013533837627619505], "reward": 0.9132351424165466}