{"action": [0.5657878518104553, 0.00022828197688795626], "reward": 0.805132407071392}