{"action": [0.6662763953208923, 0.00035981572000309825], "reward": 0.7826919794207118}