{"action": [0.5988600850105286, 0.00331853493116796], "reward": 0.7702073166869354}