{"action": [0.6438000202178955, -0.00019975703617092222], "reward": 0.7550250523290944}