{"action": [0.49282896518707275, 0.0002911064657382667], "reward": 0.8352272236028978}