{"action": [-1.0, 0.011104506440460682], "reward": -0.0016656428377052807}