{"action": [-1.0, -0.016516732051968575], "reward": -0.0023396829892692074}