{"action": [-1.0, -0.016526389867067337], "reward": -0.0023344739797823556}