{"action": [0.699999988079071, -0.015998605638742447], "reward": 0.33264389299955344}