{"action": [-1.0, 0.011101286858320236], "reward": -0.0016646957291590206}