{"action": [0.699999988079071, -0.009748240932822227], "reward": 0.3899646967526017}