{"action": [0.699999988079071, -0.002359396079555154], "reward": 0.48424562938464766}