{"action": [0.699999988079071, 0.0002632568357512355], "reward": 0.6835936047710015}