{"action": [0.699999988079071, 2.6884436010732315e-05], "reward": 0.59219987242552}