{"action": [0.5796058773994446, 0.0010732884984463453], "reward": 0.8632787627085803}