{"action": [0.5969496965408325, 0.003909130115061998], "reward": 0.7960278598318941}