{"action": [0.6932823657989502, 0.002474017208442092], "reward": 0.7343207971559099}