{"action": [0.607555627822876, 8.45804825075902e-05], "reward": 0.8043721033805411}