{"action": [0.6446274518966675, 1.372397150589677e-06], "reward": 0.7364677395945878}