{"action": [0.699999988079071, -0.009118946269154549], "reward": 0.45624372767727295}