{"action": [0.0386013388633728, -0.0025780359283089638], "reward": 0.5102635600599783}