{"action": [0.218355193734169, -0.0014739201869815588], "reward": 0.44040670207116056}