{"action": [0.10865367949008942, -0.0013450710102915764], "reward": 0.5158314964615978}