{"action": [-1.0, -0.0002966852916870266], "reward": -4.424307747960446e-05}