{"action": [-1.0, -0.0002966852916870266], "reward": -4.429346400854322e-05}