{"action": [-1.0, -0.00025913017452694476], "reward": -3.590948090282766e-05}