{"action": [-1.0, -0.00025913017452694476], "reward": -3.733865415642443e-05}