{"action": [-1.0, -0.00025913017452694476], "reward": -3.883173447108655e-05}