{"action": [-1.0, -0.0002242575865238905], "reward": -3.0093158407351057e-05}