{"action": [-1.0, -0.00022694010112900287], "reward": -3.40328757874536e-05}