{"action": [-1.0, -0.00022694010112900287], "reward": -3.378547437205083e-05}