{"action": [-1.0, -0.00021191805717535317], "reward": -3.097138483426875e-05}