{"action": [-1.0, -0.00019635951321106404], "reward": -2.355406656768604e-05}