{"action": [-1.0, -0.00021191805717535317], "reward": -3.058427480340646e-05}