{"action": [-1.0, -0.00021352755720727146], "reward": -3.185078290813236e-05}