{"action": [-1.0, -0.00021352755720727146], "reward": -3.18500341662704e-05}