{"action": [-1.0, -0.00021352755720727146], "reward": -3.186793508520585e-05}