{"action": [-1.0, -0.00022318458650261164], "reward": -3.31005738945753e-05}