{"action": [-1.0, -0.00021352755720727146], "reward": -3.194029131022003e-05}