{"action": [-1.0, -0.00022318458650261164], "reward": -3.3183302979257945e-05}