{"action": [-1.0, -0.0002274766011396423], "reward": -3.396499246200247e-05}