{"action": [0.699999988079071, -0.00017513358034193516], "reward": 0.1636335860774571}