{"action": [0.19805249571800232, -0.0006028285133652389], "reward": 0.47439641495335955}