{"action": [0.23685282468795776, -0.003793402574956417], "reward": 0.4770319703533091}