{"action": [0.699999988079071, -0.006651177536696196], "reward": 0.3312129810565425}