{"action": [0.699999988079071, -0.0019861978944391012], "reward": 0.39067440827187566}