{"action": [0.2699471116065979, -0.0034661514218896627], "reward": 0.447933336660619}