{"action": [0.38390612602233887, -0.0028034935239702463], "reward": 0.42612796727062896}