{"action": [-1.0, -0.00037125896778889], "reward": 0.14871631477213212}