{"action": [-1.0, -0.0003433609090279788], "reward": -5.125878010083654e-05}