{"action": [-1.0, -0.00029936779174022377], "reward": -4.475348408752572e-05}