{"action": [-1.0, -0.0008089821203611791], "reward": -0.00011618360908275188}