{"action": [-1.0, -0.0002430351305520162], "reward": -3.6207113324166736e-05}