{"action": [-1.0, -0.00025161917437799275], "reward": -3.743810017725269e-05}