{"action": [-1.0, -0.00025913017452694476], "reward": -3.870448115792007e-05}