{"action": [-1.0, -0.00024196213053073734], "reward": -2.1021988805464345e-05}