{"action": [-1.0, 0.03820539265871048], "reward": -0.005702270057984787}