{"action": [-1.0, -0.00024249863054137677], "reward": -3.437770189671133e-05}