{"action": [-1.0, -0.00025752067449502647], "reward": -2.4930577265965356e-05}