{"action": [-1.0, -0.0001926039985846728], "reward": -2.555031741543788e-05}