{"action": [-1.0, -0.0001926039985846728], "reward": -2.8640369789681566e-05}