{"action": [-1.0, -0.0001926039985846728], "reward": -2.873368619358138e-05}