{"action": [-1.0, -0.0001926039985846728], "reward": -2.886396349302806e-05}