{"action": [-1.0, -0.00023176860122475773], "reward": -3.3903698817489034e-05}