{"action": [-1.0, -0.00023176860122475773], "reward": -3.447627751482132e-05}