{"action": [-1.0, -0.00023498761584050953], "reward": -2.9899329220770497e-05}