{"action": [-1.0, -0.00023498761584050953], "reward": -3.499065525667104e-05}