{"action": [-1.0, -0.00023498761584050953], "reward": -3.4635464256851695e-05}