{"action": [-1.0, -0.0002644952037371695], "reward": -3.461018968374073e-05}