{"action": [0.4226958751678467, 0.010374086908996105], "reward": 0.42673835743127114}