{"action": [0.699999988079071, -0.17506800591945648], "reward": -0.025353044723455932}