{"action": [0.699999988079071, -0.049026865512132645], "reward": 0.4107935996215441}