{"action": [0.5648558139801025, 0.013264231383800507], "reward": 0.8006785327320345}