{"action": [0.3469071388244629, 0.012489505112171173], "reward": 0.9133407048166068}