{"action": [0.32737812399864197, 0.03367668762803078], "reward": 0.42095824772751667}