{"action": [-1.0, 0.004829585552215576], "reward": 0.0015113149646296153}