{"action": [0.5054166316986084, 0.007260729093104601], "reward": 0.8272614683132199}