{"action": [-1.0, 0.004253919702023268], "reward": -0.0006340396541520355}