{"action": [-1.0, 0.004251237027347088], "reward": -0.0006373021588242404}