{"action": [-1.0, 0.004250700585544109], "reward": -0.0006372524606227427}