{"action": [0.699999988079071, 0.004295783583074808], "reward": 0.004814914269325532}