{"action": [0.699999988079071, 0.003457591636106372], "reward": 0.01634798203052707}