{"action": [0.699999988079071, 0.003446331014856696], "reward": 0.1994974930141969}