{"action": [0.699999988079071, 0.0005608898354694247], "reward": 0.4024091495328691}