{"action": [0.3373457193374634, -0.010209529660642147], "reward": 0.906389315442304}