{"action": [0.4229244291782379, 8.731228444958106e-05], "reward": 0.8965928860108442}