{"action": [0.4045860171318054, 0.00032333386479876935], "reward": 0.912159947574844}