{"action": [0.3823576271533966, 0.003647898556664586], "reward": 0.8891090051929318}