{"action": [0.3994795083999634, 0.0004756402922794223], "reward": 0.9180009855764314}