{"action": [0.3968678414821625, 0.007110939361155033], "reward": 0.7859563379006623}