{"action": [0.5090125799179077, 0.0001827461674110964], "reward": 0.8231495151005851}