{"action": [0.699999988079071, -0.000617302895989269], "reward": 0.6162791564470501}