{"action": [0.6503956913948059, -5.392432285589166e-05], "reward": 0.7699412710011414}