{"action": [0.5889661908149719, 0.004915725439786911], "reward": 0.7515950344768971}