{"action": [0.6606680750846863, 0.028432568535208702], "reward": 0.6669431563377577}