{"action": [0.521793007850647, 0.006976394914090633], "reward": 0.8371698143005825}