{"action": [-1.0, 0.0024196214508265257], "reward": -0.0003626314917699103}