{"action": [0.3987314701080322, -0.00948936678469181], "reward": 0.8723090292933956}