{"action": [0.4081818163394928, -0.007463091053068638], "reward": 0.8677224238107953}