{"action": [0.4277245104312897, -0.00039770721923559904], "reward": 0.8882048841415666}