{"action": [0.298505038022995, 3.389793710084632e-05], "reward": 0.9481137924623402}