{"action": [-0.02629864774644375, -0.046473946422338486], "reward": 0.9392627332916605}