{"action": [0.3162592947483063, 4.076023105881177e-05], "reward": 0.9601375885821526}