{"action": [0.17265963554382324, -0.0005159432766959071], "reward": 0.9426175496300833}