{"action": [0.18042190372943878, -0.0005335888708941638], "reward": 0.9374713041119649}