{"action": [0.3778698146343231, -0.0224946066737175], "reward": 0.4211699155024216}