{"action": [0.699999988079071, -0.006780826486647129], "reward": 0.004935525049420241}