{"action": [-1.0, -0.005730907898396254], "reward": 0.0001008478500437183}