{"action": [0.699999988079071, -0.005785742308944464], "reward": 0.00408239184578984}