{"action": [0.699999988079071, -0.004839200526475906], "reward": 0.028267102013760446}