{"action": [-1.0, -0.0024303514510393143], "reward": 0.09385360477123453}