{"action": [0.699999988079071, -0.0017230231314897537], "reward": 0.26076511056355456}