{"action": [0.699999988079071, -0.001608678954653442], "reward": 0.3082536763277564}