{"action": [0.699999988079071, 0.0002492257335688919], "reward": 0.7764221395400062}