{"action": [0.5817657709121704, -0.2561912536621094], "reward": 0.620045639380665}