{"action": [0.5668089985847473, -0.35690706968307495], "reward": -0.05353606045246124}