{"action": [0.5070062279701233, -0.27535226941108704], "reward": 0.6865119204391115}