{"action": [0.4647171199321747, -0.36083725094795227], "reward": 0.5460795141885016}