{"action": [0.36738869547843933, -0.1196710467338562], "reward": 0.6174332175715042}