{"action": [0.3463871479034424, -0.02407943457365036], "reward": 0.4194039329820877}