{"action": [-1.0, -0.0068006920628249645], "reward": 0.3859518225848216}