{"action": [0.39750775694847107, -0.013376051560044289], "reward": 0.37311288779243573}