{"action": [0.33660611510276794, 0.002525129821151495], "reward": 0.9495734278063527}