{"action": [-1.0, -0.005468022543936968], "reward": -0.0008007345387885989}