{"action": [-1.0, -0.005489482544362545], "reward": -0.0008061205332435593}