{"action": [-1.0, -0.00548519054427743], "reward": -0.0008147199980386642}