{"action": [-1.0, 0.0024206943344324827], "reward": -0.00036251625490656803}