{"action": [-1.0, -0.005477142985910177], "reward": -0.0008116730423571772}