{"action": [-1.0, -0.005486263427883387], "reward": -0.0008192459865425719}