{"action": [-1.0, -0.005473923869431019], "reward": -0.0008208793108514901}