{"action": [-1.0, 0.002420157892629504], "reward": -0.0003626450097708599}