{"action": [0.699999988079071, -0.0017883141990751028], "reward": 0.41229004776964195}