{"action": [0.699999988079071, 0.004973731003701687], "reward": 0.566140015252369}