{"action": [0.699999988079071, 0.002685741987079382], "reward": 0.47146944354254827}