{"action": [0.6816423535346985, 0.01031860988587141], "reward": 0.711351536861158}