{"action": [0.699999988079071, 0.018826119601726532], "reward": 0.8464974238942989}