{"action": [0.699999988079071, -0.09131186455488205], "reward": -0.013502166210231328}