{"action": [-0.019076013937592506, 0.002813380677253008], "reward": 0.726927703423711}