{"action": [0.699999988079071, -0.038772281259298325], "reward": 0.7380186105818016}