{"action": [0.6701027154922485, -0.6436963081359863], "reward": 0.4966423365905345}