{"action": [0.6364171504974365, -0.5634931325912476], "reward": 0.4830778680331067}