{"action": [0.49476397037506104, -0.4609878957271576], "reward": 0.4878106298539183}