{"action": [0.46743670105934143, -0.45733073353767395], "reward": 0.508410247787894}