{"action": [0.699999988079071, -0.003959507215768099], "reward": 0.8100407190631942}