{"action": [0.699999988079071, -0.0011706191580742598], "reward": 0.7709900400127019}