{"action": [0.699999988079071, -0.0017926889704540372], "reward": 0.8156937094129562}