{"action": [-1.0, 0.002422303892672062], "reward": -0.00036304981529980293}