{"action": [0.699999988079071, 0.00010667884635040537], "reward": 0.005068443375378439}