{"action": [0.699999988079071, 0.0028762936126440763], "reward": -0.5073456862256386}