{"action": [-1.0, 0.002422303892672062], "reward": -0.0003632753328726057}