{"action": [0.699999988079071, 0.000456287496490404], "reward": 0.9444078682196358}