{"action": [0.699999988079071, 0.04679208993911743], "reward": 0.003932708039359082}