{"action": [0.699999988079071, 0.010587181895971298], "reward": 0.6217129667267963}