{"action": [0.5827683806419373, -0.0002041956759057939], "reward": 0.7412914052880577}