{"action": [0.44436442852020264, -0.006703824736177921], "reward": 0.8584941776035231}