{"action": [0.4211300015449524, -0.0007594778435304761], "reward": 0.8818392031829148}