{"action": [0.40480127930641174, -0.0008871022146195173], "reward": 0.8834460198213869}