{"action": [0.6060805916786194, -0.002939295256510377], "reward": 0.7929909990088508}