{"action": [0.6021922826766968, -0.002684490056708455], "reward": 0.8093949102026742}