{"action": [0.5426126718521118, -0.002230962971225381], "reward": 0.8524298671602072}