{"action": [0.4041026532649994, 0.007159705273807049], "reward": 0.8925957077077618}