{"action": [0.4940912425518036, 0.016875499859452248], "reward": 0.7655749562863085}