{"action": [0.5471722483634949, 0.01723528280854225], "reward": 0.739205547730578}