{"action": [0.699999988079071, 0.0005818993085995317], "reward": 0.7119547626648002}