{"action": [0.699999988079071, -0.016111698001623154], "reward": 0.5397019516767044}