{"action": [0.699999988079071, -0.0002817237109411508], "reward": 0.6833153009981056}