{"action": [0.6599476337432861, 0.004076660145074129], "reward": 0.7228018569078226}