{"action": [0.49681544303894043, 0.020172979682683945], "reward": 0.7632095876903038}