{"action": [0.5089843273162842, 0.020058633759617805], "reward": 0.7772051064313004}