{"action": [0.6578617691993713, 0.016956957057118416], "reward": 0.7691775489639443}