{"action": [0.2124447077512741, -0.0003432930097915232], "reward": 0.44804980317402837}