{"action": [0.027910083532333374, -0.00015568005619570613], "reward": 0.47941292660405427}