{"action": [0.41347891092300415, -0.0005382497329264879], "reward": 0.4159559452983692}