{"action": [0.35000309348106384, -0.0017706534126773477], "reward": 0.4597794671029993}