{"action": [0.699999988079071, -0.010400277562439442], "reward": 0.0663891682475775}