{"action": [0.24790523946285248, -0.0019139840733259916], "reward": 0.4424287225168625}