{"action": [0.699999988079071, 0.0007649094332009554], "reward": 0.3777283085659498}