{"action": [-1.0, 0.0055586909875273705], "reward": 0.16079616807501013}