{"action": [0.699999988079071, 0.0061298757791519165], "reward": 0.1956994472742608}