{"action": [0.699999988079071, 0.012754254974424839], "reward": 0.5362622651141286}