{"action": [0.699999988079071, 0.011985795572400093], "reward": 0.5770694904463198}