{"action": [0.699999988079071, 0.0202231053262949], "reward": 0.4361832352096841}