{"action": [0.699999988079071, 0.0035419014748185873], "reward": 0.5250975519154708}