{"action": [0.3083604574203491, 9.027999476529658e-05], "reward": 0.4510692958482265}