{"action": [-1.0, -0.009211192838847637], "reward": 0.32741133312980636}