{"action": [-1.0, -0.016647102311253548], "reward": -0.0024969607585449707}