{"action": [-1.0, -0.01665353961288929], "reward": -0.002497645476186138}