{"action": [0.4818488657474518, -0.0010029928525909781], "reward": 0.8947727206419773}