{"action": [-1.0, -0.016651930287480354], "reward": -0.0024976136874481016}