{"action": [-1.0, -0.034450463950634], "reward": 0.8712755579434568}