{"action": [0.699999988079071, -0.016846943646669388], "reward": 0.22004967543928303}