{"action": [0.2732098698616028, -0.01321341097354889], "reward": 0.46155610727266605}