{"action": [0.25345754623413086, -0.008991176262497902], "reward": 0.4720055306327461}