{"action": [0.2565420866012573, -0.006788943894207478], "reward": 0.4725075848112699}