{"action": [0.699999988079071, 0.07607974112033844], "reward": 0.3476209324856285}