{"action": [0.26717978715896606, -0.005802573170512915], "reward": 0.4712584953785936}