{"action": [0.699999988079071, -4.0531160649948106e-09], "reward": 0.25675132654068034}