{"action": [0.699999988079071, 0.08928247541189194], "reward": 0.40838443616905046}