{"action": [0.2972868084907532, -0.004207968711853027], "reward": 0.4548191255363036}