{"action": [0.33191484212875366, -0.29265695810317993], "reward": 0.49234186329413987}