{"action": [0.36821359395980835, -0.5164662003517151], "reward": 0.31208516548277276}