{"action": [0.699999988079071, 0.27508601546287537], "reward": 0.5814912835987227}