{"action": [0.699999988079071, -0.7583022713661194], "reward": 0.1958387246160536}