{"action": [0.699999988079071, -0.712816596031189], "reward": 0.22964992867128098}