{"action": [0.5868864059448242, -0.27365371584892273], "reward": 0.564992158448019}