{"action": [0.699999988079071, -0.016001589596271515], "reward": 0.6392549191618663}