{"action": [-0.2982552647590637, -0.012887470424175262], "reward": 0.6426902391334428}