{"action": [0.699999988079071, 0.015273063443601131], "reward": 0.6139300564006088}