{"action": [0.699999988079071, 0.024753473699092865], "reward": 0.5243391768626186}