{"action": [0.699999988079071, 0.02301868423819542], "reward": 0.5480870688656718}