{"action": [0.699999988079071, 0.37953662872314453], "reward": 0.5403295062808072}