{"action": [-0.4378514289855957, 0.009608030319213867], "reward": 0.557637885021659}