{"action": [0.699999988079071, 0.002221380826085806], "reward": 0.6717536752225873}