{"action": [0.19664573669433594, 0.0015987412771210074], "reward": 0.49171538565541245}