{"action": [0.2876555621623993, 0.0013511040015146136], "reward": 0.4812332105611627}