{"action": [0.699999988079071, 0.0003160252526868135], "reward": 0.5290315991467028}