{"action": [0.699999988079071, 0.0007049004780128598], "reward": 0.48051657325593444}