{"action": [0.2471407949924469, -0.011254576966166496], "reward": 0.4658187623462604}