{"action": [-0.29254817962646484, -0.008997843600809574], "reward": 0.5811552441456004}