{"action": [0.4894435405731201, 0.3902159333229065], "reward": 0.6602167466939186}