{"action": [0.43346506357192993, 0.3311064541339874], "reward": 0.714148480326552}