{"action": [-0.48066309094429016, -0.0011224289191886783], "reward": 0.6237939821443786}