{"action": [0.699999988079071, -0.0020809886045753956], "reward": 0.5844813813548507}