{"action": [0.699999988079071, -0.0036549486685544252], "reward": 0.508440389534879}