{"action": [0.06285274028778076, 0.004795755725353956], "reward": 0.5113339031833947}