{"action": [0.07347645610570908, 0.0045296079479157925], "reward": 0.5166416782178299}