{"action": [-0.07537060976028442, 0.004115082789212465], "reward": 0.5408087870635216}