{"action": [-0.03606785088777542, 3.0239289117162116e-05], "reward": 0.4963760789264595}