{"action": [0.5537729263305664, 0.13658751547336578], "reward": 0.5975308877181391}