{"action": [0.28902673721313477, -0.002832596655935049], "reward": 0.4704730768842693}