{"action": [-1.0, -0.0018868754850700498], "reward": -0.00018354777969504903}