{"action": [0.699999988079071, 0.06383389234542847], "reward": 0.622322228583225}