{"action": [0.699999988079071, 0.053811829537153244], "reward": 0.6909866869459338}