{"action": [0.3619551658630371, -0.004912761505693197], "reward": 0.4272039431801679}