{"action": [0.46232983469963074, -0.0034915797878056765], "reward": 0.43599115430843854}