{"action": [0.699999988079071, -0.01788749359548092], "reward": 0.46001518483783754}