{"action": [0.699999988079071, -3.4847278129745973e-06], "reward": -1.899354997378235e-07}