{"action": [0.5979370474815369, -1.1676535649485231e-07], "reward": 0.9161813912176647}