{"action": [0.4888846278190613, 0.08831813931465149], "reward": 0.8268475471113311}