{"action": [0.3243480622768402, 0.5913294553756714], "reward": 0.6171357828531432}