{"action": [0.6969589591026306, 0.38056644797325134], "reward": 0.3008477288489546}