{"action": [0.5140395760536194, 0.13073526322841644], "reward": 0.6497317511715464}