{"action": [0.510353684425354, 0.10297656059265137], "reward": 0.680088938529004}