{"action": [0.4427720606327057, 0.002195683540776372], "reward": 0.8336684639503843}