{"action": [0.699999988079071, -0.001338888076134026], "reward": 0.6962048260192462}