{"action": [0.699999988079071, -0.019550444558262825], "reward": 0.8750811761635844}