{"action": [0.699999988079071, -0.009737551212310791], "reward": 0.4360522739295369}