{"action": [0.699999988079071, -0.000646352709736675], "reward": 0.0329345852231606}