{"action": [0.31731289625167847, 0.0045311665162444115], "reward": 0.9175296969463302}