{"action": [0.699999988079071, 0.00645691342651844], "reward": -0.5182188420712329}