{"action": [0.699999988079071, 0.0063259839080274105], "reward": -0.6430145913233039}