{"action": [0.3225635886192322, 0.004348862916231155], "reward": 0.9195893093872795}