{"action": [0.699999988079071, 0.03375925496220589], "reward": -1.0267117352198916}