{"action": [0.699999988079071, -0.013476207852363586], "reward": -2.122443568521232}