{"action": [0.699999988079071, 0.0001682324946159497], "reward": -3.252195420041574}