{"action": [0.41178053617477417, -0.008150143548846245], "reward": 0.8423214774115931}