{"action": [0.699999988079071, -0.018870431929826736], "reward": -2.6485009369498895}