{"action": [0.6258505582809448, -0.0015131763648241758], "reward": -4.998049385324179}