{"action": [0.5766704082489014, -0.00955179799348116], "reward": -4.758717993246028}