{"action": [0.6796890497207642, -0.0026259764563292265], "reward": -4.546926154238044}