{"action": [0.32892897725105286, -7.759177970001474e-05], "reward": 0.6043389495905762}