{"action": [0.0018554716370999813, -0.011755308136343956], "reward": 0.8446177858084742}