{"action": [0.699999988079071, -0.009386994875967503], "reward": 0.8844628750129571}