{"action": [0.699999988079071, -0.005929264705628157], "reward": 0.725380924472146}