{"action": [0.5304508805274963, -0.0006358601385727525], "reward": 0.941677680250118}