{"action": [0.45601266622543335, -0.0015041460283100605], "reward": 0.9292157595314606}