{"action": [0.699999988079071, -0.0010129808215424418], "reward": 0.10722413807360283}