{"action": [0.2910987138748169, -0.0056067341938614845], "reward": -0.6065984492812235}