{"action": [-0.47959190607070923, -0.018054859712719917], "reward": 0.5831286752571316}