{"action": [-0.21121253073215485, -0.014781639911234379], "reward": 0.7517549571437706}