{"action": [-0.09764836728572845, -0.018472647294402122], "reward": 0.6636957557567895}