{"action": [0.28173717856407166, -0.031237907707691193], "reward": 0.41165653417064507}