{"action": [0.699999988079071, -0.0032436084002256393], "reward": 0.693945442166315}