{"action": [0.699999988079071, -0.00042434423812665045], "reward": 0.7501777029201465}