{"action": [0.4661771059036255, 0.4480454623699188], "reward": 0.5370239822780563}