{"action": [-0.11023927479982376, 0.2960525155067444], "reward": 0.4912422308558169}