{"action": [0.08634252846240997, 0.19969014823436737], "reward": 0.38916376942728825}