{"action": [0.2811165452003479, 0.09332621842622757], "reward": 0.37587891871233486}