{"action": [0.38252830505371094, 0.013674047775566578], "reward": 0.43704977930843464}