{"action": [0.30217549204826355, 0.01084262877702713], "reward": 0.4472829559629625}