{"action": [-1.0, 0.004764132667332888], "reward": 0.2763662491157246}