{"action": [-1.0, 0.0039674281142652035], "reward": -0.0005949507603650811}