{"action": [0.699999988079071, 0.004049279261380434], "reward": 0.07059444351432909}