{"action": [-1.0, -0.01128334179520607], "reward": 0.6715507344823383}