{"action": [0.3727450966835022, -0.02450469136238098], "reward": 0.4198672976978985}