{"action": [0.5718391537666321, -0.02785930410027504], "reward": 0.38771475360193164}