{"action": [0.699999988079071, -0.017076512798666954], "reward": 0.33821700175930886}