{"action": [0.5407305359840393, -0.02477148175239563], "reward": 0.336939505168901}