{"action": [0.699999988079071, -0.009097166359424591], "reward": 0.48095945888445135}