{"action": [0.699999988079071, -0.007877149619162083], "reward": 0.46222106897564735}