{"action": [0.6223458051681519, 0.0028351100627332926], "reward": 0.8127754436464224}