{"action": [0.6958210468292236, 0.033503010869026184], "reward": 0.6825925629373286}