{"action": [0.4729045033454895, 0.0843101218342781], "reward": 0.7129104626269163}