{"action": [0.35974761843681335, -0.0005146823241375387], "reward": 0.9161889995580303}