{"action": [0.608065664768219, 0.0007249906775541604], "reward": 0.7926064446433732}