{"action": [0.41409292817115784, -5.666863944497891e-05], "reward": 0.9067461986695959}