{"action": [0.5437930226325989, 5.981195135973394e-05], "reward": 0.8470025966872902}