{"action": [0.4633690118789673, 2.488470090611372e-05], "reward": 0.9176244700775794}