{"action": [0.40058180689811707, -0.007727747317403555], "reward": 0.8606168018587276}