{"action": [0.4970918297767639, -0.00025204356643371284], "reward": 0.8241700752924821}