{"action": [0.699999988079071, -0.0001598266971996054], "reward": 0.5017972713477578}