{"action": [0.17565703392028809, 0.004633572418242693], "reward": 0.44570631175175146}