{"action": [0.699999988079071, 0.000750567764043808], "reward": 0.4509349496394581}