{"action": [0.699999988079071, 0.004337155260145664], "reward": 0.383944309339278}