{"action": [0.44151127338409424, 0.006349554285407066], "reward": 0.8275459891973008}