{"action": [-0.3949875235557556, 0.007479733321815729], "reward": 0.6555430185150817}