{"action": [0.699999988079071, 0.01954539865255356], "reward": 0.5432356818504395}