{"action": [0.699999988079071, 0.005483175162225962], "reward": 0.7884624898066337}