{"action": [0.3250982165336609, -0.007181559223681688], "reward": 0.4308863608642255}