{"action": [0.699999988079071, -0.01706298068165779], "reward": 0.43510206368941073}