{"action": [0.30169060826301575, -0.005226991139352322], "reward": 0.4588200943209803}