{"action": [0.5211915373802185, 0.00827779434621334], "reward": 0.8322266075595974}