{"action": [-1.0, -0.0007006708183325827], "reward": -0.000104932494709225}