{"action": [-1.0, -0.000702280318364501], "reward": -0.00010515975549430542}