{"action": [-1.0, -0.000702280318364501], "reward": -0.0001038544755621886}