{"action": [-1.0, -0.0007012073183432221], "reward": -0.00010500745045006048}