{"action": [-1.0, -0.0007012073183432221], "reward": -0.0001050364983199719}