{"action": [0.09279049187898636, -0.001798715558834374], "reward": 0.5744466848715295}