{"action": [-1.0, -0.00037179546779952943], "reward": 0.25934480403672927}