{"action": [0.699999988079071, 0.020745184272527695], "reward": 0.5080820157629653}