{"action": [0.5337086319923401, 0.0005183943430893123], "reward": 0.7744826327002521}