{"action": [0.699999988079071, 0.0007632853812538087], "reward": 0.6296171138088833}