{"action": [0.699999988079071, -0.00715169683098793], "reward": 0.5885652785625245}