{"action": [0.69701087474823, -0.019405482336878777], "reward": 0.7424857566959818}