{"action": [0.699999988079071, -0.0214141346514225], "reward": 0.7093893856209333}