{"action": [0.6012560129165649, -0.0012164093786850572], "reward": 0.7803201552229447}