{"action": [0.5426768064498901, -4.525393160292879e-05], "reward": 0.844846162145903}