{"action": [0.4669380187988281, 0.00021272689627949148], "reward": 0.8833279615046343}