{"action": [0.699999988079071, 9.509100345894694e-05], "reward": 0.6836190808594077}