{"action": [0.4335949718952179, 0.0075838034972548485], "reward": 0.8588929731811199}