{"action": [0.5131834745407104, -6.419618148356676e-05], "reward": 0.8011535664167987}