{"action": [0.6263102889060974, 0.01472867839038372], "reward": 0.7457777019291961}