{"action": [-0.04940694570541382, -0.7259109020233154], "reward": 0.36560319214696785}