{"action": [0.699999988079071, -0.27902650833129883], "reward": 0.6400307594135385}