{"action": [0.07760272920131683, -0.800000011920929], "reward": 0.3219340207719141}