{"action": [0.6998228430747986, -0.28692519664764404], "reward": 0.5967300289757703}