{"action": [0.699999988079071, -0.5024142861366272], "reward": 0.4729772421404939}