{"action": [0.4926603436470032, -0.2851906716823578], "reward": -0.042778600752353665}