{"action": [0.5085805654525757, -0.21537388861179352], "reward": 0.4861927239834169}