{"action": [0.6448542475700378, 0.18246005475521088], "reward": 0.742207616714359}