{"action": [0.699999988079071, -0.07605057209730148], "reward": 0.6005147451243137}