{"action": [0.5821279883384705, -0.0011133160442113876], "reward": 0.757911398889746}