{"action": [0.619038462638855, -0.0024327170103788376], "reward": 0.7191539901274898}