{"action": [0.4844605326652527, 0.01079277228564024], "reward": 0.8127329979754798}