{"action": [0.6299859285354614, 0.006021259818226099], "reward": 0.7904846091042547}