{"action": [0.6187238693237305, 0.00025670486502349377], "reward": 0.7885625074778871}