{"action": [0.4644508361816406, -6.3499178395431954e-06], "reward": 0.842563881573897}